src,dst
1,5
2,6
3,8
4,23
5,36
6,37
7,50
8,55
9,5
10,8
11,13
12,18
13,23
14,24
16,59
17,66
18,69
19,75
20,13
21,23
22,6
23,60
24,80
25,6
26,22
27,23
28,24
29,41
31,50
32,55
33,57
34,59
35,62
37,64
38,66
39,69
40,71
41,76
42,77
43,78
44,80
45,81
46,88
47,23
48,60
49,61
50,74
51,2
52,3
53,7
54,8
55,10
56,11
57,12
58,13
60,18
61,19
62,27
63,29
64,38
65,39
66,40
67,41
69,46
70,50
71,53
72,54
73,55
74,57
75,59
76,60
77,62
78,64
79,65
80,66
81,69
82,71
83,74
84,75
85,76
86,78
87,80
88,84
89,85
90,88
91,23
93,22
94,62
95,8
96,36
97,55
98,36
99,94
100,39
101,41
102,56
103,87
104,17
105,68
106,69
107,87
108,94
109,101
110,6
112,39
113,17
114,74
115,83
116,96
117,93
118,103
119,104
120,25
121,36
122,107
123,25
124,74
125,102
126,93
127,22
128,74
129,69
130,72
131,5
132,33
133,60
134,13
135,103
136,111
137,113
138,22
139,5
140,13
141,116
142,117
143,88
144,8
145,117
146,120
147,119
148,114
149,29
150,121
151,55
152,57
153,117
154,25
155,61
156,46
157,69
158,16
159,46
160,46
161,69
162,122
163,123
164,58
165,58
166,124
167,12
168,114
169,127
170,126
171,127
172,39
173,87
174,124
175,13
176,61
177,128
178,103
179,38
180,24
181,72
182,54
183,83
184,132
185,132
186,117
187,130
188,130
189,130
190,133
191,135
192,131
193,83
195,140
196,142
197,13
198,138
199,140
200,83
201,61
202,142
203,5
204,5
205,24
206,22
207,90
208,90
209,147
210,142
211,148
212,5
213,88
214,17
215,138
216,39
217,88
218,153
219,18
220,90
221,156
222,81
223,154
224,145
225,145
226,154
229,158
230,159
231,159
232,161
233,148
234,163
235,131
236,159
237,164
238,108
239,54
240,159
241,90
242,158
244,169
245,166
246,119
247,74
248,173
249,174
250,175
251,176
252,24
253,177
254,13
255,174
256,178
257,173
258,179
260,62
261,81
262,62
263,181
264,80
265,181
266,183
267,83
268,184
269,184
270,183
271,183
272,186
273,174
274,175
275,188
276,18
277,187
280,23
281,189
282,190
283,190
284,191
285,159
288,85
289,191
290,144
291,154
292,144
293,193
294,159
295,174
296,193
297,187
298,85
299,196
300,197
301,196
302,154
303,178
304,128
305,79
306,128
307,196
308,200
309,199
310,71
311,85
312,87
313,144
314,148
315,166
316,173
317,175
318,183
319,188
320,190
321,132
322,202
323,203
324,103
325,144
326,103
327,144
328,199
329,65
330,204
331,66
332,206
333,114
334,207
336,196
337,212
338,103
339,138
340,196
341,212
342,196
343,199
344,214
345,108
346,218
347,217
348,217
349,79
350,217
351,190
352,187
353,190
354,88
355,211
356,194
357,159
358,169
359,171
360,107
361,88
362,213
363,213
364,215
365,215
366,198
367,62
368,107
369,221
370,215
371,40
372,220
373,222
374,56
375,220
376,13
377,225
378,189
379,199
380,198
381,232
382,232
383,194
384,168
386,38
387,38
388,215
389,210
390,217
391,89
392,62
394,18
396,36
398,230
399,71
400,190
401,190
402,5
403,75
404,240
405,8
406,241
407,24
408,200
409,22
410,148
412,38
413,200
414,218
415,233
416,229
417,240
418,89
420,139
422,58
423,68
424,200
425,216
426,248
427,215
428,220
429,247
430,151
431,151
432,54
433,54
434,90
435,74
436,24
437,178
438,8
439,155
440,34
441,83
442,61
444,170
446,71
447,226
448,196
450,89
451,191
452,252
453,252
454,111
455,34
456,251
457,19
458,68
459,223
460,223
461,103
462,223
463,125
464,194
465,213
466,221
467,223
468,199
469,252
470,253
471,253
472,38
473,226
474,108
475,253
476,108
477,17
478,5
479,229
480,254
481,255
482,170
483,251
484,139
485,8
486,88
487,34
488,210
489,256
490,256
491,219
492,23
493,62
494,210
495,258
496,77
497,43
498,43
499,210
501,247
502,30
503,8
504,77
505,138
506,132
507,212
508,259
509,11
510,259
511,132
512,74
513,261
515,168
516,129
517,168
518,189
519,251
521,110
523,260
524,260
525,263
526,252
527,128
528,89
529,210
530,223
531,268
532,267
533,268
534,266
535,266
537,62
538,223
539,223
540,267
541,223
542,267
543,266
544,214
545,190
547,33
548,199
549,270
550,260
552,218
553,217
554,68
555,53
556,18
557,197
558,5
559,219
562,247
564,270
565,88
566,35
567,92
568,92
569,114
570,159
571,260
572,174
573,159
574,166
575,273
576,273
577,222
578,69
579,133
581,5
582,77
583,5
584,174
585,75
586,92
587,251
588,114
589,159
590,22
591,99
592,7
593,159
594,61
595,240
596,190
597,57
598,218
599,246
600,275
601,61
602,240
603,276
604,30
605,165
606,54
607,30
608,5
609,165
610,165
611,240
612,240
613,165
614,183
615,133
616,40
617,107
618,25
619,90
620,219
621,10
622,191
624,71
625,98
626,61
627,217
628,59
629,223
630,74
631,281
632,282
633,283
634,291
635,292
636,293
637,297
638,7
639,297
640,302
641,301
642,288
643,302
644,308
645,302
646,310
648,311
650,316
652,305
653,319
654,320
655,68
656,319
658,236
659,280
660,284
661,325
662,326
663,159
665,190
667,329
668,327
669,334
670,334
671,339
672,340
673,288
674,344
675,279
676,346
677,346
678,351
679,71
680,353
681,354
682,305
683,357
684,333
685,362
686,362
687,72
688,173
689,72
690,174
691,89
692,352
693,371
694,357
695,373
696,375
698,5
699,382
700,383
701,384
702,386
703,378
704,389
705,391
706,188
707,391
708,392
709,392
710,393
711,395
712,395
713,396
714,352
715,398
716,399
718,401
719,196
720,408
721,339
722,159
723,410
724,411
725,412
726,411
727,412
728,88
729,413
730,413
731,414
732,223
734,417
735,424
736,426
737,432
738,435
739,5
740,8
741,13
742,22
743,23
744,24
745,25
747,30
748,36
749,39
750,41
751,46
752,54
753,55
754,56
755,59
756,61
757,62
758,68
759,69
760,71
761,74
762,80
763,81
764,87
765,88
766,89
767,90
768,114
769,128
770,142
771,144
772,154
773,158
774,159
775,173
776,174
777,183
778,187
779,190
780,191
781,196
782,199
783,210
784,211
785,215
786,217
787,223
788,226
790,240
791,247
792,251
793,252
794,253
795,256
796,260
797,266
798,270
799,127
800,434
801,339
803,438
804,127
806,438
807,441
808,442
809,59
810,59
811,444
812,203
813,438
814,449
815,442
816,130
817,447
818,452
819,455
820,455
821,457
822,159
823,460
824,461
825,462
826,460
827,445
828,447
829,334
831,465
832,460
833,463
834,172
835,467
836,434
837,460
838,442
839,460
840,447
841,460
842,468
843,339
844,469
845,469
846,472
848,247
849,247
851,463
852,476
853,257
854,483
855,266
857,367
858,292
859,488
860,368
862,300
863,488
864,492
865,491
866,493
867,488
868,494
869,279
870,480
871,495
872,319
874,292
875,480
876,30
877,172
878,504
879,485
880,503
881,498
882,8
883,506
885,509
886,509
887,18
888,506
889,333
890,333
892,510
893,512
894,445
895,279
896,511
897,516
898,517
899,481
900,501
901,520
902,506
903,520
904,30
905,257
906,401
907,455
908,524
909,364
910,287
911,292
912,527
913,529
914,251
915,501
916,163
917,531
918,530
919,520
920,163
921,34
922,539
923,368
924,81
925,476
926,482
927,541
928,81
929,542
930,495
931,445
932,543
933,488
934,546
935,546
936,547
938,247
939,247
940,439
941,546
942,547
943,527
944,452
945,549
946,284
947,553
949,442
950,556
951,174
952,486
953,287
954,215
955,445
956,559
957,559
959,287
961,520
962,319
963,511
964,85
965,89
966,560
967,564
968,559
969,511
970,495
971,485
972,223
973,511
975,573
978,575
979,561
981,577
982,74
983,578
984,183
985,513
986,30
989,582
990,582
992,586
993,438
994,589
995,590
996,566
997,438
998,582
999,591
1000,593
1001,594
1002,57
1003,596
1004,566
1007,419
1008,582
1009,99
1010,317
1011,503
1012,606
1013,506
1014,559
1015,549
1016,608
1017,315
1018,506
1019,613
1020,482
1021,614
1022,438
1023,615
1024,11
1025,25
1027,614
1028,618
1029,531
1030,108
1031,66
1032,614
1033,168
1034,168
1036,92
1037,25
1038,453
1039,284
1041,626
1042,461
1043,629
1044,541
1046,603
1047,364
1048,631
1049,446
1050,339
1051,353
1052,632
1053,190
1054,601
1055,353
1057,493
1058,493
1059,634
1060,87
1061,638
1062,251
1063,640
1064,89
1065,339
1066,123
1067,87
1068,282
1069,603
1070,642
1071,642
1072,643
1073,72
1074,643
1075,642
1077,643
1078,368
1079,39
1081,646
1082,646
1083,168
1084,647
1085,647
1086,282
1087,647
1088,646
1091,648
1092,17
1093,647
1094,55
1095,144
1097,159
1098,660
1099,660
1100,162
1101,127
1102,660
1104,614
1105,196
1106,253
1107,287
1108,667
1109,669
1110,668
1111,671
1112,134
1113,134
1114,672
1116,474
1117,373
1118,253
1119,677
1120,677
1122,652
1123,315
1124,671
1125,671
1126,671
1127,261
1128,666
1129,364
1130,449
1131,681
1132,187
1133,334
1134,665
1135,364
1136,667
1137,667
1138,364
1139,682
1140,683
1141,632
1142,573
1143,685
1144,573
1145,666
1147,455
1148,11
1149,689
1150,687
1151,303
1152,11
1153,666
1155,696
1156,697
1157,485
1158,698
1159,634
1160,634
1161,700
1162,634
1163,701
1164,703
1165,704
1166,705
1167,521
1168,706
1169,707
1170,521
1171,698
1172,698
1173,698
1174,715
1175,716
1176,717
1177,718
1178,366
1179,719
1180,720
1181,588
1182,588
1183,442
1184,588
1185,723
1186,127
1187,726
1188,728
1189,735
1190,736
1191,732
1192,127
1193,739
1194,738
1195,738
1196,287
1197,684
1198,741
1199,742
1200,303
1201,738
1202,287
1203,743
1204,744
1205,745
1206,747
1207,748
1208,170
1209,751
1210,702
1211,402
1212,71
1213,253
1214,273
1216,760
1218,721
1219,127
1220,762
1221,764
1222,764
1223,124
1224,358
1225,686
1227,601
1228,765
1229,768
1230,760
1231,56
1233,603
1234,749
1235,749
1236,774
1237,775
1238,553
1239,775
1240,776
1241,56
1242,743
1243,509
1244,779
1245,779
1246,779
1247,780
1248,634
1249,776
1250,781
1252,521
1253,782
1254,729
1255,521
1256,781
1257,785
1258,582
1259,762
1260,786
1261,787
1263,582
1264,789
1265,789
1266,780
1267,438
1268,253
1269,650
1270,506
1271,791
1272,793
1273,378
1275,223
1276,782
1277,219
1278,634
1279,791
1280,227
1281,795
1283,671
1284,697
1285,795
1286,791
1287,762
1288,521
1289,170
1290,798
1291,595
1292,159
1294,795
1295,799
1297,189
1298,795
1299,352
1300,380
1301,380
1302,778
1303,650
1304,650
1305,650
1306,778
1307,326
1308,808
1309,807
1310,159
1311,813
1312,795
1313,601
1314,23
1315,170
1316,807
1317,816
1318,159
1319,223
1321,819
1322,807
1323,822
1324,823
1325,740
1326,740
1327,826
1328,805
1329,805
1331,352
1332,369
1334,352
1335,509
1336,828
1337,829
1338,665
1339,665
1340,831
1341,5
1342,557
1343,601
1344,61
1347,51
1348,588
1349,394
1350,291
1351,291
1352,838
1354,189
1355,221
1358,842
1359,795
1360,840
1361,844
1362,833
1364,851
1365,840
1366,665
1367,852
1368,442
1370,94
1371,582
1373,493
1374,857
1375,856
1376,858
1377,561
1378,746
1379,858
1380,665
1381,511
1382,46
1383,781
1384,485
1385,865
1386,27
1387,665
1388,734
1389,609
1390,862
1391,869
1392,871
1393,485
1394,869
1395,857
1396,870
1397,870
1398,287
1399,876
1400,873
1401,877
1403,879
1404,882
1405,572
1406,880
1407,884
1408,291
1410,881
1412,776
1413,485
1414,183
1415,876
1416,213
1417,888
1419,702
1420,890
1421,702
1422,830
1423,890
1424,509
1425,713
1426,520
1427,795
1428,887
1429,899
1430,572
1431,900
1432,847
1433,901
1434,110
1435,900
1436,902
1437,903
1438,511
1439,110
1440,572
1441,906
1444,110
1446,911
1447,850
1448,830
1449,339
1450,912
1451,913
1452,110
1453,236
1454,900
1456,394
1457,919
1458,334
1460,923
1461,279
1462,291
1463,926
1464,928
1465,929
1466,930
1467,931
1468,503
1469,174
1470,933
1471,110
1472,110
1473,530
1474,887
1475,183
1476,799
1477,22
1478,939
1479,8
1480,850
1481,919
1482,941
1483,87
1484,942
1485,573
1486,847
1487,944
1488,945
1489,945
1490,938
1491,159
1492,862
1493,34
1495,862
1496,511
1498,903
1499,251
1500,319
1501,198
1502,952
1503,956
1504,956
1505,36
1506,749
1507,504
1508,282
1509,805
1510,959
1511,957
1512,961
1513,438
1514,913
1515,937
1517,913
1518,887
1519,172
1520,937
1523,8
1524,729
1525,847
1527,968
1528,968
1529,188
1530,968
1531,971
1532,972
1533,972
1534,603
1535,959
1536,927
1538,569
1539,569
1543,159
1544,569
1545,74
1546,968
1547,279
1548,144
1549,39
1550,976
1551,976
1552,5
1553,978
1554,978
1555,977
1556,183
1557,968
1558,980
1559,933
1560,979
1561,979
1562,981
1563,919
1564,979
1565,919
1566,983
1567,890
1569,601
1570,835
1571,919
1572,561
1573,985
1574,850
1575,190
1576,850
1577,704
1578,977
1579,977
1580,986
1581,986
1582,979
1583,66
1584,283
1585,988
1586,990
1587,986
1588,988
1589,990
1590,990
1591,990
1592,196
1593,991
1594,88
1595,56
1596,559
1597,919
1598,961
1599,930
1600,776
1602,159
1603,994
1604,101
1605,993
1606,995
1608,597
1609,997
1610,996
1611,273
1612,273
1613,830
1614,283
1615,995
1616,930
1617,994
1618,78
1619,78
1620,991
1621,1001
1622,1001
1623,521
1624,1001
1625,994
1627,1004
1628,988
1629,993
1630,1010
1631,1007
1632,1011
1633,652
1634,1013
1635,990
1636,881
1637,979
1638,1016
1639,881
1640,1017
1641,840
1642,1007
1643,449
1645,990
1647,1025
1648,993
1649,961
1650,1025
1651,991
1652,991
1653,1029
1654,830
1655,2
1656,1030
1657,930
1658,1035
1659,172
1661,1036
1662,1041
1663,835
1664,1036
1665,1026
1666,1032
1668,110
1670,635
1671,170
1672,1048
1673,1049
1674,1053
1675,1036
1676,1043
1678,183
1679,1043
1680,1049
1682,930
1683,1026
1684,1043
1685,1059
1686,919
1688,1029
1689,877
1690,877
1691,1063
1692,1064
1693,1036
1694,956
1695,1066
1696,350
1697,672
1699,973
1700,334
1701,1072
1702,937
1703,937
1704,937
1705,1072
1706,442
1707,449
1708,956
1709,364
1710,449
1711,956
1712,1077
1713,956
1714,319
1715,1068
1716,919
1717,25
1718,511
1719,69
1720,485
1721,840
1722,1080
1723,666
1724,1083
1725,666
1726,990
1727,319
1728,966
1729,1084
1730,1085
1731,1084
1732,428
1733,1080
1734,154
1735,890
1736,251
1737,930
1738,1088
1739,930
1741,1090
1742,937
1743,352
1744,705
1745,861
1746,442
1747,1092
1748,1091
1749,428
1750,290
1751,290
1752,888
1753,1094
1754,279
1756,1094
1757,442
1758,666
1759,1098
1760,1101
1761,1101
1762,8
1763,601
1764,74
1765,188
1766,188
1767,1104
1768,108
1769,1105
1770,190
1771,1076
1772,1084
1773,1084
1774,1076
1775,1084
1776,159
1777,215
1778,1098
1780,215
1781,339
1782,1036
1783,1106
1784,556
1785,556
1786,1098
1787,1109
1788,339
1789,985
1790,1106
1791,1107
1792,966
1793,966
1794,8
1795,881
1796,1105
1797,1106
1799,89
1800,857
1801,13
1802,1115
1803,1106
1804,1117
1805,1117
1806,1112
1807,5
1808,5
1809,442
1810,438
1811,183
1812,1107
1813,88
1814,401
1815,1117
1816,1118
1817,1080
1818,431
1819,1122
1820,1122
1821,8
1822,1124
1823,1124
1824,1119
1825,443
1826,1124
1827,1124
1828,1124
1829,1098
1830,5
1831,1075
1832,1088
1833,1088
1834,930
1836,1131
1837,1107
1838,561
1839,556
1840,167
1841,223
1843,174
1844,1134
1845,1036
1846,1124
1847,1133
1848,1137
1849,389
1850,1137
1851,573
1852,1134
1853,1141
1854,743
1855,401
1856,556
1857,1146
1858,1112
1859,1149
1860,1150
1861,1150
1862,1150
1865,1152
1866,5
1867,1146
1868,319
1869,795
1870,1157
1871,239
1872,1160
1873,3
1874,1163
1875,260
1876,1166
1877,1166
1878,1164
1879,509
1880,1170
1884,1104
1886,1134
1887,449
1888,1114
1889,1167
1890,159
1891,449
1892,183
1893,1179
1894,229
1895,229
1896,1180
1897,1180
1898,1183
1899,1186
1900,1187
1901,1185
1902,1150
1903,307
1904,1185
1905,1189
1906,229
1907,229
1908,307
1909,1190
1910,1191
1911,71
1912,1036
1913,71
1914,5
1915,1114
1916,743
1917,887
1918,401
1919,1192
1920,1192
1921,1194
1922,1126
1924,887
1925,1154
1927,1080
1928,1106
1929,16
1930,115
1931,722
1932,722
1933,1195
1934,1146
1935,869
1936,1201
1937,1201
1938,69
1939,722
1940,1195
1941,1106
1942,1011
1943,414
1944,352
1947,239
1948,74
1949,414
1950,414
1951,1154
1952,386
1953,1088
1954,1120
1955,79
1957,637
1959,713
1960,749
1961,1190
1962,1106
1963,386
1964,196
1966,1208
1967,1088
1968,1210
1969,1210
1970,1210
1971,183
1972,1210
1973,1195
1974,609
1975,1212
1976,1212
1977,1212
1978,386
1979,1212
1980,183
1981,1105
1982,1215
1983,223
1984,1216
1985,1216
1986,1219
1988,253
1989,253
1990,1210
1991,1154
1992,1208
1993,1208
1994,71
1995,1225
1996,1227
1997,71
1998,1215
1999,1108
2000,1144
2001,1227
2002,1210
2003,159
2004,795
2005,795
2006,795
2007,1119
2008,189
2010,253
2011,1234
2012,1124
2013,603
2014,266
2015,25
2016,1144
2017,603
2018,666
2019,995
2021,603
2022,1124
2023,1242
2024,930
2025,1124
2026,5
2027,307
2028,1114
2029,1108
2030,319
2031,1124
2032,285
2033,285
2034,1215
2035,1204
2036,1108
2037,776
2038,1247
2039,108
2040,455
2042,919
2043,601
2044,1107
2045,1248
2046,54
2047,5
2048,1252
2049,183
2050,1253
2051,1253
2052,88
2053,1250
2054,1250
2055,1256
2056,1253
2057,1259
2058,1260
2059,1259
2060,1260
2061,285
2062,1260
2063,285
2064,1262
2065,1250
2066,1227
2067,1246
2068,1250
2069,1259
2070,1259
2071,1266
2072,64
2073,976
2074,1137
2075,1250
2076,1250
2077,1268
2078,1267
2079,1267
2080,1267
2081,559
2082,1270
2083,1102
2084,1270
2085,71
2086,1271
2087,319
2088,1102
2089,795
2090,553
2091,1251
2092,930
2093,5
2094,1276
2095,1270
2096,1216
2097,1279
2098,1280
2099,521
2100,386
2101,1282
2102,851
2103,442
2104,1284
2105,1287
2106,1142
2107,1287
2108,1287
2109,1290
2110,1290
2111,1267
2112,8
2113,7
2114,938
2115,29
2116,8
2117,104
2118,29
2119,1291
2120,108
2121,1290
2122,851
2123,1260
2124,1295
2125,239
2126,1297
2127,1299
2128,1300
2129,1300
2130,1302
2131,1305
2132,1306
2133,812
2134,1308
2135,1309
2136,8
2137,851
2138,1312
2139,1312
2140,1313
2141,1315
2142,851
2143,1316
2144,1307
2145,1316
2146,1307
2147,1318
2148,1318
2149,266
2150,1119
2151,1320
2152,1316
2153,1322
2154,1323
2155,1323
2156,1320
2157,1121
2158,1121
2159,1121
2161,449
2162,1324
2164,1329
2165,1102
2167,1253
2168,1118
2169,1320
2170,1336
2171,1324
2172,1079
2173,1079
2174,1334
2176,593
2177,930
2178,226
2179,1316
2180,1343
2181,1108
2182,961
2183,1146
2184,1290
2185,1290
2186,1346
2187,653
2188,830
2189,1347
2190,251
2191,251
2192,1347
2193,593
2194,1347
2195,5
2196,795
2198,930
2199,1352
2200,1355
2201,1343
2202,1357
2203,1356
2204,1303
2205,1320
2206,1352
2207,1352
2208,1352
2209,930
2210,251
2211,1329
2212,1118
2213,930
2214,1307
2216,183
2217,1119
2218,1119
2219,1364
2220,1307
2221,1366
2222,881
2223,1368
2226,1112
2228,1329
2230,1154
2231,1075
2232,1075
2233,1375
2234,1375
2235,1036
2236,339
2237,1376
2238,1376
2239,1377
2240,183
2241,1378
2242,53
2243,53
2244,104
2245,253
2246,1380
2247,1329
2248,196
2249,1036
2250,608
2253,1381
2254,1356
2255,442
2256,29
2257,364
2258,1387
2261,1381
2262,1352
2263,1352
2264,1390
2265,1329
2266,1390
2267,1393
2268,1393
2270,449
2271,183
2272,183
2273,1079
2274,226
2275,1284
2276,608
2277,1400
2278,957
2279,1007
2280,1134
2281,1396
2282,161
2283,1134
2284,1403
2285,1395
2286,1395
2288,159
2289,1268
2291,213
2292,813
2293,1392
2294,1392
2295,1392
2297,1392
2298,1028
2299,1028
2300,1005
2301,521
2302,1005
2303,1005
2304,1410
2305,5
2306,1413
2307,88
2308,1414
2310,1028
2311,1024
2312,1352
2313,1102
2314,1102
2315,957
2316,8
2317,930
2318,1036
2319,1329
2320,1419
2321,13
2322,608
2323,930
2324,930
2325,962
2326,1118
2327,1329
2328,930
2329,997
2330,223
2331,1356
2332,1421
2333,1424
2335,634
2336,776
2338,901
2339,1426
2340,1426
2341,104
2342,1421
2343,250
2344,183
2346,1411
2348,89
2349,741
2352,741
2353,1075
2354,364
2355,364
2359,741
2361,741
2362,1329
2363,1036
2364,1154
2365,1389
2366,1436
2367,1355
2368,1439
2369,1439
2370,1440
2371,1441
2372,1439
2373,1443
2374,1007
2375,1445
2376,485
2379,1417
2380,867
2382,1356
2383,1142
2384,930
2386,1455
2387,776
2388,930
2389,1457
2390,1456
2391,1390
2392,1456
2393,1459
2394,264
2395,900
2396,900
2397,1458
2398,1460
2400,1459
2401,1459
2402,298
2403,1005
2404,900
2405,1464
2406,1458
2407,1458
2408,1458
2409,159
2410,23
2411,1355
2412,1441
2413,77
2414,1465
2415,1465
2416,1459
2417,1466
2418,1307
2419,1467
2420,5
2421,23
2422,159
2423,198
2424,1352
2425,228
2426,264
2427,264
2428,1472
2429,582
2430,1390
2431,1474
2432,1390
2433,1266
2434,77
2435,1475
2436,1329
2437,1479
2438,1456
2439,1480
2440,1229
2442,1483
2443,870
2444,36
2445,809
2447,1486
2448,1487
2449,840
2450,603
2451,1489
2452,961
2453,1490
2456,1493
2458,90
2459,1112
2461,1495
2462,1496
2463,1496
2465,264
2466,1500
2469,1307
2470,1496
2471,1154
2472,1501
2474,13
2476,1411
2477,1499
2478,1499
2479,1504
2480,1505
2481,1505
2482,1499
2483,1499
2484,179
2485,1499
2486,5
2487,1390
2488,1381
2489,88
2490,1499
2491,179
2493,179
2494,1266
2495,1512
2496,930
2497,1512
2498,644
2499,644
2500,930
2501,1024
2502,1513
2503,1514
2504,1515
2505,1515
2506,913
2507,913
2508,179
2509,266
2510,1513
2511,1517
2512,1516
2513,1191
2514,1515
2515,644
2516,644
2518,1522
2519,1381
2520,1499
2522,561
2524,666
2525,1219
2526,1219
2527,1520
2528,1520
2530,1219
2531,1525
2532,1499
2533,795
2534,1520
2535,8
2536,919
2537,1531
2538,1531
2539,8
2542,1351
2543,1526
2544,557
2546,138
2547,603
2548,603
2549,96
2550,801
2551,603
2553,930
2554,1540
2555,1539
2556,142
2558,919
2559,1390
2560,1250
2561,300
2563,919
2564,1543
2566,8
2567,1520
2569,1545
2570,1390
2571,127
2572,1548
2573,957
2574,1077
2575,1224
2576,557
2577,1224
2579,1545
2580,5
2581,36
2582,69
2583,1545
2585,1553
2586,582
2587,247
2588,1436
2589,1077
2590,1351
2591,1555
2592,1533
2593,1351
2595,1499
2596,778
2597,1558
2598,778
2599,778
2600,1499
2601,1216
2602,1077
2603,1558
2604,200
2605,919
2606,919
2607,1499
2608,1108
2609,179
2610,1564
2611,919
2612,1048
2614,183
2615,1077
2616,1351
2617,1569
2618,1571
2619,1077
2621,159
2622,159
2623,8
2624,1352
2625,1574
2626,919
2627,1229
2628,666
2629,1077
2630,1573
2631,439
2632,315
2633,1564
2634,1564
2635,1118
2636,930
2637,930
2638,1585
2639,616
2640,1586
2641,1586
2642,1291
2643,1586
2644,1077
2645,1586
2646,1576
2647,1307
2648,1327
2649,480
2650,144
2651,1591
2652,1591
2653,1592
2654,1443
2655,1219
2656,1077
2657,1291
2658,1574
2659,1595
2661,1381
2662,1595
2663,59
2664,1381
2666,1598
2667,1381
2668,1598
2669,834
2670,1600
2671,1573
2672,930
2673,994
2674,1603
2676,215
2678,603
2679,401
2680,89
2681,603
2682,1607
2683,1483
2684,50
2685,994
2686,994
2687,1540
2688,1352
2689,1224
2690,1609
2691,1144
2692,252
2693,1612
2695,1611
2698,315
2699,221
2700,1614
2701,1615
2702,1615
2703,88
2704,449
2705,251
2706,1443
2707,1614
2708,834
2709,834
2710,1034
2711,1616
2712,485
2713,1618
2714,449
2715,1618
2716,1618
2719,251
2721,666
2722,1112
2723,447
2725,1443
2726,223
2727,1623
2728,5
2729,8
2731,55
2732,69
2733,71
2734,88
2735,223
2736,251
2737,521
2738,795
2739,930
2740,1623
2741,15
2743,1443
2744,1614
2745,1127
2746,1127
2747,1627
2748,442
2751,1558
2752,1626
2753,1108
2754,422
2755,8
2756,1118
2757,1451
2758,1392
2759,1629
2761,1451
2762,930
2764,1448
2765,1636
2766,1637
2768,1390
2769,1641
2770,767
2771,1636
2773,930
2774,1643
2775,1644
2776,834
2777,1611
2778,6
2779,1645
2781,1647
2782,6
2783,1643
2784,1564
2785,250
2786,1127
2787,1643
2789,8
2790,449
2792,1649
2793,401
2794,1637
2795,1352
2797,1577
2799,449
2800,1017
2801,183
2802,930
2803,183
2805,1655
2806,8
2807,1655
2808,1126
2809,1443
2810,253
2811,795
2812,795
2813,557
2814,1352
2815,1657
2816,1641
2817,1645
2818,1657
2819,557
2820,1618
2821,478
2822,1658
2823,320
2824,478
2825,930
2828,1663
2830,1636
2831,1389
2832,1389
2834,1641
2835,478
2836,159
2837,1673
2838,1673
2839,1189
2840,603
2841,267
2842,1564
2843,1448
2844,1675
2846,1189
2847,1680
2848,1356
2849,1356
2850,1356
2851,1356
2852,1356
2853,1564
2854,1681
2855,1681
2856,1189
2857,1393
2858,656
2860,1683
2861,1681
2863,1686
2864,1686
2865,1679
2866,1393
2867,1679
2869,449
2870,557
2871,1118
2872,1694
2873,1689
2876,190
2877,88
2878,88
2879,449
2880,478
2881,1679
2883,656
2884,264
2885,253
2887,1679
2889,1191
2890,71
2891,1327
2892,1327
2893,521
2894,1706
2895,1189
2897,1680
2898,110
2899,930
2900,1124
2901,1124
2903,1663
2904,887
2905,1032
2906,1704
2907,1706
2908,1516
2909,5
2910,1036
2911,1694
2912,1716
2913,1704
2914,1704
2915,125
2916,919
2918,159
2921,1516
2922,1637
2923,1663
2924,1663
2925,69
2926,69
2927,1725
2928,1313
2929,159
2930,159
2931,1725
2932,1727
2934,930
2935,1730
2936,1716
2937,1725
2939,1731
2940,285
2941,1210
2942,131
2943,994
2944,582
2945,449
2946,1735
2947,1735
2948,1735
2949,439
2950,1195
2951,1737
2952,1737
2953,1716
2954,1737
2955,1737
2957,1725
2958,1737
2959,1739
2960,1122
2962,749
2963,1421
2964,190
2965,1737
2966,1516
2967,1657
2969,1224
2970,582
2971,315
2972,1007
2973,1456
2974,1739
2975,1747
2976,8
2977,1749
2978,795
2980,1189
2981,1751
2982,261
2983,1753
2984,1755
2985,261
2987,1756
2990,1756
2992,1384
2993,1761
2994,1762
2995,8
2996,183
2997,795
2998,1134
2999,327
3000,1005
3001,776
3002,24
3003,1458
3004,1392
3005,1329
3006,125
3007,1118
3008,1636
3009,1227
3010,17
3011,1756
3012,439
3013,1739
3015,255
3016,930
3018,919
3019,253
3020,253
3021,1764
3022,29
3023,1765
3024,1765
3025,1108
3026,1766
3027,1108
3028,1108
3029,1395
3030,101
3031,255
3032,334
3033,5
3034,159
3035,449
3036,603
3037,919
3038,930
3039,1098
3040,1499
3041,603
3042,919
3043,930
3046,1765
3047,1770
3048,439
3049,1739
3050,1766
3051,1773
3052,449
3053,1654
3054,528
3055,528
3056,1735
3057,528
3059,173
3060,1764
3061,1777
3062,101
3063,647
3064,1307
3065,1307
3066,1118
3068,1591
3069,1739
3070,1783
3071,1777
3072,1785
3073,1786
3074,1786
3075,1784
3076,1763
3077,1786
3078,1786
3079,1789
3080,1614
3081,1766
3082,528
3083,1793
3084,1028
3085,1028
3086,919
3087,71
3088,1760
3089,1760
3090,1760
3091,930
3092,11
3093,174
3094,1795
3095,1760
3096,1795
3097,930
3098,667
3099,264
3100,1793
3101,1739
3102,1807
3103,264
3104,1763
3105,1763
3106,1763
3107,1784
3108,1786
3109,128
3111,253
3112,22
3113,1380
3114,434
3115,1380
3116,1813
3118,1809
3119,1763
3120,1760
3121,1194
3122,1540
3123,154
3124,601
3125,1540
3127,1820
3128,1820
3129,582
3130,22
3131,96
3132,88
3133,449
3134,1820
3135,1764
3136,183
3137,1573
3139,96
3141,1829
3142,1614
3143,1831
3144,1832
3145,1833
3146,1833
3147,1197
3148,191
3149,1834
3150,1831
3151,1835
3152,1835
3153,1835
3154,1307
3155,1837
3156,1840
3157,1841
3158,1843
3159,1845
3160,1850
3161,1853
3162,1845
3163,1855
3164,1856
3166,1858
3167,1861
3168,1860
3170,1870
3171,1829
3172,1614
3173,1873
3174,667
3175,1812
3176,1815
3178,1737
3179,1877
3180,493
3181,919
3182,30
3183,1197
3184,118
3185,1878
3186,617
3187,1879
3188,1882
3189,1795
3190,1884
3191,211
3192,1886
3193,1886
3194,1808
3195,485
3196,930
3197,1889
3198,930
3199,1891
3201,261
3202,1893
3203,1540
3204,226
3205,226
3206,1895
3207,1895
3208,1894
3209,1894
3210,1894
3211,1896
3212,521
3213,1894
3214,1894
3215,881
3216,1760
3217,439
3218,1785
3219,1785
3221,892
3222,603
3223,5
3224,1901
3226,1771
3227,1904
3229,1907
3230,767
3232,749
3233,1908
3234,1910
3235,1909
3236,1913
3237,30
3238,1915
3239,1917
3242,250
3244,179
3245,1709
3246,892
3247,1922
3248,1709
3249,1709
3250,1709
3251,1709
3252,1922
3253,1901
3254,1709
3256,1827
3257,1934
3259,1935
3260,578
3261,578
3262,1566
3263,1566
3264,1566
3265,1934
3266,253
3267,252
3268,578
3269,1938
3271,1938
3272,1144
3273,1934
3274,226
3277,190
3278,1901
3279,1934
3280,556
3281,1938
3282,1938
3283,1945
3284,1795
3285,1871
3286,1871
3287,1909
3288,1938
3289,251
3290,6
3291,442
3292,976
3295,1950
3296,1951
3298,1950
3299,1951
3301,930
3304,1913
3305,1913
3306,1951
3307,1957
3308,1951
3309,1951
3310,1330
3311,1709
3312,1108
3313,1871
3314,1871
3315,1871
3316,976
3317,1959
3318,1959
3319,1959
3321,1962
3322,909
3323,1874
3324,1585
3325,305
3326,1963
3327,1862
3328,449
3329,1861
3330,1815
3331,930
3332,123
3333,1276
3334,1585
3335,1862
3336,1179
3338,930
3339,1916
3340,909
3341,1965
3342,1965
3343,1965
3344,1965
3345,183
3346,1965
3347,511
3348,1966
3349,442
3350,1916
3351,183
3352,334
3353,1971
3354,305
3355,183
3356,1874
3357,1913
3358,1027
3359,1972
3360,1050
3361,1050
3362,1973
3363,1974
3364,1973
3365,151
3366,1978
3368,1961
3369,495
3370,1977
3371,1950
3372,1983
3373,1985
3374,1977
3376,1050
3377,1990
3378,69
3379,159
3380,1108
3381,1573
3383,696
3384,1862
3385,1862
3386,1992
3387,17
3388,253
3389,601
3390,485
3391,485
3392,364
3393,485
3394,83
3395,8
3396,1679
3397,696
3399,1709
3401,2006
3402,2006
3403,2008
3404,190
3405,1994
3406,364
3407,2010
3408,2011
3409,2013
3410,2015
3411,1893
3413,1950
3414,1983
3415,2017
3416,1451
3417,2006
3418,2018
3419,2002
3420,696
3421,2023
3422,1364
3424,1810
3425,2023
3426,13
3427,10
3428,2031
3430,2030
3431,1679
3432,364
3434,2032
3435,1810
3436,144
3437,2025
3438,1746
3439,1994
3440,2034
3441,2028
3442,2036
3445,2039
3446,2036
3447,847
3449,1679
3450,696
3451,1270
3453,439
3454,1994
3455,2043
3456,2043
3457,1810
3458,2046
3460,668
3461,127
3462,2048
3463,2050
3465,1270
3466,1474
3467,1991
3468,1991
3469,1991
3470,1991
3471,2054
3473,38
3474,2059
3475,2023
3476,2023
3477,2060
3478,1806
3479,1474
3480,2046
3483,1991
3484,495
3485,2046
3486,2046
3487,1082
3488,1082
3489,2052
3491,2063
3492,2046
3493,2066
3494,1991
3495,2060
3496,199
3497,30
3499,169
3500,2060
3501,2060
3502,5
3503,334
3504,2074
3505,1146
3506,2074
3507,88
3508,2067
3509,2079
3510,2080
3511,2081
3513,2074
3514,2079
3515,2078
3516,2079
3517,2079
3518,2078
3520,2078
3521,2083
3522,2071
3523,1679
3524,1028
3525,1270
3526,2088
3527,1540
3529,1725
3530,2095
3531,996
3533,1108
3534,2101
3535,1979
3536,1979
3538,2108
3539,2040
3540,2110
3541,2040
3542,2108
3543,996
3544,2020
3545,2040
3546,159
3547,2111
3548,2111
3549,2111
3550,996
3551,183
3552,2077
3553,2113
3554,2121
3555,930
3557,2101
3558,1256
3559,2101
3560,1256
3561,1256
3562,2101
3563,2122
3564,56
3565,264
3567,2113
3568,2126
3569,2127
3570,83
3571,858
3573,118
3574,2129
3575,1390
3576,2131
3577,2132
3578,2132
3580,2132
3581,2132
3582,2127
3583,2127
3584,41
3585,2134
3586,1108
3587,2137
3588,2139
3590,1637
3591,1934
3592,2145
3593,2144
3594,1314
3595,1314
3596,2147
3597,2150
3598,2150
3599,2147
3601,2144
3602,696
3603,2150
3604,2150
3605,2148
3606,2148
3607,2148
3608,2148
3609,2155
3610,1785
3611,2159
3612,215
3613,25
3614,253
3615,307
3616,930
3617,1573
3618,656
3619,2108
3620,2157
3621,1785
3622,5
3623,2164
3624,561
3625,2077
3626,1934
3628,1463
3629,1381
3630,930
3631,2164
3632,2164
3633,787
3634,2164
3635,930
3636,2141
3637,2170
3638,930
3639,2171
3640,1314
3641,959
3642,787
3643,2164
3644,1934
3645,1050
3646,2050
3647,83
3648,2164
3649,2164
3650,2177
3651,2166
3652,527
3653,2182
3654,2171
3655,2171
3658,172
3659,5
3661,2095
3662,696
3663,696
3665,2182
3666,2189
3667,2194
3668,2191
3669,2195
3670,2195
3671,56
3672,5
3673,5
3674,2197
3675,2197
3676,1399
3677,1399
3678,2199
3679,2036
3680,1909
3682,2091
3683,2206
3684,2191
3685,2191
3686,2202
3687,1934
3688,2091
3689,2091
3690,1195
3692,1934
3693,2067
3694,386
3695,2036
3696,2216
3697,2219
3699,2220
3700,248
3701,961
3702,2166
3703,1909
3704,2223
3705,2221
3706,2199
3707,2224
3708,1709
3709,1815
3710,2224
3711,2144
3712,2168
3713,2226
3714,1709
3715,696
3716,2071
3717,2223
3718,2226
3720,8
3721,2228
3723,2230
3724,2230
3725,2232
3726,2228
3727,2168
3730,2237
3731,529
3732,2238
3733,2240
3734,5
3735,12
3736,159
3737,251
3738,930
3739,795
3740,919
3741,1135
3742,696
3743,882
3744,223
3745,529
3746,449
3747,1979
3748,2218
3749,2036
3751,1103
3752,253
3753,2246
3755,2246
3756,460
3757,251
3758,776
3759,2249
3760,1808
3761,1808
3762,2251
3763,2251
3764,2252
3765,2252
3766,8
3767,2255
3769,2084
3770,2168
3771,1118
3772,1583
3774,919
3775,1390
3776,1390
3777,485
3778,851
3779,2260
3780,2261
3781,1154
3782,2261
3783,2241
3784,2241
3785,2261
3786,2261
3787,8
3788,2261
3789,1005
3791,2269
3793,52
3794,2271
3795,2228
3796,2271
3797,2273
3798,2189
3801,439
3802,1979
3804,2189
3805,569
3807,2067
3808,529
3809,74
3810,1036
4035,2157
4036,2251
4037,52
4038,8
4039,2280
4040,887
4041,2247
4042,2283
4043,2284
4044,2116
4045,264
4046,2116
4047,2177
4048,326
4050,2251
4051,2286
4052,478
4055,478
4056,1636
4057,2052
4058,307
4060,2040
4062,2198
4063,1390
4064,2116
4065,2166
4066,1934
4067,2116
4068,74
4070,1950
4071,2300
4073,1979
4074,400
4076,1973
4078,2148
4079,2116
4080,183
4081,2050
4082,605
4083,930
4084,504
4085,239
4086,347
4087,19
4088,85
4089,354
4090,360
4091,297
4093,190
4094,335
4095,573
4096,1179
4097,1117
4098,65
4099,76
4100,171
4101,54
4102,71
4103,329
4104,183
4105,127
4106,320
4107,116
4108,174
4109,1273
4110,424
4111,55
4112,46
4113,161
4114,133
4115,835
4116,22
4117,108
4118,5
4119,636
4120,8
4121,179
4122,66
4123,509
4124,159
4125,37
4126,325
4127,195
4128,170
4129,102
4130,69
4131,506
4132,175
4133,326
4137,305
4138,210
4139,184
4140,700
4141,93
4142,255
4143,866
4144,25
4145,21
4146,207
4147,346
4148,293
4149,6
4150,308
4151,527
4152,223
4153,290
4154,633
4155,334
4157,2310
4158,1050
4159,183
4161,2148
4162,2316
4164,2205
4165,2321
4166,2322
4167,2040
4168,2320
4169,5
4170,930
4171,2312
4172,1036
4173,1764
4174,8
4175,2262
4176,2322
4177,2322
4178,1371
4179,2310
4180,68
4181,1945
4183,1371
4184,115
4185,1108
4187,2328
4188,2325
4189,2073
4191,2328
4192,2328
4194,2310
4195,1445
4196,8
4197,1445
4198,1146
4199,2328
4200,1979
4201,1371
4202,2331
4203,2332
4204,1371
4205,2113
4206,190
4207,71
4208,449
4210,88
4211,5
4212,8
4213,159
4214,919
4215,1540
4216,386
4217,81
4218,263
4219,85
4220,74
4221,13
4222,24
4223,190
4224,1005
4225,582
4226,54
4227,71
4228,174
4229,123
4230,1390
4231,90
4232,62
4233,1496
4234,449
4235,1124
4237,88
4238,1035
4239,5
4240,614
4241,438
4242,226
4243,8
4244,196
4245,12
4246,364
4247,1381
4248,555
4249,110
4250,35
4251,603
4252,220
4253,159
4254,302
4255,251
4256,930
4257,1657
4258,442
4259,2
4260,1499
4261,795
4262,919
4263,1036
4264,210
4265,144
4266,455
4267,2207
4268,850
4269,264
4270,25
4271,253
4272,191
4273,339
4274,223
4275,246
4277,253
4278,2338
4280,2020
4282,253
4283,930
4284,2342
4285,1082
4286,335
4287,52
4288,2341
4289,2344
4290,2344
4291,2344
4292,52
4293,52
4294,2126
4295,2346
4296,82
4298,82
4299,397
4301,961
4302,1636
4304,2329
4307,2354
4309,82
4310,82
4311,930
4312,2020
4313,1445
4314,696
4315,2357
4316,2344
4317,251
4319,96
4320,1411
4321,22
4322,22
4323,1411
4324,88
4325,2067
4326,183
4327,2316
4328,835
4329,2077
4330,1381
4331,223
4332,364
4333,1808
4334,2362
4336,74
4337,1390
4338,2367
4339,1118
4340,2310
4341,1750
4342,1750
4343,2116
4344,2371
4345,2367
4347,2373
4348,2373
4349,22
4350,795
4351,2341
4352,2262
4353,2067
4354,919
4355,2379
4357,2380
4358,2126
4359,1764
4360,2126
4361,1883
4362,253
4363,2379
4364,2379
4365,2379
4366,2384
4367,300
4370,1118
4371,199
4372,2380
4373,2380
4374,2371
4375,2073
4377,2385
4378,1028
4379,2387
4380,1750
4381,2126
4382,1657
4383,2395
4384,666
4385,632
4386,2398
4387,2399
4388,919
4389,2402
4390,632
4391,2385
4392,632
4393,2405
4394,1764
4395,2398
4396,892
4397,277
4398,2407
4399,2126
4400,743
4401,2395
4403,2402
4404,1973
4405,64
4406,1670
4407,1670
4408,1583
4409,2412
4410,1700
4411,2238
4412,53
4414,2418
4415,1445
4416,2419
4417,601
4418,919
4420,2425
4421,2423
4422,2423
4423,2399
4424,1670
4426,446
4427,1973
4429,2436
4430,1291
4431,2439
4432,1212
4433,2440
4439,2392
4440,1670
4441,1307
4442,686
4443,183
4444,2224
4445,2116
4446,2454
4447,2454
4448,2455
4449,2456
4450,1054
4452,2040
4454,2461
4455,1118
4458,2467
4459,2469
4460,2342
4461,2470
4462,2470
4464,2470
4465,1670
4467,2473
4468,1395
4469,919
4470,957
4471,1583
4472,1583
4473,2342
4474,2476
4475,2479
4477,1793
4478,1793
4479,223
4485,1739
4487,1979
4488,1474
4489,264
4490,2488
4491,2485
4492,2485
4493,2492
4494,2489
4496,2470
4497,2470
4499,1307
4500,1513
4501,2499
4502,2500
4503,1291
4504,446
4505,446
4506,1381
4507,1474
4508,806
4509,2498
4510,2510
4511,1566
4512,1569
4513,2513
4514,2472
4515,2513
4516,2510
4517,2516
4518,1934
4519,2513
4520,2520
4521,1808
4523,2513
4524,39
4526,2523
4527,2523
4528,888
4531,2526
4532,1497
4533,919
4534,1497
4535,1497
4536,2526
4537,2529
4538,2530
4541,2485
4542,2536
4544,2538
4545,2535
4546,2540
4547,2539
4548,2543
4549,2543
4550,2546
4552,2548
4553,2550
4554,2551
4555,2551
4556,2551
4557,2550
4558,253
4559,2549
4560,795
4561,2131
4563,2131
4564,2166
4565,1643
4566,2540
4568,2561
4569,2563
4570,2040
4571,2564
4572,1929
4573,1929
4574,2564
4575,2567
4576,2567
4577,199
4578,1782
4579,2569
4580,2569
4581,2570
4582,2572
4583,2571
4584,2293
4585,2566
4586,2561
4587,1583
4588,2443
4589,2306
4590,2443
4591,2443
4592,2577
4595,1583
4596,364
4597,2582
4598,2582
4599,2585
4600,2586
4601,2585
4602,2586
4603,2293
4604,930
4605,2587
4606,2588
4607,2585
4608,2591
4609,2592
4610,2590
4611,2592
4612,1643
4613,142
4614,2086
4615,2590
4616,2590
4617,2585
4618,2585
4619,2597
4621,2599
4622,449
4623,2604
4624,2601
4625,2604
4626,707
4627,420
4629,2610
4630,2610
4631,2599
4632,2590
4635,2605
4636,660
4637,2586
4638,2597
4639,2597
4640,449
4641,2615
4644,2616
4645,2616
4646,2589
4647,253
4648,1157
4649,2591
4650,1157
4651,2619
4652,1004
4653,2617
4654,2617
4655,919
4656,61
4657,2621
4658,82
4659,2624
4660,919
4661,2622
4662,2622
4663,162
4665,2605
4666,2605
4667,2624
4668,2624
4669,1720
4672,2629
4673,2632
4674,2616
4675,2604
4676,1108
4677,2293
4678,2634
4679,2616
4680,2116
4681,2635
4682,2635
4683,2634
4684,2539
4685,2629
4686,2039
4689,2643
4691,2645
4692,2645
4693,2599
4694,8
4695,511
4696,220
4697,2535
4698,2116
4699,2651
4701,2649
4702,2653
4703,2641
4704,2645
4705,2599
4706,2645
4707,2322
4708,2654
4709,2654
4710,1147
4711,2659
4712,2659
4713,301
4714,2662
4715,2662
4716,2665
4717,2665
4718,2665
4720,2652
4721,2664
4723,2131
4724,2456
4725,2667
4726,1371
4727,2659
4728,2670
4729,2535
4730,2671
4731,2669
4732,919
4733,2649
4734,2660
4736,2456
4737,2664
4738,2658
4740,2485
4741,2676
4743,2322
4744,2665
4745,1934
4746,2308
4747,2658
4748,88
4749,334
4750,2680
4751,521
4752,2119
4753,159
4754,2684
4755,2036
4756,88
4758,2669
4759,2116
4760,2456
4761,2690
4762,2691
4763,2676
4764,2676
4765,2692
4766,2652
4767,1364
4768,2308
4769,2694
4770,2696
4771,2696
4772,2700
4773,2701
4774,2696
4775,686
4777,582
4778,1157
4779,2705
4780,1670
4781,2708
4782,697
4783,2634
4784,2711
4786,2616
4787,1670
4788,2714
4789,2129
4790,2711
4791,2717
4792,495
4793,2652
4794,2218
4795,2116
4796,2610
4798,2669
4799,2721
4800,2129
4801,1077
4802,2726
4803,2724
4804,2728
4805,2714
4806,2728
4807,159
4808,217
4809,2704
4810,223
4811,2690
4812,888
4813,2690
4814,2704
4815,2704
4817,2684
4818,2732
4819,2732
4820,2732
4821,2734
4822,2735
4823,2704
4824,2129
4825,2734
4826,2734
4827,919
4828,2704
4829,2736
4830,2698
4831,159
4832,2742
4833,2638
4834,2644
4835,2745
4836,2746
4837,2746
4838,2751
4839,2539
4840,2746
4841,2645
4842,1913
4843,2433
4844,319
4845,1403
4846,2755
4847,2116
4848,2116
4849,2755
4850,2755
4851,2746
4852,2759
4853,2746
4854,919
4855,2645
4856,1329
4857,2761
4859,2765
4860,2698
4861,2767
4862,2761
4863,2198
4864,2768
4865,2725
4867,660
4868,2770
4870,2769
4871,2772
4872,2772
4873,2772
4874,2773
4876,2774
4877,2198
4878,660
4879,660
4880,1720
4881,2171
4882,2779
4883,5
4885,2767
4886,2767
4887,2714
4888,2772
4889,5
4890,2599
4891,2782
4892,2783
4893,1389
4894,5
4895,660
4896,5
4898,255
4899,2634
4900,2779
4901,2696
4902,74
4903,5
4904,1720
4905,2198
4906,2126
4907,2126
4908,2788
4910,2714
4911,2793
4912,2794
4913,656
4914,2779
4915,656
4916,2129
4917,656
4918,2795
4919,656
4920,2489
4921,2794
4922,2794
4923,2739
4924,2794
4925,2775
4926,2800
4927,2392
4928,2392
4930,1307
4931,5
4932,1265
4933,2775
4934,2269
4935,2800
4936,2800
4937,383
4938,1148
4939,495
4940,1148
4941,2719
4942,230
4943,230
4944,364
4945,88
4946,1251
4947,1251
4948,2719
4949,2544
4950,572
4951,1390
4952,1148
4953,559
4954,2808
4955,2810
4956,2728
4957,2811
4958,2116
4959,2813
4960,2813
4961,1390
4962,183
4963,2817
4965,2816
4966,1265
4967,439
4968,358
4969,2824
4970,1251
4971,2824
4972,2824
4973,447
4974,2816
4975,2816
4976,1352
4977,2817
4978,2830
4979,2831
4980,2392
4981,2832
4982,2832
4983,2832
4984,2832
4985,1929
4987,2833
4988,2833
4989,2392
4990,919
4991,919
4992,697
4993,2806
4994,2838
4995,2838
4996,2838
4997,2407
4998,2808
4999,2067
5000,2817
5001,2817
5002,887
5003,2808
5004,2842
5005,2775
5006,2842
5007,2817
5009,2808
5010,2838
5011,827
5012,2392
5014,2775
5016,2405
5017,1742
5018,2405
5019,1913
5020,851
5021,2848
5022,2849
5023,266
5024,2806
5025,2645
5027,2857
5028,1390
5029,495
5031,1036
5032,2831
5033,1808
5034,2866
5035,2867
5036,1390
5037,2848
5038,2866
5040,2865
5042,1320
5043,2875
5046,2866
5047,2325
5048,2878
5049,1475
5050,2617
5051,2875
5052,2884
5053,2775
5054,133
5055,2116
5056,2885
5057,1148
5058,2669
5059,2875
5060,1144
5061,2878
5062,2878
5063,125
5064,2592
5065,2888
5066,2880
5067,2890
5068,2116
5069,930
5070,930
5071,2875
5072,1146
5073,851
5074,2897
5075,2898
5076,2669
5077,795
5078,1347
5079,88
5080,2902
5081,2889
5082,2904
5083,2905
5084,588
5086,2907
5087,1909
5088,2904
5089,2907
5090,1706
5091,2669
5092,2902
5093,2902
5094,2911
5095,2902
5096,2912
5097,2912
5098,2322
5100,2306
5101,2889
5102,2750
5103,2310
5104,46
5105,2921
5107,2293
5108,2921
5109,2739
5110,2922
5111,2791
5112,1580
5113,1259
5114,539
5115,539
5116,2820
5117,1434
5118,1916
5120,2750
5121,2750
5122,2914
5123,2934
5124,2932
5125,2914
5126,2750
5127,2798
5128,2798
5129,2793
5130,2904
5131,2921
5132,2730
5133,2933
5134,2938
5135,2116
5136,1259
5138,2942
5139,2914
5140,795
5141,2945
5143,175
5144,2946
5145,2392
5146,2898
5147,300
5149,159
5151,2950
5152,1434
5153,401
5154,18
5155,2952
5156,1833
5158,2820
5159,1080
5160,1381
5161,1381
5162,2959
5163,2959
5164,159
5165,2961
5166,2798
5167,2808
5168,2898
5169,2392
5170,2953
5171,2950
5172,2962
5173,1090
5175,223
5176,521
5177,2950
5178,1583
5179,2916
5180,1583
5181,2669
5182,704
5184,704
5185,1283
5186,930
5187,2975
5188,2970
5189,2956
5190,2956
5191,2669
5192,2975
5193,30
5194,795
5195,2392
5196,2970
5197,2977
5198,2980
5199,1205
5200,2952
5201,2952
5203,2984
5204,2322
5205,2440
5206,2970
5207,2440
5208,2592
5209,2672
5210,2980
5211,2984
5213,1347
5214,2440
5215,2989
5216,569
5218,2425
5220,2989
5221,2864
5222,2993
5223,2993
5224,1643
5225,1205
5226,2725
5227,887
5228,2725
5229,2989
5230,2989
5231,2141
5232,2770
5233,2995
5234,2817
5235,2995
5236,2958
5237,2995
5238,2995
5239,2595
5240,2971
5241,2028
5242,2595
5243,2425
5244,1834
5245,2998
5246,2998
5247,2170
5248,2693
5252,2996
5253,2425
5254,2775
5255,3002
5256,2595
5258,3004
5259,3007
5260,3007
5261,1834
5262,930
5263,3010
5264,1122
5265,3008
5266,3008
5267,2376
5268,2996
5269,679
5270,2980
5271,2980
5272,264
5273,569
5274,3015
5275,3015
5276,3014
5277,2798
5279,2376
5280,3014
5281,1047
5283,3014
5284,198
5285,3018
5286,2909
5289,2984
5290,2984
5291,2970
5292,2970
5293,2842
5294,2970
5295,2595
5296,3025
5297,2392
5298,930
5299,3025
5300,3026
5301,1834
5302,2842
5303,3033
5304,3000
5305,3010
5306,3017
5307,3019
5311,919
5313,26
5314,3041
5315,3025
5316,3025
5317,375
5318,375
5319,375
5321,3041
5322,3043
5323,3043
5324,1834
5325,1834
5326,1909
5327,2908
5328,2916
5329,2912
5331,2425
5332,3048
5333,495
5334,3048
5335,3048
5336,2425
5337,3048
5338,2116
5339,3040
5340,3040
5341,3044
5342,3044
5343,375
5344,375
5345,3051
5346,3052
5347,3014
5348,3056
5349,3058
5352,3048
5354,3065
5355,159
5356,597
5358,159
5360,890
5361,1490
5362,2942
5363,2942
5364,3068
5365,199
5366,221
5367,3069
5368,2739
5369,2970
5372,1679
5373,3019
5374,3019
5375,3062
5376,3040
5377,3008
5378,3008
5380,597
5381,1494
5382,1833
5383,1833
5384,83
5386,2170
5387,3083
5388,2454
5389,2970
5390,3019
5391,3000
5393,3086
5394,375
5395,3088
5396,217
5397,523
5398,3084
5399,2714
5400,2775
5401,1739
5402,2714
5403,1764
5404,2970
5405,2116
5406,1434
5407,1909
5408,2714
5409,3093
5410,3094
5411,3096
5412,3097
5413,2544
5414,26
5415,3097
5416,2970
5417,2739
5418,2635
5419,2768
5420,3040
5421,3085
5422,3086
5423,3104
5424,2635
5425,3107
5426,3110
5427,5
5428,1752
5429,523
5430,1307
5431,2912
5432,3100
5433,2314
5434,2314
5435,2116
5436,2387
5437,3118
5438,3104
5440,2940
5441,3121
5442,217
5443,2116
5444,476
5445,3123
5446,110
5447,2902
5448,778
5449,2898
5450,3129
5451,3129
5452,2750
5453,3010
5455,88
5456,89
5457,264
5458,449
5459,509
5460,877
5461,1036
5462,1118
5463,1144
5464,1709
5465,2116
5466,2246
5467,2634
5468,2779
5469,1435
5470,582
5471,74
5472,2956
5473,3014
5474,609
5475,3134
5476,3136
5477,686
5478,300
5479,1463
5480,2387
5481,3125
5482,3133
5484,2970
5485,977
5486,977
5487,251
5488,319
5489,3144
5491,686
5492,3143
5493,1381
5494,2965
5495,588
5496,3143
5497,3143
5498,2956
5499,2956
5500,52
5501,223
5503,3155
5504,2860
5506,3150
5508,69
5509,230
5510,2116
5511,2864
5513,3158
5514,919
5515,3158
5517,3165
5518,2775
5519,2782
5520,1026
5522,1463
5523,333
5524,3150
5525,3019
5526,3133
5528,183
5530,2833
5534,183
5535,3178
5536,3178
5537,1549
5538,520
5539,163
5540,3108
5541,3178
5542,546
5543,3179
5544,3108
5545,2996
5546,2996
5547,183
5549,3170
5550,546
5551,3182
5552,1620
5553,1620
5554,1620
5555,3182
5557,1347
5558,223
5559,22
5560,2635
5561,629
5562,834
5563,190
5564,3187
5565,3188
5566,3188
5567,3184
5568,3184
5569,2864
5570,3189
5571,1699
5572,1699
5573,3183
5574,3187
5575,3178
5576,2970
5577,3191
5578,690
5579,1205
5580,3187
5581,1620
5583,5
5584,1347
5585,776
5586,3199
5588,629
5589,3201
5590,1833
5591,3204
5592,1402
5593,3203
5594,3205
5595,3206
5596,3207
5597,3209
5598,84
5599,3212
5600,3215
5601,36
5602,3216
5603,3217
5604,334
5605,1000
5606,3218
5607,3219
5608,3222
5609,3222
5610,2227
5611,1142
5612,3223
5613,1490
5614,3225
5615,3226
5616,3226
5617,3229
5618,3203
5619,3230
5620,3230
5621,2321
5622,3231
5623,3231
5624,1949
5625,2330
5626,3183
5627,3234
5628,3234
5629,3235
5630,3235
5631,3236
5632,2485
5633,2665
5634,2973
5635,3240
5636,3241
5637,3241
5638,2860
5639,2860
5641,821
5642,3244
5643,3244
5645,3251
5646,3251
5647,3252
5648,586
5649,3254
5650,3253
5652,3172
5653,3260
5654,3261
5655,2549
5656,2534
5657,3262
5658,3263
5659,3262
5660,3262
5661,1762
5662,3264
5663,1766
5664,3268
5665,3268
5666,3270
5667,997
5668,1496
5669,3269
5670,1542
5671,1542
5672,1542
5673,442
5674,2801
5675,2770
5676,2770
5677,3263
5679,3265
5680,1762
5681,3272
5682,2534
5683,1762
5684,1351
5685,3191
5687,2898
5688,2534
5689,3272
5691,2817
5692,3277
5693,2970
5694,90
5695,3014
5696,3281
5697,3280
5698,3272
5700,3253
5701,3265
5702,123
5703,3019
5704,2970
5706,3287
5708,3285
5709,3289
5710,2517
5711,3272
5713,3014
5714,3292
5715,3243
5716,3291
5717,223
5718,1205
5719,2635
5720,3298
5721,1542
5722,3263
5723,3263
5725,3300
5726,1657
5727,2726
5728,71
5729,3301
5730,71
5731,26
5733,1537
5734,2170
5735,3306
5736,3140
5737,3306
5738,2726
5739,3306
5740,3306
5741,686
5742,3307
5743,2116
5744,36
5745,3309
5750,3309
5751,26
5752,2019
5754,2860
5755,2860
5756,2958
5757,3043
5758,2973
5759,3062
5760,3323
5761,277
5762,2958
5763,3317
5764,3325
5765,3325
5766,3317
5769,3329
5770,3292
5771,3328
5772,3309
5773,2635
5774,229
5775,3331
5776,3309
5777,609
5778,334
5779,3334
5780,3334
5781,307
5782,3333
5783,862
5784,3292
5785,597
5786,183
5787,3189
5788,3292
5789,26
5790,3014
5792,3140
5794,3343
5795,334
5796,3344
5797,2770
5798,3344
5799,1098
5800,1098
5801,3305
5802,3344
5803,3342
5804,3342
5806,3348
5807,3347
5808,3348
5810,3348
5811,3348
5812,2773
5813,3158
5814,3140
5815,81
5817,307
5819,2564
5820,1794
5821,530
5823,2773
5824,3357
5825,2645
5826,3363
5827,3347
5828,26
5829,3367
5831,196
5832,3320
5834,2902
5835,2260
5838,3320
5839,2260
5840,1569
5841,3333
5842,3333
5843,3333
5844,3369
5845,2975
5846,3367
5847,593
5848,159
5849,3376
5850,3378
5851,3348
5852,159
5853,1205
5854,1205
5856,3382
5857,3376
5858,1219
5859,2040
5860,2635
5861,2040
5862,3378
5863,3062
5864,3369
5865,3369
5866,3320
5867,3205
5868,2476
5869,3387
5870,3388
5871,253
5872,3388
5874,253
5875,3392
5876,3388
5877,3395
5878,3395
5879,3395
5881,3362
5882,3291
5883,1393
5884,3401
5885,3401
5886,3401
5887,3377
5888,726
5891,3379
5892,3392
5893,3376
5894,17
5895,3401
5896,3388
5897,3388
5898,3405
5899,3411
5900,3411
5901,183
5902,1694
5903,3309
5906,3396
5908,3143
5909,3396
5910,569
5911,3396
5912,3376
5913,2940
5914,3420
5915,3420
5916,3309
5917,3376
5919,3422
5920,3424
5921,1979
5922,2230
5924,3429
5925,3429
5926,2230
5927,2230
5928,2719
5929,2719
5930,930
5931,930
5932,1050
5933,3430
5934,3257
5937,3407
5941,2322
5942,3429
5943,1818
5944,3434
5945,3435
5946,364
5948,1818
5949,3424
5950,3437
5953,2759
5954,2958
5955,3438
5956,3405
5957,1393
5958,1393
5959,3441
5960,3443
5961,3444
5962,3445
5963,3446
5964,3443
5966,3442
5967,2645
5968,3446
5969,2970
5970,3447
5971,1106
5972,2970
5973,919
5974,919
5975,1739
5976,3452
5977,2759
5978,2759
5979,219
5980,1117
5981,1823
5982,55
5983,1080
5984,1265
5985,276
5986,3442
5987,3451
5988,1393
5989,3408
5990,276
5991,3387
5992,3459
5993,276
5994,3442
5995,1142
5998,3446
6000,3456
6002,3438
6005,3465
6006,3465
6007,2824
6008,3396
6009,3446
6010,2824
6011,3468
6012,3086
6013,3342
6014,3472
6015,3456
6016,5
6017,3472
6018,3474
6019,2849
6020,3301
6021,3301
6022,88
6023,3392
6024,3451
6025,3451
6026,3369
6027,2958
6028,3479
6029,1163
6030,1537
6031,3479
6034,2730
6035,1670
6036,3484
6037,3485
6038,3486
6039,3486
6040,2197
6042,1537
6043,3488
6044,3490
6046,2645
6047,3491
6048,1537
6049,3488
6050,495
6051,2849
6052,3489
6055,3333
6056,2965
6057,3500
6058,3499
6059,3484
6060,1808
6061,3488
6063,3086
6064,597
6065,919
6066,919
6069,3506
6071,3489
6072,3506
6073,3136
6074,2917
6075,2105
6076,3509
6077,2860
6078,3512
6079,3499
6080,1514
6081,3515
6084,3026
6087,3495
6088,186
6089,2105
6090,2105
6091,2917
6092,2917
6093,3527
6094,3411
6095,3525
6096,3527
6097,1456
6098,3509
6099,3509
6100,1191
6101,3411
6102,3527
6103,5
6104,3484
6106,1569
6107,3255
6108,3536
6109,1720
6110,3535
6111,3506
6112,704
6113,1261
6114,3527
6115,3533
6116,364
6117,3499
6118,919
6119,704
6120,3432
6121,227
6122,3432
6123,3432
6124,696
6126,3336
6128,3550
6129,3374
6130,3551
6131,3489
6132,3545
6133,131
6134,3551
6135,827
6136,827
6137,3551
6138,3555
6139,2965
6140,3432
6141,3557
6142,3525
6143,3525
6145,686
6146,3561
6147,3562
6150,3500
6151,3500
6152,8
6153,1422
6154,1261
6155,919
6156,3572
6157,2965
6158,919
6159,3262
6161,3570
6162,3576
6163,930
6164,2973
6165,3572
6166,3572
6167,686
6168,812
6169,3583
6170,87
6171,3584
6172,3584
6173,3535
6174,3585
6175,2965
6176,1422
6177,2536
6178,3586
6179,3586
6180,3584
6181,3038
6182,3572
6184,3551
6185,1422
6186,3592
6187,2198
6188,919
6190,3594
6191,3320
6192,3595
6193,3500
6194,3500
6195,307
6196,3301
6197,2973
6198,1934
6199,2993
6200,1808
6201,74
6202,3576
6203,3601
6204,2833
6205,919
6206,2645
6207,3320
6208,2645
6209,3604
6210,3552
6211,3467
6212,3602
6213,3606
6214,3552
6215,74
6216,3594
6217,3589
6218,3572
6219,6
6220,401
6221,3614
6222,3576
6223,2116
6224,3036
6225,3500
6226,3467
6227,3535
6228,704
6229,3617
6230,3443
6232,3104
6233,3615
6234,3588
6235,30
6236,3618
6237,3619
6238,919
6239,1347
6240,3528
6241,3552
6242,3432
6243,3576
6244,3567
6245,3604
6246,3604
6248,3624
6249,1422
6250,3382
6252,3625
6253,3626
6254,2485
6255,69
6256,3552
6257,2164
6258,3626
6259,3630
6260,3567
6261,3618
6262,3618
6263,1877
6265,3485
6266,3567
6267,3485
6268,3484
6270,3443
6271,3624
6272,812
6273,2917
6274,3589
6275,3485
6276,71
6277,3639
6278,290
6279,1351
6281,442
6282,3602
6283,1538
6285,3645
6286,3649
6288,3484
6289,1569
6290,1569
6291,3651
6292,3652
6294,919
6295,227
6296,98
6297,3652
6298,98
6299,3637
6300,3652
6301,3401
6302,1496
6303,2961
6304,2961
6305,3657
6307,3658
6308,2860
6309,3582
6310,2116
6311,3658
6312,569
6313,3652
6314,3432
6315,3626
6316,1144
6317,36
6318,919
6319,3489
6321,988
6322,3595
6323,3140
6324,3670
6325,1871
6326,3671
6327,1934
6328,3672
6329,3672
6330,3673
6332,3673
6333,2392
6334,3678
6335,317
6336,1220
6337,1220
6338,449
6339,3577
6340,3577
6341,1794
6342,3437
6343,3432
6345,3586
6346,1794
6347,8
6348,1106
6349,3682
6355,3683
6356,3689
6357,3182
6358,3567
6359,3681
6360,3681
6361,3681
6362,3567
6363,3567
6364,527
6365,3582
6367,3693
6368,3693
6369,3345
6370,3582
6371,3693
6372,3694
6373,2898
6374,3697
6375,3140
6376,37
6377,3696
6378,3698
6379,3094
6380,3699
6381,3582
6382,3693
6383,3376
6384,3699
6385,2914
6386,3151
6387,812
6388,3694
6389,812
6390,3582
6391,30
6392,3186
6393,2056
6394,601
6395,253
6396,3345
6397,3703
6398,2914
6399,3671
6400,3704
6401,3704
6402,3704
6403,3467
6404,3277
6405,3467
6406,3705
6407,2807
6408,2283
6409,2807
6410,3277
6411,3708
6412,3582
6413,1220
6414,1220
6415,3382
6416,3699
6417,1514
6418,3658
6421,3700
6422,66
6423,3712
6425,3699
6426,3721
6427,3722
6428,3722
6429,808
6430,3601
6431,3700
6432,74
6433,3700
6435,2806
6436,3712
6437,3699
6438,1893
6439,3713
6440,2645
6441,3604
6442,3489
6443,930
6444,3725
6445,59
6446,2997
6447,2645
6448,2116
6449,3732
6450,2645
6451,2116
6452,3735
6453,3721
6454,3382
6455,3735
6457,1893
6458,3376
6459,3727
6460,553
6461,1307
6462,1349
6463,3723
6465,3745
6466,5
6467,3712
6468,3744
6469,3747
6470,3749
6471,3748
6472,3732
6473,3732
6474,3748
6475,2814
6476,2997
6478,3754
6480,2814
6481,3582
6482,3705
6484,3757
6485,3757
6486,3722
6487,8
6488,3754
6489,3744
6490,3762
6492,3745
6494,3762
6496,3763
6497,3762
6498,338
6499,12
6500,3727
6501,5
6502,2912
6503,3369
6504,3748
6506,2658
6507,3681
6508,3748
6510,3489
6511,3774
6512,2044
6513,2645
6514,2696
6516,26
6518,3749
6519,3749
6520,3774
6521,29
6522,1531
6523,3784
6524,1531
6525,1531
6527,3786
6528,530
6530,3788
6531,3790
6532,3194
6534,3735
6535,3791
6536,3345
6537,3793
6539,3788
6540,3794
6541,3721
6542,686
6543,2833
6544,3796
6545,3735
6546,3491
6547,3491
6548,3491
6549,3795
6550,2658
6551,2658
6552,3799
6553,3749
6554,3151
6555,3167
6556,3788
6557,2958
6558,2956
6559,2814
6561,13
6562,3097
6563,3140
6564,3803
6565,3786
6566,3794
6567,3794
6568,3805
6570,3019
6571,3810
6572,3804
6573,1909
6574,3811
6576,3301
6577,3799
6578,3799
6579,3820
6580,2660
6581,2660
6582,2660
6583,3820
6584,2671
6585,3786
6586,2667
6588,3671
6590,3671
6591,3822
6592,3382
6593,2044
6594,3825
6595,3744
6596,449
6598,449
6599,3828
6600,2750
6601,3512
6602,2956
6603,3830
6605,3833
6607,3827
6608,3572
6609,3835
6610,1537
6611,3831
6612,1537
6613,3836
6614,2645
6615,2170
6616,1351
6617,1351
6618,3827
6619,179
6620,3827
6622,3842
6623,3844
6624,3845
6625,3843
6626,3827
6627,3270
6628,3852
6631,3843
6632,2958
6633,3382
6634,2392
6635,2040
6636,3270
6637,3843
6638,3491
6639,3823
6640,760
6641,3382
6642,3732
6643,3280
6644,3855
6645,3861
6646,3859
6647,3865
6648,697
6649,3270
6650,3866
6651,3866
6654,2750
6655,3874
6656,1403
6658,2820
6659,2820
6661,3877
6662,2860
6663,3882
6664,3870
6665,760
6666,3826
6667,3362
6668,1909
6669,3846
6670,3794
6671,3567
6672,3567
6673,3491
6675,2775
6678,3834
6679,3886
6680,3891
6681,88
6683,3891
6685,800
6686,3681
6687,196
6689,3870
6690,3883
6691,3898
6692,3861
6693,702
6694,3867
6695,3900
6697,2717
6698,2717
6699,3785
6700,3831
6701,3280
6702,3826
6703,3280
6704,2280
6706,3903
6707,3785
6708,3020
6709,3306
6710,3908
6711,3362
6712,3897
6713,3861
6714,3908
6715,2940
6716,3911
6717,3301
6718,3019
6719,3915
6720,3915
6721,2729
6723,919
6725,1146
6726,3919
6727,3306
6729,1709
6730,3382
6732,6
6733,6
6734,3911
6735,2020
6736,530
6737,3858
6738,3837
6739,3926
6740,3926
6741,3847
6743,3432
6744,2660
6745,3205
6746,3874
6747,3932
6748,3270
6749,3915
6750,3921
6751,3837
6752,3837
6753,3933
6754,3939
6755,3943
6756,3485
6757,3941
6758,2624
6759,2660
6760,3834
6761,3837
6762,3943
6766,3932
6767,3948
6769,3911
6771,3911
6772,1205
6773,3951
6774,800
6775,3953
6776,800
6778,3919
6779,3919
6780,422
6781,3932
6782,191
6783,1504
6784,1504
6785,2392
6787,3270
6788,3579
6790,3579
6791,3579
6792,3963
6793,3870
6794,3919
6796,1538
6797,3968
6798,2729
6799,862
6800,2660
6801,3421
6803,3964
6804,88
6805,3911
6807,704
6808,3421
6809,253
6810,2364
6811,3968
6812,726
6813,726
6814,3984
6815,3840
6817,3840
6818,3981
6819,3988
6820,1138
6821,3981
6822,1138
6823,3988
6824,1347
6827,3911
6828,3791
6829,3994
6830,22
6831,3984
6832,3984
6833,1764
6834,268
6835,1466
6836,3993
6837,2958
6838,3840
6839,1356
6840,3972
6841,3972
6842,3996
6843,2958
6844,3488
6845,3488
6847,4002
6848,2392
6849,3988
6850,3988
6851,4004
6852,4004
6854,4004
6855,1720
6856,4008
6857,4008
6859,4003
6860,3874
6861,4003
6863,4010
6864,4010
6865,4015
6866,4013
6867,4016
6868,159
6869,2192
6870,2192
6872,4020
6873,4011
6874,4022
6876,4025
6877,4027
6878,1762
6879,2192
6880,3748
6881,3911
6882,2719
6883,4028
6884,190
6885,1101
6886,24
6887,4029
6888,3834
6889,2660
6890,696
6891,3454
6892,696
6893,3856
6895,4037
6896,4039
6897,4038
6898,4040
6899,2227
6900,4041
6901,4038
6902,8
6903,4043
6904,4010
6906,4043
6907,3856
6908,4045
6910,4045
6911,3597
6912,1451
6913,4048
6914,4049
6915,3903
6916,3911
6917,4049
6918,2660
6919,26
6920,1381
6921,1036
6922,3382
6923,179
6924,4051
6925,4049
6926,4049
6928,4054
6932,4055
6933,3601
6934,3700
6935,82
6938,3805
6939,3454
6940,4048
6941,3454
6942,4013
6943,4059
6944,4055
6945,4055
6946,4060
6947,3345
6948,1977
6949,3713
6950,3713
6951,2830
6952,442
6954,4061
6955,4061
6956,3911
6957,4045
6958,279
6959,4011
6960,919
6961,139
6962,4051
6963,4065
6964,4062
6966,4048
6967,3592
6968,4062
6971,2830
6972,3911
6973,2473
6974,1050
6975,4068
6976,4068
6977,4011
6978,4068
6979,4070
6980,4071
6981,4071
6982,4072
6983,4011
6984,887
6985,3309
6986,2993
6987,4075
6988,6
6989,3342
6990,4043
6991,4078
6992,4078
6993,4078
6994,3186
6995,4008
6997,4079
6999,2392
7000,2885
7001,2885
7002,4062
7003,4027
7004,4027
7005,333
7006,3592
7007,3592
7008,1417
7009,13
7010,4004
7013,3900
7017,3897
7018,4079
7019,4088
7020,4088
7021,3859
7022,4089
7023,2986
7024,1522
7025,4091
7026,3903
7027,4092
7029,3111
7030,862
7031,400
7032,4095
7033,3896
7034,4079
7035,4096
7036,71
7037,930
7038,4098
7039,4099
7040,4095
7041,4095
7042,1106
7043,2020
7044,3911
7046,61
7047,4101
7048,39
7049,159
7050,4096
7051,1522
7052,38
7054,3597
7055,2116
7056,2970
7057,2025
7058,2970
7059,4101
7060,4101
7061,3484
7062,4102
7063,3981
7064,4095
7065,3597
7066,253
7067,2986
7068,4092
7069,919
7070,3597
7071,4110
7072,4110
7073,4112
7074,139
7075,4108
7076,4115
7077,582
7078,223
7079,4116
7080,1893
7081,4119
7082,333
7083,4120
7084,3111
7085,4119
7086,4120
7087,776
7088,4121
7089,3019
7090,2970
7091,1657
7092,4123
7093,4123
7095,4123
7096,4099
7097,4123
7098,4127
7099,2993
7101,1390
7102,559
7103,1569
7104,4132
7105,3489
7106,4133
7107,4128
7109,3186
7110,449
7111,2719
7112,1265
7113,2719
7115,251
7116,4137
7117,4138
7118,4127
7119,4137
7120,449
7122,530
7123,2956
7124,1146
7126,4140
7127,2986
7128,4141
7129,3770
7130,4144
7131,4145
7132,4148
7133,4147
7134,4147
7135,1158
7136,4134
7137,124
7138,4150
7139,2095
7140,4150
7141,4151
7142,4146
7143,3946
7144,1122
7145,4134
7146,4110
7147,4137
7148,3084
7149,4154
7150,2986
7151,2986
7152,1265
7153,4116
7154,3939
7155,3939
7156,3939
7157,4110
7158,4110
7159,4147
7160,4168
7161,4167
7162,2885
7163,4169
7164,4169
7165,4169
7166,4170
7167,4170
7168,4169
7169,4164
7171,4062
7172,1378
7173,4171
7174,3084
7175,2166
7176,1378
7177,3615
7178,394
7179,1265
7180,1108
7181,4176
7183,4146
7184,4141
7185,4169
7186,4141
7187,142
7189,1390
7190,1611
7191,4176
7192,4176
7193,3591
7194,3172
7195,4185
7196,4187
7197,1390
7198,4189
7199,4083
7200,4191
7201,4191
7202,4191
7203,1269
7204,1191
7205,4193
7206,4139
7207,3597
7208,4192
7210,4200
7211,778
7212,4203
7213,215
7214,1490
7215,1490
7219,4176
7220,4208
7221,930
7222,800
7223,1106
7224,2325
7225,2434
7226,4211
7227,4209
7228,4210
7229,4110
7230,3556
7231,4212
7232,1893
7233,1106
7234,4210
7235,3713
7236,4213
7237,4111
7239,4198
7240,4203
7241,770
7242,4204
7243,4204
7244,4221
7245,4221
7246,2830
7247,3897
7248,4223
7249,4223
7250,3582
7251,4226
7252,264
7254,4141
7255,4141
7256,1158
7257,1158
7258,930
7259,930
7260,4230
7261,4229
7262,4147
7263,2970
7264,199
7265,2970
7266,3265
7267,930
7268,4233
7269,2392
7271,4235
7272,4218
7273,4237
7274,4240
7275,930
7276,930
7277,4241
7278,4238
7279,4139
7280,4139
7281,4139
7282,4245
7284,3874
7285,4233
7286,4233
7287,3874
7290,4241
7291,4228
7292,4251
7293,1036
7294,595
7298,4253
7300,1564
7301,3737
7302,3737
7303,2091
7304,4237
7305,2849
7306,3760
7307,1106
7308,3760
7309,4266
7310,266
7311,4268
7312,4268
7314,4251
7315,4271
7316,4251
7317,4251
7318,4272
7319,4230
7320,3891
7321,4274
7322,3019
7323,4260
7325,4237
7326,4257
7328,4260
7329,1124
7330,3019
7331,4278
7332,3577
7334,4048
7335,4283
7336,2721
7337,1977
7338,3986
7339,4258
7340,3595
7341,3595
7344,4289
7345,4290
7346,4235
7347,4293
7348,4291
7349,183
7350,4294
7351,1977
7352,2775
7353,3903
7354,2072
7355,3074
7356,501
7357,4292
7358,4204
7359,4297
7360,4238
7362,4281
7363,3903
7364,4300
7365,2025
7366,2025
7367,4301
7368,3074
7369,2495
7370,4043
7371,4048
7372,4304
7373,4203
7374,4301
7375,4306
7376,3911
7377,4307
7378,7
7380,4310
7381,4309
7382,4305
7383,4312
7384,4286
7385,4290
7386,4290
7387,1313
7388,3597
7389,4306
7390,4313
7391,4306
7392,4307
7393,4313
7394,4313
7395,4313
7396,4320
7397,4322
7398,4312
7399,4324
7400,4326
7401,4319
7402,2091
7403,930
7405,919
7406,2669
7407,4327
7408,4325
7409,4329
7411,4332
7412,2043
7413,4331
7414,88
7415,4335
7416,3911
7417,3579
7418,4319
7419,4313
7420,4258
7421,4310
7422,183
7423,4338
7424,3847
7425,4331
7426,4331
7427,4341
7428,2339
7429,4346
7430,4346
7431,4345
7432,2043
7433,4347
7434,3542
7435,4349
7436,4320
7437,4351
7438,420
7439,302
7440,4353
7441,4342
7442,386
7443,4352
7444,4342
7445,4356
7446,4263
7447,4337
7448,4164
7449,4359
7450,4361
7451,4362
7452,1856
7453,2721
7454,2721
7455,4361
7456,501
7457,4370
7458,3897
7459,4337
7460,4372
7461,4374
7462,4370
7463,4361
7464,2067
7465,3911
7466,144
7467,4379
7468,319
7469,4383
7470,4382
7472,2116
7473,38
7474,3883
7475,4382
7476,4386
7477,4359
7478,3883
7480,264
7482,4394
7483,4384
7484,4385
7485,4379
7486,4380
7487,4386
7488,183
7489,4397
7490,71
7491,2965
7492,4400
7493,4400
7494,4400
7495,4399
7496,4240
7497,2633
7498,4401
7500,1893
7501,4403
7502,933
7503,4403
7505,159
7506,4406
7507,4376
7508,3856
7509,3896
7510,4411
7511,3994
7512,1549
7513,4412
7514,4403
7515,4401
7516,4401
7517,4301
7518,4401
7519,527
7520,4413
7521,4413
7522,4278
7523,4402
7524,4416
7525,4422
7526,4423
7527,4420
7528,4426
7529,520
7530,4425
7531,1138
7532,159
7533,3874
7534,4422
7535,3577
7536,4360
7537,4422
7538,4360
7539,933
7540,1569
7541,4360
7542,4431
7543,4426
7544,4257
7545,4433
7546,4432
7547,3567
7548,4433
7549,4432
7550,4416
7551,4429
7552,4374
7553,1344
7555,4431
7556,4438
7558,4048
7559,4426
7560,5
7561,4291
7562,210
7563,4403
7564,4432
7565,3637
7566,4376
7567,3699
7568,4329
7569,4440
7570,3794
7571,4429
7572,4445
7573,2425
7574,527
7575,887
7576,3567
7577,4446
7578,3167
7579,4337
7580,2310
7581,1118
7582,2544
7583,4376
7584,3052
7585,4453
7586,4340
7587,4454
7588,4446
7589,4325
7590,739
7591,4456
7592,4456
7593,4456
7594,4457
7595,4458
7596,795
7597,4253
7598,276
7599,2970
7600,4453
7601,4455
7602,4290
7603,739
7604,4456
7605,1158
7606,4446
7607,4462
7608,4461
7609,1496
7610,4459
7611,4443
7612,4468
7613,1657
7614,4350
7615,4350
7616,3561
7617,1458
7618,285
7619,2839
7620,2742
7621,4456
7622,4472
7623,327
7624,4468
7625,4468
7626,4473
7628,4443
7629,4474
7630,1106
7631,4476
7632,4477
7633,4477
7634,13
7635,3561
7636,3561
7637,4475
7638,4478
7639,4479
7640,4479
7641,3187
7642,4481
7643,2166
7644,62
7645,2260
7646,914
7647,230
7648,2260
7649,616
7650,5
7651,2817
7652,74
7653,442
7654,2817
7655,88
7656,88
7657,74
7658,4470
7659,4484
7660,4486
7661,179
7662,3830
7663,1876
7664,4490
7665,4286
7666,4483
7667,3874
7668,4491
7669,914
7670,914
7672,4402
7673,4402
7674,565
7676,3874
7677,565
7678,3561
7679,4479
7680,1381
7681,159
7682,439
7683,261
7684,4495
7685,3058
7686,930
7687,2665
7688,230
7689,3301
7690,765
7691,114
7692,4413
7693,3953
7694,3198
7695,3198
7696,4337
7697,2116
7698,4496
7699,8
7700,1871
7701,4498
7702,2426
7703,3058
7704,4498
7705,3835
7706,1032
7707,4383
7708,4383
7709,3058
7710,4286
7711,4370
7712,26
7713,1909
7714,4499
7715,4496
7716,3753
7717,4503
7718,4062
7719,4504
7720,4506
7721,3310
7722,4508
7723,3310
7724,4510
7725,3052
7726,795
7727,4506
7728,4506
7729,1321
7730,3835
7731,3835
7732,4504
7733,13
7734,4511
7735,2970
7736,3305
7737,98
7738,98
7739,223
7740,2645
7741,696
7742,1150
7743,919
7744,2817
7745,4512
7746,2076
7747,4505
7748,4508
7749,914
7750,4513
7751,4515
7752,4515
7753,480
7754,4253
7755,1065
7756,565
7757,3748
7758,4519
7759,25
7760,4513
7761,4521
7762,364
7763,4497
7764,4522
7765,4524
7766,4481
7767,71
7768,4521
7769,4521
7770,3198
7771,4530
7773,3748
7774,4527
7777,4358
7778,4518
7779,4528
7780,4499
7781,1065
7782,4499
7783,4499
7784,3058
7785,4531
7787,4531
7788,4505
7789,4532
7790,4290
7791,4533
7792,4506
7793,4505
7794,2645
7795,4520
7796,4534
7797,4530
7798,4539
7799,230
7800,4538
7801,4540
7802,4479
7803,4210
7804,198
7805,4479
7806,196
7807,74
7808,2426
7809,2426
7810,4543
7811,4542
7812,2958
7813,4544
7814,4544
7815,4340
7816,4547
7817,4544
7818,2425
7819,4548
7820,3667
7821,2252
7822,4552
7823,3058
7824,3595
7825,4554
7826,4253
7827,4470
7828,4560
7829,4561
7830,4559
7831,4513
7832,4555
7833,410
7834,4563
7835,4531
7836,4564
7837,4427
7838,4565
7839,4531
7840,4402
7841,4552
7842,2252
7843,4568
7845,4569
7846,4570
7847,4569
7849,4496
7850,4567
7851,4281
7852,3946
7853,1913
7855,4547
7856,4513
7857,4559
7858,438
7859,1876
7860,830
7861,4572
7862,4573
7863,4576
7864,4576
7865,4579
7866,4575
7867,4578
7868,4370
7869,175
7870,3541
7871,4584
7872,4319
7873,1991
7874,5
7875,3541
7876,493
7877,4587
7878,223
7879,4497
7880,4576
7881,2775
7882,3541
7883,253
7884,4575
7885,4569
7886,621
7887,3541
7888,4586
7889,3896
7890,4581
7891,3541
7892,4208
7893,4376
7894,493
7895,565
7896,3874
7897,1763
7898,4594
7899,4596
7900,2669
7901,2116
7902,4531
7903,4579
7904,495
7905,4600
7906,4531
7907,3896
7908,4376
7909,4598
7910,4602
7911,4603
7912,447
7913,781
7914,4554
7915,4605
7916,3803
7917,4607
7918,4608
7919,4608
7920,2456
7921,4281
7922,4576
7923,4610
7924,778
7925,4581
7926,3310
7927,919
7928,565
7929,4615
7930,827
7931,183
7932,4554
7933,1036
7934,4620
7935,4617
7936,565
7937,4269
7938,4622
7939,565
7940,3591
7941,4370
7942,4623
7943,132
7944,4617
7945,4608
7946,919
7947,4606
7948,845
7949,4627
7950,4627
7951,4579
7952,3773
7953,230
7954,2116
7955,3773
7956,1124
7957,307
7958,845
7959,3343
7960,4631
7961,4632
7962,4632
7963,4631
7965,333
7966,3362
7967,4376
7968,4634
7969,4631
7970,4629
7971,4257
7972,4257
7973,4607
7974,4607
7975,2970
7976,2970
7977,4636
7978,174
7979,4637
7980,4638
7981,1266
7982,2280
7983,2280
7984,845
7985,3773
7986,183
7987,1808
7988,565
7989,4629
7990,4446
7991,4638
7992,4642
7993,4350
7994,4319
7995,4329
7996,4559
7997,4638
7998,4643
7999,4623
8000,4257
8001,4329
8002,914
8003,2970
8004,2970
8005,4269
8006,26
8007,4644
8008,4376
8009,4257
8010,4629
8012,2116
8013,4648
8014,3601
8015,4416
8016,4643
8017,4643
8018,4654
8019,1945
8020,4281
8021,4655
8022,4657
8023,4657
8024,529
8025,4496
8026,319
8027,2887
8028,4663
8029,3248
8030,4665
8031,57
8032,4329
8034,4253
8035,4665
8036,4642
8037,4257
8038,3248
8039,3248
8040,557
8041,1397
8042,4670
8043,4670
8044,3539
8045,4647
8046,4647
8047,4647
8048,588
8049,4677
8050,4677
8052,4673
8053,3248
8054,1699
8055,159
8056,2817
8058,4683
8059,1945
8060,4684
8061,650
8062,4683
8063,3835
8064,4686
8065,4685
8066,4686
8067,4689
8068,4001
8069,4001
8070,1763
8071,4675
8072,4691
8073,871
8074,4692
8075,352
8076,4625
8077,307
8078,4691
8079,4693
8080,4638
8081,2645
8082,4693
8083,2252
8084,2252
8085,3140
8086,4673
8087,4697
8088,4257
8089,1699
8090,4238
8091,3467
8092,3019
8093,3036
8094,3681
8095,4699
8096,3036
8097,3036
8098,4699
8100,485
8101,485
8102,4238
8103,449
8104,3748
8105,4701
8106,3552
8107,8
8108,333
8109,4655
8110,3426
8111,887
8112,4702
8113,4263
8114,3835
8115,1080
8116,1663
8117,4703
8118,4704
8119,4496
8121,4195
8122,4195
8123,4195
8124,4617
8125,609
8126,4705
8127,198
8128,609
8129,4705
8130,4705
8131,4706
8132,4707
8133,3629
8134,4701
8135,4710
8136,4711
8137,1118
8138,4706
8139,1909
8140,656
8141,1977
8142,3248
8143,1909
8144,4711
8145,4713
8146,4716
8147,183
8148,4717
8149,4677
8150,307
8151,307
8152,4685
8153,4717
8154,4717
8156,2775
8157,4116
8158,4544
8159,4544
8160,4720
8162,2902
8163,4718
8164,4722
8165,4724
8166,2833
8167,4728
8168,4685
8169,4734
8170,4736
8171,2929
8172,4731
8173,196
8174,159
8175,4738
8176,4738
8177,4733
8178,4645
8179,2929
8180,2929
8181,139
8182,4739
8183,4498
8184,1977
8185,4741
8186,4740
8187,4739
8188,4741
8189,4742
8190,4213
8191,4747
8192,4739
8194,656
8195,4739
8196,3094
8197,4740
8198,4238
8199,4756
8200,3052
8201,4755
8202,4240
8203,4754
8204,4758
8205,4445
8206,230
8207,4760
8208,4761
8209,1005
8210,4762
8211,1512
8212,4733
8213,4754
8214,4754
8215,4766
8216,656
8217,4329
8218,4329
8219,1543
8220,4635
8221,4770
8222,4505
8223,4755
8224,2849
8225,4376
8226,1763
8227,4772
8228,4738
8229,919
8230,4679
8231,4680
8232,4774
8233,4767
8234,4775
8235,4778
8236,307
8237,4763
8238,307
8239,5
8240,127
8241,223
8242,4781
8243,4780
8244,4770
8245,103
8246,4780
8247,4176
8248,930
8249,4780
8250,80
8251,4754
8252,4785
8254,4679
8255,1614
8256,4789
8257,3440
8258,4791
8259,2669
8260,4788
8261,4788
8262,2456
8263,1445
8264,4792
8265,4401
8266,4360
8267,4581
8268,4795
8269,3801
8270,3801
8271,3031
8272,4799
8273,4278
8274,213
8275,4798
8276,1512
8277,4802
8278,996
8279,4804
8280,2280
8281,4806
8282,4805
8283,196
8284,4788
8285,4788
8286,4806
8287,3094
8288,3094
8290,307
8291,4753
8292,4813
8293,4813
8294,3774
8295,4808
8296,919
8297,4814
8298,4814
8299,2505
8300,609
8301,159
8302,4781
8303,4818
8304,4819
8305,61
8306,4820
8307,2343
8308,4822
8309,4823
8310,4820
8311,4820
8312,4824
8313,4829
8314,1163
8315,1163
8316,89
8317,4819
8318,4832
8319,4832
8320,1163
8321,4833
8322,1763
8323,4834
8324,3835
8325,4581
8326,4505
8327,4802
8328,656
8329,307
8330,4257
8331,4829
8332,4829
8333,4837
8334,2343
8335,930
8336,569
8337,99
8338,4840
8339,4840
8340,29
8341,4842
8342,4505
8343,2958
8344,4845
8345,4847
8346,4847
8347,4848
8348,4269
8349,4269
8350,4849
8351,4802
8352,2958
8353,410
8354,3700
8355,795
8356,4853
8357,1934
8358,1934
8359,4329
8360,159
8361,1979
8362,3601
8363,4855
8364,2144
8365,2144
8366,2885
8367,4857
8368,4856
8369,4856
8370,4860
8371,4856
8372,3248
8373,4855
8374,4857
8375,3619
8376,4861
8377,2116
8378,4496
8379,4863
8380,4865
8381,4865
8383,4862
8384,4869
8385,4869
8386,4862
8387,4705
8388,3727
8389,3727
8390,1999
8391,4872
8392,4872
8393,4872
8394,2669
8395,919
8396,4875
8397,557
8398,4872
8399,4857
8400,4876
8401,2767
8402,4868
8403,4881
8404,4880
8405,4881
8406,2795
8407,4770
8408,4883
8409,4885
8410,4770
8411,26
8412,4886
8413,59
8414,4806
8415,4887
8416,4883
8417,197
8418,4887
8419,4624
8420,4888
8421,4879
8422,4892
8423,3647
8424,4883
8425,4883
8426,3232
8427,253
8428,3248
8429,4895
8430,4895
8431,4512
8432,930
8433,4896
8434,410
8435,4800
8436,4897
8437,795
8438,4899
8439,3248
8440,4893
8441,4901
8442,4900
8443,22
8444,4903
8445,4904
8446,4906
8447,4908
8448,1163
8449,4910
8450,4864
8451,4912
8452,88
8453,4895
8454,4900
8455,139
8456,2800
8457,3094
8458,4270
8459,427
8460,4917
8461,1393
8462,4693
8463,4922
8464,4919
8465,4908
8466,199
8467,4923
8468,4496
8469,3805
8470,919
8471,4895
8472,3094
8473,74
8474,4915
8475,4925
8476,4925
8477,2952
8478,4912
8479,3854
8480,4927
8481,164
8482,4487
8483,4889
8484,4928
8485,808
8486,4257
8487,3762
8488,4917
8489,4933
8490,2973
8491,4936
8492,427
8493,485
8494,4937
8495,4936
8496,389
8497,4733
8498,862
8499,4373
8500,90
8501,4936
8502,1670
8503,174
8504,4373
8505,4373
8506,1670
8507,930
8508,1789
8509,4895
8510,4940
8511,573
8512,4895
8513,4862
8514,196
8515,930
8516,4944
8517,66
8518,4947
8519,4942
8520,4951
8521,4953
8522,4877
8523,183
8524,183
8525,4034
8526,266
8527,4955
8528,4955
8529,4942
8530,4942
8531,4942
8532,4942
8533,4942
8534,3903
8535,2965
8536,4804
8537,88
8538,3334
8539,4048
8540,68
8541,4963
8542,4933
8543,4964
8544,3334
8545,4373
8546,4953
8547,4802
8548,4898
8549,4898
8550,4955
8551,4966
8552,4966
8553,4925
8554,4970
8555,4968
8556,174
8557,4974
8558,4054
8559,919
8560,4975
8561,4969
8562,919
8563,4898
8564,3052
8565,4820
8566,4980
8567,4980
8568,4982
8569,4325
8570,4784
8571,4498
8572,4325
8573,4983
8574,4980
8575,4968
8576,930
8577,4862
8578,4895
8579,4895
8580,4620
8581,4986
8582,26
8583,4986
8584,4988
8585,4966
8586,3052
8587,4988
8588,1614
8589,4988
8590,4989
8591,1808
8592,4993
8593,4992
8597,4496
8598,75
8599,4290
8600,3488
8601,3601
8602,1364
8604,1517
8605,2456
8606,5000
8607,4862
8608,5003
8609,4367
8610,5003
8611,4862
8612,4862
8613,5007
8614,83
8615,3691
8616,4983
8617,4983
8618,4618
8619,930
8620,253
8621,5010
8622,5011
8623,4955
8624,74
8625,2902
8626,684
8627,3691
8628,5018
8629,5020
8630,5007
8631,5019
8632,5019
8633,4812
8634,4812
8635,4812
8636,3454
8637,5024
8638,5023
8639,5025
8640,5023
8641,4930
8642,5025
8643,5025
8644,5025
8645,5025
8646,5027
8647,5032
8648,5034
8649,666
8650,5037
8651,919
8652,919
8653,961
8654,5038
8655,3725
8656,3725
8657,2068
8658,5030
8659,5026
8660,4637
8661,4498
8662,3002
8663,5039
8664,5028
8665,5040
8666,5028
8667,485
8668,5025
8669,5025
8670,5041
8671,5044
8672,5046
8673,909
8674,5044
8675,82
8676,5045
8677,4856
8678,4505
8679,603
8680,2800
8681,4770
8682,5049
8683,5050
8684,5054
8685,5055
8686,5055
8687,4110
8688,22
8689,210
8690,1390
8691,5060
8692,5058
8693,22
8694,5058
8695,5062
8696,5060
8697,5061
8698,5064
8699,5065
8700,2073
8701,1050
8702,5057
8703,5073
8704,4925
8705,5003
8706,5003
8707,1191
8708,4856
8709,5034
8710,4220
8711,5075
8712,5077
8713,5057
8714,4564
8715,3921
8716,2044
8717,2044
8718,3028
8719,3454
8720,5080
8722,5082
8723,364
8724,5025
8725,5003
8726,3929
8727,5084
8728,5085
8729,5023
8730,4048
8731,4505
8732,1389
8733,82
8734,5081
8735,5085
8736,5088
8737,5085
8738,5
8739,5082
8740,4290
8741,5003
8742,3929
8743,1762
8744,4317
8745,5058
8746,2072
8747,557
8748,5090
8749,4373
8750,5092
8751,5093
8752,5080
8753,5080
8754,4864
8755,5094
8756,5095
8757,82
8758,339
8759,3140
8760,5091
8761,5099
8762,3998
8763,5020
8764,5101
8765,1320
8766,5014
8767,3929
8768,3929
8769,5102
8770,5095
8771,5103
8772,5090
8773,4267
8774,1291
8775,1117
8776,5105
8777,5050
8778,5106
8779,5105
8780,266
8781,1893
8782,667
8783,4524
8784,4524
8785,4864
8786,266
8787,5114
8788,4319
8789,4319
8790,2166
8791,5112
8792,4754
8794,3847
8795,930
8796,5117
8797,4764
8798,3454
8799,4942
8800,5119
8801,5120
8802,4764
8803,4764
8804,5121
8805,1290
8806,2644
8807,5061
8808,2116
8809,3443
8810,74
8811,183
8812,2072
8813,5061
8814,5122
8815,5061
8816,5061
8817,559
8818,2485
8819,5114
8820,5114
8823,5125
8824,118
8825,5126
8826,118
8827,3874
8828,5133
8829,5130
8830,781
8831,523
8832,781
8833,439
8834,439
8835,1291
8836,5121
8837,5121
8838,3058
8839,4505
8840,5133
8841,5137
8842,919
8844,4670
8845,5140
8846,5137
8847,887
8848,5141
8849,5141
8850,5141
8851,5141
8852,5141
8853,5141
8854,4670
8856,5148
8857,5150
8858,919
8859,919
8860,5152
8861,3454
8862,1499
8863,887
8864,5014
8865,82
8866,5163
8867,5161
8868,5111
8869,5165
8870,5164
8871,4856
8872,5150
8873,2810
8874,5091
8875,5091
8876,3794
8877,5171
8878,5160
8879,5168
8880,5168
8881,2310
8882,5174
8884,114
8885,634
8886,5
8887,4376
8888,3277
8889,4777
8890,5177
8891,287
8892,2044
8893,4373
8894,4864
8896,5126
8897,5149
8898,5180
8899,5172
8900,4253
8901,5158
8902,5186
8903,1939
8904,4716
8905,5179
8906,4229
8907,1641
8908,5187
8909,5189
8910,5189
8911,5191
8912,3577
8913,5192
8914,183
8915,5195
8916,3577
8917,5193
8918,5194
8919,5196
8920,4812
8921,5193
8922,4812
8923,1121
8924,4812
8925,5193
8926,5191
8927,3454
8928,5199
8929,5205
8930,2043
8931,5207
8932,5207
8933,5192
8934,919
8935,5172
8936,686
8937,5206
8938,5196
8939,1939
8940,5210
8941,5211
8942,5213
8943,5213
8944,5212
8945,3052
8946,5217
8947,5194
8948,3601
8949,4229
8950,4991
8951,476
8952,5195
8953,455
8954,3572
8955,74
8957,4002
8958,5205
8959,5215
8960,5221
8961,319
8962,5218
8963,5221
8964,26
8965,5221
8966,5223
8967,5223
8968,1499
8969,5212
8970,5226
8971,175
8972,4002
8973,5172
8974,5229
8976,4797
8977,4485
8978,4514
8979,559
8980,4485
8981,4809
8982,5172
8983,4514
8984,5233
8985,5235
8986,3934
8987,1970
8988,1970
8989,4257
8990,4257
8991,2849
8992,5226
8993,5226
8994,5172
8995,3651
8996,23
8997,3591
8998,4514
8999,4002
9000,5210
9001,5179
9002,1777
9003,5244
9004,5244
9005,5179
9006,5020
9007,5247
9008,3651
9009,5242
9010,3651
9011,5240
9012,1499
9013,5248
9014,5248
9015,3651
9016,5245
9017,4505
9018,1970
9019,5244
9020,5252
9023,3033
9024,5221
9025,4668
9026,3651
9027,5259
9028,887
9029,5258
9030,5259
9031,5240
9032,5240
9033,3089
9034,5258
9035,5265
9036,5266
9037,5267
9038,3760
9039,5259
9040,5259
9041,183
9042,4591
9043,5271
9044,3089
9045,4591
9046,5267
9047,4591
9048,5271
9049,3915
9050,986
9051,5279
9052,5280
9053,5280
9054,5252
9055,5244
9056,4342
9057,5193
9058,4398
9059,3670
9060,5286
9061,4714
9062,5281
9063,5187
9064,449
9065,4754
9066,5279
9067,4714
9068,5288
9069,2975
9070,5279
9071,5281
9072,3277
9073,5289
9074,5289
9075,5244
9076,5179
9077,5210
9079,4996
9080,5288
9082,5289
9083,5275
9084,2916
9085,5291
9086,5212
9087,2973
9088,5294
9089,5297
9090,4714
9092,5288
9094,5244
9095,2817
9096,5300
9097,5300
9098,5280
9099,183
9101,5304
9102,5280
9103,5280
9104,5280
9105,5306
9106,5280
9107,5268
9108,3331
9109,3331
9110,3331
9111,5308
9112,5268
9113,2392
9114,5308
9115,749
9116,266
9117,521
9118,5300
9119,5257
9120,3310
9121,159
9122,919
9123,930
9124,183
9125,253
9127,930
9128,5311
9129,5095
9130,5187
9131,919
9132,5313
9133,5029
9134,5315
9135,104
9136,634
9137,3982
9138,1048
9139,2025
9140,5268
9142,4505
9143,5020
9144,4317
9145,4317
9146,5318
9147,5318
9148,5320
9149,601
9150,555
9151,3982
9152,2040
9153,5179
9154,686
9155,4226
9156,5317
9157,5321
9158,5317
9159,5218
9160,521
9161,1048
9163,5321
9164,8
9165,88
9166,159
9167,449
9168,919
9169,930
9170,5137
9171,5327
9172,5325
9173,5330
9174,5330
9175,5331
9176,5321
9177,5327
9178,5331
9179,5331
9180,5335
9181,5335
9182,82
9183,5325
9184,5325
9185,5336
9186,2849
9188,2192
9189,5336
9190,5289
9191,5289
9192,5042
9193,561
9194,4593
9195,5338
9196,5066
9197,511
9198,5301
9199,88
9200,2199
9201,5336
9202,5336
9203,5342
9204,5317
9205,5341
9206,4650
9207,5345
9208,5343
9209,5346
9210,4650
9211,5344
9212,588
9213,5288
9214,5271
9215,2645
9216,5346
9218,4742
9219,4742
9220,5343
9221,3762
9222,5341
9223,5346
9224,2150
9225,5172
9226,5349
9227,5351
9228,5351
9229,4278
9230,5352
9231,5352
9232,5354
9233,5351
9234,5354
9235,5355
9236,3019
9237,4262
9238,2652
9239,5129
9240,4559
9241,5228
9242,5358
9243,5048
9244,5354
9245,5359
9246,5359
9247,5361
9248,5351
9249,5362
9250,5362
9251,3637
9252,4226
9253,5364
9254,5359
9255,252
9256,4764
9257,2251
9258,5366
9259,5366
9260,4837
9261,1247
9262,5355
9263,5355
9264,5367
9265,5366
9266,5129
9267,5129
9268,4337
9269,4881
9270,4764
9271,1247
9272,5371
9273,5371
9274,5374
9275,5372
9276,74
9277,2343
9278,5378
9279,1700
9280,3454
9281,2199
9282,529
9283,4769
9284,4128
9285,4128
9286,5383
9287,3586
9288,4769
9289,5385
9290,5382
9291,5383
9292,5365
9293,5380
9294,5383
9295,1475
9296,1818
9297,1818
9298,4829
9299,5388
9300,5307
9301,4829
9302,4767
9303,5378
9304,5378
9305,4797
9306,1378
9307,5390
9308,3382
9309,5392
9311,3277
9312,5365
9313,2848
9314,5393
9315,2848
9316,5394
9317,1247
9318,4147
9319,5390
9320,54
9321,5396
9322,5397
9323,919
9324,4856
9325,3567
9326,5010
9327,5398
9328,5010
9329,5401
9330,5402
9331,3760
9332,5378
9333,5405
9334,5407
9335,5406
9336,2451
9337,5412
9338,2451
9339,5414
9340,5413
9341,5413
9342,5413
9343,5382
9344,5413
9345,5392
9346,3748
9347,5415
9348,5418
9349,5419
9350,4160
9351,3830
9352,3830
9353,5411
9354,5404
9355,4143
9356,5240
9357,5420
9358,1937
9359,5404
9360,5423
9361,5423
9362,5392
9363,4679
9364,4496
9365,5114
9366,5412
9367,5427
9368,5391
9369,5391
9370,5433
9371,5424
9372,5405
9373,4881
9374,812
9375,1831
9376,5439
9377,2958
9378,5438
9379,4160
9380,5441
9381,5442
9382,5447
9383,5240
9384,5447
9385,5447
9386,5445
9387,5447
9388,3763
9389,5398
9390,5382
9391,5447
9392,5453
9393,5454
9394,1831
9395,1831
9396,88
9397,3285
9398,5335
9399,5456
9400,2622
9401,159
9403,795
9404,5456
9405,5456
9406,5020
9407,1818
9408,5459
9409,5459
9410,3678
9411,5460
9412,5462
9413,5461
9414,5416
9415,5463
9416,2038
9417,5464
9418,5463
9419,264
9420,2405
9421,5462
9422,5462
9423,2772
9424,5234
9425,5234
9426,5012
9427,3277
9428,364
9429,5012
9430,364
9431,5416
9432,5468
9433,2751
9434,2546
9435,5459
9436,2392
9437,5012
9439,5472
9440,5471
9441,2392
9442,5474
9443,5473
9444,557
9445,5012
9446,5392
9447,5477
9448,5473
9449,5
9450,6
9451,7
9452,8
9453,13
9454,22
9455,23
9456,25
9457,26
9458,29
9459,30
9460,36
9461,39
9462,41
9463,52
9464,54
9465,55
9466,56
9467,59
9468,61
9469,62
9470,66
9471,68
9472,69
9473,71
9474,72
9475,74
9476,75
9477,81
9478,82
9479,83
9480,87
9481,88
9482,89
9483,90
9484,98
9485,108
9486,110
9487,114
9488,127
9489,138
9490,139
9491,144
9492,159
9493,163
9494,1356
9495,3678
9496,3678
9497,4160
9498,4856
9499,1950
9500,776
9501,5464
9502,5416
9503,5317
9504,59
9505,5477
9506,4966
9507,5473
9508,5487
9509,5429
9511,5487
9512,5225
9513,5020
9514,5471
9515,5471
9516,170
9517,172
9518,173
9519,174
9520,179
9521,183
9522,187
9523,190
9524,191
9525,196
9526,198
9527,199
9528,210
9529,211
9530,214
9531,215
9532,217
9533,223
9534,226
9535,229
9536,230
9538,240
9539,247
9540,5491
9541,4856
9542,5479
9543,4856
9544,1658
9545,4856
9546,5494
9547,5496
9548,5496
9549,919
9550,5495
9551,2251
9552,5493
9553,1549
9554,5497
9555,3262
9556,1356
9557,5487
9558,5501
9559,5500
9560,251
9561,252
9562,253
9563,260
9564,261
9565,5501
9566,5495
9567,5495
9568,3270
9569,5500
9570,3019
9571,5497
9572,5505
9573,5392
9574,1106
9575,5507
9576,5405
9577,5471
9578,5510
9579,3567
9580,5500
9581,4856
9582,4160
9583,4764
9584,1913
9585,3543
9586,5511
9587,3961
9588,3961
9589,5392
9590,1201
9591,4376
9593,264
9594,266
9595,270
9596,5392
9597,219
9598,5494
9599,5471
9600,5464
9601,5518
9602,5429
9603,977
9604,3779
9605,5433
9606,5474
9607,5519
9609,1347
9610,1595
9611,1683
9612,3915
9613,5521
9614,5206
9615,5206
9616,4872
9617,2451
9618,2451
9619,3961
9620,4925
9621,18
9622,5525
9623,5525
9624,5524
9625,2669
9627,5522
9628,5526
9629,4226
9630,4598
9631,4581
9632,5275
9635,3277
9636,5529
9637,5529
9638,5527
9639,5523
9641,2451
9642,5509
9643,5505
9644,5234
9645,1033
9646,5532
9647,919
9648,919
9651,5523
9652,5519
9653,5519
9655,3703
9656,5509
9657,4925
9658,5392
9659,5144
9660,2116
9661,2116
9662,5538
9663,1106
9664,1007
9665,4226
9666,82
9667,5537
9668,5543
9669,1683
9670,5511
9671,4763
9672,4278
9673,5548
9674,3421
9675,5546
9676,5549
9677,5549
9678,5549
9679,1896
9680,5545
9681,5548
9682,5339
9683,2546
9684,5513
9685,851
9686,4376
9687,603
9688,5513
9689,334
9690,334
9691,5558
9692,5559
9694,5558
9695,279
9696,287
9697,291
9698,300
9699,302
9700,307
9701,315
9702,319
9703,333
9704,334
9705,339
9706,352
9707,364
9708,3979
9709,17
9710,5563
9711,5564
9712,5234
9713,1291
9714,2149
9715,5234
9716,5564
9717,5549
9718,5549
9719,2704
9720,1191
9721,5373
9722,5567
9723,2091
9724,1518
9725,5234
9726,3250
9727,4598
9728,5346
9729,5570
9731,5510
9732,2392
9733,5555
9734,5571
9735,26
9736,375
9737,386
9738,401
9739,419
9740,438
9741,439
9742,442
9743,447
9744,449
9745,485
9746,493
9747,495
9748,506
9749,511
9750,5288
9751,5573
9752,442
9753,5549
9754,5564
9755,5574
9756,5576
9757,5573
9758,1549
9759,5576
9760,5577
9761,5575
9762,3805
9763,795
9764,5582
9765,183
9766,1056
9767,1108
9768,5234
9769,5494
9770,5578
9771,2798
9772,1056
9773,5055
9774,5587
9775,183
9776,521
9777,530
9778,549
9779,557
9780,559
9781,561
9782,601
9783,107
9784,3919
9785,5573
9786,4368
9787,5584
9788,5234
9789,930
9790,5591
9791,183
9792,5588
9793,5256
9794,5544
9795,5588
9796,5564
9797,3979
9798,5582
9799,5383
9800,686
9801,930
9802,5544
9803,5592
9804,4829
9805,5595
9806,307
9807,582
9808,588
9809,601
9810,603
9811,609
9812,614
9813,5539
9814,5592
9815,930
9817,5605
9818,5609
9819,5609
9820,5539
9821,5288
9822,5582
9823,5544
9824,5582
9825,5614
9826,2853
9827,5544
9828,1381
9829,5174
9830,3301
9831,5607
9832,5612
9833,5405
9834,5615
9835,445
9836,5617
9837,5618
9838,5617
9839,5539
9840,2540
9841,1670
9842,5618
9844,5624
9845,386
9846,5625
9847,2807
9848,5630
9849,5539
9850,5626
9851,5628
9852,1019
9853,5631
9854,1019
9855,5632
9856,2970
9857,179
9858,449
9859,5633
9860,179
9861,1019
9862,5631
9863,5634
9864,5635
9865,4479
9866,5635
9867,5544
9868,5544
9869,5605
9870,5636
9871,1795
9872,3979
9873,4337
9874,5256
9875,5635
9876,887
9877,5627
9878,3385
9879,5638
9880,5636
9881,4598
9882,1216
9883,5179
9884,5573
9885,615
9887,5256
9888,5628
9889,5636
9890,5636
9891,5455
9892,5027
9893,5646
9896,5652
9897,5555
9898,5651
9899,5642
9900,919
9901,3385
9902,5404
9903,5602
9904,5572
9906,5651
9907,5653
9908,199
9909,930
9910,5166
9911,5256
9912,5654
9913,5166
9914,5653
9915,656
9916,660
9917,666
9918,4768
9919,5461
9920,5296
9921,5659
9922,2238
9923,5661
9924,5588
9925,5627
9926,3098
9927,5661
9928,5647
9929,5179
9930,5654
9932,5547
9933,5588
9934,5475
9935,1887
9936,3098
9937,5666
9938,5646
9939,5646
9940,5667
9941,5588
9942,2970
9943,2970
9944,5560
9945,1220
9946,5256
9948,1007
9949,5671
9950,5671
9951,5671
9952,2238
9953,2238
9954,5672
9955,4240
9956,686
9957,3026
9958,5657
9959,5669
9960,5642
9961,5661
9962,5679
9963,5234
9964,3385
9965,3072
9966,2970
9967,5683
9968,3098
9969,3454
9970,5683
9971,4829
9973,5676
9974,2817
9975,5256
9976,5674
9977,5689
9978,5494
9979,5671
9980,5671
9981,4679
9982,1818
9983,36
9984,5682
9985,71
9986,5661
9987,696
9988,704
9989,743
9990,5692
9991,5695
9992,5615
9993,5522
9994,5696
9995,5696
9997,5571
9998,5672
9999,5434
10000,74
10001,887
10002,3794
10003,5615
10006,5708
10007,5683
10008,98
10009,5618
10010,1138
10012,5696
10014,5711
10015,5696
10016,5711
10017,5339
10018,5696
10019,5713
10020,1036
10022,1752
10023,776
10024,5715
10025,183
10026,919
10027,442
10028,565
10029,5716
10030,3794
10031,3396
10032,3396
10033,5429
10034,5429
10035,5716
10036,5717
10037,5716
10038,5716
10039,125
10040,5695
10041,5718
10042,5720
10043,442
10044,5720
10045,442
10046,781
10047,795
10048,2789
10049,3098
10050,5696
10052,2789
10053,5405
10054,5346
10056,996
10057,5724
10058,2164
10059,805
10060,1586
10061,4872
10062,5729
10063,5731
10064,5729
10066,5706
10067,4751
10068,4751
10069,5735
10070,5522
10071,5739
10072,5736
10073,3488
10074,5687
10075,5220
10076,3488
10077,5744
10078,4479
10079,919
10080,1795
10081,5739
10082,1793
10083,919
10084,4856
10086,5730
10087,4286
10088,5730
10089,5748
10090,5443
10091,5749
10092,3722
10093,36
10094,5560
10095,188
10096,264
10097,5560
10098,5750
10099,1513
10100,5749
10101,1124
10102,5571
10103,5055
10104,5755
10105,5471
10106,1036
10107,3459
10108,5180
10109,5180
10110,5754
10111,830
10112,5739
10113,2728
10114,5729
10115,3572
10116,5754
10117,3807
10118,3807
10119,3807
10120,3807
10121,3807
10122,5754
10123,3807
10124,5754
10125,5405
10126,3488
10127,5494
10128,1106
10129,5429
10130,5766
10131,2728
10132,5765
10133,5739
10134,5494
10135,5494
10136,219
10137,5772
10138,5705
10139,5771
10140,2728
10141,5739
10142,5764
10143,5772
10144,5772
10145,5705
10146,5774
10147,5767
10148,1378
10149,5705
10150,5767
10151,5705
10152,1027
10153,5774
10154,5739
10155,199
10156,5771
10157,5775
10158,597
10159,5509
10160,4040
10161,3556
10162,5739
10163,5764
10164,847
10165,851
10166,89
10167,183
10168,5729
10169,5729
10170,5774
10171,582
10172,5765
10173,5764
10174,5779
10175,565
10176,5780
10177,5780
10178,5777
10179,5768
10180,5774
10181,5777
10182,4040
10183,5755
10184,5755
10185,5783
10186,1434
10187,4795
10188,1970
10189,5739
10190,862
10191,881
10192,5392
10193,5775
10194,5781
10195,4505
10196,5789
10197,3277
10198,5790
10199,5790
10200,5776
10201,3277
10202,5793
10203,5794
10204,5792
10205,5740
10206,5795
10207,5768
10208,5792
10209,4913
10210,930
10211,5789
10212,5797
10213,4534
10214,5793
10215,5793
10216,5793
10217,5799
10218,253
10219,5387
10221,5802
10222,562
10223,5792
10224,88
10225,887
10226,892
10227,900
10228,3919
10229,5797
10230,5805
10231,1909
10232,5806
10233,930
10234,5808
10235,5812
10236,5812
10237,5808
10238,449
10239,449
10240,561
10241,919
10242,930
10243,189
10244,5823
10245,2044
10246,5822
10247,5607
10248,5816
10249,5808
10250,5826
10251,3277
10252,2164
10253,5805
10254,919
10255,930
10256,1320
10257,5828
10258,5828
10259,5256
10260,5256
10261,4048
10262,4253
10264,5805
10265,2111
10266,5834
10287,5835
10288,5835
10289,5835
10290,1381
10291,4360
10292,2116
10293,4481
10294,2669
10295,183
10296,930
10297,509
10298,13
10299,2513
10300,4479
10301,2940
10302,556
10303,4291
10304,88
10305,1496
10306,3911
10308,159
10309,919
10330,5836
10331,5836
10332,3678
10333,5837
10334,3567
10335,5147
10337,5838
10338,4398
10339,5397
10340,5727
10341,5212
10342,5836
10343,5836
10344,5841
10345,5846
10346,5845
10347,5802
10348,142
10350,3601
10351,5848
10352,3107
10353,5836
10354,5849
10355,1307
10356,561
10357,5836
10358,5838
10359,5845
10360,825
10361,5836
10362,5854
10363,3584
10364,5383
10365,5837
10366,5839
10367,5839
10368,196
10369,5265
10370,5853
10371,5839
10372,4253
10373,1670
10374,5832
10375,5383
10376,5265
10377,5837
10378,3994
10379,5857
10380,5383
10381,13
10382,5583
10383,5861
10384,5767
10385,5860
10386,5848
10387,5832
10388,5862
10389,300
10390,5863
10391,5860
10392,961
10393,966
10394,1356
10395,4514
10396,5864
10397,4226
10398,2566
10399,808
10400,427
10401,5837
10402,5857
10403,5865
10404,5855
10405,5865
10406,5628
10407,4253
10408,5191
10409,5825
10410,5864
10411,5837
10412,5860
10413,5836
10414,704
10415,5825
10416,183
10417,5509
10418,5494
10419,5849
10420,5785
10421,5836
10422,5836
10423,977
10424,979
10425,5869
10426,74
10427,5785
10428,5871
10429,5870
10430,1640
10431,5872
10432,825
10433,5836
10434,1381
10435,449
10436,30
10437,890
10438,419
10439,2182
10440,3342
10441,1640
10442,1640
10443,5874
10444,5875
10445,5068
10446,2116
10447,5877
10448,279
10449,5878
10450,5879
10451,5879
10452,5397
10453,5881
10454,5803
10455,732
10456,5881
10457,2817
10458,5885
10459,2817
10460,5887
10461,5887
10462,5880
10463,5832
10464,2798
10465,5265
10466,2496
10467,5889
10468,5890
10469,5256
10470,5893
10471,1977
10472,5481
10473,5481
10474,3753
10475,1640
10476,4226
10477,5894
10479,5896
10480,5884
10481,5897
10482,5896
10483,5896
10484,5687
10485,5865
10486,3592
10487,1005
10488,1007
10489,890
10490,2517
10491,5903
10492,5903
10493,199
10494,795
10495,5832
10496,3757
10497,5641
10498,5908
10499,5909
10500,2798
10501,561
10502,5862
10503,259
10504,142
10505,5908
10506,1028
10507,5862
10508,183
10509,5862
10510,1106
10511,4618
10512,2148
10513,5862
10514,5862
10515,5913
10516,5917
10517,5916
10518,5920
10519,5920
10520,89
10521,5921
10522,5923
10523,5924
10524,5924
10525,5785
10526,740
10527,5920
10528,2392
10529,740
10530,740
10531,4238
10532,740
10533,5729
10534,5597
10535,183
10536,5862
10537,1810
10538,1126
10539,5896
10540,90
10541,1016
10542,3376
10543,4286
10544,5930
10545,5930
10546,5628
10547,5573
10548,4398
10549,5921
10550,795
10551,2635
10552,5931
10553,5932
10554,5932
10555,1549
10556,5933
10557,3488
10558,5932
10559,1007
10560,5862
10561,5936
10564,1036
10565,1050
10566,5902
10567,3376
10568,5739
10569,1463
10570,2540
10571,5837
10572,1777
10573,5932
10574,1503
10575,5931
10576,5941
10577,4398
10578,5862
10579,1106
10580,5864
10581,5494
10582,5905
10583,5946
10584,5945
10585,5946
10586,1739
10587,5863
10588,5909
10589,5954
10590,5862
10591,5949
10592,2544
10593,1347
10594,890
10595,1347
10596,5953
10597,5509
10598,5951
10599,1381
10600,5955
10601,5953
10602,5509
10603,5931
10604,5959
10605,5905
10606,5950
10608,5397
10609,5962
10610,5962
10611,5729
10612,5950
10613,5949
10614,803
10615,803
10616,5639
10617,5963
10618,4253
10619,5931
10620,603
10621,1495
10622,704
10623,603
10624,2461
10625,5697
10626,5965
10627,5968
10628,5969
10629,5971
10630,5951
10631,5951
10632,5969
10633,5256
10634,3331
10635,1077
10636,1227
10637,5972
10638,5973
10639,5926
10640,5931
10641,5977
10642,3794
10643,2704
10645,495
10646,5974
10647,5969
10648,5969
10649,5969
10650,215
10651,919
10652,5055
10653,919
10654,5963
10655,3903
10656,877
10658,5989
10659,1080
10660,5992
10661,1720
10662,3501
10663,5573
10664,5691
10665,5865
10666,5865
10667,5998
10668,3137
10669,5763
10670,3376
10671,495
10672,4376
10673,3501
10674,3501
10675,6003
10676,1036
10677,116
10678,6005
10679,6007
10680,3401
10681,449
10682,1102
10683,2006
10684,5081
10685,1265
10686,6012
10687,6012
10688,495
10689,2746
10690,2942
10691,6014
10692,2942
10693,199
10694,6018
10695,1106
10696,1107
10698,1934
10699,5573
10700,3722
10701,6000
10702,3722
10703,5763
10704,4618
10705,6024
10706,5944
10707,6003
10708,6003
10709,159
10710,5998
10711,6028
10712,1566
10713,5729
10714,5992
10715,5992
10716,1108
10717,25133
10718,6028
10719,6033
10720,5641
10721,5494
10722,5641
10723,4376
10724,455
10725,2116
10726,4806
10727,6029
10728,6037
10729,6024
10730,485
10731,3345
10732,5641
10733,6042
10734,5989
10735,6040
10736,6044
10737,3454
10738,6039
10739,5951
10740,847
10741,1112
10742,5808
10743,6019
10744,650
10745,5573
10746,6052
10747,6000
10748,6055
10749,5923
10750,6051
10751,6056
10752,776
10753,6026
10754,6029
10755,6054
10756,5573
10757,919
10758,4856
10759,6058
10761,3406
10762,3406
10763,4856
10764,6060
10765,1991
10766,6062
10767,3264
10768,6061
10769,6067
10770,3950
10771,6068
10772,1118
10773,6040
10774,4865
10775,6074
10776,6076
10777,88
10778,6068
10779,5726
10780,6082
10781,6087
10782,6090
10783,5549
10784,6087
10785,6089
10786,634
10787,3828
10788,2116
10789,5836
10790,6072
10791,6071
10792,6081
10793,6000
10794,3406
10795,6096
10796,183
10797,5923
10798,6100
10800,6082
10801,6082
10802,6068
10803,6082
10804,6101
10805,5923
10806,6106
10807,4072
10808,6106
10809,6064
10810,6064
10811,1261
10812,1261
10813,6104
10814,6109
10815,6109
10816,4522
10817,6108
10818,6108
10819,5836
10820,2038
10821,1122
10822,1124
10823,5536
10824,1909
10825,6103
10826,6118
10827,6050
10828,6121
10829,6050
10830,6029
10831,6116
10832,6112
10833,919
10834,3406
10835,6064
10837,5191
10839,5348
10840,6123
10841,6123
10842,6124
10843,6126
10844,5373
10845,6125
10846,6126
10847,6127
10848,6106
10849,6128
10850,199
10851,6120
10852,6129
10853,6027
10854,3019
10855,3019
10856,6059
10857,6129
10858,6130
10859,1764
10860,80
10861,6009
10862,6009
10863,6064
10864,5038
10865,5189
10866,6130
10867,6082
10868,6133
10869,6139
10870,103
10871,6096
10872,6133
10873,3406
10874,6143
10875,2451
10876,6134
10877,1977
10878,6146
10879,3601
10880,3874
10881,1146
10882,1163
10883,5256
10884,3454
10885,1795
10886,5573
10887,3835
10888,6152
10889,5573
10890,6153
10891,6155
10892,5836
10894,6074
10895,5862
10896,5729
10897,6153
10898,4701
10899,4701
10900,6104
10901,5862
10902,521
10903,4751
10904,4751
10905,6159
10906,5348
10907,1191
10908,6135
10909,6161
10910,6159
10911,6132
10912,4593
10913,6153
10914,615
10915,6169
10916,2669
10917,6169
10918,6170
10919,5729
10920,6174
10921,6153
10922,6177
10923,5825
10924,5429
10925,5712
10926,5429
10927,3331
10928,5372
10929,6178
10930,6179
10931,6181
10932,6179
10933,6174
10934,25
10935,6096
10936,6096
10937,2817
10938,5862
10939,6042
10940,5288
10941,5862
10942,6187
10943,6184
10944,6153
10945,6189
10946,6190
10947,2513
10948,6187
10949,3248
10950,696
10951,601
10952,5651
10953,5705
10954,6194
10955,2322
10956,5691
10957,5691
10958,467
10959,5645
10960,3331
10961,6174
10962,6174
10963,1893
10964,6202
10965,1084
10966,1994
10967,1267
10968,1150
10970,5191
10971,5429
10972,5191
10973,3488
10974,6191
10975,5706
10976,6191
10977,6191
10978,6191
10979,892
10980,6129
10981,2773
10982,1191
10983,401
10984,1564
10985,1739
10986,6210
10987,401
10988,6213
10989,5714
10990,1075
10991,516
10992,6216
10993,6003
10994,2535
10995,493
10996,516
10997,516
10998,5404
10999,230
11000,6193
11001,6224
11002,6223
11003,6226
11004,6174
11006,930
11007,6225
11008,25
11009,6209
11010,6227
11011,6194
11012,5404
11013,5404
11014,6209
11015,6232
11016,1219
11017,1224
11018,6233
11019,3994
11020,3994
11021,6235
11022,183
11023,2645
11024,319
11025,5764
11026,5773
11027,74
11028,6130
11029,5977
11030,6237
11031,686
11032,110
11033,5836
11034,5696
11035,3143
11036,6209
11037,183
11038,2226
11039,6239
11040,6240
11041,4505
11042,6242
11043,6242
11044,6243
11045,2407
11046,6246
11048,6242
11049,29
11050,6246
11052,6096
11053,6241
11054,919
11055,6249
11056,6154
11057,601
11058,6246
11059,4176
11060,6160
11061,6245
11062,6246
11063,6185
11064,2356
11065,6142
11066,944
11067,6245
11068,6245
11069,6220
11070,686
11071,6241
11072,6242
11073,6258
11074,6256
11075,6261
11076,6259
11077,6262
11078,976
11079,25
11080,6263
11081,6263
11082,5496
11083,6248
11084,6248
11085,6255
11086,6253
11087,1756
11088,1250
11089,191
11090,6266
11091,6257
11092,1250
11093,6269
11094,6269
11095,6131
11096,6270
11097,5836
11098,401
11099,6229
11100,6259
11101,6270
11102,6180
11103,6242
11104,6276
11105,5696
11106,4072
11107,6278
11108,6280
11109,2401
11110,6283
11111,6283
11112,5189
11113,6283
11114,6283
11115,6284
11116,4581
11117,6285
11118,6281
11119,6269
11120,401
11121,6287
11122,6282
11123,101
11124,6291
11125,6266
11126,251
11127,2921
11128,1679
11129,442
11130,6290
11131,1270
11132,5571
11133,6292
11134,6292
11135,6292
11136,2970
11137,6295
11138,6296
11139,6304
11140,6303
11141,279
11142,5836
11143,6296
11144,6307
11145,6302
11146,5836
11147,6309
11148,5740
11149,6310
11150,6311
11151,5893
11152,6296
11153,6311
11154,88
11155,6313
11156,6314
11157,101
11158,6317
11159,183
11160,6318
11161,6319
11162,6320
11163,6321
11164,6295
11165,114
11166,6322
11167,2728
11168,6295
11169,6325
11170,187
11171,6309
11172,6327
11173,988
11174,6325
11175,6309
11176,6301
11177,6329
11178,6317
11179,6328
11180,6331
11181,6329
11182,6330
11183,6332
11184,144
11185,6331
11186,431
11187,5740
11188,1475
11189,4209
11190,26
11191,1349
11192,1349
11193,2221
11194,2221
11195,6325
11196,401
11197,101
11198,2111
11199,6337
11200,5849
11201,422
11202,6342
11203,6342
11204,6343
11205,1475
11206,6339
11207,6344
11208,768
11209,6346
11210,6317
11211,4978
11212,6347
11214,5996
11215,6343
11216,5909
11217,4978
11218,5263
11219,6346
11220,6308
11221,4769
11222,4769
11223,1307
11224,1320
11225,1329
11226,6345
11227,6354
11228,4978
11229,442
11230,6353
11231,386
11232,6356
11233,6356
11234,5996
11235,6357
11236,6355
11237,6358
11238,6351
11239,6358
11241,6357
11242,5936
11243,6246
11244,5344
11245,5545
11246,1683
11247,25
11248,118
11249,6365
11250,118
11251,1347
11252,1351
11253,1352
11254,6169
11255,6368
11256,6366
11257,6366
11258,4927
11259,6371
11260,919
11261,6082
11262,6273
11263,6082
11264,6366
11265,6376
11266,5628
11267,5191
11268,913
11269,6375
11270,6377
11271,913
11272,6377
11273,5899
11274,4978
11275,6369
11276,6379
11277,6373
11278,6380
11279,6381
11280,6380
11281,6387
11282,5404
11283,6369
11284,5344
11285,118
11286,5191
11287,6370
11288,6389
11289,6390
11290,5027
11291,5027
11292,2221
11293,215
11294,267
11295,2221
11296,6392
11297,6395
11298,2526
11299,6397
11300,4325
11301,6353
11303,6396
11304,1381
11305,4751
11306,6406
11307,6407
11308,6355
11309,2636
11310,6365
11311,6403
11313,6370
11315,6411
11316,6415
11317,1098
11318,1248
11319,6412
11320,6417
11321,6064
11322,183
11323,4803
11324,6398
11325,666
11326,6415
11327,1108
11328,148
11329,6420
11330,1248
11331,6413
11332,6313
11333,6413
11334,6422
11335,5210
11336,6426
11337,6425
11338,1390
11339,6424
11340,5836
11341,5252
11342,478
11343,352
11344,25
11345,74
11346,253
11347,2392
11348,6430
11349,6431
11350,6427
11351,6423
11352,2044
11353,6415
11354,5959
11355,3903
11356,6369
11357,2836
11358,4495
11359,6432
11360,1806
11361,6428
11362,6332
11363,196
11364,6428
11365,6432
11366,2405
11367,6435
11368,6438
11369,6434
11370,6432
11371,4325
11372,4505
11373,6441
11374,6439
11375,4652
11376,4013
11377,5832
11378,961
11379,5947
11380,5884
11381,118
11382,5880
11384,5862
11386,6142
11387,6413
11388,6443
11389,196
11390,6029
11391,5654
11392,6446
11393,4925
11394,2310
11395,6446
11396,6446
11397,995
11398,6432
11399,6447
11400,4164
11401,74
11402,74
11403,6430
11404,183
11405,2077
11406,4727
11407,4727
11408,4727
11410,6444
11411,4202
11413,6456
11414,223
11415,6432
11416,5594
11417,400
11418,562
11419,5556
11421,5556
11422,2836
11423,6446
11424,6457
11425,6453
11426,6458
11427,6460
11428,6458
11429,6453
11430,30
11431,6432
11432,5556
11433,6464
11434,2732
11435,159
11436,6465
11437,6467
11438,6461
11439,634
11440,6469
11441,6457
11442,6461
11443,6470
11444,6169
11445,1390
11446,601
11447,5513
11448,334
11449,196
11450,253
11451,6462
11452,101
11453,6459
11454,6076
11455,6475
11456,6475
11457,6484
11458,6458
11459,6486
11460,6475
11461,315
11462,442
11463,1390
11464,6458
11465,4618
11466,6447
11467,6462
11468,6489
11469,6489
11470,6168
11471,1355
11472,6168
11473,6488
11474,6497
11475,6499
11476,6168
11477,6499
11478,6168
11479,217
11480,6503
11481,6506
11482,6503
11483,6507
11484,6510
11485,6509
11486,6511
11487,1074
11488,6489
11489,6499
11490,2999
11491,6516
11492,6516
11493,6516
11494,6519
11495,2999
11496,6522
11497,6523
11498,6525
11499,6507
11500,4381
11501,6526
11502,6371
11503,6489
11504,6529
11505,6529
11506,6494
11507,6371
11508,6525
11509,6169
11510,6529
11511,6529
11512,6043
11513,4746
11514,6371
11515,6535
11516,6458
11517,6458
11518,6522
11519,5252
11520,6505
11521,6539
11522,6540
11523,6534
11524,6518
11525,4334
11526,333
11527,3673
11528,6543
11529,6518
11530,6534
11531,6542
11532,6534
11533,6502
11534,6544
11535,6544
11536,6544
11537,174
11538,5864
11539,5864
11540,2801
11541,2801
11542,2310
11543,1436
11544,1443
11545,5991
11546,919
11547,62
11548,6505
11549,1347
11550,1247
11551,5018
11552,6488
11553,6552
11554,183
11555,5862
11556,6532
11557,6554
11558,2817
11559,6556
11560,1679
11561,5256
11562,6557
11563,38
11564,6555
11565,1352
11566,4753
11567,6564
11568,2801
11569,3443
11570,6565
11571,5
11572,6567
11573,2237
11574,2237
11575,6569
11576,6518
11577,919
11578,6572
11579,6573
11580,5571
11581,2683
11582,6575
11583,6566
11584,6575
11585,24
11586,6580
11587,6580
11588,6581
11589,6581
11590,6524
11591,6533
11592,6577
11593,6577
11594,6574
11595,6575
11596,6586
11597,6489
11598,26
11599,6577
11600,3396
11601,6583
11602,1475
11603,6575
11604,6583
11605,6585
11606,6592
11607,6434
11608,6592
11609,6596
11610,919
11611,6178
11612,919
11613,13
11614,686
11615,6559
11616,6599
11617,6600
11618,6601
11619,62
11620,6076
11621,6559
11622,5915
11623,6595
11624,5739
11625,1048
11626,5742
11627,6605
11628,6607
11629,6609
11630,2742
11631,6609
11632,6609
11633,4751
11634,795
11635,6611
11636,5744
11637,6559
11638,4505
11639,6577
11640,4569
11641,4569
11642,845
11643,588
11644,6076
11645,6264
11646,6615
11647,2801
11648,6411
11649,6559
11650,6618
11651,3277
11652,5055
11653,1381
11654,6411
11655,6620
11657,6619
11658,6516
11659,6621
11660,6625
11661,6624
11662,34
11663,6630
11664,6630
11666,6266
11667,3396
11668,183
11669,6633
11670,6609
11671,6634
11672,6595
11673,6636
11674,138
11675,6625
11676,3864
11677,795
11678,6625
11679,6642
11680,5351
11681,6577
11682,1327
11683,6637
11684,5946
11685,5864
11686,5781
11687,6646
11688,6577
11689,6633
11690,6646
11691,6446
11692,6649
11693,1571
11694,2164
11695,6645
11696,5659
11697,930
11698,6610
11699,5659
11700,6348
11701,930
11702,5444
11703,6575
11704,6640
11705,6348
11706,6653
11707,6655
11708,6655
11709,6348
11710,6649
11711,6649
11712,6649
11713,6649
11714,6651
11715,6630
11716,6640
11717,6658
11718,6659
11719,6076
11720,6076
11721,6660
11722,6660
11723,6640
11724,6369
11725,6640
11726,6411
11727,4784
11728,179
11729,6659
11730,6663
11731,6411
11733,6658
11734,5864
11735,6663
11736,5535
11737,6577
11738,6665
11739,215
11740,5038
11741,6668
11742,6577
11743,930
11744,6644
11745,5880
11746,6659
11747,6670
11748,6672
11749,2566
11750,1108
11751,6583
11752,6673
11753,6674
11754,6666
11755,6648
11756,2958
11757,6505
11758,264
11759,6676
11760,6666
11761,1724
11762,1766
11763,5698
11764,6371
11765,1381
11766,6633
11767,74
11768,6625
11769,5
11770,6678
11771,5618
11772,3830
11773,6610
11774,6687
11775,6568
11776,6687
11777,6670
11778,6689
11779,6690
11780,6689
11781,4607
11782,6683
11783,6648
11784,919
11785,919
11786,6096
11787,6640
11788,2921
11789,4756
11790,4756
11791,6693
11792,6693
11793,4756
11794,6693
11795,6693
11796,6681
11797,6695
11798,3396
11799,6700
11800,5084
11801,6701
11802,5084
11803,2795
11804,2795
11805,588
11806,6702
11807,6673
11808,3084
11809,2116
11810,3084
11811,775
11812,521
11813,6699
11814,4342
11815,4342
11816,183
11817,6698
11818,6446
11819,6698
11820,217
11821,5429
11822,4570
11823,5698
11824,5698
11825,4
11826,6710
11827,6710
11828,6559
11829,1048
11830,1499
11831,103
11832,1456
11833,1496
11834,650
11835,5793
11836,175
11837,6709
11838,6516
11839,6516
11840,6713
11841,6666
11842,5921
11843,6714
11844,6716
11845,6610
11846,6716
11847,6336
11848,6717
11849,114
11850,1531
11851,6666
11852,401
11853,2067
11854,6076
11855,6610
11856,6610
11857,1746
11858,401
11859,6698
11860,6625
11861,4176
11862,6675
11863,114
11864,1102
11865,6729
11866,6731
11867,6723
11868,2921
11869,6732
11870,4570
11871,1540
11872,6727
11873,6731
11874,88
11876,5407
11877,5038
11878,6737
11879,6723
11880,6741
11881,6741
11882,6665
11883,142
11884,6747
11885,6747
11886,5055
11887,6096
11888,6742
11889,6369
11890,3984
11891,6487
11892,6750
11893,6749
11894,6751
11895,4570
11896,3837
11897,5594
11898,3331
11899,6746
11900,6206
11901,6206
11902,6742
11903,6371
11904,6742
11906,1378
11907,2876
11908,6757
11909,6388
11910,6759
11911,1549
11912,5761
11913,5535
11914,6731
11915,88
11916,6169
11917,6761
11918,6765
11919,6765
11920,6713
11921,420
11922,6204
11923,6766
11924,6727
11925,3748
11926,6204
11927,183
11928,6770
11929,6757
11930,6757
11931,6757
11932,6648
11933,6648
11934,6768
11935,4147
11936,6401
11937,6773
11938,6633
11939,6775
11940,634
11941,6774
11942,5836
11943,431
11944,6777
11945,6777
11946,6779
11947,6723
11948,183
11949,2942
11950,4256
11951,5630
11952,1381
11953,6783
11954,6785
11955,6787
11956,6206
11957,6788
11958,6778
11959,6796
11960,6799
11961,6799
11962,1356
11963,6096
11964,6793
11965,6801
11966,6801
11967,2338
11968,319
11969,6801
11970,6803
11971,4507
11972,6793
11973,6793
11974,1566
11975,4756
11976,6758
11977,6810
11978,6762
11979,6778
11980,6778
11981,4610
11982,887
11983,6813
11984,1709
11985,6814
11986,6815
11987,6371
11988,6814
11989,6206
11990,6817
11991,6817
11992,1909
11993,1569
11994,6740
11995,6666
11996,5407
11997,6814
11998,6204
11999,6817
12000,6204
12001,6824
12002,6824
12003,6777
12004,6825
12005,46
12006,6782
12007,251
12008,6064
12009,6829
12010,30
12011,6830
12012,6808
12013,6803
12014,6805
12015,2669
12016,6072
12017,6832
12018,6833
12019,6832
12020,6826
12021,30
12022,6078
12023,6078
12024,6078
12025,71
12026,6834
12027,2156
12028,183
12029,6835
12030,6835
12031,6836
12032,1915
12033,4376
12034,6244
12035,1583
12036,6848
12037,6839
12038,6850
12039,603
12040,251
12041,6852
12042,6853
12043,6849
12044,6853
12045,3572
12046,6850
12047,6850
12048,199
12049,6078
12050,6858
12051,6856
12052,5453
12053,3488
12054,6860
12055,6814
12056,6845
12057,6458
12058,478
12059,6862
12060,5256
12061,5862
12062,5594
12063,919
12064,6714
12065,919
12066,6595
12067,5522
12068,6637
12069,6637
12070,5471
12071,305
12072,6868
12073,6858
12074,6858
12075,1445
12076,6858
12077,2975
12078,2693
12079,2693
12080,5907
12081,5907
12082,5907
12083,6867
12084,6872
12085,6875
12086,285
12087,6853
12088,6853
12089,6832
12090,1935
12091,6775
12092,6867
12093,6860
12094,6633
12095,588
12096,5594
12097,5594
12098,6710
12099,5820
12100,5820
12101,5820
12102,6724
12103,6879
12104,6637
12105,6877
12106,485
12107,6637
12108,6882
12109,5820
12110,4495
12111,6882
12112,4607
12113,5862
12114,6884
12115,6522
12116,386
12117,6884
12118,6834
12119,5594
12120,6886
12121,6818
12122,6890
12123,5561
12124,5561
12125,5471
12126,6889
12127,6885
12128,6774
12129,6893
12130,6886
12131,6885
12132,6894
12133,6814
12134,2914
12135,5480
12136,6861
12137,6814
12138,6637
12139,6895
12140,6895
12141,6890
12142,6890
12143,5836
12144,6897
12145,6844
12146,6898
12147,5836
12148,6895
12149,6899
12150,529
12151,6896
12152,6900
12153,6082
12154,6904
12155,1005
12156,6577
12157,6887
12158,6887
12159,6345
12160,6908
12161,5836
12162,6666
12163,4681
12165,6910
12166,6412
12167,6852
12168,6434
12169,6897
12170,1451
12171,6911
12172,1048
12173,6412
12174,5841
12175,6914
12176,6029
12177,6916
12178,6918
12179,2113
12180,1080
12181,4587
12182,1080
12183,6922
12184,4681
12185,4681
12186,5561
12187,5561
12188,5561
12189,6923
12190,6923
12191,6921
12192,6926
12193,1106
12194,5594
12195,5862
12196,845
12197,6927
12198,6872
12199,845
12200,6015
12201,6688
12202,6930
12203,6931
12204,6929
12205,845
12206,840
12207,845
12208,3136
12209,5792
12210,6929
12211,3280
12212,6934
12213,6936
12214,6936
12215,6935
12216,253
12217,6942
12218,2312
12219,6939
12220,6692
12221,6943
12222,2817
12223,6640
12224,2817
12225,5880
12226,6944
12227,1048
12228,6945
12229,6945
12230,5594
12231,561
12232,919
12233,6946
12234,6951
12235,6951
12236,6952
12237,6929
12239,6955
12240,2875
12241,8
12242,8
12243,5003
12244,1219
12245,1643
12246,5708
12247,5003
12248,6958
12249,6640
12250,6003
12251,6950
12252,6945
12253,4483
12254,6923
12255,6923
12256,6963
12257,187
12258,6946
12260,5862
12261,6962
12262,6965
12263,6967
12264,6965
12265,1080
12266,6968
12267,4426
12268,6296
12269,6971
12270,6961
12271,5280
12272,6845
12273,223
12274,6967
12275,6967
12276,6976
12277,6082
12278,6842
12279,6975
12280,253
12281,6692
12282,919
12283,1657
12284,6965
12285,6981
12286,6981
12287,6983
12288,6972
12289,6983
12290,1120
12291,6924
12292,6978
12293,3601
12294,3601
12295,1120
12296,919
12297,449
12298,6097
12299,6204
12300,230
12301,230
12302,6988
12303,5594
12304,6278
12305,6446
12306,6992
12307,39
12308,2970
12309,1670
12310,5836
12311,6278
12312,6995
12313,900
12314,6996
12315,6725
12316,6738
12317,6725
12318,6725
12319,5987
12320,6996
12321,6996
12322,5394
12323,5987
12324,2111
12325,6996
12326,6997
12327,2958
12328,4820
12329,3799
12330,6977
12331,6740
12332,6740
12333,6410
12334,35
12335,6489
12336,2129
12337,1679
12339,6884
12340,7004
12341,6082
12342,6814
12343,1036
12344,6886
12345,7005
12346,6723
12347,59
12348,452
12349,5
12350,7000
12351,6723
12352,7011
12353,7009
12354,7015
12355,7014
12356,7014
12357,7016
12358,7013
12359,3601
12360,6278
12361,5785
12362,188
12363,1024
12364,5480
12365,845
12366,7023
12367,6990
12368,3799
12369,2970
12370,5810
12371,4376
12372,4376
12373,6967
12374,7028
12375,7028
12376,7031
12377,6169
12378,6169
12379,6988
12380,71
12381,7037
12382,7037
12383,4257
12384,6489
12385,7013
12386,7040
12387,6858
12388,7032
12389,2116
12390,7044
12391,2132
12392,7043
12393,7041
12394,5405
12395,183
12396,7042
12397,4750
12398,7047
12399,6489
12400,1549
12401,5594
12402,1124
12403,721
12404,6489
12405,5594
12406,7015
12407,7041
12408,6946
12409,7008
12410,6941
12411,1566
12412,6278
12413,7028
12414,3897
12415,7037
12416,7050
12417,447
12418,7053
12419,7053
12420,5256
12421,6941
12422,4507
12423,1991
12424,5880
12425,154
12426,919
12427,7055
12428,7049
12429,1005
12430,4426
12431,5535
12432,6723
12433,7025
12434,7056
12435,6575
12436,3476
12437,1080
12438,4426
12439,2970
12440,2970
12441,6096
12442,6169
12443,7062
12444,7062
12445,1763
12446,830
12447,7042
12448,7065
12449,7064
12450,6844
12451,7068
12452,7066
12453,7064
12454,6961
12455,5193
12456,7054
12457,6725
12458,4779
12459,7073
12460,7072
12461,7073
12462,7074
12463,6961
12464,6552
12465,7066
12466,7076
12467,6552
12468,7042
12469,2636
12470,7079
12471,7054
12472,7078
12473,6723
12474,5594
12475,6961
12476,6921
12477,6900
12478,6900
12479,7083
12480,1973
12481,7077
12482,1720
12483,7003
12484,7041
12485,4257
12486,6962
12487,7087
12488,7073
12489,4426
12490,7083
12491,5594
12492,6834
12493,6946
12494,6917
12495,7091
12496,6552
12497,301
12498,7025
12499,7089
12500,6917
12501,6575
12502,686
12503,1124
12504,6961
12505,6884
12506,6917
12507,7049
12508,6969
12509,6369
12510,1048
12511,4887
12512,7097
12513,7049
12514,7098
12515,7096
12516,88
12517,3539
12518,1573
12519,1670
12520,3705
12521,6082
12522,5923
12523,1737
12524,6908
12525,6681
12526,7100
12527,7103
12528,351
12529,5467
12530,2129
12531,7104
12532,7096
12533,6961
12534,1739
12535,1381
12536,637
12537,6278
12538,6278
12539,6965
12540,3567
12541,2516
12542,7106
12543,230
12544,6096
12545,7112
12546,6961
12547,7077
12548,3567
12549,6917
12550,1657
12551,183
12552,386
12553,5836
12554,61
12555,6961
12556,4426
12557,6666
12558,6723
12559,6961
12560,88
12561,7115
12562,6946
12563,6946
12564,2817
12565,5256
12566,7112
12567,5256
12568,6547
12569,7116
12570,6019
12571,2669
12572,7119
12573,7119
12574,7120
12575,7119
12576,5003
12577,7121
12578,4737
12579,7123
12580,6633
12581,46
12582,7124
12583,6775
12584,3556
12585,7126
12586,7126
12587,966
12588,3019
12589,1818
12590,7128
12591,6577
12592,6369
12593,5467
12594,7119
12595,6976
12596,7132
12597,7133
12598,7130
12599,7134
12600,7135
12602,5271
12603,3331
12604,6096
12605,2958
12606,7102
12607,5271
12608,7137
12609,7138
12610,7125
12611,7077
12612,6961
12613,3786
12614,7146
12615,7147
12616,7028
12617,7148
12618,5836
12619,7151
12620,4810
12621,7151
12622,7140
12623,5836
12624,1760
12625,7151
12626,7151
12627,6174
12628,7142
12629,7125
12630,3554
12631,7155
12632,6704
12633,7154
12634,7146
12635,7158
12637,2849
12638,7163
12639,4083
12640,7160
12641,3265
12642,4083
12643,1764
12644,6999
12645,7171
12646,1765
12647,1766
12648,4556
12649,7174
12650,7168
12651,7174
12652,1913
12653,7008
12654,6765
12655,686
12656,7177
12657,7125
12658,1724
12659,7060
12660,5932
12661,7176
12662,5271
12663,1934
12664,2820
12665,6961
12666,4975
12667,1106
12668,7174
12669,7183
12670,7184
12671,7070
12672,6961
12673,7169
12674,7169
12675,7167
12676,4337
12678,7169
12679,1120
12680,7187
12681,7190
12682,7191
12683,5271
12684,5271
12685,2289
12686,7175
12687,812
12688,2958
12689,6076
12690,287
12691,7189
12692,127
12693,7182
12694,7195
12695,2526
12696,7196
12697,7190
12698,7194
12699,7194
12700,290
12701,7089
12702,3125
12703,1543
12705,196
12706,6250
12707,7199
12708,7161
12709,7201
12710,7086
12711,7194
12712,1216
12713,7077
12714,7201
12715,6076
12716,5573
12717,6250
12718,6814
12719,2289
12720,6549
12721,7203
12722,919
12723,7205
12724,966
12725,5419
12726,7207
12727,7206
12728,7196
12729,5037
12730,6884
12731,2817
12732,7210
12733,4394
12734,2392
12735,749
12736,183
12737,6412
12738,930
12739,930
12740,7214
12741,603
12742,3488
12743,812
12744,5471
12745,7025
12746,1808
12747,2817
12748,7219
12749,7218
12750,7219
12751,7188
12752,7216
12753,2696
12754,2038
12755,5594
12756,7210
12757,7224
12758,7228
12759,7228
12760,7230
12761,7225
12762,7230
12763,5561
12764,7226
12765,5561
12766,1833
12767,7189
12768,7235
12769,7238
12770,7239
12771,887
12772,2817
12773,3301
12774,7243
12775,7243
12776,7243
12777,7236
12778,7223
12779,5836
12780,7244
12781,7248
12782,7224
12783,4975
12784,7249
12785,7219
12786,7219
12787,3098
12788,5594
12789,7244
12790,5594
12791,7257
12792,7224
12793,795
12794,5256
12795,5256
12796,7259
12797,7259
12798,7260
12799,7259
12800,4258
12801,1893
12802,6383
12803,557
12804,6834
12805,7239
12806,319
12807,221
12808,7266
12809,7239
12810,1894
12811,4783
12812,7268
12813,6530
12814,4556
12815,6848
12816,1950
12817,7224
12818,7268
12820,4783
12821,7271
12822,7272
12823,5594
12824,6383
12825,4737
12826,5919
12827,7230
12828,614
12829,4546
12830,2116
12831,6547
12832,7230
12833,7275
12834,1909
12835,2485
12836,1913
12837,7280
12838,4916
12839,2970
12840,7210
12841,1916
12842,7281
12843,7279
12844,6250
12845,7279
12846,2102
12847,7282
12848,873
12849,1513
12850,2102
12851,7159
12852,4257
12853,7159
12854,5792
12855,7288
12856,7289
12857,7287
12858,994
12859,6877
12860,7291
12861,7293
12862,919
12863,7294
12864,6301
12865,7288
12866,4083
12867,812
12868,4253
12869,7046
12870,2650
12871,7290
12872,7290
12873,7282
12874,919
12875,7188
12876,5021
12877,7224
12878,2102
12879,7224
12880,7224
12881,7234
12882,7234
12883,7244
12884,2594
12885,1934
12886,5825
12887,2970
12888,2289
12890,7300
12892,4507
12893,7304
12894,3652
12895,2019
12896,812
12897,2102
12898,6917
12899,6149
12900,7290
12901,7306
12902,7159
12903,7308
12904,7195
12905,4680
12906,5545
12907,7306
12908,7309
12909,7099
12910,919
12911,4737
12912,1945
12913,521
12914,7314
12915,1573
12916,2817
12917,3856
12918,251
12919,7099
12921,4672
12922,7159
12923,1108
12924,7159
12925,7316
12926,966
12927,2817
12928,6895
12929,7008
12930,2921
12931,7306
12932,7099
12933,6577
12935,7327
12936,2789
12937,4704
12938,7329
12940,7290
12941,7199
12942,7315
12944,7199
12945,3816
12946,7334
12947,4426
12948,919
12949,1108
12950,7336
12951,2728
12952,5902
12953,7146
12954,7337
12955,5464
12956,6875
12957,6976
12958,7335
12959,605
12960,7170
12961,6552
12962,7339
12963,6917
12964,6917
12965,7339
12966,7342
12967,7339
12968,7344
12969,7343
12970,6833
12972,7343
12975,7341
12976,183
12977,2864
12978,795
12979,6033
12980,7300
12981,7300
12982,7240
12984,6969
12985,7352
12986,6833
12987,6833
12988,7320
12989,2513
12990,7297
12991,1909
12992,7347
12993,1973
12994,7354
12995,7355
12996,7356
12997,6146
12998,7335
12999,7335
13000,7335
13001,7357
13002,7297
13003,7290
13004,1977
13005,7316
13006,608
13007,6627
13008,7362
13009,7359
13010,6146
13011,4737
13012,6627
13013,7365
13014,7365
13015,1979
13016,401
13017,7365
13018,2970
13020,485
13021,1036
13022,7359
13023,6993
13024,4032
13025,7297
13026,7359
13027,3468
13028,7325
13029,7368
13030,6877
13031,7367
13032,7339
13033,7122
13034,7371
13035,4376
13036,6723
13037,7372
13038,7375
13039,7347
13040,7347
13041,6124
13042,1569
13043,7360
13044,7377
13045,5902
13046,4222
13047,7325
13048,7381
13049,7174
13050,5467
13051,7380
13052,7371
13053,7386
13054,7388
13055,1036
13056,930
13057,930
13058,7389
13059,7392
13060,7386
13061,7261
13062,6440
13063,7244
13064,1991
13065,7391
13066,2019
13067,4975
13068,7391
13069,7365
13070,7261
13071,1965
13072,2205
13073,930
13074,690
13075,3184
13076,1965
13077,5862
13078,7395
13079,930
13080,1764
13081,601
13082,1390
13083,3577
13084,7398
13085,159
13086,919
13087,930
13088,2981
13089,6440
13090,1643
13091,1475
13092,7395
13093,7306
13094,4810
13095,7395
13097,7405
13098,7365
13099,6885
13100,6885
13101,353
13102,7225
13103,7398
13104,7409
13105,7409
13106,7409
13107,7409
13108,7409
13109,3816
13110,7399
13111,7405
13112,7330
13113,7406
13114,5738
13115,1573
13116,961
13117,2150
13118,5836
13119,5558
13120,7339
13121,7411
13122,2020
13123,7411
13124,442
13125,7405
13126,7405
13127,7290
13128,919
13129,199
13130,4498
13131,2028
13132,7418
13133,7419
13134,5196
13135,5480
13136,170
13137,6976
13138,4626
13139,2981
13140,2981
13141,6015
13142,6015
13143,7421
13144,7411
13145,7421
13146,7425
13147,30
13148,7426
13149,671
13151,2040
13152,7417
13153,2310
13154,7433
13155,7397
13156,7397
13157,7436
13158,845
13159,7434
13160,7434
13161,7434
13162,795
13163,6015
13164,7441
13165,7441
13166,7421
13167,7244
13168,2044
13169,4171
13170,334
13171,1118
13172,4451
13173,7450
13174,7436
13175,183
13176,7452
13177,1657
13178,7450
13179,7446
13180,339
13181,339
13183,7409
13184,7454
13185,7409
13186,2981
13187,7455
13188,7456
13189,7432
13190,7462
13191,7459
13192,7450
13193,7450
13194,6281
13195,7463
13196,2456
13197,7450
13198,7465
13199,6633
13200,7243
13201,5480
13202,7316
13203,3512
13204,1456
13205,7470
13206,3512
13207,2981
13208,7423
13209,449
13210,449
13211,862
13212,7011
13213,6921
13214,7443
13215,2981
13216,7479
13217,6633
13218,3376
13219,7482
13220,7482
13221,919
13222,666
13223,4980
13224,7474
13225,7484
13226,276
13227,7480
13228,5429
13229,7397
13230,7244
13231,7244
13232,1106
13233,7485
13234,7080
13235,2912
13236,7339
13237,7409
13238,7488
13239,7490
13240,6875
13241,6875
13242,5503
13243,7494
13244,7495
13245,7485
13246,7499
13247,6961
13248,666
13249,6961
13250,6961
13251,4262
13252,7503
13253,7504
13254,7504
13255,7497
13256,7477
13257,7174
13258,7363
13259,7170
13260,582
13261,4570
13262,7508
13264,4127
13265,6993
13266,7513
13267,7421
13268,7513
13269,6877
13270,7515
13271,7459
13272,7515
13274,4305
13275,7515
13276,7513
13277,7513
13278,7513
13279,7521
13280,4737
13281,6369
13283,1739
13284,5264
13285,4127
13286,7417
13287,1265
13288,6829
13289,2091
13290,7485
13291,7398
13292,749
13293,7480
13294,7480
13295,1119
13296,7534
13297,6975
13298,7536
13299,7539
13300,1119
13301,183
13302,7284
13303,7521
13304,7543
13305,7284
13306,7546
13307,7546
13308,7546
13309,7547
13310,7547
13311,7548
13312,7548
13313,7549
13314,7549
13315,4916
13316,1124
13317,5836
13318,2817
13319,7535
13320,7551
13321,6858
13322,7551
13323,4916
13324,7550
13325,8
13326,5264
13327,7477
13328,6648
13329,7536
13330,253
13331,7554
13332,4340
13333,2798
13334,7480
13335,845
13336,2833
13337,7556
13338,1392
13339,7559
13340,7550
13341,7365
13342,5176
13343,7554
13344,7564
13345,7557
13346,7550
13347,7556
13348,7521
13349,7334
13350,7568
13351,7334
13352,7122
13353,4673
13354,7571
13355,7570
13356,7568
13357,7555
13359,7574
13360,2981
13361,7574
13362,7576
13363,2111
13364,6877
13365,7515
13366,7546
13367,7579
13368,449
13369,892
13370,7579
13371,7581
13372,7570
13373,2116
13374,7581
13375,2817
13376,449
13377,4916
13378,7584
13379,7585
13380,7334
13381,4916
13382,7588
13383,7489
13384,8
13385,7045
13386,7244
13387,7077
13388,2126
13389,6403
13390,7045
13391,7595
13392,7594
13393,7595
13394,79
13395,2129
13396,7591
13397,5503
13398,5503
13400,7590
13401,7598
13402,4127
13403,7599
13404,7457
13405,7590
13406,7457
13407,7457
13408,7600
13409,6206
13410,2790
13411,7573
13412,888
13413,7138
13414,7604
13415,7138
13416,4916
13417,7445
13418,7600
13419,6206
13420,6206
13421,7573
13422,7445
13423,7334
13424,6206
13425,6907
13426,6637
13427,6907
13428,7611
13429,2981
13430,7609
13431,6845
13433,7616
13434,7615
13435,2144
13436,7619
13437,7616
13438,7620
13439,1945
13440,7600
13441,7259
13442,7040
13443,7556
13444,7610
13445,7621
13446,7600
13447,5461
13448,2148
13449,7615
13450,7556
13451,7624
13452,2150
13453,7284
13454,7618
13455,4783
13456,6877
13457,7631
13458,7360
13459,7499
13460,6005
13461,7536
13462,520
13463,7630
13464,7635
13465,7334
13466,6529
13467,7556
13468,7616
13469,3121
13470,7636
13471,7638
13472,1021
13473,1021
13474,7618
13475,2164
13476,2166
13477,1021
13478,7616
13479,4556
13480,7199
13481,7555
13482,7609
13483,919
13484,7616
13485,919
13486,7647
13487,7647
13488,7515
13489,6329
13490,7365
13491,5348
13492,850
13493,199
13494,7425
13495,7648
13496,7653
13497,1106
13498,7616
13499,7656
13500,7644
13501,7659
13502,7449
13503,7645
13504,7659
13505,79
13506,7555
13507,7381
13508,7661
13509,6325
13510,7659
13511,7659
13512,919
13513,7601
13514,7601
13515,7646
13516,7666
13517,7648
13518,1663
13519,7661
13520,196
13521,7667
13522,7590
13523,7616
13524,4164
13525,2020
13526,870
13527,966
13528,7138
13529,7547
13530,7653
13531,6412
13532,5296
13533,5296
13534,7365
13535,7381
13536,7381
13537,7677
13538,7680
13539,7680
13540,890
13541,7683
13542,7683
13543,7685
13544,7686
13545,7686
13546,7678
13547,7673
13548,7686
13549,5880
13550,7677
13551,7688
13552,7677
13553,7686
13554,7681
13555,919
13556,7693
13557,7693
13558,7689
13559,1122
13560,7690
13561,7290
13562,7578
13563,7555
13564,7646
13565,7038
13566,7706
13567,4916
13568,7702
13569,7704
13570,7673
13571,7667
13572,7667
13574,6206
13575,7704
13576,3601
13577,7700
13578,6436
13579,7707
13580,7693
13581,7199
13582,7566
13583,7419
13584,7710
13585,7712
13586,7646
13587,2392
13588,7290
13589,4916
13590,4344
13591,183
13592,7038
13593,7038
13594,3732
13595,7038
13596,7712
13597,7419
13598,6494
13599,5264
13600,7715
13601,2652
13602,7702
13603,1513
13604,2020
13605,2806
13606,6833
13607,6941
13608,7716
13609,7720
13610,74
13611,881
13612,7589
13613,930
13614,7730
13615,6281
13616,101
13617,7689
13618,7689
13619,7725
13620,7411
13621,1553
13622,1513
13623,7555
13624,2772
13625,7733
13626,7688
13627,7733
13628,7710
13629,7725
13630,7725
13631,7704
13632,7739
13633,400
13634,8
13635,7497
13636,7740
13637,7731
13638,7743
13639,812
13640,7744
13641,2921
13642,7224
13643,7734
13644,1347
13645,7743
13646,7743
13647,7659
13648,7743
13649,7749
13650,7734
13651,7381
13652,2772
13653,7038
13654,7749
13655,7749
13656,7733
13657,1098
13658,5880
13659,2485
13660,221
13661,7753
13662,6877
13663,7754
13664,2817
13665,7188
13666,7555
13667,6193
13668,1195
13669,7259
13670,988
13671,1356
13672,1307
13673,7763
13674,7756
13675,6346
13676,7760
13677,2454
13678,7770
13679,7761
13680,7765
13681,7773
13682,7757
13683,7762
13684,7194
13685,830
13686,2914
13687,7601
13688,7601
13689,7601
13691,6884
13692,7781
13693,7786
13694,7787
13695,7787
13696,7789
13697,2260
13698,1636
13699,3269
13700,7800
13701,7785
13702,6633
13703,7795
13704,3026
13705,7802
13706,7803
13707,7795
13708,339
13709,6440
13710,5429
13711,1151
13712,4741
13713,7749
13714,6329
13715,7743
13716,5503
13717,4672
13718,7808
13719,7661
13720,7808
13721,7810
13722,7664
13723,7573
13727,2010
13728,7329
13729,7807
13730,6300
13731,7808
13732,7329
13733,7329
13734,7811
13735,7816
13737,7819
13738,847
13739,7605
13740,7744
13741,7822
13742,3722
13743,3501
13744,7823
13745,1170
13746,1564
13747,7816
13748,217
13749,7828
13750,7828
13752,7829
13753,7828
13754,7828
13755,7810
13756,6305
13757,7699
13758,7832
13759,7795
13760,7807
13761,7839
13762,6845
13763,7832
13764,7840
13765,7449
13766,7832
13767,7842
13768,7071
13769,1909
13770,7844
13771,5161
13772,7244
13773,7844
13774,7380
13775,5321
13776,104
13777,7847
13778,2280
13779,7224
13780,919
13781,253
13782,7534
13783,287
13784,26
13785,6908
13786,480
13787,7847
13788,4980
13789,5795
13790,7858
13791,7555
13792,7861
13793,7861
13794,7365
13795,7690
13796,7811
13797,1909
13798,5795
13799,7865
13800,7141
13801,7365
13802,7141
13803,7866
13804,7141
13805,4523
13806,4523
13807,7870
13808,7870
13809,2817
13810,7872
13811,7290
13812,4357
13813,7863
13814,7877
13815,7734
13816,7878
13817,498
13818,7876
13819,7883
13820,4701
13821,144
13822,7699
13823,7365
13824,7883
13825,7883
13826,7734
13827,7887
13828,7879
13829,5827
13830,7888
13831,7861
13832,4357
13833,7891
13834,5
13835,5827
13836,96
13837,2817
13838,7884
13839,7893
13840,6281
13841,930
13842,7892
13843,6965
13844,7875
13845,7861
13846,7879
13847,7534
13848,7895
13849,2310
13850,4426
13851,7902
13852,7902
13853,3076
13854,5503
13855,7903
13856,7747
13857,1144
13858,5827
13859,4176
13860,7907
13861,5645
13862,7910
13863,69
13864,7908
13865,7837
13866,7914
13867,7837
13868,7915
13869,2040
13870,1496
13871,913
13872,930
13873,930
13874,7921
13875,220
13876,7923
13877,6072
13878,7910
13879,7922
13880,6300
13881,6300
13882,2802
13883,7925
13884,7927
13885,7878
13886,7878
13887,6300
13888,6944
13889,401
13890,7933
13891,7926
13892,520
13893,7933
13894,7933
13895,7932
13896,2817
13897,7933
13898,7934
13899,2807
13900,7925
13901,919
13902,7932
13903,449
13904,7936
13905,81
13906,2970
13907,7882
13908,2387
13909,2970
13910,7923
13911,7409
13912,7340
13914,4253
13915,7921
13916,7941
13917,7943
13918,7944
13919,5429
13920,144
13921,7945
13922,2817
13923,7644
13924,7947
13925,7950
13926,7951
13927,7949
13928,7883
13929,7936
13930,7936
13931,7953
13932,7951
13933,7953
13934,5555
13935,7555
13936,7934
13937,7244
13938,7644
13939,7555
13940,7954
13941,7955
13942,7956
13943,253
13944,5982
13945,7958
13946,7959
13947,7954
13948,6407
13949,7954
13950,7961
13951,7954
13952,5892
13953,5892
13954,7942
13955,7962
13956,6407
13957,159
13958,159
13959,7741
13960,7976
13961,2739
13962,7534
13963,7973
13964,7290
13965,7973
13966,7290
13967,7832
13968,7874
13969,7981
13970,7981
13971,132
13972,7866
13973,6884
13974,7941
13975,7976
13976,7979
13977,4691
13978,2077
13979,7690
13980,5594
13981,7800
13982,1215
13983,1028
13984,7591
13985,7962
13986,7071
13987,4783
13988,7961
13989,7986
13990,5429
13991,6720
13992,7962
13993,7987
13994,7988
13995,7977
13996,7842
13997,7991
13998,4137
13999,1573
14000,7741
14001,2970
14002,2970
14003,7995
14004,7996
14005,7128
14006,7921
14008,7999
14009,7999
14010,7999
14011,6993
14013,230
14014,8000
14015,5129
14016,7994
14017,7993
14018,2970
14019,8001
14021,7982
14022,7993
14023,8003
14024,569
14025,2227
14026,7953
14027,7365
14028,7469
14029,3422
14030,8005
14031,5292
14032,6400
14033,1347
14034,6833
14035,7986
14036,7986
14037,5892
14038,1573
14039,8004
14040,2116
14041,696
14042,7986
14043,8009
14044,7949
14045,8012
14046,8010
14047,8013
14048,7921
14050,438
14051,183
14052,930
14053,2387
14054,7999
14055,8019
14056,7409
14057,6884
14058,4181
14059,2495
14060,8013
14061,6961
14062,2392
14063,13
14064,8027
14065,8027
14066,8022
14067,8028
14068,8018
14069,7496
14070,7923
14071,8030
14072,8030
14073,8030
14074,8013
14075,8031
14076,7396
14077,6884
14078,3032
14079,8036
14080,7976
14081,7976
14082,7290
14083,8036
14084,4756
14085,8039
14086,7128
14087,7900
14088,7976
14089,81
14091,8038
14092,4581
14093,8041
14094,7996
14095,1583
14096,2407
14097,8044
14098,7996
14099,8037
14100,2028
14101,6164
14102,8046
14103,8041
14104,7057
14105,8042
14106,7912
14107,4756
14108,8048
14109,3903
14110,8051
14111,7996
14112,8051
14114,830
14116,1381
14118,6015
14119,8061
14120,8051
14121,2425
14122,8064
14123,7916
14124,6899
14125,5594
14126,7916
14127,8071
14128,7916
14129,1390
14130,8065
14131,6300
14132,5795
14133,8076
14134,7486
14135,8079
14136,8079
14137,8079
14138,8079
14139,8076
14140,8062
14141,8041
14142,8080
14143,6300
14144,3601
14145,3601
14146,8082
14147,7916
14148,8082
14149,8083
14150,7685
14151,8067
14153,8071
14154,8064
14155,8076
14156,6412
14157,8012
14158,8091
14159,8091
14160,8095
14161,7549
14162,8095
14163,919
14164,8094
14165,8083
14166,3476
14167,8041
14168,8027
14169,8027
14170,8029
14171,7591
14172,8080
14173,4040
14174,7685
14175,4040
14176,4040
14177,4040
14178,442
14179,7497
14180,1036
14181,7828
14182,8100
14183,8098
14184,8101
14185,8101
14186,8101
14187,8101
14188,8101
14189,8101
14190,8101
14191,8097
14192,8098
14193,75
14194,7521
14195,8102
14196,7976
14197,7918
14198,339
14199,2587
14200,7994
14201,8101
14202,3077
14203,8041
14204,603
14205,3077
14206,7419
14207,3077
14208,8108
14209,7810
14210,8107
14211,5919
14212,7744
14213,8107
14214,1144
14215,3077
14216,5919
14217,2485
14218,8109
14219,3277
14220,8112
14221,7837
14222,8112
14223,8112
14224,7895
14225,8109
14226,8041
14227,8112
14228,8113
14229,8086
14230,8110
14231,7810
14232,2970
14233,2970
14234,6404
14235,4751
14236,6129
14237,144
14238,8013
14239,8115
14240,7128
14241,8071
14242,7987
14243,8123
14244,812
14245,8123
14246,520
14247,7741
14248,8121
14249,8125
14250,1047
14251,858
14252,7311
14253,6961
14254,8083
14255,8123
14256,8076
14257,8120
14258,8128
14259,7741
14260,7409
14261,8127
14262,5031
14263,8130
14264,8131
14265,5031
14266,8134
14267,8130
14268,2535
14269,6404
14270,4253
14271,6404
14272,8115
14273,8134
14274,8132
14275,8138
14276,8134
14277,8140
14278,8135
14279,8141
14280,8076
14281,8136
14282,8143
14283,8144
14284,8013
14285,215
14286,8148
14287,7976
14288,8150
14289,8140
14290,8151
14291,1084
14292,8106
14293,8041
14294,8154
14295,887
14296,3700
14297,2129
14298,7040
14299,7040
14300,8161
14301,2485
14302,2392
14303,2144
14304,8136
14305,72
14306,6830
14307,3601
14308,8148
14309,8164
14311,8162
14313,1763
14314,6469
14315,8165
14316,4253
14317,8165
14318,740
14319,8171
14320,8171
14322,8114
14323,198
14324,2067
14325,3301
14326,1250
14327,7744
14328,8013
14329,4253
14330,4559
14331,8182
14332,8184
14333,4737
14334,7720
14335,7837
14336,8179
14337,8179
14338,8080
14339,8190
14340,159
14341,7555
14342,7537
14343,3422
14344,8191
14345,6250
14346,8173
14347,8192
14348,8004
14349,8202
14350,7555
14351,1709
14352,8205
14353,8206
14354,8206
14355,7419
14357,8198
14358,8207
14359,8208
14360,8137
14361,8205
14362,8205
14363,6516
14364,8205
14365,72
14366,8215
14367,8212
14368,6244
14369,919
14370,8215
14371,1265
14372,8199
14373,4751
14374,8033
14375,8218
14376,8156
14377,7365
14378,8220
14379,8218
14380,8221
14381,8073
14382,8209
14383,8033
14384,8076
14385,253
14386,8076
14387,8205
14388,8224
14389,8224
14390,2546
14391,183
14392,8228
14393,8225
14394,7820
14395,8154
14396,8155
14399,8232
14401,8234
14402,26
14403,887
14404,8238
14405,8238
14406,8207
14407,8073
14408,8240
14409,8244
14410,8245
14411,1689
14412,7788
14413,6300
14414,7788
14415,8130
14416,8238
14417,8240
14418,8086
14419,6142
14420,8243
14421,3232
14422,8237
14423,8248
14424,8249
14425,7711
14426,7828
14427,2149
14428,5480
14429,8209
14430,5429
14431,8210
14432,8144
14433,364
14434,8254
14435,8254
14436,8255
14437,1106
14439,8258
14440,8260
14441,4301
14442,8259
14443,1005
14444,8209
14445,8262
14446,7788
14447,8236
14448,8262
14449,8259
14450,8262
14451,4505
14452,4505
14453,8236
14454,8261
14455,8258
14456,8114
14457,8209
14458,8264
14459,8264
14460,7816
14461,8266
14462,8266
14463,5793
14464,8264
14465,8067
14466,8067
14467,2392
14468,8067
14469,8251
14470,8265
14471,7789
14472,2591
14473,2592
14474,8276
14475,8150
14476,4727
14477,4981
14478,8067
14479,8280
14480,4507
14481,8271
14482,159
14483,930
14484,6740
14485,4319
14486,61
14487,8284
14488,8283
14489,6178
14490,8287
14491,7897
14492,7122
14493,24
14494,8289
14495,8291
14496,8289
14497,8293
14498,7897
14499,8289
14500,8293
14501,5843
14502,7810
14503,8293
14504,8067
14505,8288
14506,7789
14507,8297
14508,8294
14509,7081
14510,7081
14511,8131
14512,8173
14513,6074
14514,8131
14515,8205
14516,8287
14517,8287
14518,8300
14519,8303
14520,2440
14521,7081
14522,8302
14523,8302
14524,1514
14525,8293
14526,8295
14527,1082
14528,2392
14529,8207
14530,1689
14531,8033
14532,7081
14533,4278
14534,6814
14535,8309
14536,8076
14537,8293
14538,4507
14539,801
14540,8313
14541,2540
14542,8263
14543,8102
14544,5739
14545,8309
14546,5739
14547,8315
14548,8315
14549,4027
14550,4559
14551,8317
14552,8317
14553,8309
14554,7961
14555,8318
14556,2817
14557,8317
14558,8212
14559,183
14560,4253
14561,8263
14562,8263
14563,5843
14564,7179
14565,7555
14566,2116
14567,930
14568,8323
14569,6286
14570,2111
14571,7788
14572,8326
14573,8170
14574,6664
14575,6723
14576,2635
14577,144
14578,8251
14579,6961
14580,7897
14581,7945
14582,6022
14583,6022
14584,2669
14585,7788
14586,159
14587,7335
14588,2645
14589,7945
14590,3700
14591,4278
14592,8296
14593,8327
14594,8337
14595,887
14596,8327
14597,334
14598,887
14599,4737
14600,8341
14601,919
14602,8207
14603,8342
14604,196
14605,1316
14606,8343
14607,4598
14608,2407
14609,8344
14610,6244
14611,7798
14612,8346
14613,7290
14614,8348
14615,8295
14616,8289
14617,3700
14618,1381
14619,8344
14620,8200
14621,6723
14622,138
14623,8110
14624,7817
14625,8207
14626,7817
14627,8354
14628,7555
14629,8196
14630,930
14631,2660
14633,7798
14634,8337
14635,8196
14636,8360
14638,8355
14639,8343
14640,8349
14642,8337
14643,8337
14644,8343
14645,7071
14646,8343
14647,8365
14648,8363
14649,2665
14650,8266
14651,8367
14652,196
14653,3019
14654,8333
14655,8373
14656,8333
14657,190
14658,8371
14659,354
14660,7555
14661,8374
14662,4705
14663,183
14664,6977
14665,8373
14666,25
14667,919
14669,2040
14670,7555
14671,6781
14672,3419
14673,200
14674,588
14675,6977
14676,8385
14677,8374
14678,8120
14679,3040
14680,7663
14681,8390
14682,1909
14683,1909
14684,8393
14685,601
14686,8076
14687,601
14688,919
14689,8076
14690,8400
14691,8399
14692,8373
14693,8173
14694,8399
14695,8373
14696,2658
14697,8402
14698,8402
14699,8377
14700,8401
14701,5373
14702,8402
14703,8116
14704,8403
14705,5
14706,7595
14707,8408
14708,8207
14709,8406
14710,8402
14711,3262
14712,449
14713,449
14714,8409
14715,8405
14716,8409
14717,8410
14718,8410
14719,8405
14720,8196
14721,7111
14722,8397
14723,8397
14724,7644
14725,8401
14726,8401
14727,8412
14728,8412
14729,8413
14730,1808
14731,8413
14732,7202
14733,8413
14734,8399
14735,22
14736,55
14737,919
14738,1082
14739,8421
14740,8424
14741,7788
14742,159
14743,8380
14744,8206
14745,8206
14746,8251
14747,4691
14748,8426
14749,8426
14750,8251
14751,8427
14752,8428
14753,8427
14754,8251
14755,8416
14756,8425
14757,8288
14758,8421
14759,8422
14760,2706
14761,4988
14762,8427
14763,8410
14764,8422
14765,4593
14766,2150
14767,2706
14768,8
14769,8434
14770,686
14771,7798
14772,8438
14773,2714
14774,4672
14775,8394
14776,8441
14777,8442
14778,8443
14779,8425
14780,2719
14781,6624
14782,795
14783,239
14784,239
14785,7224
14786,7788
14787,30
14788,159
14789,5
14790,919
14791,1036
14792,183
14793,183
14794,5
14795,930
14796,8
14797,1393
14798,1951
14799,183
14800,1381
14801,183
14802,1283
14803,375
14804,30
14805,30
14806,4187
14807,2067
14808,4370
14809,1036
14810,930
14811,183
14812,30
14813,30
14814,183
14815,930
14816,776
14817,107
14818,183
14819,30
14820,930
14821,7224
14822,183
14823,7434
14824,7224
14825,7456
14826,7224
14827,7224
14828,5189
14829,7224
14830,159
14831,2706
14832,7945
14833,194
14834,8450
14835,501
14836,6967
14837,4856
14838,7224
14839,8428
14840,4398
14841,8454
14842,501
14843,776
14844,8382
14845,5394
14846,4593
14847,2706
14848,930
14849,8458
14850,930
14851,2728
14852,7817
14853,7972
14854,8464
14855,8464
14856,8439
14857,7340
14858,1997
14859,8394
14860,1035
14861,7246
14862,8465
14863,5206
14864,8439
14865,8434
14866,2635
14867,2658
14868,144
14869,8469
14870,6961
14871,7789
14872,5407
14873,8394
14874,8473
14875,8473
14876,5
14877,8474
14878,8476
14879,7255
14880,7883
14881,8477
14882,5206
14883,7918
14884,8314
14885,8476
14886,5836
14887,8469
14888,8485
14889,8004
14890,8487
14891,559
14892,7255
14893,7255
14894,8287
14895,1065
14896,2704
14897,8488
14898,8490
14899,8492
14900,8492
14901,8289
14902,2750
14904,8485
14906,8207
14907,8484
14908,4872
14909,3378
14910,3896
14912,8491
14913,8413
14914,8499
14915,8500
14916,8414
14917,7579
14918,8503
14919,7290
14920,1390
14921,8504
14922,8503
14923,1390
14924,8485
14925,1347
14926,8506
14927,8507
14928,8511
14929,7255
14930,8504
14931,401
14932,8513
14933,8515
14934,8517
14935,8514
14936,8517
14937,8517
14938,8507
14939,183
14940,2126
14941,8515
14942,8517
14943,8521
14944,8501
14945,2772
14946,8501
14947,2773
14948,8504
14949,6977
14950,8523
14952,2775
14953,30
14954,8527
14955,8524
14956,8524
14957,8375
14958,8525
14959,2403
14960,8528
14961,8529
14962,7077
14963,4679
14964,7014
14965,8388
14966,8530
14967,2511
14968,8375
14969,2006
14970,2403
14971,3500
14972,2485
14973,6869
14974,71
14975,8527
14976,8527
14977,2126
14978,8041
14979,686
14980,8401
14981,8401
14982,26
14983,7529
14984,8507
14985,8503
14986,8503
14987,8515
14989,8540
14990,196
14991,8540
14992,7563
14993,603
14994,5594
14995,7863
14996,8233
14997,8528
14998,8541
14999,2403
15000,4364
15001,8542
15002,6895
15003,8541
15004,7529
15005,8534
15006,2798
15007,8415
15008,8353
15009,8076
15010,8507
15012,7945
15013,8553
15014,8397
15015,7224
15016,8353
15017,8041
15018,8076
15019,8425
15020,8541
15021,8549
15022,8555
15023,8452
15024,7734
15025,333
15026,2078
15027,7972
15028,8353
15029,8564
15030,2403
15031,858
15032,8528
15033,7398
15034,7972
15035,6888
15036,8562
15037,8565
15038,7529
15039,4673
15040,495
15041,5594
15043,8552
15044,858
15045,4673
15046,7972
15047,7983
15048,8561
15049,8566
15050,7529
15051,8571
15052,8571
15053,8562
15054,8562
15055,3567
15056,8562
15057,8571
15058,8569
15059,8570
15060,7551
15061,183
15062,8443
15063,8137
15064,8447
15065,8560
15066,2019
15067,7972
15068,5242
15069,4856
15070,4856
15071,887
15072,8581
15073,215
15074,6869
15075,8585
15076,8587
15077,8583
15078,8555
15079,8586
15080,8588
15081,8590
15082,8590
15083,6329
15084,8590
15085,6633
15086,8120
15087,6868
15088,2817
15089,6637
15090,4754
15091,8570
15092,8570
15093,6844
15094,8596
15095,7272
15096,8589
15097,8507
15098,8515
15099,8447
15100,8584
15101,8599
15102,8591
15103,5705
15104,7795
15105,88
15106,2728
15107,776
15108,2807
15109,1623
15110,747
15111,8605
15112,7972
15113,3897
15114,7336
15115,3691
15116,8605
15117,88
15118,8590
15119,8353
15120,2833
15121,1108
15122,8576
15123,747
15124,847
15125,686
15126,8220
15127,7387
15128,8570
15129,8447
15130,8616
15131,8610
15132,8618
15133,1307
15134,8618
15135,8469
15136,8623
15137,8622
15138,1643
15139,7471
15140,3310
15141,7972
15142,7071
15143,6355
15144,8605
15145,8625
15146,6125
15147,8076
15148,747
15149,8600
15150,7972
15151,7972
15152,8542
15153,8447
15154,8631
15155,8635
15156,2802
15157,8625
15158,1526
15159,8637
15160,8542
15161,8521
15162,8109
15163,5594
15164,8638
15165,2849
15166,6993
15167,485
15168,6355
15169,8612
15170,1645
15171,8643
15172,8621
15173,8186
15174,2019
15175,2728
15176,6720
15177,8542
15178,8610
15179,8647
15180,226
15181,8647
15182,8646
15183,7071
15184,8539
15185,8616
15186,4559
15187,6895
15188,8650
15189,8605
15190,1390
15191,8651
15192,8652
15193,6895
15194,6895
15195,8542
15196,8207
15197,253
15198,8653
15199,8655
15200,8653
15201,1643
15202,8657
15203,6872
15204,8655
15205,1390
15206,7119
15207,2860
15208,2129
15209,8605
15210,7224
15211,7224
15212,3757
15213,8661
15214,8655
15215,8605
15216,7972
15217,8662
15218,4127
15219,25
15220,159
15221,159
15222,7972
15223,7972
15224,8664
15225,6250
15226,7250
15227,8662
15228,8662
15229,2847
15230,5546
15231,2485
15232,7250
15233,8650
15235,8657
15236,439
15237,7608
15238,5117
15239,8666
15240,8662
15241,8542
15242,7608
15243,8543
15244,8076
15245,8674
15246,8674
15247,930
15248,930
15249,8676
15250,8627
15251,8627
15252,8627
15253,8605
15254,8635
15255,8663
15256,8639
15257,8685
15258,4253
15259,8688
15260,930
15262,8688
15263,8664
15264,8688
15265,8692
15266,8693
15267,8677
15268,8616
15269,8672
15270,8657
15271,8694
15272,8687
15273,8694
15274,2149
15276,8639
15277,8695
15278,8676
15279,7071
15280,75
15281,8689
15282,4705
15283,8086
15284,5935
15285,8533
15286,8452
15287,8452
15288,930
15289,996
15290,7179
15291,6781
15292,8705
15293,8702
15294,8706
15295,8709
15296,8709
15297,4856
15298,3929
15299,7972
15300,6412
15302,5143
15303,8713
15304,7972
15305,8712
15306,8712
15307,3094
15308,8717
15309,66
15310,8137
15311,8428
15312,449
15313,8719
15314,8653
15315,8653
15316,8716
15317,386
15318,8065
15319,2091
15320,7972
15321,8686
15322,8686
15323,1182
15324,478
15325,8199
15326,3929
15327,3929
15328,8186
15329,2898
15330,8703
15331,7471
15332,8725
15333,8730
15334,840
15335,8705
15336,2199
15337,199
15338,253
15339,2902
15340,7497
15341,5657
15342,8735
15343,8699
15344,478
15345,8737
15346,5657
15347,8738
15348,7952
15349,8733
15350,8676
15351,8735
15352,8738
15353,6781
15354,8
15355,2824
15356,8735
15357,8735
15358,8744
15359,6577
15360,8744
15361,8735
15362,8735
15363,8745
15364,8177
15365,5935
15366,3203
15367,8177
15368,8560
15369,8750
15370,8749
15371,2917
15372,8739
15373,930
15374,8644
15375,1108
15376,5546
15377,2921
15378,5321
15379,8753
15380,2795
15381,8109
15382,8109
15383,8539
15384,315
15385,8748
15386,2392
15387,8560
15388,8560
15389,8560
15390,8753
15391,8753
15392,5546
15393,8752
15394,8651
15395,1643
15396,2981
15397,2040
15398,8605
15399,7555
15400,8686
15401,8762
15402,8763
15403,8741
15404,8766
15405,8768
15406,8770
15407,8741
15408,8734
15409,5503
15410,8758
15411,8732
15412,686
15413,8760
15414,8755
15415,8758
15416,8680
15417,8114
15418,253
15419,7616
15420,5739
15421,8780
15422,8778
15423,8663
15424,8781
15425,5701
15426,8673
15427,8775
15428,6019
15429,8788
15430,8730
15431,8065
15432,183
15433,8783
15434,8790
15435,8790
15436,8523
15437,7250
15438,1354
15439,30
15440,7482
15441,2958
15442,6579
15443,8793
15445,8789
15446,7770
15447,8797
15448,8798
15449,6579
15450,1994
15451,8801
15452,2965
15453,7770
15454,1108
15455,2387
15456,8785
15457,8804
15458,1005
15459,5546
15460,8803
15462,8809
15463,8807
15464,4741
15465,8669
15466,7064
15467,8676
15468,8803
15469,666
15470,8812
15471,8402
15472,8817
15473,8819
15474,3602
15475,8821
15476,8823
15477,2970
15478,8809
15479,6579
15480,8817
15481,2973
15482,1124
15483,7497
15484,8803
15485,8825
15486,2975
15487,8803
15488,8803
15489,5503
15490,5343
15491,8827
15492,7250
15493,7034
15494,7250
15495,8828
15496,8686
15497,8830
15498,8835
15499,8832
15500,8832
15501,7064
15502,8837
15503,8837
15504,8836
15505,8417
15507,8112
15508,8112
15509,2981
15510,2252
15511,8828
15512,930
15513,8076
15514,8844
15515,8845
15516,8797
15517,6779
15518,6779
15519,3489
15520,8845
15521,7334
15522,8794
15523,3572
15524,2970
15525,2513
15526,7224
15527,8605
15528,8859
15529,8859
15530,183
15531,6579
15532,6579
15533,8856
15534,6494
15535,7002
15536,8861
15537,8402
15538,2770
15539,8200
15540,8864
15541,251
15542,8820
15543,8865
15544,7972
15545,8840
15546,8605
15547,8646
15548,8865
15549,1777
15550,8861
15551,7224
15552,3911
15553,5836
15554,8780
15555,8870
15556,8539
15557,8722
15558,8724
15559,8724
15560,8494
15561,4872
15562,8605
15563,8844
15564,8844
15565,4872
15566,8872
15567,5020
15568,8874
15569,8873
15570,8874
15571,8873
15573,5020
15574,8870
15575,7972
15576,8847
15577,8880
15578,183
15579,8884
15580,8877
15581,8872
15582,8851
15583,8882
15584,4253
15585,8417
15586,8417
15587,8872
15588,8781
15589,8875
15590,5594
15591,8417
15592,8417
15593,7928
15594,7224
15595,8865
15596,8847
15597,8865
15598,8844
15599,8884
15600,7795
15601,8724
15602,8724
15603,8884
15604,8871
15605,2149
15606,8873
15607,930
15608,8873
15609,8895
15610,930
15611,4872
15612,8809
15613,8820
15614,8896
15615,8663
15616,8901
15617,8900
15618,8900
15619,8903
15620,6877
15621,8528
15622,8900
15623,8724
15624,8781
15625,5252
15626,4253
15627,8911
15628,3008
15629,8911
15630,8912
15631,8906
15632,2750
15633,8781
15634,8914
15635,6546
15636,8915
15637,8915
15638,8778
15639,8917
15640,7419
15641,3014
15643,930
15644,8916
15645,8897
15646,7169
15647,8757
15648,7071
15649,8663
15650,7290
15651,8923
15652,7290
15653,8895
15654,7928
15655,8242
15656,8921
15657,7224
15658,7106
15659,3019
15660,8926
15661,8927
15662,8116
15663,6979
15664,6979
15665,8884
15666,8898
15667,1212
15668,8920
15669,1150
15670,8922
15671,7417
15672,8920
15673,3026
15674,334
15675,5
15676,1808
15677,334
15678,3277
15679,8938
15680,8940
15681,1050
15682,8719
15683,8900
15684,8754
15685,8944
15686,8945
15687,8754
15688,8944
15689,7795
15690,8946
15691,8242
15692,8242
15693,8949
15694,8173
15695,6072
15696,7828
15697,4111
15698,4111
15699,476
15700,8950
15701,3649
15702,930
15703,930
15704,8953
15705,8402
15706,7770
15707,8954
15708,8957
15709,7169
15710,8958
15711,8259
15712,7482
15713,1689
15714,1689
15715,6369
15716,1689
15717,7972
15718,1124
15719,6082
15720,6082
15721,5544
15722,8958
15723,8605
15724,8884
15726,7616
15727,1106
15728,8402
15729,8962
15730,8958
15731,6781
15732,8694
15733,8970
15734,2199
15735,8780
15736,8966
15737,8967
15738,4364
15739,8589
15740,8974
15741,8248
15742,8974
15743,8975
15744,3058
15745,8973
15746,8220
15747,4001
15748,8978
15749,8970
15750,1050
15752,8973
15753,7290
15754,8975
15755,8975
15756,183
15757,930
15758,1352
15759,8980
15760,8979
15761,8982
15762,7469
15763,8980
15764,8212
15765,8970
15766,4455
15767,7928
15768,2566
15769,2566
15770,2198
15771,7219
15772,8981
15773,8980
15774,8987
15775,8676
15776,2485
15777,8783
15778,1689
15779,8993
15780,1050
15781,8990
15782,159
15783,6979
15784,8995
15786,8996
15787,8982
15788,227
15789,7482
15790,9002
15791,7972
15792,1107
15793,8489
15794,253
15795,8314
15796,557
15797,8314
15798,7928
15799,8694
15800,7828
15801,7515
15802,9007
15803,5708
15804,5708
15805,130
15806,1106
15807,2817
15808,930
15809,930
15810,9009
15811,9009
15812,8781
15813,74
15814,9005
15815,226
15816,3277
15817,8960
15818,3277
15819,9008
15820,9013
15822,9013
15823,9016
15824,4856
15825,9018
15826,74
15827,2195
15828,9022
15829,2195
15830,9013
15832,4737
15833,4737
15834,8314
15835,8314
15836,9024
15837,9015
15838,8849
15839,3094
15840,2164
15841,9029
15842,9027
15843,3019
15844,9029
15845,9030
15846,8528
15847,9030
15848,9032
15849,8878
15850,2126
15851,4856
15853,8200
15854,7741
15855,3026
15856,7365
15857,3762
15858,9042
15859,8114
15860,9043
15861,9046
15862,9044
15863,8608
15864,8489
15865,8114
15866,9022
15867,9043
15868,9049
15869,9049
15870,6624
15871,9051
15872,9038
15873,9050
15874,9052
15875,9042
15876,2060
15877,9027
15878,9054
15879,9027
15880,1347
15881,9055
15882,9058
15883,9060
15884,5739
15885,9062
15886,9062
15887,9056
15888,8374
15889,9011
15890,7776
15891,6895
15892,9064
15893,9068
15894,1901
15895,9042
15897,2195
15898,4737
15899,7980
15900,8694
15901,9073
15902,976
15903,9045
15904,253
15905,5509
15906,9077
15907,9080
15908,9085
15909,9086
15910,9042
15911,9042
15912,2817
15913,582
15914,2645
15915,9079
15916,2645
15917,2403
15918,3419
15919,3419
15920,2539
15921,3125
15922,2906
15923,9092
15924,2970
15925,3019
15926,8438
15928,6434
15930,8438
15931,9001
15932,9096
15933,9097
15934,9063
15935,8391
15936,3277
15937,7290
15938,8033
15939,5739
15940,9101
15941,2316
15942,5959
15943,8836
15944,565
15945,9100
15946,8438
15947,8438
15948,9105
15949,8686
15950,2316
15951,72
15952,5031
15953,9103
15954,5546
15955,9100
15956,9110
15957,9065
15958,9030
15959,9064
15960,9063
15961,2660
15962,1059
15963,9113
15965,8469
15966,6637
15967,3943
15968,9119
15969,9119
15970,9118
15971,9091
15973,9119
15974,8955
15975,9122
15976,5561
15977,5443
15978,9007
15979,8485
15980,2775
15981,9124
15982,9123
15983,2775
15984,3100
15985,5561
15986,686
15987,1764
15988,7837
15989,2146
15990,2921
15991,7972
15992,9120
15993,9127
15994,9131
15996,7828
15997,1050
15998,2921
15999,7052
16000,4001
16002,9118
16003,7425
16004,9118
16005,2912
16006,8259
16007,9064
16008,9140
16009,8881
16010,6637
16011,8391
16012,8089
16013,8089
16014,9146
16015,7343
16016,438
16017,9141
16018,9144
16019,9151
16020,8438
16021,8509
16022,4908
16023,4908
16024,4253
16025,7555
16026,8881
16027,7555
16028,8114
16029,5464
16030,431
16031,9118
16032,8881
16033,9155
16034,8929
16035,9142
16036,9155
16038,2091
16039,9142
16040,9161
16041,6633
16042,6597
16043,9163
16044,9163
16045,9158
16046,9097
16047,9097
16048,5561
16049,7788
16050,4240
16051,9167
16052,9142
16053,9164
16054,9169
16055,3293
16056,9169
16057,1225
16058,2336
16059,2146
16060,6748
16061,7290
16062,8137
16063,8137
16064,9176
16065,9003
16066,9176
16067,4426
16068,4679
16069,9174
16070,449
16071,5
16072,9177
16073,4611
16074,3301
16075,8754
16076,8291
16077,4611
16078,8076
16079,9178
16080,5011
16081,7354
16082,9142
16083,9182
16084,9180
16085,1764
16086,2019
16087,8701
16088,8701
16089,8226
16090,7224
16091,9181
16092,9182
16093,8373
16094,3019
16095,9185
16096,9185
16097,1763
16098,8226
16099,9190
16100,9185
16101,9193
16102,9194
16104,6624
16105,9197
16106,9200
16107,8701
16108,9195
16110,7972
16111,8701
16112,9202
16113,8701
16114,7411
16115,7471
16119,9200
16120,9200
16121,7788
16122,686
16123,9203
16124,219
16125,9163
16126,9206
16127,9208
16128,9181
16129,8705
16130,1265
16131,9181
16133,6434
16134,3203
16135,3205
16136,4013
16137,9192
16138,8207
16139,9208
16140,8608
16141,9194
16142,9194
16143,9177
16144,9140
16145,9213
16146,8469
16147,8469
16148,5104
16149,9221
16150,9224
16151,789
16152,8781
16153,8692
16154,9158
16155,5509
16156,887
16157,3248
16158,9222
16159,9232
16160,990
16161,9206
16162,196
16163,9151
16164,7900
16165,9231
16166,7900
16167,7900
16168,9233
16169,7555
16170,8701
16171,7471
16172,9232
16173,9234
16174,9238
16175,3325
16176,7052
16177,7941
16178,7968
16179,9241
16180,9242
16181,9204
16182,9222
16183,4376
16185,334
16186,1124
16187,9243
16188,8874
16189,7968
16190,9177
16191,7420
16192,9243
16193,9244
16194,9243
16195,9245
16196,9085
16197,3265
16198,253
16199,7290
16200,9246
16201,9007
16202,8605
16203,364
16204,9246
16205,7420
16206,9250
16207,9246
16208,9249
16209,9248
16210,9249
16211,3269
16212,9209
16213,5289
16214,4505
16215,5289
16216,9244
16217,8242
16218,9254
16219,9253
16220,9253
16221,9252
16222,9254
16223,159
16224,7311
16225,9157
16226,9172
16227,9257
16228,9172
16229,9080
16230,9207
16231,9256
16232,8733
16233,511
16234,7685
16235,7685
16236,9258
16237,9209
16238,188
16239,9259
16240,9247
16241,4856
16242,9247
16243,9258
16244,9087
16245,3277
16246,9264
16247,5
16248,6637
16249,9243
16250,9251
16251,9174
16252,9251
16253,9251
16254,9251
16255,3280
16257,9267
16258,9266
16259,9267
16260,919
16261,569
16262,8526
16263,9216
16264,7482
16265,2513
16266,2635
16267,3748
16268,7828
16269,8605
16270,9249
16271,9249
16272,4625
16273,6785
16274,8772
16275,9013
16276,9267
16277,3868
16278,8158
16279,8158
16280,6785
16281,2824
16282,9251
16283,8687
16284,9251
16285,2824
16286,8462
16287,7741
16288,3586
16289,9206
16290,8462
16291,6785
16292,9275
16293,8517
16294,9216
16295,7968
16296,23
16297,9278
16298,5264
16299,7521
16300,9206
16301,3725
16302,9277
16303,8462
16304,9282
16305,7375
16306,3301
16307,7375
16308,1833
16309,8927
16310,8927
16312,9284
16313,8317
16314,3306
16315,7486
16316,8812
16317,8733
16318,8733
16319,1795
16320,4975
16321,9289
16322,5617
16323,9291
16324,130
16325,3309
16326,311
16327,9292
16328,3310
16329,2392
16330,791
16331,3725
16332,1219
16333,8462
16334,7375
16335,8772
16336,7282
16337,8772
16338,7482
16339,9288
16340,9289
16341,9003
16342,9087
16343,9144
16344,5594
16345,5594
16346,4552
16347,1540
16348,1540
16349,9290
16350,8724
16351,9304
16352,601
16353,9294
16354,8605
16355,8662
16356,9306
16357,9306
16358,4426
16359,523
16360,8676
16361,6971
16362,5471
16363,9309
16364,8242
16365,7224
16366,9313
16367,9314
16368,2970
16369,9295
16370,7734
16371,9317
16372,9317
16373,9317
16374,9013
16375,8462
16376,9321
16377,9251
16378,9318
16379,9206
16380,438
16381,9322
16382,9320
16383,9172
16384,36
16385,9294
16386,9318
16387,9324
16388,9326
16389,3331
16390,9251
16391,9233
16392,9328
16393,9013
16394,9328
16395,8927
16396,6993
16397,8662
16398,6897
16399,6993
16400,8116
16401,5892
16402,8116
16403,9177
16404,7135
16405,1351
16406,2336
16407,9323
16408,9253
16409,5935
16410,9340
16411,9296
16412,4856
16413,442
16414,1107
16415,2592
16416,9337
16417,1107
16418,4856
16419,7290
16420,8361
16421,8750
16422,7224
16423,740
16424,9318
16425,9318
16426,9304
16427,9344
16428,4253
16429,196
16430,2126
16431,2126
16432,7258
16433,740
16434,9335
16435,740
16436,2336
16438,9346
16439,1765
16440,7712
16441,7712
16442,9348
16443,9348
16444,9327
16445,442
16446,7258
16447,9332
16448,9233
16449,840
16450,9349
16451,7258
16452,9340
16453,9351
16454,9354
16455,8116
16456,9353
16457,9351
16458,7258
16459,8120
16460,9222
16461,9356
16462,9340
16463,9344
16464,9344
16465,3053
16466,6782
16467,29
16468,29
16469,5594
16470,9177
16471,5902
16472,9363
16473,9363
16474,9363
16475,7224
16476,4856
16477,9348
16478,9362
16479,9365
16480,9346
16481,4426
16482,9368
16483,9343
16484,5701
16485,9365
16486,9367
16487,9366
16488,9233
16489,9343
16490,9203
16491,6178
16492,9362
16493,8595
16494,8595
16495,9369
16496,199
16497,4673
16498,315
16499,1540
16500,4778
16501,4778
16502,4778
16503,7425
16504,1540
16505,9336
16506,3369
16507,5946
16508,9013
16509,3826
16510,5946
16511,7733
16512,7918
16513,9013
16514,3826
16515,7733
16516,7819
16517,3826
16518,6484
16519,7059
16520,7819
16521,6484
16522,4872
16523,6329
16524,6329
16525,3826
16526,5025
16527,7425
16528,6484
16529,6484
16530,1141
16531,3188
16532,6484
16533,5946
16534,7202
16535,7673
16536,9089
16537,959
16538,6484
16539,6897
16540,9375
16671,9371
16672,4610
16673,88
16674,1765
16675,6484
16676,1540
16677,1540
16678,9342
16679,3835
16680,9292
16681,3376
16682,8221
16683,8221
16684,9328
16686,5025
16687,6484
16688,7365
16689,6844
16690,7972
16691,442
16692,9384
16693,7170
16694,5003
16695,4856
16696,9013
16697,9254
16698,9379
16699,9379
16700,9384
16701,9233
16702,6432
16703,919
16704,8454
16705,3382
16706,9386
16707,7409
16708,9320
16709,9320
16710,2310
16711,2485
16712,8595
16713,8662
16714,8926
16715,7365
16716,264
16717,9389
16718,8013
16719,7817
16720,9391
16721,8212
16722,9392
16724,6289
16725,9004
16726,7365
16727,7425
16728,9266
16729,7425
16730,7817
16731,9394
16732,2772
16733,9390
16734,1043
16735,9342
16736,9342
16737,7224
16738,9295
16739,9399
16740,5594
16741,9397
16742,3396
16743,1583
16744,9405
16745,7425
16746,7365
16747,9375
16748,9399
16749,5967
16750,7365
16751,9381
16752,4348
16753,9402
16754,9384
16757,9203
16758,9203
16759,9391
16760,9414
16761,1098
16762,9379
16763,3826
16764,1765
16765,3826
16766,9417
16767,8541
16768,1352
16769,8763
16770,1036
16771,9332
16772,2110
16773,7972
16774,9419
16775,3468
16776,9315
16777,5161
16778,9389
16779,7258
16780,2079
16781,9394
16782,3432
16783,59
16784,7828
16785,666
16786,9425
16787,266
16788,9426
16789,9426
16790,9426
16791,9426
16792,9426
16793,9426
16794,9426
16795,9426
16796,9426
16797,9426
16798,9430
16799,9429
16800,9429
16801,647
16802,7819
16803,68
16804,68
16805,3903
16806,2392
16807,919
16808,71
16809,9435
16810,9423
16811,9440
16812,9440
16813,9425
16814,9442
16815,7650
16816,9443
16817,1513
16818,9432
16819,5384
16820,9447
16821,9418
16822,2660
16823,2387
16824,449
16825,9363
16826,5387
16827,9445
16828,8526
16829,3376
16830,8507
16831,9456
16832,8849
16833,3812
16834,2039
16835,9458
16836,9445
16837,3454
16838,9394
16839,2795
16840,9354
16841,1871
16842,2150
16843,9462
16844,9463
16845,9448
16846,9461
16847,9031
16848,9451
16849,9464
16850,9459
16851,9463
16852,8763
16853,1347
16854,1993
16855,8794
16856,9456
16857,9471
16858,1977
16859,2322
16860,4514
16861,9451
16862,3837
16863,9475
16864,1250
16865,2690
16866,9007
16867,3242
16868,9480
16869,7647
16870,9343
16871,1154
16872,9007
16873,9487
16874,9475
16875,3468
16876,9490
16877,445
16878,9484
16879,9491
16880,9485
16881,9484
16882,1699
16883,9493
16884,2783
16885,9489
16886,9470
16887,1913
16888,8605
16889,9343
16890,9495
16891,8647
16892,7258
16893,7258
16894,9493
16895,9495
16896,9498
16897,401
16898,9141
16899,52
16900,9497
16901,9469
16902,9469
16903,9469
16904,8539
16905,226
16906,9004
16907,919
16908,9501
16909,9437
16910,9470
16911,3354
16912,1307
16913,9399
16914,218
16915,9505
16916,9505
16917,4510
16918,9292
16919,9292
16920,7482
16921,9508
16922,9509
16923,401
16924,9506
16925,9507
16926,3098
16927,9485
16928,9511
16929,9437
16930,3382
16931,9513
16932,5305
16933,6434
16934,9514
16935,9497
16936,5750
16937,7287
16938,7287
16939,261
16940,4510
16941,9514
16942,9437
16943,9497
16944,9497
16945,1913
16946,6484
16947,9497
16948,9004
16949,858
16950,858
16951,9519
16952,5192
16953,9520
16954,6432
16955,81
16956,9519
16957,9497
16958,6711
16959,9522
16960,753
16961,9378
16962,9524
16963,5880
16964,7290
16965,9524
16966,9524
16967,9524
16968,5461
16969,9524
16970,5031
16971,8926
16972,9523
16973,9004
16974,9531
16975,7251
16976,9253
16977,9383
16978,401
16979,3484
16980,7497
16981,3485
16982,686
16983,9533
16984,7251
16985,9523
16986,9538
16987,1913
16988,6400
16989,4168
16990,3488
16991,2485
16992,8910
16993,9541
16994,9141
16995,9543
16996,9523
16997,7972
16998,8759
16999,9469
17000,223
17001,5706
17002,9546
17003,9547
17004,6133
17005,9490
17006,6133
17007,8750
17008,9490
17009,9551
17010,9490
17011,930
17012,2020
17013,7803
17014,9550
17015,4505
17016,8242
17017,3382
17018,7837
17019,7837
17020,3514
17021,647
17022,9559
17023,3293
17024,9249
17025,9557
17026,9562
17027,3721
17028,6957
17029,7639
17030,9560
17031,9563
17032,9565
17033,9562
17034,9560
17035,8534
17036,9358
17037,9568
17038,9146
17041,9571
17042,9571
17043,9570
17044,9146
17045,9424
17046,9572
17047,6355
17048,8534
17049,253
17050,7251
17051,9536
17052,9575
17053,5739
17054,9568
17055,9076
17056,9578
17057,9576
17058,9544
17059,3285
17060,3812
17061,3812
17062,9568
17063,3812
17064,9582
17065,9575
17066,9521
17067,3812
17068,7459
17069,6067
17070,8534
17071,9578
17072,8560
17073,919
17075,9394
17076,9007
17077,253
17078,9591
17079,9590
17080,9589
17081,2795
17082,71
17083,3541
17084,9592
17085,7015
17086,3812
17087,9571
17088,7453
17089,8927
17090,9595
17091,6698
17092,6698
17093,4611
17094,8915
17096,7818
17097,9592
17098,8793
17099,9598
17100,3552
17101,2772
17102,1390
17103,7186
17104,7241
17105,9603
17106,9595
17107,4211
17108,1643
17109,9607
17110,8114
17111,9366
17112,9015
17113,174
17114,168
17115,3748
17116,9607
17117,1913
17118,1913
17119,9581
17121,8924
17122,9616
17123,6355
17124,9533
17125,523
17126,9607
17127,2958
17128,2958
17129,9621
17130,795
17131,9619
17132,9619
17133,7251
17134,3467
17135,3467
17136,3701
17137,9562
17138,9622
17139,4241
17140,7071
17141,9458
17142,9589
17143,9589
17144,9589
17145,6703
17146,9623
17147,9629
17148,442
17149,442
17150,3567
17151,9623
17152,9628
17153,9622
17154,9622
17155,2739
17156,7375
17157,8705
17158,6318
17159,9635
17160,9606
17161,9636
17162,9628
17163,196
17164,8539
17165,9638
17166,6000
17167,9640
17168,9630
17169,9639
17170,9642
17171,930
17172,9644
17173,795
17174,9628
17175,9506
17177,930
17178,8690
17179,5005
17180,1224
17181,9573
17182,9494
17183,4673
17184,8783
17185,2658
17186,9637
17187,6957
17188,183
17189,9648
17190,3577
17191,9649
17192,7550
17193,2371
17194,6029
17196,9216
17198,9649
17199,686
17200,5836
17201,9656
17202,3582
17203,9657
17205,4099
17206,9657
17207,9661
17208,9662
17209,9619
17210,7482
17211,8116
17212,9637
17213,9666
17214,1663
17215,9506
17216,6029
17217,9669
17218,6521
17219,8960
17220,8960
17221,223
17223,71
17224,3595
17225,6957
17226,9674
17227,9676
17228,8605
17229,9649
17230,8218
17231,9669
17232,5
17233,9187
17234,9676
17235,9676
17236,4673
17237,9523
17238,9523
17239,7972
17240,9676
17241,9649
17242,9677
17243,9677
17244,3601
17246,2898
17247,9671
17248,9671
17249,2956
17250,9525
17251,9208
17252,9677
17253,3546
17254,1227
17255,9677
17256,7420
17257,8717
17258,8717
17259,9686
17260,9686
17261,9686
17262,6897
17263,3826
17264,9532
17265,5626
17266,7584
17267,8924
17268,9289
17269,9687
17270,9683
17271,4048
17272,6000
17273,9208
17274,990
17275,781
17276,9683
17277,9169
17278,9692
17279,8431
17280,9696
17281,9683
17282,1818
17283,9618
17284,4521
17285,8116
17286,776
17287,9701
17288,9322
17289,5
17290,9657
17291,9702
17292,9708
17293,9708
17294,366
17295,5337
17296,9711
17297,9712
17298,4856
17299,4856
17300,601
17301,887
17302,1670
17303,4856
17304,9715
17305,7159
17306,9202
17307,2725
17308,9722
17309,9723
17310,9726
17311,9711
17312,9721
17313,9732
17314,9725
17315,9722
17316,9734
17317,9732
17318,9725
17319,9571
17320,9728
17321,9728
17322,2970
17324,9553
17325,9497
17326,9740
17327,9743
17328,183
17329,9743
17330,4321
17331,74
17332,219
17333,364
17334,561
17335,1347
17336,9726
17337,9738
17338,8669
17340,9749
17341,930
17342,3058
17343,9744
17344,8758
17345,6547
17346,159
17347,9719
17348,9734
17349,9747
17350,9757
17351,9742
17352,9731
17353,5939
17354,6857
17355,9742
17356,9751
17357,9437
17358,9437
17359,9756
17360,9731
17361,9506
17362,9576
17363,3671
17364,9647
17365,9765
17366,6877
17367,9724
17368,9724
17369,9723
17370,9762
17371,9759
17372,9761
17373,2535
17374,9770
17375,7482
17376,9753
17377,6857
17378,4843
17379,3017
17380,6432
17381,7568
17382,8590
17383,9649
17384,9437
17385,8783
17386,5387
17387,6857
17388,196
17389,8472
17390,5739
17391,930
17392,9738
17393,9619
17394,2789
17395,9775
17396,2789
17397,8402
17398,196
17399,9775
17400,9784
17401,9542
17402,6432
17403,9563
17404,9254
17405,7071
17406,557
17407,8836
17408,888
17409,9788
17410,9623
17411,1540
17412,8336
17413,3107
17414,2830
17415,9770
17416,8590
17417,6666
17418,1558
17419,9797
17420,9786
17421,9342
17422,3912
17423,6657
17424,7972
17425,3309
17426,9802
17427,3320
17428,8336
17429,9169
17430,9794
17431,5836
17432,8937
17433,8336
17434,8507
17435,71
17436,9695
17437,9728
17438,6412
17439,5836
17440,9809
17441,8033
17442,3699
17443,9804
17444,2101
17445,9814
17446,9722
17447,9813
17448,9126
17449,9812
17450,9738
17451,9818
17452,9820
17453,1084
17454,183
17455,1080
17456,5836
17457,9738
17458,9142
17459,7555
17460,9711
17461,2116
17462,9824
17463,4856
17464,6521
17465,8854
17466,196
17467,9830
17468,3919
17469,887
17470,9832
17471,561
17472,8717
17473,9834
17474,7290
17475,9836
17476,9824
17477,858
17479,9759
17480,8924
17481,9833
17482,9834
17483,9839
17484,2392
17485,9671
17486,9847
17487,9847
17488,9847
17489,494
17490,9847
17491,9839
17492,2116
17493,9839
17494,9824
17495,7290
17496,7290
17497,8960
17498,9838
17499,9828
17500,1939
17501,5121
17502,9722
17503,9838
17504,9773
17505,9851
17506,9845
17507,5836
17508,9853
17509,919
17510,2817
17511,770
17513,3188
17514,2392
17515,9828
17516,9828
17517,2113
17518,4843
17519,6967
17520,9831
17521,9007
17522,9863
17523,9863
17524,9774
17525,7420
17526,6692
17527,7194
17528,8453
17529,4884
17530,4884
17532,9738
17533,9869
17534,4884
17535,8259
17536,9871
17538,13
17539,9874
17540,8453
17541,561
17542,7271
17543,9876
17544,9576
17545,9877
17546,9853
17547,9871
17548,9876
17549,9879
17550,9876
17551,9876
17552,9881
17553,7411
17554,7684
17555,9878
17556,9281
17557,8927
17558,9834
17559,2885
17560,114
17561,9882
17563,8454
17564,9885
17565,5221
17567,9886
17568,9437
17571,6579
17572,9887
17573,1765
17574,2392
17576,5862
17577,5880
17578,3732
17579,9890
17580,9891
17581,7972
17582,9894
17583,696
17584,696
17587,9266
17588,9899
17589,6692
17590,9583
17591,9583
17593,9253
17594,9904
17595,9904
17596,8388
17597,1356
17598,5220
17599,5221
17600,2660
17601,686
17602,2970
17603,9909
17604,9885
17605,5
17606,9913
17607,3748
17608,9158
17609,9886
17610,9886
17611,9918
17613,9912
17614,9886
17615,9918
17616,9919
17617,686
17618,930
17619,6120
17620,4856
17621,3269
17622,4263
17623,88
17624,1036
17625,8259
17626,5264
17627,858
17628,858
17629,8960
17630,9917
17631,8259
17632,9891
17633,364
17634,8033
17635,9923
17636,9923
17637,9923
17638,1320
17639,9890
17640,7577
17641,9886
17642,9920
17643,8461
17644,3026
17645,9900
17646,9217
17647,9912
17648,9926
17649,9912
17650,9927
17651,9136
17652,9405
17653,9773
17654,9880
17655,9901
17656,9861
17657,9862
17658,9867
17659,9405
17660,4394
17661,9192
17662,9896
17663,9931
17664,9918
17665,9933
17666,9934
17667,3774
17668,9927
17669,7071
17670,9941
17671,9928
17672,9928
17673,8946
17674,4884
17675,4884
17676,9942
17677,7466
17678,7466
17679,9918
17680,6446
17681,9918
17682,9918
17683,8790
17684,2073
17685,9217
17686,8790
17687,9928
17688,9928
17689,9944
17690,9912
17691,5710
17692,6875
17693,6432
17694,6432
17695,6875
17696,9583
17697,9940
17698,9952
17699,9882
17700,1991
17701,7276
17702,4319
17703,9348
17704,4319
17705,9955
17706,9784
17709,9954
17710,3794
17711,9888
17713,9732
17714,9711
17715,9940
17716,9926
17717,9929
17718,9944
17719,9711
17720,9949
17721,9617
17722,9394
17723,9964
17724,9964
17725,9964
17726,9971
17727,9971
17728,5059
17729,9968
17730,9979
17731,9975
17732,7744
17733,9953
17734,9958
17735,9963
17736,9972
17737,9976
17739,9760
17740,8619
17741,7290
17742,6897
17743,9976
17744,1620
17745,7192
17746,930
17747,9975
17748,9975
17749,930
17750,1329
17751,5494
17752,9787
17753,7776
17754,7486
17755,55
17758,9985
17759,9986
17760,9784
17763,3805
17764,2820
17765,3292
17767,9990
17768,9992
17769,9900
17770,8033
17771,9987
17772,6512
17773,7046
17774,8306
17775,9993
17776,9981
17777,7448
17778,9975
17779,9995
17780,7046
17781,9997
17782,9326
17783,9326
17784,9843
17785,7486
17786,10000
17787,9999
17788,9900
17789,10000
17790,9994
17791,4621
17792,10001
17793,9999
17794,9973
17795,9973
17796,9973
17797,9973
17798,9394
17799,236
17800,236
17801,830
17802,541
17803,9007
17804,2938
17805,7603
17806,9843
17807,9996
17808,9998
17809,10003
17810,10004
17811,9975
17812,5264
17813,7448
17814,9007
17815,9281
17816,9998
17817,10010
17818,10010
17819,1381
17820,10001
17821,743
17822,10001
17823,1141
17824,9894
17825,9986
17826,9986
17827,9222
17828,3572
17829,4843
17831,10017
17832,10006
17833,7290
17834,9344
17835,9975
17836,1036
17837,9998
17838,9994
17839,6387
17840,3826
17841,3098
17842,9975
17843,2742
17844,8897
17845,9976
17846,7290
17847,9281
17849,9915
17850,5331
17851,845
17852,10030
17853,5657
17854,5
17855,10033
17856,10013
17857,10020
17858,10027
17859,9829
17860,10003
17861,3835
17862,10037
17863,1909
17864,10040
17865,1909
17866,10041
17867,9915
17868,4843
17869,9636
17870,4754
17871,1389
17872,9998
17873,10017
17874,5836
17875,10046
17876,9174
17877,9174
17878,9975
17880,1583
17881,10050
17882,2636
17883,10052
17884,5
17885,9412
17886,4262
17887,5
17888,9677
17889,10053
17890,9971
17891,6897
17892,8960
17893,6897
17894,3017
17895,9345
17896,6067
17897,10057
17898,3826
17899,10055
17900,7290
17902,10051
17903,10056
17904,4856
17905,9394
17906,8926
17907,6946
17908,4572
17909,9007
17910,10052
17911,9944
17912,7250
17913,7448
17914,9990
17915,9990
17916,10061
17917,10060
17918,10062
17919,9746
17920,3345
17921,10064
17922,10064
17923,7448
17924,4611
17925,1084
17926,10058
17927,10060
17928,4856
17929,4856
17930,10069
17931,7884
17932,7884
17933,449
17934,9677
17935,6774
17936,7448
17937,10065
17938,10055
17939,9998
17940,2040
17941,2073
17942,8937
17943,10077
17944,8937
17945,10070
17946,8937
17947,5509
17948,4856
17949,4268
17950,4505
17951,10077
17952,9913
17953,8800
17954,3874
17955,919
17956,10081
17957,919
17958,9900
17959,9900
17960,8937
17961,9546
17962,10026
17963,9546
17964,10085
17965,10087
17966,9007
17967,2660
17968,10050
17969,22
17970,10091
17971,4376
17972,3591
17973,2772
17974,4376
17975,9437
17976,9998
17977,5
17978,10092
17979,9249
17980,9746
17981,702
17982,10073
17983,10098
17984,930
17985,10098
17986,10098
17987,9162
17988,9586
17989,10101
17990,1763
17991,10102
17992,9586
17993,10103
17994,9915
17995,8333
17996,9162
17997,10086
17998,10100
17999,10086
18000,10106
18001,10107
18002,442
18003,1533
18004,10098
18005,10110
18006,8207
18007,10113
18008,1108
18009,1108
18010,10100
18011,10112
18012,10114
18013,10117
18014,10118
18015,10117
18016,3903
18017,6029
18018,10088
18019,10116
18020,10122
18021,10122
18022,9007
18023,10055
18024,1709
18025,10128
18026,10126
18027,1739
18028,4856
18029,1146
18030,1146
18031,253
18032,10130
18033,10131
18034,10117
18035,142
18036,10134
18037,10122
18038,10079
18039,10135
18040,4257
18041,8960
18042,10119
18043,9971
18044,10123
18045,10137
18046,10137
18047,7546
18048,3911
18049,10140
18050,10141
18051,10118
18052,144
18054,10117
18055,6499
18056,9671
18057,10127
18058,10151
18059,10151
18060,3008
18061,8086
18062,10152
18063,10155
18064,10126
18065,10152
18066,930
18067,919
18068,10160
18069,9217
18070,10159
18071,3919
18072,10100
18073,10163
18075,2403
18076,10170
18077,10173
18078,10171
18079,10174
18080,9007
18081,10114
18082,5264
18083,9797
18084,9797
18085,8241
18086,10151
18087,7250
18088,10177
18089,1501
18090,10151
18091,765
18092,10031
18093,10180
18094,9953
18095,5836
18096,1393
18097,3336
18099,10187
18100,10186
18101,1977
18102,2392
18103,10114
18104,3262
18105,8419
18106,9822
18107,10176
18108,10173
18109,10114
18110,10164
18111,5921
18112,9266
18113,10179
18114,7891
18115,10190
18116,10191
18117,10194
18118,930
18119,7681
18120,4756
18121,1381
18122,10142
18123,7290
18124,10197
18125,10197
18126,8498
18127,4685
18128,10191
18129,339
18130,800
18131,4598
18133,1739
18134,10205
18135,4630
18136,7953
18137,10206
18138,10126
18139,10185
18140,10199
18141,2046
18142,10208
18143,847
18144,6487
18145,3443
18146,10186
18147,4701
18148,400
18149,10210
18150,10208
18151,10043
18152,10044
18153,8754
18154,10117
18155,9887
18156,10211
18157,10210
18158,9326
18159,9867
18160,10108
18161,7064
18162,9887
18163,10211
18164,10216
18165,9975
18166,8413
18167,10217
18168,10191
18169,10217
18170,7250
18171,10211
18172,8413
18173,10218
18174,10197
18175,10197
18176,2046
18177,9975
18178,10213
18179,9247
18180,10226
18181,10222
18182,10227
18183,10228
18184,10232
18185,10219
18186,9007
18187,7884
18188,588
18189,10168
18190,7546
18191,1894
18192,6957
18193,10218
18194,10233
18195,10237
18196,10237
18197,10235
18198,4176
18199,7224
18200,10198
18201,8890
18202,10164
18203,10213
18204,9146
18205,7224
18206,6955
18207,10197
18208,1499
18209,2371
18210,10250
18211,10237
18212,10234
18213,10253
18214,10253
18215,5321
18216,10089
18217,7546
18218,9424
18219,10197
18220,1657
18221,6178
18222,9266
18223,5891
18224,9444
18225,9546
18226,10231
18227,10259
18228,10260
18229,10259
18230,10261
18231,10261
18232,10261
18233,74
18234,10238
18235,10238
18236,7250
18237,10090
18238,7156
18239,10089
18240,10089
18241,10261
18242,10266
18243,4238
18244,10267
18245,10268
18246,10269
18247,10233
18248,10270
18249,10266
18250,7290
18251,10057
18252,10229
18253,10229
18254,10229
18255,10229
18256,4843
18257,7234
18258,1913
18259,10260
18260,7803
18261,10199
18262,9266
18263,10266
18264,10266
18265,10274
18266,10266
18267,10273
18268,1945
18269,10270
18270,10279
18271,8453
18272,10280
18273,9007
18274,8705
18275,10283
18276,10284
18277,10285
18278,10285
18279,1913
18280,5464
18281,9887
18282,9112
18283,1272
18284,183
18285,10287
18286,10290
18287,10290
18288,10278
18290,10289
18291,7224
18292,10290
18293,10290
18294,10291
18295,10289
18296,9426
18298,9746
18299,6479
18300,10281
18301,6479
18302,10272
18303,7555
18304,9753
18305,7795
18306,2958
18307,6479
18308,4843
18309,10201
18310,9862
18311,10106
18312,10305
18313,10306
18314,10306
18315,8694
18316,8590
18317,10306
18318,7803
18319,10308
18320,9444
18322,10306
18323,9444
18324,10307
18325,9444
18326,10278
18327,10308
18328,10295
18329,10314
18330,10278
18331,10316
18332,4257
18333,4257
18334,6479
18335,2739
18336,10312
18337,10322
18338,10312
18339,5601
18340,10217
18341,9216
18342,10217
18343,930
18344,10320
18345,5055
18346,10294
18347,10320
18348,10147
18349,10310
18350,6844
18351,4455
18352,2970
18353,8
18354,10259
18355,10217
18356,10217
18357,1709
18358,5407
18359,1005
18360,10337
18361,10335
18362,10335
18363,10338
18364,5836
18365,10138
18366,7546
18367,7546
18368,2998
18369,930
18370,10336
18371,7365
18373,9141
18374,9142
18375,4843
18376,10322
18377,8089
18378,7078
18379,6967
18380,10322
18381,7224
18382,10346
18383,10223
18384,10344
18387,4084
18388,29
18389,10348
18390,29
18391,9586
18392,10350
18393,334
18394,1118
18395,9887
18397,8413
18398,10351
18399,10320
18400,447
18401,29
18402,10359
18403,10106
18404,10355
18405,10364
18406,10365
18407,10365
18408,8516
18409,8489
18410,10218
18411,10358
18412,29
18413,8507
18414,10356
18415,10347
18416,10370
18417,10370
18418,10372
18419,10346
18420,665
18421,10358
18422,8489
18423,919
18424,8489
18425,7650
18426,10379
18427,10379
18428,10376
18429,9007
18430,6
18431,8489
18432,4253
18433,2773
18434,776
18435,8414
18436,8414
18437,2116
18438,10350
18439,5836
18440,10376
18441,10386
18442,8507
18443,10380
18444,10322
18445,10322
18446,10276
18447,6575
18448,10346
18449,9887
18450,10227
18451,10391
18452,2660
18453,1963
18454,10380
18455,9570
18456,253
18457,10354
18458,10388
18459,930
18460,930
18461,10389
18462,10396
18463,10397
18464,10381
18465,10398
18466,10389
18467,9887
18468,10278
18469,10379
18470,9344
18471,9611
18472,9622
18473,1307
18474,10406
18475,10065
18476,10406
18477,562
18478,7609
18479,8142
18480,10295
18481,10408
18482,10404
18483,1739
18484,10289
18485,10411
18486,10380
18487,10413
18488,4253
18489,10415
18491,4048
18492,10416
18493,10416
18494,10404
18495,9887
18496,74
18497,10266
18498,2164
18499,10396
18500,8627
18501,7224
18503,5242
18504,6884
18505,88
18506,1766
18507,10391
18508,10393
18510,4054
18511,4856
18512,4908
18513,88
18514,9141
18515,9887
18516,10031
18517,10428
18518,7078
18519,114
18520,10431
18521,9767
18522,9767
18523,10434
18524,10197
18525,10322
18526,930
18527,1138
18528,7078
18529,10322
18530,10434
18531,9836
18532,4062
18533,9738
18534,10441
18535,3525
18537,1724
18538,10443
18539,1724
18540,10447
18541,686
18542,4498
18543,4774
18544,10448
18545,10448
18546,10451
18547,9444
18548,8977
18549,10266
18550,10266
18551,10456
18552,10442
18553,9887
18554,10459
18555,1320
18556,9397
18557,2860
18558,9782
18559,2860
18560,10456
18561,10452
18562,9621
18563,7928
18564,10106
18565,862
18566,10096
18567,364
18568,10322
18570,6225
18571,8413
18572,10463
18573,614
18574,10268
18575,10464
18576,10096
18577,1724
18578,8413
18579,1138
18580,10322
18581,10465
18582,1138
18583,919
18584,10466
18585,10466
18586,52
18587,7448
18588,8415
18589,9575
18590,9174
18591,1739
18592,1766
18593,10299
18594,10302
18595,6884
18596,154
18597,10472
18599,10304
18600,7918
18601,2107
18602,6103
18603,6103
18604,10477
18605,7918
18606,88
18607,7365
18608,10061
18609,10459
18610,88
18611,10416
18612,10483
18613,1108
18614,1005
18615,1108
18616,10050
18618,7964
18619,10468
18621,10484
18622,10485
18623,99
18624,10484
18625,154
18626,6103
18627,10479
18628,10416
18631,253
18632,10487
18634,10438
18635,1913
18636,10486
18637,10446
18638,9253
18639,6250
18641,7964
18642,7964
18643,9804
18644,10299
18645,9804
18646,10028
18647,10028
18648,3
18649,10445
18650,10501
18651,666
18652,7336
18653,9516
18654,10501
18655,3836
18656,10502
18657,4600
18658,10497
18659,10505
18660,10501
18661,10501
18662,1389
18663,10266
18664,4856
18665,10028
18666,10028
18667,449
18668,4856
18669,10507
18670,10511
18671,10507
18672,10484
18673,10484
18674,10514
18675,10515
18676,10393
18677,4856
18678,9575
18679,183
18680,10518
18681,10518
18682,2970
18683,2970
18684,7556
18685,3019
18686,3019
18687,3762
18688,7086
18689,1991
18690,10497
18691,2073
18692,10521
18693,7250
18694,8539
18695,6329
18696,7086
18697,10519
18698,4908
18700,9576
18701,10524
18703,10322
18704,10500
18706,2025
18707,4110
18709,10069
18710,10500
18711,6552
18712,8960
18713,10378
18714,10528
18715,10531
18716,7471
18717,5739
18718,8089
18719,5226
18720,1036
18721,10529
18722,10344
18723,5739
18724,10543
18725,666
18726,6752
18727,10546
18729,10543
18730,10218
18731,10550
18732,9426
18733,10344
18734,10551
18735,9512
18736,9699
18737,6627
18738,6927
18739,9007
18740,1345
18741,10395
18742,10555
18743,10543
18744,5739
18745,10096
18746,686
18747,3018
18748,10560
18749,6627
18750,10522
18751,9174
18752,8539
18754,6664
18755,6664
18756,10521
18757,10521
18758,10529
18759,2885
18760,5739
18761,10545
18762,735
18763,9444
18765,2113
18766,4872
18767,1445
18768,10570
18769,4872
18770,10044
18771,10508
18772,10571
18773,10571
18774,10508
18775,10508
18776,368
18777,10524
18778,2817
18779,7795
18780,10573
18781,9136
18782,10508
18783,5836
18784,686
18785,2164
18786,3691
18789,8692
18790,6664
18791,10543
18792,7275
18793,6521
18795,10506
18798,10577
18799,10576
18800,10354
18801,10575
18803,6664
18804,9922
18805,4872
18806,919
18807,6664
18808,4358
18809,2116
18810,10585
18811,8
18812,10586
18813,7131
18814,5089
18815,4842
18816,10592
18817,10346
18818,10594
18819,7354
18820,4337
18821,10593
18822,8089
18823,172
18824,7270
18825,9620
18826,10595
18827,9620
18828,9620
18829,10596
18830,10597
18831,10589
18833,9141
18834,10591
18835,10591
18836,5544
18837,8955
18838,5
18839,10600
18840,364
18841,9444
18842,9047
18843,10591
18844,10605
18845,7421
18846,266
18847,10602
18848,10607
18849,10322
18850,10322
18851,10606
18852,4176
18853,930
18854,10577
18855,10614
18856,10616
18857,364
18858,10618
18859,10611
18860,6355
18861,1887
18862,9076
18863,10606
18864,10620
18865,9076
18866,10268
18867,1118
18868,10610
18869,253
18870,2166
18871,887
18872,10623
18873,10621
18874,10591
18875,10456
18876,10610
18877,5
18878,10456
18879,10621
18880,5
18881,9253
18882,10624
18883,10566
18885,10632
18886,10635
18887,776
18888,10609
18889,10603
18890,7255
18891,10639
18892,9007
18893,6432
18894,10642
18895,10646
18896,10619
18897,1514
18898,3826
18899,10633
18900,10633
18901,10633
18902,10593
18903,10633
18904,10651
18905,3058
18906,10635
18907,10028
18908,10653
18909,10210
18910,10653
18911,10653
18912,7463
18913,196
18914,10654
18915,9651
18916,10487
18917,4579
18918,10589
18919,10595
18920,10660
18921,10660
18922,10660
18923,10659
18924,8137
18925,8853
18926,10630
18927,10662
18928,7290
18929,10639
18930,10639
18931,10653
18932,1893
18933,8853
18934,10275
18935,10275
18936,3062
18937,5618
18938,9412
18939,930
18940,6674
18941,3991
18942,6633
18943,9804
18944,10667
18945,9076
18946,1991
18947,253
18948,10639
18949,10669
18950,10667
18951,10667
18952,148
18953,142
18954,9496
18955,10069
18957,10322
18958,77
18959,7290
18960,2970
18961,10659
18962,9496
18963,10674
18964,7818
18965,10675
18966,10676
18967,10651
18969,10028
18970,8853
18971,10630
18972,10630
18973,10667
18974,6674
18975,10665
18976,6674
18977,10132
18978,10677
18979,10677
18980,10665
18981,10665
18982,10651
18983,1514
18984,3591
18985,183
18986,10488
18987,10681
18988,10659
18989,3262
18990,10680
18991,10543
18992,10679
18993,10322
18994,9804
18995,10678
18996,775
18997,6292
18998,4479
18999,10686
19000,10685
19001,7912
19002,10693
19003,10695
19004,10696
19005,10509
19006,10376
19007,10708
19008,179
19010,10708
19011,3579
19012,775
19013,10707
19014,10633
19015,10711
19016,10711
19017,10694
19018,183
19019,183
19020,7411
19021,10676
19022,10717
19023,10716
19024,179
19025,10687
19026,9651
19027,10675
19028,8
19029,9651
19030,10416
19031,10595
19032,10721
19033,7209
19035,10708
19036,1513
19037,10721
19038,10722
19039,10728
19040,10488
19041,10708
19042,10689
19043,10689
19044,9651
19045,3401
19046,692
19047,10710
19048,5317
19049,8509
19050,10734
19051,10735
19052,10557
19053,10724
19054,10275
19055,4226
19056,4479
19058,30
19059,6666
19060,10742
19061,10744
19062,10416
19063,10744
19064,10737
19065,10615
19066,10734
19067,10675
19068,10744
19069,10721
19070,253
19071,10736
19072,9525
19073,10322
19074,8509
19075,887
19076,4238
19077,10507
19078,887
19079,10747
19080,7278
19081,253
19082,7278
19083,7278
19084,215
19085,2164
19086,10752
19087,10706
19088,2798
19089,8509
19090,8509
19091,10389
19092,10746
19093,10708
19094,10747
19095,10433
19096,4479
19097,2111
19098,10744
19099,10524
19100,10524
19101,10524
19102,10524
19103,511
19104,10746
19105,2252
19106,10286
19107,10766
19108,10610
19109,2546
19110,2546
19111,919
19112,10101
19113,10750
19114,9914
19115,10768
19116,4253
19117,4257
19118,9311
19119,10720
19120,8378
19121,10775
19122,10595
19123,10595
19124,10776
19125,10777
19126,10777
19127,10776
19128,2965
19129,5
19130,4847
19131,10574
19133,10433
19134,9651
19135,10776
19136,10750
19137,10736
19138,805
19139,10275
19140,10787
19141,10788
19142,4975
19143,10389
19144,10789
19145,10786
19146,10787
19147,4690
19148,10781
19149,10790
19150,2838
19151,10681
19152,10787
19153,8288
19154,791
19155,4278
19156,9335
19157,7290
19158,10089
19159,10507
19160,10795
19162,10796
19163,2973
19164,2252
19165,10791
19166,10797
19167,10793
19168,10785
19169,5836
19170,10799
19171,8920
19172,8920
19173,10795
19174,8
19175,10615
19176,10507
19177,4290
19178,10071
19179,10803
19180,10802
19181,10791
19182,3077
19183,10529
19184,10792
19185,930
19186,10763
19187,10806
19188,85
19189,9136
19190,9311
19191,10809
19192,7259
19193,5836
19194,10811
19195,10810
19196,10810
19197,10524
19198,10641
19199,9413
19200,10389
19201,10811
19202,10811
19203,4402
19204,8413
19205,10766
19206,7973
19207,10722
19209,10507
19210,10728
19211,10722
19212,8982
19213,6597
19214,9651
19215,10040
19216,10815
19217,10820
19218,9651
19219,10820
19220,8999
19222,6552
19223,10040
19224,10824
19225,10433
19226,10825
19227,4812
19228,10828
19229,8013
19230,82
19231,2182
19232,10820
19233,10820
19234,10069
19235,10669
19237,8999
19238,10043
19239,10828
19240,3826
19241,3826
19242,10810
19243,10810
19244,4176
19245,10832
19247,493
19248,10832
19249,10763
19250,10763
19251,5864
19252,10746
19253,10839
19254,10841
19255,919
19256,10833
19257,10841
19258,10840
19259,10841
19260,7290
19261,10844
19262,10844
19263,10830
19264,9699
19265,10845
19266,10845
19267,10676
19268,10845
19269,10676
19270,10821
19271,10821
19272,10821
19273,966
19274,4691
19275,10750
19276,10040
19277,10844
19278,10850
19279,5796
19280,10853
19281,10854
19282,10851
19283,10185
19284,10840
19285,10566
19286,561
19287,10854
19288,10858
19289,179
19290,10832
19291,10810
19292,159
19293,1124
19294,10860
19295,10854
19296,10812
19297,10850
19298,10711
19299,10859
19300,10862
19301,10864
19302,10865
19303,199
19304,7945
19305,8892
19306,7972
19307,4531
19308,10867
19309,7444
19310,6192
19311,10843
19312,9575
19313,10040
19314,1737
19315,10843
19316,10524
19317,1229
19318,10861
19319,10524
19320,10872
19321,7071
19322,10854
19323,1997
19324,4319
19325,10874
19326,7128
19327,10875
19328,7290
19329,9207
19330,7290
19331,8078
19332,10877
19333,8089
19334,8120
19336,10876
19337,9201
19338,10880
19339,4325
19340,9201
19341,1036
19342,8336
19343,10880
19345,10880
19346,10763
19347,2590
19348,10885
19349,7420
19350,9968
19351,10881
19352,10885
19353,10880
19354,10879
19355,7282
19356,8078
19357,7828
19358,2669
19359,5836
19360,4329
19361,10040
19362,8637
19363,10893
19364,7264
19365,10893
19366,601
19367,3903
19368,7025
19369,7972
19370,615
19371,615
19372,10878
19373,615
19374,10892
19375,9007
19376,7264
19377,10897
19378,10875
19379,10124
19380,5513
19381,10630
19382,10880
19383,10897
19384,10857
19386,9808
19387,7282
19388,10897
19389,7282
19390,4147
19391,9201
19392,9384
19393,10893
19394,1764
19395,10837
19396,9433
19397,266
19398,10889
19399,7250
19400,7250
19401,10890
19402,2860
19403,10836
19404,10906
19405,9651
19407,9964
19408,10908
19409,10787
19410,919
19411,10354
19412,10907
19413,10040
19414,10907
19415,10064
19416,930
19417,10901
19418,9899
19419,10913
19420,8388
19421,10914
19422,6793
19423,468
19424,4690
19425,6793
19426,7758
19427,9899
19428,10829
19429,10829
19430,10914
19431,10904
19432,9651
19433,10917
19435,10920
19436,10914
19437,7282
19438,10899
19439,5837
19440,10926
19441,9568
19442,6180
19443,10929
19444,10930
19445,686
19446,4360
19447,919
19448,8373
19449,10193
19450,10923
19451,10771
19454,10938
19455,10909
19456,10861
19457,10939
19458,10940
19459,10479
19460,10941
19461,9486
19462,10941
19463,10941
19464,4376
19465,10941
19466,634
19468,10944
19469,10945
19470,10946
19472,10946
19473,10944
19474,919
19475,5653
19476,10939
19477,10296
19478,10948
19479,1154
19480,9174
19481,10736
19482,333
19484,2798
19485,7603
19486,10949
19487,10785
19488,7603
19489,7603
19490,10259
19491,10950
19492,9858
19493,7119
19494,10669
19495,4398
19496,8783
19497,10210
19498,8783
19499,10958
19500,10749
19501,10210
19502,10776
19503,10210
19505,10950
19506,10749
19507,7497
19508,8889
19509,327
19510,10960
19511,7224
19512,10905
19513,10965
19514,10966
19515,10905
19516,10787
19517,10967
19518,10968
19519,10812
19520,10960
19521,10973
19522,10971
19523,1329
19524,10974
19525,6142
19526,10971
19527,7872
19528,1542
19529,10917
19530,8565
19531,7169
19533,10976
19534,9583
19535,10952
19536,6142
19537,10641
19538,10829
19539,10840
19540,10978
19541,609
19542,4263
19543,9651
19544,88
19545,7169
19546,10980
19547,5720
19548,10981
19549,10790
19550,10790
19551,10790
19552,8927
19553,364
19554,8927
19555,6250
19556,2592
19557,10984
19558,5373
19559,5373
19560,5373
19561,1105
19562,74
19563,10987
19564,10361
19565,197
19566,9680
19567,10768
19568,3572
19569,8632
19570,10990
19571,8
19572,858
19573,9174
19574,5373
19575,7644
19576,10999
19577,930
19578,930
19579,10992
19580,2719
19581,10994
19582,10995
19584,10983
19585,5464
19586,253
19587,11003
19588,2546
19589,11004
19590,7872
19591,11004
19592,2652
19593,10641
19594,4426
19595,10768
19596,9686
19597,10994
19598,10669
19599,11011
19600,10185
19601,159
19602,10969
19603,10484
19604,10979
19605,10979
19606,10496
19607,10683
19608,9975
19609,11011
19610,10992
19611,253
19612,11014
19613,11015
19614,52
19615,10683
19616,10275
19617,10683
19618,10683
19619,1077
19620,10683
19621,10994
19622,10597
19623,11000
19624,2817
19625,8137
19626,10496
19627,8927
19628,11011
19629,8402
19630,10766
19631,1250
19632,10683
19633,778
19634,18
19635,966
19636,9728
19638,5234
19640,961
19641,961
19642,10939
19643,9174
19644,10999
19645,10697
19646,10790
19647,10657
19648,5864
19649,7955
19650,10657
19651,2981
19652,588
19653,8927
19654,11031
19655,10657
19656,11031
19657,10683
19659,127
19660,11032
19661,11032
19662,4011
19663,11040
19664,159
19665,10995
19666,11040
19667,2401
19668,11035
19669,3567
19670,485
19671,11009
19672,10802
19673,10802
19674,5836
19675,10507
19676,11032
19677,9159
19678,10683
19679,159
19680,10887
19681,10976
19682,11039
19683,11031
19684,10697
19685,2809
19686,11053
19687,223
19688,10995
19689,11057
19690,851
19691,223
19692,11057
19693,10963
19694,3140
19695,11061
19697,11052
19699,11047
19700,11059
19701,11062
19702,11062
19703,5264
19704,10474
19705,11061
19706,11030
19707,10286
19708,10963
19709,11032
19710,8642
19711,11064
19712,11017
19713,4916
19714,6169
19715,6411
19716,6723
19717,7535
19718,7536
19719,11030
19720,11032
19721,11047
19722,11070
19723,9187
19724,3794
19725,7174
19726,11060
19727,11071
19728,11032
19729,6961
19730,11032
19731,11032
19732,11073
19733,11073
19734,10597
19735,3488
19736,11064
19737,4598
19738,4598
19739,11032
19740,8724
19741,11067
19742,4853
19743,4853
19744,434
19745,5739
19746,10227
19747,6723
19748,11076
19749,1150
19750,10963
19751,10905
19752,10227
19753,10227
19754,10479
19755,10302
19756,561
19757,10935
19758,5492
19759,5492
19760,4975
19761,1043
19762,10994
19763,11085
19764,5739
19765,2116
19766,5264
19767,11030
19768,8289
19769,7855
19770,10960
19771,11032
19772,486
19773,486
19774,11089
19775,11032
19776,279
19777,11030
19778,5492
19779,7842
19780,9047
19781,7842
19782,6
19783,11091
19784,1106
19785,297
19786,11088
19787,11032
19788,930
19789,10924
19790,11094
19791,11094
19792,11090
19793,159
19794,485
19795,1789
19796,217
19797,11088
19798,11097
19799,1106
19800,442
19801,9680
19802,9680
19803,11098
19804,3919
19805,10976
19806,7972
19807,4856
19808,71
19809,4856
19810,11101
19811,11101
19812,11101
19813,11102
19814,11102
19815,10496
19816,11096
19817,5492
19818,11105
19819,11108
19820,887
19821,11104
19822,11109
19823,887
19824,4479
19825,11107
19826,704
19827,11111
19828,11088
19829,11091
19830,3269
19831,11108
19832,7842
19833,1080
19834,11088
19835,11005
19836,11116
19837,11118
19838,438
19839,7872
19840,511
19841,11119
19842,1573
19843,449
19844,39
19845,2392
19846,4856
19847,11104
19848,1573
19849,4856
19850,1036
19851,11011
19852,11121
19853,6259
19854,8388
19855,11125
19856,11121
19857,2116
19858,4495
19859,11131
19860,4496
19861,11131
19862,11130
19863,2003
19864,11135
19865,11137
19866,11138
19867,11116
19868,11130
19869,11138
19870,11137
19871,11105
19872,10950
19873,11135
19874,3840
19875,11138
19876,11141
19877,7972
19878,11142
19879,870
19880,4426
19881,11142
19882,7555
19883,10829
19884,9836
19885,11143
19886,339
19887,11143
19888,2669
19889,5739
19890,11145
19891,11142
19892,4505
19893,10914
19894,11144
19895,11155
19896,10683
19897,6961
19898,10823
19899,10823
19900,11052
19901,2817
19902,11118
19903,10939
19904,117
19905,9444
19906,9697
19907,11162
19908,11152
19909,11158
19910,11160
19912,1381
19913,11158
19914,5829
19915,919
19916,4505
19918,493
19919,4895
19920,11164
19921,11164
19922,11169
19923,5443
19924,11169
19925,5829
19926,11170
19927,5574
19928,11158
19929,11172
19930,4505
19931,11116
19932,10456
19933,11173
19934,4505
19935,10553
19936,11032
19937,5893
19938,7224
19939,11169
19940,11169
19941,4814
19942,11173
19943,11173
19944,10543
19945,9050
19946,11161
19947,1821
19948,11108
19949,11183
19950,11183
19951,11158
19952,8053
19953,11183
19954,9791
19955,10236
19956,10236
19957,10914
19958,10875
19959,5836
19960,2164
19961,11177
19962,10829
19963,11178
19964,11137
19965,5836
19966,11188
19967,4856
19968,1764
19969,9217
19970,11189
19971,10363
19972,10363
19973,11177
19974,11191
19975,4843
19976,4338
19977,11193
19978,10363
19979,9394
19980,11195
19982,11195
19983,8053
19984,11143
19985,11198
19986,6250
19987,7224
19988,9231
19989,9534
19990,11105
19991,11147
19992,11052
19993,1091
19994,11203
19995,10897
19996,4856
19997,11145
19998,11032
19999,10524
20001,9534
20002,3552
20003,10553
20004,10528
20005,10829
20006,11208
20007,8744
20008,10849
20009,11205
20010,11210
20012,11145
20013,2970
20014,10217
20015,5915
20016,4598
20017,9174
20018,172
20019,11208
20020,1513
20021,8744
20022,11201
20023,11208
20024,74
20025,8744
20026,11208
20027,2970
20028,2970
20029,5274
20030,8413
20031,1191
20032,6961
20033,11220
20034,11218
20035,2970
20036,11220
20037,11222
20038,4856
20039,8744
20040,11052
20041,364
20042,11054
20043,11192
20044,1422
20046,8632
20047,10849
20048,10908
20050,11058
20051,10043
20052,10043
20053,10820
20054,11223
20055,11230
20056,2294
20057,11232
20058,11232
20059,183
20060,588
20062,11232
20063,11225
20064,10914
20065,11230
20067,9606
20068,1154
20069,10999
20070,4856
20071,11236
20072,11236
20073,9007
20074,4856
20075,11237
20076,11184
20077,4856
20078,4783
20079,7603
20080,5705
20081,10026
20082,4559
20083,9342
20084,8397
20085,449
20086,11235
20087,8397
20088,10908
20090,11167
20091,5725
20092,795
20093,10908
20094,10908
20095,10683
20096,11217
20097,10172
20098,11246
20099,4108
20100,6714
20101,10308
20102,11030
20103,11244
20104,9716
20105,9699
20106,11251
20107,9651
20108,7290
20109,11255
20110,11255
20111,11252
20112,11242
20113,11242
20114,11242
20115,11242
20116,401
20117,11227
20118,6014
20119,887
20120,10683
20121,3582
20122,3125
20123,3546
20124,919
20125,11203
20126,5725
20127,11261
20128,11262
20129,11261
20130,6633
20131,11262
20132,6633
20133,10823
20134,4048
20135,4581
20136,10823
20137,253
20138,9994
20139,1994
20140,7425
20141,11269
20142,10843
20143,11262
20145,11270
20146,11270
20147,11270
20148,11275
20149,11195
20150,11195
20151,9047
20152,11272
20153,11244
20154,11278
20155,7615
20156,11195
20157,1146
20158,10976
20159,11195
20160,11269
20161,3189
20162,5544
20163,7448
20164,11282
20165,11262
20166,11272
20167,11268
20168,10474
20169,4598
20170,11287
20171,11287
20172,11272
20173,6236
20174,11290
20175,11279
20176,11282
20177,11290
20178,8320
20179,11292
20180,11292
20181,10849
20182,11269
20183,11294
20184,10976
20185,11293
20186,7497
20188,11279
20189,11279
20190,2725
20191,11251
20192,11299
20193,11300
20194,9413
20195,8112
20196,10820
20197,1036
20198,11292
20199,11302
20200,11244
20201,5696
20202,11302
20203,11240
20204,11309
20205,10217
20206,11302
20207,11302
20208,11311
20209,11313
20210,8112
20211,2392
20212,2392
20213,9618
20214,3501
20215,11317
20216,11314
20217,10515
20218,10515
20219,588
20220,9699
20221,9836
20222,11279
20223,11317
20224,11322
20225,11320
20226,9007
20227,11320
20228,7448
20229,11317
20230,7507
20231,1679
20232,1679
20233,2775
20234,10524
20235,11058
20236,2775
20237,582
20238,11325
20239,10667
20240,4334
20241,11327
20242,11121
20243,11240
20244,10584
20246,8724
20247,11334
20249,2981
20250,11317
20251,4754
20252,11242
20253,10635
20254,11290
20255,11279
20256,11317
20257,2046
20258,11121
20259,11333
20260,11339
20261,11337
20262,11317
20263,988
20264,4479
20265,11346
20266,8652
20267,11349
20268,11349
20269,10630
20270,4843
20271,8652
20272,8927
20274,11349
20275,11327
20276,5544
20277,1327
20278,11354
20279,8927
20280,11240
20281,9249
20282,9249
20283,7555
20284,11201
20285,11361
20286,11362
20287,11361
20288,1815
20289,11363
20290,9231
20291,11363
20292,11366
20293,11363
20294,455
20295,8112
20296,11369
20297,88
20298,4856
20299,11365
20300,11356
20301,10872
20302,11357
20303,11374
20304,4505
20305,11357
20306,11375
20307,11371
20308,3591
20309,11364
20310,11372
20311,11176
20312,11370
20313,561
20314,11342
20315,10094
20316,11372
20317,7828
20318,11381
20319,5865
20320,1716
20321,7151
20322,11382
20323,1270
20324,442
20325,11346
20326,9616
20327,9994
20328,9616
20329,10064
20330,10630
20331,4340
20332,1871
20333,11385
20334,9490
20335,919
20336,11387
20337,11195
20338,9490
20339,1036
20340,10630
20342,11382
20343,11317
20344,10826
20345,11390
20346,6376
20347,9699
20349,11317
20350,4733
20351,3525
20352,11297
20354,6376
20355,11372
20356,247
20357,8991
20358,10026
20359,2981
20360,4872
20361,3438
20362,8991
20363,11398
20364,10851
20365,223
20366,6226
20367,10849
20368,6897
20369,9413
20370,11398
20371,11386
20372,9481
20373,11406
20374,6376
20375,11404
20376,11403
20377,10849
20378,5
20379,9588
20380,667
20381,11409
20382,3501
20383,11411
20384,11409
20385,11411
20386,11411
20387,8812
20388,919
20389,11412
20390,1614
20392,919
20394,4253
20395,10719
20396,11412
20397,4556
20398,11397
20399,11408
20400,2426
20401,7339
20402,3301
20403,919
20404,11416
20405,2038
20406,8812
20407,9588
20408,11279
20409,919
20410,4872
20411,10496
20412,11421
20413,3908
20414,6552
20415,6552
20416,10785
20417,179
20418,11404
20419,4401
20420,442
20422,5351
20423,5909
20424,5739
20425,279
20426,279
20427,9517
20428,6552
20429,11278
20430,11423
20431,10683
20432,11429
20433,11432
20434,11404
20435,1036
20436,10630
20437,11397
20438,11434
20439,11421
20440,11283
20441,11434
20442,9728
20444,10448
20445,11431
20446,11433
20447,11428
20448,11418
20449,11032
20450,11032
20451,11438
20452,11438
20453,11334
20454,5918
20455,11433
20456,11440
20457,2083
20458,7290
20459,8137
20460,11441
20461,11438
20462,170
20463,4856
20464,11361
20465,11361
20466,4856
20467,5918
20468,11437
20469,11296
20470,11384
20471,9699
20472,8991
20473,9534
20474,7555
20475,11446
20476,11447
20477,3096
20478,11290
20479,3096
20480,11449
20481,2804
20482,6845
20483,6845
20484,988
20485,6633
20486,6897
20487,11453
20488,11446
20489,11450
20490,6633
20491,11450
20492,2170
20493,11458
20494,11458
20495,11440
20496,11455
20497,4851
20498,11032
20499,11448
20500,3096
20501,11459
20502,11458
20503,11346
20504,11464
20505,11465
20506,9588
20507,11466
20508,11467
20509,4856
20510,11447
20511,9490
20512,11450
20513,11450
20514,4856
20515,4337
20516,11277
20517,11421
20518,11462
20519,9162
20520,11325
20521,2830
20522,442
20523,11269
20524,10786
20525,10675
20526,4704
20527,4334
20528,4334
20529,11476
20530,11458
20531,11458
20532,11352
20533,10849
20534,10829
20535,1737
20536,11480
20537,4693
20538,183
20539,11472
20540,1381
20541,11463
20542,1393
20543,1393
20544,2546
20545,11471
20546,9716
20547,10026
20548,8807
20549,1036
20550,11455
20551,121
20552,121
20553,11488
20554,10026
20555,8807
20556,11467
20557,11467
20558,11490
20559,9534
20560,9534
20561,6512
20562,6512
20563,11492
20564,2230
20565,10026
20566,11005
20567,264
20568,4551
20569,4036
20570,10806
20571,11032
20572,5962
20573,615
20574,11494
20575,11476
20576,11492
20577,11476
20578,9677
20579,4110
20580,10749
20581,615
20582,6968
20583,11453
20584,11503
20585,1084
20586,11411
20587,442
20588,9375
20589,11510
20590,11508
20591,11508
20592,11510
20593,11512
20594,1150
20595,2750
20596,10749
20597,11508
20598,11500
20599,5678
20600,9174
20601,1005
20602,4479
20603,6300
20604,1329
20605,4213
20606,10675
20607,6082
20608,5120
20609,1397
20610,11524
20611,11511
20613,10749
20614,4733
20615,10749
20616,11525
20617,5505
20618,5505
20619,652
20620,11532
20621,7603
20622,11533
20623,870
20624,4737
20625,1108
20626,9577
20627,11535
20628,1316
20629,8361
20630,11522
20631,11538
20632,9344
20633,11187
20634,6899
20635,11090
20636,6897
20638,11540
20639,10990
20640,10990
20641,11090
20642,11542
20643,8116
20644,7855
20645,11503
20646,11055
20647,9577
20648,1036
20649,11055
20650,11540
20651,919
20652,9534
20653,9103
20654,7964
20655,11090
20656,3140
20657,196
20658,11333
20659,39
20660,11552
20661,11552
20662,4754
20663,11551
20664,11551
20665,11551
20666,6599
20667,8053
20668,10286
20669,8762
20670,5505
20671,805
20672,11559
20673,11559
20674,11559
20675,1808
20676,9007
20677,11559
20678,11560
20679,11055
20680,10849
20681,10849
20682,11551
20683,2073
20684,11555
20685,11555
20686,10849
20688,11556
20689,557
20690,919
20691,11564
20692,11555
20693,4856
20694,4856
20695,8114
20696,5505
20697,2830
20698,11567
20699,9572
20700,10938
20701,11567
20702,11557
20703,11568
20704,11446
20705,2067
20706,11572
20707,266
20708,266
20709,1737
20710,11564
20711,6752
20712,11577
20713,11441
20714,1515
20715,11372
20716,11577
20717,5
20718,11577
20719,1270
20720,8959
20721,10749
20722,6277
20723,8807
20724,11584
20725,11577
20726,10199
20727,8977
20728,11589
20729,840
20730,887
20731,11588
20732,11588
20733,11592
20734,6062
20735,11592
20736,11588
20737,10849
20738,10849
20739,476
20740,10354
20741,11591
20742,10385
20743,11397
20744,11549
20745,11584
20746,10843
20747,11591
20748,11595
20749,6624
20750,11597
20751,10044
20752,10385
20753,1475
20755,11602
20756,11602
20757,11603
20758,11032
20759,71
20760,9546
20761,1915
20762,11397
20763,11595
20764,10849
20765,8320
20766,11608
20767,3652
20768,8320
20769,307
20770,8320
20771,139
20772,11397
20773,11611
20774,8991
20775,8991
20776,8320
20777,10354
20778,8807
20779,11346
20780,4856
20781,6973
20782,174
20783,11511
20784,11520
20785,11616
20786,11615
20787,11597
20788,8986
20789,8137
20790,11617
20791,11294
20792,11592
20793,11592
20794,7555
20795,9348
20796,7555
20797,930
20798,11621
20799,11601
20800,11609
20801,6845
20802,11595
20803,5186
20804,5004
20805,11624
20806,11624
20807,264
20808,447
20809,1371
20810,5544
20811,11625
20812,3799
20813,11615
20814,4916
20815,643
20816,3807
20817,11617
20818,7045
20819,11618
20820,8898
20821,11627
20822,5186
20823,11408
20824,11408
20825,11408
20826,11621
20827,11549
20828,1307
20829,1871
20830,8507
20831,226
20832,11274
20833,11274
20834,6612
20835,10503
20836,11632
20837,7618
20838,4797
20839,10354
20840,5544
20841,11609
20842,7918
20843,11633
20844,10331
20845,930
20846,11628
20847,11584
20848,887
20849,11511
20850,5
20851,6325
20852,9103
20853,11640
20854,10065
20855,11641
20856,741
20857,3582
20858,10175
20859,741
20860,10175
20861,10175
20862,10175
20863,3320
20864,11634
20865,3807
20866,11090
20867,11639
20868,11411
20869,10026
20870,10963
20871,919
20872,7170
20873,1434
20874,183
20875,11645
20876,7964
20877,11562
20878,11645
20879,11646
20880,7071
20881,11508
20882,11615
20883,11649
20884,9444
20885,982
20886,11651
20887,11032
20888,1036
20889,4812
20890,11646
20891,11646
20892,11655
20893,11654
20894,11658
20895,3929
20897,10385
20898,11568
20899,10064
20900,127
20901,11568
20902,9364
20903,9364
20904,11663
20905,11568
20906,11667
20907,1397
20908,10662
20909,11654
20910,11657
20911,11669
20912,3601
20913,11657
20914,11657
20915,11663
20916,11671
20917,11672
20918,11201
20919,10979
20920,11670
20921,11673
20922,11674
20923,368
20924,11623
20925,11674
20926,11676
20927,11677
20928,114
20929,11676
20930,11201
20931,11680
20932,11405
20933,11682
20934,887
20936,10354
20937,3826
20938,11397
20939,11685
20940,11634
20941,3601
20942,4505
20943,11584
20944,8991
20945,11201
20946,7290
20947,11687
20948,8401
20949,11195
20950,11662
20951,11688
20952,11690
20953,11681
20954,9364
20955,11290
20956,1124
20957,11543
20958,11691
20959,2629
20960,8924
20961,887
20962,10849
20963,2479
20964,6640
20965,11032
20966,776
20967,11429
20968,7667
20969,10175
20970,5186
20971,11680
20972,11697
20973,11697
20974,11702
20975,11693
20976,11703
20977,10173
20978,2621
20979,11703
20980,10173
20981,11705
20982,11705
20983,11704
20984,11703
20985,11703
20986,4856
20987,4843
20988,11707
20989,9816
20990,930
20991,930
20992,9816
20993,5339
20994,5339
20995,5339
20996,2073
20997,11691
20998,10849
20999,11700
21000,11639
21001,3807
21002,11549
21003,11716
21004,11384
21005,11712
21006,11716
21007,10173
21008,4856
21010,11719
21011,11719
21012,11717
21013,2875
21014,1036
21016,11721
21018,11691
21019,11708
21020,4862
21021,8670
21022,7603
21023,2313
21024,5739
21025,223
21026,1106
21027,4864
21028,2073
21029,11425
21030,11724
21031,11727
21032,11724
21033,4856
21034,8733
21035,174
21036,11724
21037,11708
21039,11732
21040,11296
21041,10963
21042,5003
21043,11719
21044,11721
21045,11708
21046,11553
21047,4810
21048,5025
21049,8932
21050,10849
21051,4872
21052,11739
21053,11739
21055,11068
21056,11738
21057,11588
21058,11492
21059,11741
21060,10026
21061,11744
21062,11553
21063,11692
21064,10040
21065,11583
21066,10173
21067,11583
21068,2617
21069,795
21070,4881
21071,5836
21073,11746
21074,11649
21075,8507
21076,11748
21077,5186
21078,11623
21079,11692
21080,1397
21081,11623
21082,11749
21083,11662
21084,8286
21085,11754
21086,8320
21087,11755
21088,6752
21089,11340
21090,4856
21091,10319
21092,11759
21093,11760
21095,7290
21096,8507
21097,5296
21098,11763
21099,11759
21100,11761
21101,8
21102,11766
21104,11621
21105,4810
21106,11583
21107,7290
21108,1458
21109,11775
21110,11775
21111,930
21112,11774
21113,11774
21114,10217
21115,930
21116,10217
21117,10849
21118,11774
21119,1307
21120,11777
21121,11777
21122,919
21123,74
21124,4856
21125,11748
21126,1397
21127,11782
21128,2617
21129,11697
21130,11789
21131,11790
21132,10630
21133,2981
21134,2750
21135,5467
21136,7828
21137,11782
21138,2361
21139,9165
21140,11583
21141,11740
21142,5296
21143,11691
21144,11786
21145,11770
21146,4253
21147,10331
21148,11745
21149,8812
21150,11589
21151,11589
21152,11783
21153,11769
21154,11780
21155,11782
21156,8812
21157,11475
21158,11793
21159,11795
21160,11697
21161,11797
21162,11745
21163,196
21164,2361
21165,11759
21166,7916
21167,11797
21168,11789
21169,4376
21170,11649
21171,9136
21172,2361
21173,10017
21174,1573
21175,11809
21176,11779
21177,11811
21178,11749
21179,5151
21180,6138
21181,11032
21182,11032
21183,223
21184,2361
21185,2750
21186,8657
21187,805
21188,11779
21189,8657
21190,4856
21191,11583
21192,11815
21193,11496
21194,6620
21195,11384
21196,11384
21197,11496
21198,11405
21199,4916
21200,11810
21201,11819
21202,4403
21203,11823
21204,11496
21205,11820
21206,11801
21207,11801
21208,8507
21209,9588
21210,8413
21211,9588
21212,11828
21213,1699
21214,11571
21215,11639
21216,1381
21217,8605
21218,11405
21219,261
21220,11815
21221,11815
21222,223
21223,442
21224,4856
21225,7290
21226,5582
21227,74
21228,11817
21229,183
21230,11801
21231,11828
21232,11836
21233,11838
21234,11824
21235,4925
21236,11826
21237,6404
21238,11794
21239,11796
21240,11825
21241,33
21242,11807
21243,5806
21244,5259
21245,11818
21246,11100
21247,11841
21248,5544
21249,11848
21250,7255
21251,11692
21252,11812
21253,11346
21254,11855
21255,11812
21256,11639
21257,11836
21258,11859
21259,11639
21260,795
21261,10823
21262,11858
21263,11639
21264,8507
21265,11815
21266,11854
21267,11205
21268,11797
21269,11858
21270,11845
21271,11863
21272,8507
21273,11405
21274,11759
21275,11865
21276,8657
21277,5880
21278,11868
21279,3310
21280,8447
21281,11865
21282,11032
21283,11032
21284,9378
21285,11865
21286,11865
21287,11845
21288,11859
21289,11845
21290,7344
21291,5
21292,8
21293,25
21294,26
21295,30
21296,36
21297,62
21298,69
21299,71
21300,88
21301,144
21302,159
21303,174
21304,175
21305,183
21306,187
21307,190
21308,199
21309,223
21310,253
21311,264
21312,266
21313,279
21314,300
21315,307
21316,334
21317,339
21318,364
21319,375
21320,386
21321,442
21322,449
21323,582
21324,597
21325,603
21326,609
21327,650
21328,656
21329,666
21330,696
21331,776
21332,795
21333,847
21334,887
21335,919
21336,930
21337,1028
21338,1036
21339,1050
21340,1077
21341,1108
21342,1112
21343,1118
21344,1307
21345,1320
21346,1351
21347,1381
21348,1390
21349,1443
21350,1499
21351,1643
21352,1657
21353,1709
21354,1739
21355,1764
21356,1909
21357,1934
21358,1973
21359,1979
21360,2036
21361,2116
21362,2126
21363,2392
21364,2592
21365,2645
21366,2669
21367,2714
21368,2775
21369,2798
21370,2898
21371,2902
21372,2958
21373,2970
21374,3014
21375,3396
21376,5
21377,8
21378,26
21379,69
21380,71
21381,88
21382,144
21383,159
21384,174
21385,175
21386,183
21387,190
21388,199
21389,223
21390,253
21391,264
21392,279
21393,300
21394,307
21395,334
21396,339
21397,375
21398,442
21399,449
21400,597
21401,603
21402,656
21403,666
21404,696
21405,795
21406,919
21407,930
21408,1036
21409,1050
21410,1112
21411,1118
21412,1307
21413,1320
21414,1351
21415,1381
21416,1390
21417,1443
21418,1499
21419,1643
21420,1709
21421,1764
21422,1909
21423,1979
21424,2036
21425,2116
21426,2392
21427,2645
21428,2669
21429,2775
21430,2798
21431,2898
21432,2902
21433,2958
21434,2970
21435,3396
21436,7344
21437,10612
21438,5192
21439,7290
21440,522
21441,11864
21442,5365
21443,11874
21444,11875
21445,10832
21446,11747
21447,7667
21448,11242
21449,2218
21450,11878
21452,11843
21453,7972
21454,2073
21455,2078
21456,4082
21457,11883
21458,11252
21459,2970
21460,11824
21461,2020
21462,11890
21463,11893
21464,7339
21465,10385
21466,11553
21467,11553
21468,2970
21469,11887
21470,4027
21471,3984
21472,11843
21473,3861
21474,11770
21475,11896
21476,11843
21477,11893
21478,11897
21479,7250
21480,11902
21481,11900
21482,11843
21483,11902
21484,5405
21485,144
21486,11904
21487,11583
21488,1194
21489,11909
21491,7664
21492,5871
21493,11055
21494,11848
21495,603
21496,11869
21497,7972
21498,4531
21499,1475
21500,10767
21502,11911
21503,10767
21504,11916
21505,172
21506,11915
21507,11855
21508,11915
21509,90
21510,11812
21511,2970
21512,4856
21513,11623
21514,2719
21515,27
21516,9007
21517,4856
21518,1537
21519,11867
21520,2889
21521,2970
21523,11922
21524,2970
21525,919
21526,11923
21527,10389
21528,7172
21529,11812
21530,11921
21531,7188
21532,11925
21533,11905
21534,11649
21535,4483
21536,1496
21537,11896
21538,10715
21539,8315
21540,8315
21541,11867
21542,1727
21543,11815
21544,10488
21545,11928
21546,11320
21547,11320
21548,4856
21549,11925
21551,10439
21552,7828
21553,11849
21554,11819
21555,11233
21556,266
21557,11935
21558,4856
21559,11899
21561,4559
21562,11941
21563,142
21564,11943
21565,11935
21566,11928
21567,11405
21568,11867
21569,5307
21570,11946
21571,11945
21572,8320
21573,11947
21574,11947
21575,11939
21576,1977
21577,930
21578,919
21579,11949
21580,159
21581,159
21582,2079
21583,11905
21584,5892
21585,9680
21586,11891
21587,805
21588,11891
21589,9266
21590,11891
21591,5443
21592,1636
21593,11891
21594,11942
21595,11891
21596,11956
21597,11325
21598,8569
21599,5003
21600,919
21601,10911
21602,11941
21603,11960
21604,8314
21605,7138
21606,11941
21607,7138
21608,11496
21609,11822
21610,4856
21611,11867
21612,266
21613,11405
21614,11963
21615,7188
21616,8175
21617,11966
21618,8462
21619,4856
21620,9355
21621,4856
21622,11233
21623,11090
21624,10593
21625,11972
21627,8754
21628,11669
21629,11949
21630,9158
21631,11944
21632,5443
21633,11944
21634,11976
21635,11921
21636,11921
21637,11921
21638,11583
21639,3928
21640,8507
21641,6579
21642,11977
21643,11981
21644,11973
21645,11954
21646,11954
21647,11954
21648,11954
21649,11954
21650,11954
21651,11954
21652,11954
21653,11954
21654,11954
21655,4891
21656,253
21657,5497
21658,11976
21659,8374
21660,11981
21661,6654
21662,11667
21663,449
21664,11667
21665,11973
21666,11667
21667,11013
21668,11983
21669,11984
21671,3577
21672,11984
21673,11988
21674,1102
21675,11981
21676,2040
21677,11013
21678,4856
21679,603
21680,11992
21681,11985
21682,88
21683,2902
21684,11720
21685,9394
21686,11720
21687,11720
21688,11998
21689,11977
21690,2921
21691,5020
21692,11828
21693,11976
21694,3499
21695,11981
21696,11981
21697,2849
21699,12005
21700,11994
21701,172
21702,930
21703,12003
21704,11583
21705,11988
21706,11032
21707,11988
21708,11032
21709,11849
21710,11991
21711,5025
21712,11991
21713,11999
21714,7131
21715,8347
21716,8114
21717,11720
21718,251
21719,12012
21720,12013
21721,12014
21722,12014
21723,7945
21724,10875
21725,3556
21726,1496
21727,4370
21728,12017
21729,7828
21730,8114
21731,10908
21732,8053
21733,10908
21734,12020
21735,11867
21736,12020
21737,8347
21738,6654
21739,6654
21740,12020
21741,11554
21742,12030
21743,12030
21744,919
21745,12031
21746,4856
21747,8440
21748,12018
21749,8402
21750,12028
21751,11346
21752,12026
21753,11991
21754,12033
21755,12035
21756,12033
21757,12036
21758,12036
21759,12026
21760,12036
21761,12036
21762,12036
21763,6888
21764,4812
21765,11919
21766,7429
21767,3525
21768,11843
21769,11314
21770,11991
21771,12042
21772,12041
21773,1538
21774,5055
21775,10487
21776,12043
21777,12042
21778,10487
21779,4610
21780,12044
21781,7972
21782,10948
21783,12042
21784,11099
21785,3521
21786,5111
21787,4856
21788,7240
21789,5836
21790,12041
21791,12045
21792,2860
21793,9621
21794,9221
21795,3525
21796,12043
21797,7224
21798,10849
21799,1537
21800,12045
21801,3582
21802,10849
21803,10849
21804,12043
21805,12034
21806,4600
21807,12046
21808,10849
21809,6624
21810,11899
21811,8413
21812,12049
21813,10926
21814,12008
21815,9394
21817,3184
21818,11145
21819,11179
21820,12051
21821,11179
21822,12054
21823,858
21824,12051
21825,2849
21826,11767
21827,11634
21828,12057
21829,12060
21830,2310
21831,12058
21832,4843
21833,12061
21834,12063
21835,2322
21836,12064
21837,12068
21838,1118
21839,10979
21840,2863
21841,8864
21842,12058
21843,223
21844,12070
21845,4673
21846,3019
21847,11090
21848,11708
21849,12071
21850,1106
21851,12001
21852,12001
21853,10354
21854,12001
21855,12001
21856,6793
21857,7787
21858,7787
21859,7972
21860,5003
21861,12072
21862,12052
21863,12054
21864,10908
21865,919
21866,4856
21867,11243
21868,5001
21869,10064
21870,4856
21871,12074
21872,4856
21873,4843
21874,10141
21875,6827
21876,6827
21877,12060
21878,11941
21879,12078
21880,12074
21881,10064
21882,11475
21883,12078
21884,11475
21885,4470
21886,7570
21887,1397
21888,12080
21889,12082
21890,4278
21891,12081
21892,12084
21893,12083
21894,12085
21895,11944
21896,12086
21897,11779
21898,12087
21899,1443
21900,11779
21901,3640
21902,10354
21903,5387
21905,8297
21906,1036
21907,7788
21908,8076
21909,7788
21910,12056
21911,3640
21912,12046
21913,12096
21914,11032
21915,12092
21916,4809
21917,6827
21918,6827
21919,11963
21920,11984
21921,12100
21922,3595
21923,10123
21924,10997
21925,3595
21926,11891
21927,5047
21928,11572
21929,6967
21930,12083
21931,12078
21932,12078
21933,4598
21934,12046
21935,11779
21936,3856
21937,7796
21938,521
21939,770
21940,8333
21941,12110
21942,12060
21943,11748
21944,2981
21945,2981
21946,2981
21947,12112
21948,12083
21949,12113
21950,174
21951,3062
21952,10164
21953,12116
21954,88
21955,770
21956,12117
21957,6129
21958,5836
21959,12046
21960,10198
21961,12096
21962,8297
21963,7828
21964,12118
21965,12014
21966,99
21967,12031
21968,12014
21969,10123
21970,6884
21971,2788
21972,11663
21973,827
21974,12014
21975,12118
21976,12121
21977,1224
21978,12013
21979,919
21980,12118
21981,12123
21982,12118
21983,12119
21984,3826
21985,12013
21986,12118
21987,10017
21989,12125
21991,12129
21992,11748
21994,12085
21995,495
21996,12117
21997,12129
21998,11572
21999,11572
22000,12096
22001,11475
22002,1496
22004,495
22005,12128
22006,11236
22007,12128
22008,4677
22009,10675
22010,12136
22011,4820
22012,12074
22013,4426
22014,12118
22015,12034
22016,11384
22017,9174
22018,8402
22019,12141
22020,12142
22021,334
22022,12141
22023,12086
22024,12141
22025,12143
22026,12147
22027,11192
22028,12146
22029,12149
22030,12145
22032,12086
22033,3708
22035,12139
22036,11496
22037,12153
22038,7290
22039,11234
22040,12156
22041,8402
22042,11195
22043,12161
22044,12160
22045,12144
22046,3309
22047,7290
22048,12153
22049,12164
22050,12164
22051,11145
22052,10017
22053,1224
22054,12167
22055,12165
22056,8333
22057,10849
22058,1663
22059,2148
22060,5615
22061,10363
22062,12168
22063,643
22064,6096
22065,12170
22066,12172
22067,7290
22068,12172
22069,7290
22070,7290
22071,9394
22072,7290
22073,10359
22074,12175
22075,4810
22076,1538
22077,6750
22078,12158
22079,9420
22080,4856
22081,12177
22082,10312
22083,12176
22084,10619
22085,10619
22086,11846
22087,5569
22088,12168
22089,9993
22090,3140
22091,12181
22092,6750
22093,4856
22094,12177
22095,12184
22096,12185
22097,11882
22098,12163
22099,2310
22100,11882
22101,1894
22102,7290
22104,12189
22105,7264
22106,11543
22107,11940
22108,8013
22109,183
22110,11496
22111,3640
22112,12191
22113,3826
22114,12185
22115,3640
22116,12013
22117,12013
22118,11496
22119,12156
22120,12013
22121,12192
22122,2592
22123,10268
22124,10268
22125,10268
22126,9196
22127,12194
22128,11849
22129,12196
22130,12196
22131,12197
22132,12193
22133,7290
22134,11812
22135,11812
22136,11812
22137,4856
22138,5615
22139,1538
22140,12156
22141,11748
22142,11915
22143,12106
22144,3501
22145,10164
22146,10164
22147,966
22148,966
22149,12180
22150,3640
22151,8507
22152,919
22153,12106
22154,7250
22155,2624
22156,10183
22157,11634
22158,8991
22159,919
22160,887
22161,196
22162,4856
22163,4856
22164,10908
22165,9420
22166,8507
22167,12202
22168,12208
22169,7290
22170,12201
22171,12209
22172,10331
22173,10806
22174,6054
22175,11143
22176,12205
22177,12210
22178,12207
22179,1808
22180,6006
22181,11453
22182,11272
22183,11272
22184,9363
22185,11779
22186,919
22187,12010
22188,12215
22190,12219
22191,7817
22192,3640
22193,5179
22194,12118
22195,12221
22196,12221
22197,12226
22198,12226
22199,12229
22200,10026
22201,5742
22202,12228
22203,10217
22204,12070
22205,12070
22206,12175
22207,12175
22208,4253
22209,12234
22210,9840
22211,12231
22213,2616
22214,919
22215,12238
22216,5191
22217,2750
22218,12240
22219,3485
22220,4856
22221,12235
22222,12236
22223,12244
22224,12233
22226,3401
22227,12236
22228,12202
22229,10461
22230,12248
22232,11899
22233,12229
22235,12246
22236,266
22237,12236
22238,12223
22239,5126
22240,11981
22241,10461
22242,10461
22243,12234
22244,495
22245,12244
22247,12234
22248,7817
22249,12231
22250,10669
22251,12258
22252,4856
22253,8086
22254,930
22255,12261
22256,3485
22257,12153
22258,12153
22259,10823
22260,12266
22261,7251
22262,495
22263,495
22264,12267
22265,4856
22266,10026
22267,11637
22268,12268
22269,4483
22270,4856
22271,1643
22272,12270
22273,12060
22274,3501
22275,12272
22276,12272
22278,12277
22279,9112
22280,7817
22281,12281
22282,12282
22283,12283
22284,12278
22285,12284
22286,12267
22287,12267
22289,12283
22290,12213
22291,3277
22293,11837
22294,12291
22295,12290
22296,5281
22297,12174
22298,4889
22299,12287
22300,12290
22301,11837
22302,12296
22303,977
22304,775
22305,12244
22306,930
22307,930
22308,930
22309,930
22310,930
22311,11997
22312,12287
22313,10017
22314,11997
22315,12275
22316,12299
22317,12299
22318,2912
22319,12305
22320,11623
22321,6633
22322,12308
22323,12306
22324,11623
22325,12218
22326,11623
22327,12313
22328,2938
22329,11913
22330,12287
22331,11708
22332,12302
22333,12218
22334,12309
22335,12309
22336,12258
22337,11981
22338,5296
22339,12218
22340,12218
22341,12325
22342,12288
22343,12326
22344,12288
22345,12321
22346,1036
22347,10461
22348,5234
22349,12090
22350,12257
22351,12305
22352,12310
22353,12258
22354,12296
22355,12329
22356,12324
22357,12329
22358,12333
22359,12258
22360,9738
22361,12335
22362,12329
22363,12334
22364,12052
22365,12052
22366,8006
22367,12330
22368,10065
22369,12326
22370,144
22371,12336
22372,10110
22373,12145
22374,4505
22375,12258
22376,11849
22377,1538
22378,12333
22379,12258
22380,12180
22381,12340
22382,12246
22383,12334
22384,4253
22385,12306
22386,5256
22387,5365
22388,12275
22389,12342
22390,5365
22391,12275
22392,9677
22393,11475
22394,4856
22395,8849
22396,10110
22397,12339
22398,12341
22399,3617
22400,9579
22401,10110
22402,10110
22403,12347
22404,12340
22405,2310
22406,12351
22407,12334
22408,217
22409,2795
22410,12352
22411,6633
22412,8507
22413,7365
22414,11522
22415,11475
22416,230
22417,12258
22418,2036
22419,12357
22420,5646
22421,4678
22422,12359
22423,12258
22424,5264
22425,12361
22426,12358
22427,12363
22428,3786
22429,12362
22430,11070
22431,12355
22432,12365
22433,6929
22434,1934
22435,3671
22436,4856
22437,12339
22438,4856
22439,9811
22440,12368
22441,12368
22442,12370
22443,12370
22444,12367
22445,4820
22446,8507
22447,12370
22448,12360
22449,4856
22450,8
22451,11351
22452,9616
22453,5509
22455,4856
22456,11728
22457,919
22458,919
22459,919
22460,919
22461,919
22462,919
22463,919
22464,919
22465,919
22466,919
22467,919
22468,919
22469,919
22470,919
22471,919
22472,919
22473,9954
22474,9954
22475,9954
22476,8507
22477,919
22478,919
22479,919
22480,919
22481,12370
22482,9068
22483,12217
22484,5892
22485,10598
22486,12370
22487,12233
22488,12258
22489,12380
22490,12380
22491,9254
22492,12348
22493,12381
22494,12373
22495,2917
22496,12381
22497,11511
22498,1079
22499,12090
22500,12384
22501,11032
22502,5595
22503,12386
22504,12386
22505,12387
22506,1538
22507,9676
22508,66
22509,12365
22510,12365
22511,4426
22512,183
22513,12368
22514,12390
22515,183
22516,1250
22517,12394
22518,12394
22519,919
22520,919
22521,61
22522,2970
22523,919
22524,12395
22525,9024
22526,12395
22527,12398
22529,5280
22530,12396
22531,7224
22532,11328
22533,930
22534,930
22535,930
22536,930
22537,12401
22538,12399
22539,12153
22540,4980
22541,12402
22542,12403
22543,12403
22544,615
22545,4426
22546,12405
22547,229
22548,229
22549,615
22550,12407
22551,12401
22552,12407
22553,11744
22554,10578
22555,12383
22556,12409
22557,5430
22558,12401
22559,7453
22560,468
22561,10385
22562,9886
22563,9816
22564,9816
22565,12417
22566,3270
22567,2116
22568,12409
22569,8507
22570,12339
22571,5289
22572,12421
22573,12423
22574,12415
22575,12409
22576,4810
22577,12420
22578,12424
22579,4856
22580,12333
22581,12347
22582,1538
22583,12424
22584,12329
22585,12425
22586,12426
22587,12425
22588,12425
22589,8507
22590,12329
22591,11954
22592,12355
22593,12429
22594,12429
22595,12432
22596,12434
22597,12427
22598,12437
22599,8006
22600,12229
22601,12417
22602,12417
22603,919
22604,4376
22605,12440
22606,12440
22607,4376
22608,12441
22609,1795
22610,12439
22611,9311
22612,12431
22613,8507
22614,12431
22615,4238
22616,11
22617,12431
22618,12431
22619,8006
22620,12053
22621,12446
22622,8507
22623,5754
22624,5177
22625,6129
22626,114
22627,666
22628,12447
22629,4455
22630,11140
22631,12265
22632,12265
22633,3652
22635,12446
22636,10065
22637,11984
22638,7667
22641,12308
22642,1886
22643,8748
22644,8748
22645,4916
22647,11944
22648,11583
22649,601
22650,12454
22651,12455
22652,12455
22653,12052
22654,12456
22655,12180
22656,9811
22657,9811
22658,110
22659,12339
22660,12457
22661,11984
22662,12462
22663,10619
22664,12431
22665,12461
22666,12353
22667,1320
22668,12460
22669,12353
22670,5689
22671,8507
22672,12455
22673,12466
22674,10236
22675,4376
22676,4856
22677,930
22678,6101
22679,25
22680,12466
22681,12347
22682,5321
22683,12467
22684,1248
22685,12347
22686,5055
22687,12467
22688,12449
22689,10259
22690,12461
22691,10918
22692,2116
22693,3376
22694,12457
22695,10619
22696,6579
22697,12470
22698,12471
22699,11405
22700,12470
22701,12469
22703,10231
22704,10231
22705,12476
22706,12476
22707,12476
22708,2817
22709,12477
22710,12477
22711,12478
22712,12439
22713,12439
22714,12336
22715,2199
22716,12457
22717,1495
22718,3277
22719,1270
22720,8353
22722,10767
22723,10767
22724,8431
22725,8507
22726,12481
22727,11475
22728,10065
22729,12370
22730,12475
22731,8884
22732,7591
22733,7591
22734,12487
22735,10619
22736,12488
22737,7591
22738,12490
22739,12490
22740,7808
22741,7591
22742,12353
22743,12060
22744,12491
22745,1709
22746,2921
22747,10065
22748,12492
22749,1997
22750,3162
22751,12498
22752,12493
22753,12483
22754,12345
22755,930
22756,12491
22757,12486
22758,6248
22759,12502
22760,12502
22761,12483
22762,812
22763,3934
22764,10760
22765,12486
22766,10760
22767,9866
22768,12506
22769,12509
22770,11798
22771,10911
22773,3619
22774,12513
22775,12511
22776,12512
22777,12508
22778,9610
22779,12495
22780,12499
22781,12513
22782,7486
22783,12513
22784,12514
22785,12459
22786,12511
22787,12484
22788,12513
22789,12513
22790,5919
22791,5269
22792,12521
22793,449
22794,12406
22795,8783
22796,12519
22797,10217
22798,253
22799,9136
22800,12526
22801,12526
22802,12525
22803,12488
22804,7290
22805,12528
22806,12524
22807,4426
22809,183
22810,12459
22811,12530
22812,5176
22813,6907
22815,5176
22816,11969
22817,9311
22818,12532
22819,5176
22820,12535
22821,9174
22822,12536
22823,9174
22824,4601
22825,11371
22826,12460
22827,12329
22828,12347
22829,12406
22832,1716
22833,1456
22834,9866
22835,12535
22836,10984
22837,4110
22838,12535
22839,12539
22840,12542
22841,12542
22842,12540
22843,1934
22844,12543
22845,24
22846,12484
22847,5351
22848,12519
22849,12519
22850,10984
22851,10479
22852,11328
22853,919
22854,9444
22855,12106
22856,11064
22857,5111
22858,10760
22859,12549
22860,4505
22861,12550
22862,12485
22863,12548
22864,12485
22865,5111
22866,5111
22867,919
22868,12371
22869,5111
22870,12551
22871,12484
22872,12548
22873,3835
22874,12347
22875,12558
22876,12540
22877,12540
22878,8884
22879,1643
22880,12060
22881,12559
22882,10565
22883,12535
22884,12553
22885,4733
22887,12531
22888,12563
22889,6369
22890,12564
22891,12561
22892,12562
22893,11939
22894,12566
22895,12561
22896,9363
22897,7734
22898,5111
22899,12428
22900,12463
22901,9136
22902,10275
22903,10275
22904,5373
22905,12560
22906,12561
22907,10164
22908,12573
22909,5111
22910,12574
22911,12329
22913,12576
22914,10354
22915,4856
22916,12576
22917,12577
22918,3903
22919,12463
22920,12580
22921,12580
22922,12581
22923,8248
22924,12463
22925,4856
22926,582
22927,12540
22928,3077
22929,12585
22930,12586
22931,8507
22932,11554
22933,12583
22934,12583
22935,183
22936,930
22937,4856
22938,183
22939,12573
22940,12588
22941,1934
22942,12086
22944,12307
22945,12586
22946,12053
22947,10601
22948,12593
22949,7486
22950,12582
22951,5546
22952,12576
22953,12521
22954,4903
22955,12600
22956,12607
22957,12605
22958,12610
22959,12602
22960,12582
22961,12603
22962,12603
22963,11192
22964,7119
22965,12613
22966,9617
22967,12613
22968,12615
22969,12616
22970,12617
22971,10688
22972,12334
22973,9525
22974,12541
22975,1108
22976,12618
22977,36
22978,12620
22979,12618
22980,12618
22981,12091
22982,10688
22983,12102
22984,12330
22985,12357
22986,10688
22987,12602
22989,12624
22990,1765
22991,1765
22992,12492
22993,12603
22994,12621
22995,12627
22996,5405
22997,12628
22998,12629
22999,11889
23000,11889
23001,12608
23002,3301
23003,12632
23004,12603
23005,12636
23006,12636
23007,12637
23008,12638
23009,12334
23010,12638
23011,1251
23012,12640
23013,12627
23014,3019
23015,4309
23016,12641
23017,12626
23018,827
23019,827
23020,12587
23021,12521
23022,12641
23023,12626
23024,4976
23025,12334
23026,12627
23027,4856
23028,12627
23029,1583
23030,12301
23031,6665
23032,8137
23033,10266
23034,11915
23035,12585
23036,11720
23037,12477
23038,11915
23039,1764
23040,8137
23041,12647
23042,12648
23043,1764
23044,12477
23045,12651
23046,12596
23047,3597
23048,25
23049,12596
23050,12308
23051,8724
23052,6215
23053,9519
23054,1626
23055,5429
23056,5240
23057,7339
23058,3671
23059,12661
23060,69
23061,1831
23062,1422
23063,12661
23064,12665
23065,12661
23066,12646
23067,12665
23068,2961
23069,4496
23070,6597
23071,6597
23072,12220
23073,12665
23074,12666
23075,4505
23076,12583
23077,12668
23078,12656
23079,3262
23080,12471
23081,12644
23082,12540
23083,6633
23084,2617
23085,5397
23086,12540
23087,6633
23088,12565
23089,11253
23090,12141
23091,12675
23092,12540
23093,12675
23094,8507
23095,10659
23096,199
23097,11821
23098,12679
23099,12540
23100,11821
23101,4856
23102,159
23103,159
23104,159
23105,8632
23106,159
23107,159
23108,12682
23109,12347
23110,12683
23111,12681
23112,12678
23113,6042
23114,6042
23115,9203
23116,12531
23117,12686
23118,6042
23119,704
23120,12347
23121,5443
23122,11821
23123,12496
23124,12687
23125,5443
23126,12488
23127,12690
23128,3019
23129,12365
23130,686
23131,11090
23132,12614
23133,5871
23134,8507
23136,12689
23137,686
23138,12496
23139,12695
23140,4253
23141,1389
23142,8588
23143,4253
23145,12287
23146,12699
23147,449
23148,10584
23149,1352
23150,12583
23151,12700
23152,12701
23153,2073
23154,3567
23155,12496
23156,183
23157,12690
23158,12690
23159,8006
23160,12587
23161,10468
23162,12700
23163,8006
23164,8006
23165,7972
23166,159
23167,3614
23168,12518
23169,12712
23170,5464
23171,3296
23172,12697
23173,188
23174,12711
23175,10907
23176,8507
23177,12035
23178,12697
23179,12646
23180,12697
23181,12035
23182,12711
23183,12711
23184,12496
23186,6665
23187,6577
23188,12646
23189,12035
23190,8507
23191,8507
23192,6665
23193,10468
23195,10468
23196,3567
23197,12722
23198,10468
23199,5471
23200,12720
23201,7290
23202,5
23203,13
23204,8
23205,36
23206,22
23207,62
23208,74
23209,29
23210,72
23211,41
23212,81
23213,90
23214,88
23215,71
23216,83
23217,26
23218,69
23219,52
23220,30
23221,68
23222,61
23223,87
23224,56
23225,39
23226,82
23227,25
23228,89
23229,12728
23230,12622
23231,114
23232,12481
23233,12481
23234,3847
23235,12730
23236,139
23237,144
23238,12731
23239,1251
23240,1356
23241,159
23242,11032
23244,5344
23245,173
23246,9662
23247,174
23248,919
23249,12450
23250,12734
23251,12450
23252,179
23253,12731
23254,183
23255,187
23256,190
23257,12738
23258,196
23259,12481
23260,199
23261,198
23262,12740
23263,12740
23264,5862
23265,12739
23266,215
23267,217
23268,2795
23269,2310
23270,221
23271,12727
23272,223
23273,12747
23274,12747
23275,226
23276,12745
23277,1777
23278,230
23279,229
23280,4856
23281,12733
23282,8024
23283,12751
23284,8024
23285,12754
23286,3479
23287,12756
23288,2970
23289,2970
23290,12753
23291,4856
23292,247
23293,12733
23294,12757
23295,12758
23296,12753
23297,4856
23298,12758
23299,12180
23300,12180
23301,11981
23302,12481
23303,12738
23304,5494
23305,251
23306,12583
23307,12737
23308,11849
23309,253
23310,12764
23311,12768
23312,8248
23313,439
23314,12768
23315,976
23316,12566
23317,9196
23318,9228
23319,6834
23320,4856
23321,4856
23322,12773
23323,260
23324,775
23325,12771
23326,8783
23328,5503
23329,12052
23330,264
23331,11887
23332,919
23333,9136
23334,12540
23335,12180
23336,266
23337,12777
23338,8507
23339,9228
23340,2795
23341,12744
23342,8535
23343,5509
23344,12634
23345,12782
23346,12236
23347,10069
23349,12783
23350,12786
23351,12788
23352,12228
23353,12228
23354,4337
23355,847
23356,4278
23357,12238
23358,919
23359,12785
23360,7224
23361,12427
23362,12784
23363,12793
23364,12751
23365,12751
23366,12795
23367,12796
23368,12427
23369,12287
23370,17
23371,12798
23372,521
23373,12745
23374,12797
23375,12793
23376,11981
23377,12700
23378,12802
23379,5827
23380,3601
23381,12233
23382,10309
23383,9343
23384,12806
23385,3601
23386,12793
23387,11342
23388,12807
23389,12793
23390,12807
23391,12370
23392,12801
23394,90
23395,12807
23396,7450
23397,12807
23398,12806
23399,12808
23400,12801
23401,12797
23402,11032
23403,9693
23404,2956
23405,11342
23406,12810
23407,4856
23408,5
23409,520
23410,12813
23411,12796
23412,10309
23413,12814
23414,12804
23415,12605
23416,12812
23417,12431
23418,12816
23419,12816
23420,11328
23421,2795
23422,1862
23423,12814
23426,12810
23427,7450
23428,12429
23429,2912
23431,12824
23432,1618
23433,1739
23434,7172
23435,2150
23436,11030
23437,12827
23438,12828
23439,12818
23440,12827
23441,12202
23442,52
23443,919
23444,1219
23445,12786
23446,7071
23447,5176
23448,4922
23449,4922
23450,12834
23452,12566
23453,2798
23454,12770
23455,12697
23456,118
23457,12833
23458,12837
23459,7292
23461,10309
23462,7172
23463,11352
23464,4504
23465,12265
23467,12815
23468,12746
23469,12746
23470,12843
23471,2970
23472,12815
23473,7172
23474,1329
23475,3333
23476,12031
23477,3748
23478,253
23479,3748
23480,3748
23481,4812
23482,12031
23483,12698
23484,8024
23485,686
23486,521
23487,3748
23488,12847
23489,12843
23490,12840
23491,7290
23492,4453
23493,8415
23494,12226
23495,12851
23496,3836
23497,12703
23498,775
23499,12770
23500,6981
23501,12598
23502,12482
23503,6969
23504,12857
23505,11186
23506,12833
23507,12858
23508,159
23509,12859
23510,7344
23511,12833
23512,12861
23513,12861
23514,12854
23515,12861
23516,12566
23517,12708
23518,12859
23519,5544
23520,5546
23521,3136
23522,12866
23523,12868
23524,976
23525,196
23526,3579
23527,6981
23528,12801
23529,12868
23530,2970
23531,12814
23532,12870
23533,12806
23534,1973
23535,12828
23536,12866
23537,12715
23538,12870
23539,12873
23540,455
23541,2113
23542,12876
23543,12877
23544,12878
23545,12878
23546,196
23547,7292
23548,521
23549,9560
23550,279
23551,12877
23552,521
23553,12880
23554,12883
23555,12707
23556,10346
23557,1390
23558,2750
23559,66
23560,287
23561,307
23562,315
23563,319
23564,1390
23565,333
23566,334
23567,12891
23568,339
23569,11415
23570,12871
23571,2795
23572,2795
23573,352
23574,12887
23575,1909
23576,1909
23577,12640
23578,364
23579,12894
23580,12887
23581,5561
23582,375
23583,386
23584,2981
23585,401
23586,11821
23587,12900
23588,11192
23589,12902
23590,12902
23591,438
23592,12902
23593,439
23594,442
23595,5837
23596,6519
23597,12902
23598,1764
23599,447
23600,12904
23601,12904
23602,12877
23603,12879
23604,449
23605,12905
23606,12802
23607,12703
23608,10141
23609,12907
23610,4253
23611,2981
23612,1901
23613,3807
23614,226
23615,485
23616,12904
23617,12911
23618,12912
23619,493
23620,495
23621,12913
23622,12907
23623,6401
23624,12496
23625,6401
23626,6401
23627,8686
23628,12917
23629,12916
23630,1352
23631,1739
23632,511
23633,420
23634,521
23635,686
23636,12923
23637,5573
23638,530
23639,12786
23640,11981
23641,12926
23642,12924
23643,12854
23644,3826
23646,11236
23647,12925
23648,12927
23649,605
23650,3331
23651,10849
23652,10849
23653,10849
23654,10849
23655,8081
23656,10217
23657,557
23658,8081
23659,559
23660,2310
23661,10849
23662,8081
23663,561
23664,8605
23665,3136
23666,12934
23667,12935
23668,9343
23669,8081
23670,7795
23671,7421
23672,12935
23673,776
23674,12937
23675,12318
23676,12895
23677,12895
23678,4164
23679,12937
23680,582
23681,12939
23682,12939
23683,12858
23684,12682
23685,12307
23686,3262
23687,8724
23688,588
23689,12895
23690,9595
23691,12548
23692,3277
23693,12941
23694,12682
23695,12944
23696,601
23697,12703
23698,12750
23699,12943
23700,12318
23701,5594
23702,603
23703,7290
23704,159
23705,12318
23706,12318
23707,12943
23708,4733
23709,609
23710,12949
23711,8347
23712,12450
23713,12450
23714,12106
23715,12937
23716,12951
23717,12951
23718,12566
23720,2635
23721,9534
23722,4498
23723,7224
23724,4733
23725,12959
23726,12960
23727,11636
23728,601
23729,12961
23730,12902
23731,4496
23732,12962
23733,12963
23734,7172
23735,12963
23736,10172
23737,12532
23738,4733
23739,4498
23740,2251
23741,7290
23742,7250
23744,1352
23745,12916
23746,887
23747,12968
23748,12968
23749,12968
23750,5098
23751,7290
23752,12970
23753,12708
23754,12969
23755,1636
23756,6918
23757,12948
23758,12956
23759,12175
23760,6006
23761,6918
23762,12971
23763,12972
23764,887
23765,12956
23766,12976
23767,7780
23768,12980
23770,12982
23771,12983
23772,2669
23773,7292
23774,7292
23775,12975
23776,12078
23777,12895
23778,5615
23779,74
23780,12318
23781,4625
23782,12858
23783,12858
23784,12991
23785,333
23786,1036
23787,12977
23788,12365
23789,2912
23790,12998
23791,7780
23792,183
23793,12981
23794,13000
23795,12995
23796,2817
23797,13002
23798,12534
23799,10630
23800,8141
23801,11915
23802,3645
23803,11975
23804,919
23805,12977
23806,12708
23807,11762
23808,501
23809,11762
23810,13008
23811,13009
23812,12981
23813,13011
23814,11944
23815,11624
23816,226
23817,13002
23818,11762
23819,13013
23820,1124
23821,5836
23822,11624
23823,13014
23824,7172
23825,13011
23826,13000
23827,12991
23828,11944
23830,9374
23831,13017
23832,13017
23833,13009
23834,13017
23835,13020
23836,776
23837,13023
23838,9420
23839,12948
23840,10340
23841,6235
23842,5829
23843,5641
23844,887
23845,12993
23846,13024
23847,13022
23848,74
23849,9534
23850,12865
23851,13033
23853,12534
23854,5836
23855,12895
23856,12981
23857,6846
23858,8709
23859,13032
23860,13038
23861,13039
23862,13012
23863,4856
23864,12710
23865,13021
23866,8165
23867,12865
23868,11848
23869,13039
23870,12710
23871,656
23872,12710
23873,12710
23874,12018
23875,13041
23876,13038
23877,13043
23878,8413
23879,1893
23880,6761
23881,12987
23882,2339
23883,3140
23884,13049
23885,3140
23886,13043
23887,12889
23888,13022
23889,11703
23890,11615
23891,13043
23892,666
23893,13022
23894,13022
23895,12381
23896,919
23897,5654
23898,6009
23899,919
23900,5394
23902,12678
23903,12889
23904,215
23905,251
23906,3874
23908,12365
23910,12897
23911,4376
23912,12702
23913,11405
23914,10776
23915,13035
23916,12287
23917,6761
23918,7795
23919,588
23920,11979
23921,11979
23922,12897
23923,6009
23924,13022
23925,13043
23926,13035
23927,13059
23928,8993
23930,12895
23931,13002
23932,12895
23933,2816
23934,1829
23935,13002
23936,3826
23937,13065
23939,686
23940,12710
23941,8874
23942,12891
23943,13065
23944,1739
23945,795
23946,5111
23947,11451
23948,11346
23949,12891
23950,13071
23951,696
23952,12895
23953,5339
23954,12710
23955,704
23956,13035
23957,13073
23958,13075
23959,13077
23960,12492
23961,11634
23962,12710
23963,13079
23964,13077
23965,12427
23966,12891
23967,7555
23968,5696
23969,13066
23971,12365
23972,13020
23973,13020
23974,13072
23975,10683
23976,2126
23977,12436
23978,861
23979,13080
23980,13084
23981,781
23982,12265
23983,13066
23984,13085
23985,13087
23986,13002
23987,10767
23988,11634
23989,13090
23990,3826
23991,13091
23992,12583
23993,776
23994,13090
23995,9383
23996,13086
23997,13091
23998,2767
23999,781
24000,4829
24001,11456
24002,2367
24003,12490
24004,7034
24005,13092
24006,4848
24007,6248
24008,13099
24009,2392
24010,10776
24011,12854
24012,13034
24013,7365
24014,13101
24015,930
24016,9662
24017,12351
24018,24
24020,13105
24021,13104
24022,13106
24023,12131
24024,3700
24025,12154
24026,9662
24027,3310
24028,795
24029,9440
24030,9662
24031,7290
24032,13083
24033,13108
24034,13111
24035,13100
24037,3852
24038,12318
24040,13097
24041,2164
24042,7290
24043,7290
24044,13114
24045,13114
24046,11634
24047,12175
24048,13116
24049,2164
24050,12505
24051,13118
24052,13110
24053,13107
24054,12578
24055,11409
24056,3826
24057,11405
24058,13115
24060,13120
24061,13120
24062,805
24063,13107
24064,1036
24065,1036
24066,1205
24067,12987
24068,13043
24069,527
24070,13128
24071,12650
24072,13129
24073,13129
24074,13128
24075,13123
24076,13129
24077,5739
24078,13097
24079,13108
24080,541
24081,3136
24082,11634
24083,1205
24084,13065
24085,3640
24086,1005
24087,9583
24088,812
24089,13134
24090,1036
24091,13136
24092,12710
24093,13140
24094,13076
24095,13123
24096,223
24097,919
24098,2392
24099,12496
24100,11043
24101,13141
24102,253
24103,11043
24104,12987
24105,2339
24106,13143
24107,13143
24108,2339
24109,9583
24110,1445
24111,13106
24112,13151
24113,12737
24114,13147
24115,13132
24116,179
24117,13130
24118,13152
24119,13152
24120,11674
24121,13152
24122,7290
24123,5729
24124,2577
24125,6386
24126,1540
24127,10064
24128,11634
24129,3826
24130,13155
24131,7089
24132,9618
24133,11210
24134,13075
24135,5836
24136,13161
24137,13161
24138,11781
24139,13154
24140,13158
24141,1118
24142,333
24143,13162
24144,12678
24145,13164
24146,13164
24147,13154
24150,5739
24151,13148
24152,13150
24154,13163
24155,5246
24157,5246
24158,5246
24159,13165
24161,13165
24162,12808
24163,13167
24164,13167
24165,11634
24168,12710
24169,13169
24170,13040
24171,8032
24172,12117
24173,11032
24174,253
24175,9618
24176,11032
24177,2750
24178,4454
24179,12650
24180,13170
24181,7250
24182,812
24183,4908
24184,3756
24185,13033
24186,13170
24187,4908
24188,13075
24189,13128
24190,13176
24191,13075
24192,11210
24193,13173
24194,830
24195,13104
24196,13104
24197,13178
24198,8686
24199,3301
24200,13177
24201,13179
24202,13175
24203,13128
24204,13181
24205,13181
24206,13128
24207,13172
24208,10098
24209,930
24210,7290
24211,4286
24212,13076
24213,13100
24214,13184
24215,12307
24216,1082
24217,13187
24218,13184
24219,3277
24220,11456
24221,13107
24222,13191
24223,5373
24224,13169
24225,13190
24226,13191
24227,9196
24228,13193
24229,13183
24230,13052
24231,13191
24232,13191
24233,13185
24234,11456
24235,13195
24236,812
24237,845
24238,3826
24239,13197
24240,12705
24241,1124
24242,10272
24243,10483
24244,11842
24245,2312
24246,847
24247,10136
24248,13198
24249,851
24250,13180
24251,9574
24252,12924
24253,12924
24254,7721
24255,7721
24256,11151
24257,13201
24258,10675
24259,8413
24260,7721
24261,13200
24262,13201
24263,8993
24264,13128
24265,1272
24266,13154
24267,10286
24268,8993
24269,13202
24270,12141
24271,13130
24272,12957
24274,13203
24275,13187
24276,7772
24277,13207
24278,13208
24279,13209
24280,13128
24281,12953
24282,13212
24283,13195
24284,13158
24285,13195
24286,858
24287,13211
24288,13212
24289,5917
24290,13216
24291,13214
24292,12953
24293,12953
24294,12521
24295,7290
24296,13217
24297,13220
24298,13220
24299,12096
24300,9273
24301,8507
24302,862
24303,13138
24304,13209
24305,12246
24306,13214
24307,13223
24308,8993
24309,6248
24310,13225
24311,13225
24312,12953
24313,13017
24314,13227
24315,13228
24316,873
24317,13017
24318,13228
24319,8113
24320,2126
24321,13230
24322,2910
24323,881
24324,13118
24325,12637
24326,13234
24327,603
24328,930
24329,10557
24330,7774
24331,8721
24332,4808
24333,7987
24334,8878
24335,9390
24336,887
24337,6154
24338,7804
24339,5339
24340,13209
24341,7721
24342,11151
24343,892
24344,13241
24345,8394
24346,13222
24347,13239
24348,6178
24349,12833
24350,1691
24351,69
24352,125
24353,13239
24354,8927
24355,900
24356,13243
24358,6705
24359,7383
24360,10304
24361,13182
24362,7071
24363,8374
24364,8374
24365,3747
24366,10337
24367,11890
24368,13203
24369,4497
24370,9738
24371,10849
24372,13183
24373,12603
24374,13200
24375,6609
24376,13252
24377,11151
24379,13240
24380,12603
24381,69
24382,2040
24383,13254
24384,13254
24385,13254
24386,13255
24387,13259
24388,7721
24389,13260
24390,2020
24392,7456
24393,11060
24395,919
24396,11151
24397,13258
24398,12960
24399,12960
24400,13255
24401,13265
24402,13264
24403,13266
24404,13266
24405,10598
24406,13214
24407,13269
24408,13269
24409,13270
24410,930
24411,9249
24412,12637
24413,4889
24414,12637
24415,2828
24416,5880
24417,4253
24418,6438
24419,9249
24420,11634
24421,13267
24422,13277
24423,12734
24424,1290
24425,13282
24426,8458
24427,13282
24428,9706
24429,398
24430,13277
24431,7940
24432,13203
24433,13212
24434,13258
24435,13287
24436,10125
24437,13267
24438,13255
24439,667
24440,13271
24441,12246
24442,7290
24443,3331
24445,7290
24446,13290
24447,12265
24448,13290
24449,13266
24450,13266
24451,13292
24452,9595
24453,919
24454,13290
24455,13290
24456,11805
24457,12471
24458,13266
24459,4856
24460,12625
24461,13296
24462,11805
24463,1389
24464,4376
24465,13300
24466,13302
24467,13304
24468,13216
24469,4955
24470,7792
24471,3333
24472,4390
24473,13255
24474,13305
24475,7681
24476,11050
24477,13306
24478,10598
24479,11805
24480,9702
24481,10090
24482,1118
24483,1540
24484,8102
24485,11032
24486,327
24487,13309
24488,5832
24489,3826
24490,13258
24491,10643
24492,5836
24493,13283
24494,4253
24495,13239
24496,10598
24497,4253
24498,10188
24499,5344
24500,13047
24501,13177
24502,12786
24503,13209
24504,12786
24505,13010
24506,5837
24507,13296
24508,13313
24509,196
24510,13312
24511,196
24512,8881
24513,1906
24514,10098
24515,13315
24516,7215
24517,13315
24518,13316
24519,13317
24520,13319
24521,4733
24522,13320
24523,13312
24524,6386
24525,3317
24526,13321
24527,13326
24528,13328
24529,11981
24530,13309
24531,13321
24532,13321
24533,13047
24534,2750
24535,13332
24536,13330
24537,3052
24538,13331
24539,13333
24540,6899
24541,3595
24542,13331
24543,1973
24544,13325
24545,7515
24546,12223
24547,12885
24548,12885
24549,10354
24550,7150
24551,13280
24552,13339
24553,5626
24554,13325
24555,13138
24556,6633
24557,13341
24558,13323
24559,961
24560,6415
24561,12514
24562,4110
24563,13342
24564,13275
24565,13341
24566,3467
24567,13344
24568,7216
24569,9253
24570,12745
24571,13348
24572,7307
24573,13343
24574,13344
24575,88
24576,88
24577,88
24578,88
24579,13138
24580,13314
24581,13296
24582,13348
24583,11032
24584,13352
24585,966
24586,8664
24587,13355
24588,13314
24589,13355
24590,13038
24591,887
24592,10154
24593,364
24594,13002
24595,10006
24596,5608
24597,13356
24598,13355
24599,8447
24600,8373
24601,13357
24602,13287
24603,7290
24604,13351
24605,11756
24606,12147
24607,12147
24608,5862
24609,13270
24610,13300
24611,10388
24612,13300
24613,13348
24614,13216
24615,13358
24616,12164
24617,13362
24618,13360
24619,13330
24620,13333
24621,8373
24622,13243
24623,13318
24624,8373
24625,5864
24626,13365
24627,13365
24628,13363
24629,12259
24630,12259
24631,7644
24632,2921
24633,5829
24634,13367
24635,13270
24636,13370
24637,12715
24638,12397
24639,9685
24640,8692
24641,13374
24642,13373
24643,13375
24644,13038
24645,13180
24646,1991
24647,7172
24648,13087
24649,6064
24650,13381
24651,13138
24652,7172
24653,12694
24654,12361
24655,12532
24656,13384
24657,4127
24658,12125
24659,13387
24660,1390
24661,13357
24662,12532
24663,3031
24664,13270
24665,13390
24666,319
24667,13390
24668,1390
24669,13389
24670,13385
24671,9200
24672,2019
24673,13389
24674,2921
24675,13319
24676,2676
24677,12860
24678,13390
24679,12521
24681,13394
24682,13063
24683,3867
24684,8936
24685,13397
24686,13085
24687,13085
24688,13322
24689,13382
24690,2063
24691,5880
24692,13389
24693,13402
24694,251
24695,13404
24696,13403
24697,13408
24699,13408
24700,13408
24701,13404
24702,13397
24703,13404
24704,13409
24705,13411
24706,13411
24707,2793
24708,13403
24709,4966
24710,13396
24711,13413
24712,13413
24713,13414
24714,8627
24715,13414
24716,5176
24717,5176
24718,41
24719,930
24720,13419
24721,13212
24722,13362
24723,12259
24724,5574
24725,13423
24726,10479
24727,13414
24728,13425
24729,7011
24730,1005
24731,13420
24732,13378
24733,13378
24734,13427
24735,13427
24736,13427
24737,13420
24738,175
24739,13430
24740,13430
24741,13378
24742,13378
24743,13427
24744,13433
24745,12477
24746,13328
24747,2817
24748,13304
24749,8196
24751,12860
24752,13426
24753,13438
24754,13432
24755,13436
24756,10877
24757,10358
24758,930
24759,12260
24761,13431
24762,13431
24763,13424
24765,13424
24766,13446
24767,13216
24768,174
24769,4051
24770,13447
24771,12750
24773,5687
24774,2704
24775,13445
24776,13402
24777,7045
24778,13448
24779,2970
24780,1307
24782,13420
24783,13047
24785,12265
24786,6564
24787,9222
24789,7064
24790,13453
24791,13453
24792,12745
24793,7045
24794,159
24795,2970
24796,10877
24797,13351
24798,13362
24799,13455
24800,13091
24801,13091
24802,5341
24803,13047
24804,13455
24805,13455
24806,12494
24807,13351
24808,13362
24809,13439
24810,4556
24811,13458
24812,4598
24813,12260
24814,13304
24815,183
24816,13456
24817,12260
24818,13390
24819,13367
24820,154
24821,13461
24823,9222
24824,13459
24825,13465
24826,12265
24827,5919
24828,12750
24829,4253
24830,11295
24831,11811
24832,11811
24834,13469
24835,12690
24836,13474
24837,13474
24838,12471
24839,13474
24840,11295
24841,11295
24842,11295
24843,13214
24844,516
24845,13477
24846,13328
24847,13402
24848,13479
24849,13472
24850,6899
24851,13451
24852,13472
24853,13472
24854,13481
24855,13481
24856,2817
24857,12942
24858,1434
24859,9793
24860,4045
24861,1036
24862,4856
24865,7290
24866,8881
24867,12353
24868,5812
24869,7306
24870,12494
24871,22
24872,2669
24873,191
24874,11852
24875,13490
24876,12420
24877,13489
24878,1977
24880,13494
24881,2817
24882,9249
24883,13496
24884,7681
24885,13322
24886,10389
24887,13498
24888,12244
24889,1538
24890,13495
24891,12361
24892,12842
24893,13494
24894,199
24895,8428
24896,13351
24897,2063
24898,12476
24899,13498
24900,12361
24901,12361
24902,6287
24903,8627
24904,13358
24905,8281
24906,13504
24907,13431
24908,6015
24909,10720
24910,1048
24911,12476
24912,13348
24913,13511
24914,13507
24915,5
24916,13348
24917,13512
24918,13507
24919,4716
24920,13513
24921,1456
24922,13518
24923,13504
24924,9583
24925,1434
24926,13508
24927,179
24928,13519
24929,13520
24930,7555
24931,13516
24932,13515
24933,1737
24934,8881
24935,10256
24936,13522
24937,11799
24938,13523
24939,13474
24940,12397
24941,13465
24942,13525
24943,9249
24944,13527
24945,13516
24946,13530
24947,13345
24948,364
24949,13525
24950,6897
24951,6897
24952,2067
24953,13531
24954,13524
24955,13531
24956,5946
24957,919
24958,6793
24959,13465
24960,6793
24961,13498
24962,13498
24963,13534
24964,2970
24965,3269
24966,196
24967,7025
24968,13537
24969,13458
24970,13537
24971,13538
24972,13540
24973,13538
24974,5397
24975,13537
24976,3870
24977,1227
24978,13540
24979,13513
24980,13458
24981,4778
24982,9146
24983,10849
24984,8812
24985,8812
24986,13542
24987,1834
24988,11799
24989,11799
24990,11867
24991,7789
24992,13531
24993,5339
24994,183
24995,196
24996,3331
24997,13548
24998,919
24999,10229
25000,13158
25001,13552
25002,13158
25003,3919
25004,10457
25005,13524
25007,13553
25008,13554
25009,919
25010,13557
25011,1913
25012,13553
25013,13558
25015,13559
25016,13404
25017,2912
25018,12046
25019,11240
25020,13556
25021,4733
25022,13561
25023,5839
25024,1894
25025,6125
25026,1007
25027,13565
25028,11032
25029,2796
25030,13566
25031,919
25032,13565
25033,1670
25034,2822
25035,13568
25036,13568
25037,13357
25038,13571
25039,2665
25040,13568
25041,13571
25042,13568
25043,9760
25044,11917
25045,11917
25046,13519
25047,1080
25048,13549
25049,13525
25050,13563
25051,13549
25052,6073
25053,13525
25054,4856
25055,13378
25056,13580
25058,4856
25059,13583
25060,13581
25061,9249
25062,13216
25063,13583
25064,13583
25065,13586
25066,13583
25067,13583
25068,3926
25069,13580
25070,290
25071,13458
25072,13588
25073,588
25074,740
25075,13587
25076,13506
25077,13576
25078,13590
25079,1538
25080,13591
25081,2539
25082,199
25083,4337
25084,9397
25085,13594
25086,12060
25087,12060
25088,13138
25089,11708
25090,13597
25091,13519
25092,13600
25093,13600
25094,13600
25095,13593
25096,13465
25097,12423
25098,13594
25099,6000
25100,13569
25101,13423
25102,13593
25103,13561
25104,13561
25105,6248
25106,527
25107,13546
25108,13603
25109,75
25110,9808
25111,13598
25112,10164
25113,13609
25114,13610
25115,13546
25116,930
25117,6578
25118,9595
25119,930
25120,13550
25121,10707
25122,13580
25124,9249
25125,13608
25126,10457
25127,6434
25128,10188
25129,13619
25130,2403
25131,13312
25133,6920
25134,13613
25135,10598
25136,13606
25137,11799
25138,13626
25139,1227
25140,13624
25141,13321
25142,13321
25143,13633
25144,13634
25145,13636
25146,1106
25147,13138
25148,11032
25149,13626
25150,13300
25151,1107
25152,13638
25153,6040
25154,6040
25155,7706
25156,11091
25157,10385
25158,2958
25159,4856
25160,4856
25161,1108
25164,10598
25165,83
25166,13647
25167,13138
25168,11849
25169,13648
25170,13632
25171,266
25172,13451
25173,9866
25174,10188
25175,13647
25176,13612
25177,6260
25178,6250
25179,11805
25180,7290
25181,8763
25182,13564
25183,12286
25184,13564
25185,13360
25186,4810
25187,2755
25188,247
25189,4810
25190,13660
25191,13367
25193,10849
25194,8763
25195,11091
25196,13661
25197,13564
25198,13361
25199,13564
25200,13664
25201,9249
25202,13632
25203,13663
25204,13663
25205,13634
25206,13662
25207,13668
25208,217
25209,13250
25210,6029
25211,13432
25212,13662
25213,13670
25214,9249
25215,221
25216,11283
25217,8763
25218,11451
25219,12607
25220,13438
25221,13672
25222,11799
25223,13668
25224,10598
25225,13673
25226,13668
25227,12833
25228,13674
25229,307
25230,13571
25231,13367
25232,1896
25233,8881
25234,1381
25235,5836
25236,721
25237,588
25238,13673
25239,13173
25240,13680
25241,13680
25242,770
25243,930
25244,930
25245,13158
25246,13685
25247,13690
25248,13675
25249,12423
25250,8763
25251,13672
25252,12318
25253,13672
25254,13685
25255,13070
25256,13685
25258,13692
25259,6019
25260,13690
25262,183
25263,159
25264,11664
25265,4426
25266,74
25267,8763
25268,9975
25270,7025
25271,12318
25272,1118
25273,13423
25274,13423
25275,8067
25276,13614
25277,13057
25278,13702
25279,13668
25280,13107
25281,13701
25282,3243
25283,13698
25284,13699
25285,13684
25286,13695
25287,13684
25288,10747
25289,12318
25290,10720
25291,253
25292,10747
25293,196
25294,13693
25295,12842
25296,13709
25297,2759
25298,13714
25299,12607
25300,13716
25301,1600
25302,9394
25303,8744
25304,9394
25305,87
25306,25
25307,919
25308,88
25309,13716
25310,13716
25311,12258
25312,1739
25313,2622
25314,1122
25315,13717
25316,159
25317,12014
25318,919
25319,13651
25320,12710
25321,13726
25322,10378
25323,840
25324,930
25325,3243
25326,13730
25327,13669
25328,13722
25329,10524
25330,13728
25331,6082
25332,8641
25333,13728
25334,13727
25335,13727
25336,1124
25337,8790
25338,219
25339,6096
25340,12842
25341,13733
25342,12842
25343,13725
25344,13737
25345,13737
25346,13734
25347,5480
25348,315
25349,13742
25350,5691
25351,13167
25352,7057
25353,13750
25354,13750
25356,13750
25357,13748
25358,13663
25359,12245
25360,13702
25361,13184
25362,13184
25363,13662
25364,12245
25365,13669
25366,2403
25367,2403
25368,13761
25369,13739
25370,4764
25371,13748
25372,13759
25373,12964
25374,13765
25375,13759
25376,9394
25377,13767
25378,1005
25379,740
25380,13753
25381,12603
25382,13765
25383,13130
25384,13764
25385,13753
25386,6129
25387,13458
25388,11082
25389,13130
25390,13752
25391,199
25392,1005
25395,13130
25396,11852
25397,13774
25398,740
25399,11620
25400,13130
25401,919
25402,601
25403,601
25404,13634
25405,13779
25406,1146
25407,5574
25408,686
25409,3277
25410,8402
25411,13782
25412,13782
25413,5574
25414,13785
25415,2241
25416,13130
25417,13788
25418,9154
25419,13780
25420,9496
25421,10059
25422,9606
25423,10892
25424,8951
25425,9360
25426,9625
25427,253
25428,9625
25429,13782
25430,1227
25431,5574
25432,7224
25433,74
25434,74
25435,13790
25436,10222
25437,12643
25438,9625
25439,11852
25440,4345
25441,13794
25442,13794
25443,5339
25444,5339
25445,9253
25446,13212
25447,13796
25448,13798
25449,13793
25450,13799
25451,13800
25452,13799
25453,10378
25454,13798
25455,12202
25456,13798
25457,1496
25458,12948
25459,13803
25460,315
25461,13804
25462,13805
25463,75
25464,930
25465,439
25466,1090
25467,667
25468,13809
25469,1191
25470,13811
25471,13806
25472,13808
25473,13810
25474,13813
25475,6607
25476,159
25477,9007
25478,573
25479,812
25480,13799
25481,13816
25482,13817
25483,13808
25484,13818
25485,6897
25486,2817
25487,11091
25488,13820
25489,13821
25490,13821
25491,5429
25492,6897
25493,315
25494,13803
25495,13803
25496,8507
25497,13798
25498,2970
25499,8507
25500,13824
25501,919
25502,835
25503,13799
25504,13808
25505,2970
25506,13714
25507,13819
25508,11811
25509,13714
25510,6169
25511,6512
25512,1720
25513,1434
25514,9343
25515,13806
25516,13824
25517,13838
25518,13837
25519,561
25520,13837
25521,13813
25522,13813
25523,13569
25524,8196
25526,4505
25528,4505
25529,5228
25530,13847
25531,10217
25532,13364
25533,8507
25534,12379
25535,8507
25536,11878
25537,13804
25538,1150
25539,13799
25540,13849
25541,13753
25542,13524
25543,13524
25544,8165
25545,13852
25546,12797
25547,919
25548,13850
25549,11091
25550,8507
25551,2284
25552,976
25553,919
25554,13856
25555,13857
25556,13857
25557,3897
25558,13856
25559,13109
25560,13859
25561,13862
25562,13765
25563,9013
25564,13765
25565,13186
25566,13861
25567,13864
25568,8754
25569,13799
25570,2753
25571,13867
25572,10354
25573,12575
25574,13671
25575,10776
25576,13860
25577,588
25578,10354
25579,919
25580,13873
25581,13856
25582,364
25583,13856
25584,13874
25585,13758
25586,6318
25587,13522
25588,2842
25589,13874
25590,62
25591,13420
25592,11981
25593,13765
25594,253
25595,8402
25596,13186
25597,13879
25598,13879
25599,11687
25600,13883
25601,13884
25602,264
25603,7224
25604,88
25605,5936
25606,1934
25607,1934
25608,1934
25609,1739
25610,7324
25611,1934
25612,13886
25613,11981
25615,2753
25616,4092
25617,264
25618,13892
25619,13892
25620,2407
25621,12275
25622,11878
25623,12083
25624,13893
25625,13896
25626,13758
25627,13881
25628,13721
25629,13758
25630,5936
25631,5121
25632,13898
25633,13898
25634,13898
25635,12031
25636,13901
25637,154
25638,13898
25639,13902
25640,13903
25641,13804
25642,13668
25643,6301
25644,10819
25645,10819
25646,2958
25647,12710
25648,13808
25649,10819
25650,10819
25651,13911
25652,179
25653,13912
25654,8469
25655,8165
25656,1963
25657,154
25658,13888
25659,4564
25660,8534
25661,13919
25662,13698
25663,13919
25664,11456
25665,13562
25666,13923
25667,11822
25668,13562
25669,13902
25670,12575
25671,13636
25672,13813
25673,7967
25674,6383
25675,13761
25676,13880
25677,13922
25678,13929
25679,11656
25680,11899
25681,919
25682,1118
25683,13934
25684,13936
25685,4505
25686,4164
25687,13926
25688,13937
25689,13937
25690,13941
25691,13933
25692,4701
25693,12898
25694,13923
25695,13940
25696,13793
25697,9683
25698,13910
25699,13947
25700,13947
25701,13758
25702,13948
25703,13949
25704,13950
25705,13203
25706,12768
25707,569
25708,12895
25709,5084
25710,11032
25711,3903
25712,13956
25713,13888
25714,13950
25715,11032
25716,13953
25717,13958
25718,13955
25719,13958
25720,319
25721,13957
25722,319
25723,5768
25724,6982
25725,11899
25726,13170
25727,13960
25728,13961
25729,13957
25730,74
25731,6246
25732,13962
25733,12898
25734,13154
25735,12898
25736,11887
25737,13963
25738,1133
25739,6248
25740,11774
25741,13969
25742,13963
25743,13900
25745,2129
25746,8196
25747,13970
25748,13666
25749,13879
25750,8605
25751,11355
25752,13955
25753,919
25754,13955
25755,3262
25756,13975
25757,10812
25758,11849
25759,13967
25760,11355
25761,13811
25762,13939
25764,2617
25765,4426
25766,13971
25767,13939
25768,13867
25769,13979
25770,12411
25771,12898
25772,13979
25773,7515
25774,7259
25775,12411
25776,4290
25777,13983
25778,11981
25779,13984
25780,13984
25781,9394
25782,13985
25783,13985
25784,11032
25785,3525
25786,13986
25787,11887
25788,13976
25789,13962
25790,11887
25791,13954
25792,5162
25793,3262
25794,1106
25795,6383
25796,559
25797,13989
25798,4426
25799,13357
25800,1106
25801,13990
25802,13990
25803,13990
25804,13990
25805,442
25806,36
25807,442
25808,266
25809,13976
25810,10812
25811,2025
25812,11530
25813,6300
25814,3826
25815,13987
25816,13933
25817,13933
25818,9405
25819,4045
25820,6389
25821,4505
25822,13997
25823,13998
25824,13987
25825,887
25826,5739
25827,14003
25828,14005
25829,10849
25831,11634
25832,8165
25833,11060
25834,12947
25835,8196
25836,13838
25837,13922
25838,11917
25839,11981
25840,1250
25841,13856
25842,13856
25843,13922
25844,8137
25845,13948
25846,12411
25847,14012
25848,14012
25849,13923
25850,11791
25851,6633
25852,13853
25853,887
25854,11032
25855,3525
25856,36
25857,8336
25858,11489
25859,12947
25860,14018
25861,14018
25862,7555
25863,7555
25864,13944
25865,6371
25866,14019
25867,4496
25868,10812
25869,10812
25870,14017
25871,1945
25872,11150
25873,12035
25874,7290
25875,7290
25876,7290
25877,5739
25878,5739
25879,5739
25880,930
25881,14027
25882,5739
25883,7290
25884,7290
25885,7290
25886,144
25887,13957
25888,13973
25889,13973
25890,5064
25891,10849
25892,13968
25893,3700
25894,5397
25895,13923
25896,10354
25897,14036
25898,439
25899,14039
25900,14042
25901,14045
25902,14045
25903,3432
25904,14040
25905,14050
25906,14049
25907,5976
25908,10827
25909,8336
25910,4644
25911,14051
25912,14053
25913,3883
25914,14057
25915,7481
25916,14057
25917,14058
25918,14058
25919,6600
25920,14059
25922,4147
25923,13955
25924,2392
25925,12473
25926,14031
25927,14052
25928,14061
25929,14062
25930,805
25931,14061
25932,14062
25933,14063
25934,7290
25935,930
25936,14063
25937,14066
25938,5256
25939,3883
25940,1329
25943,14072
25944,14072
25945,9394
25946,14065
25947,12318
25948,13973
25949,14052
25950,11981
25952,14075
25953,12318
25954,14077
25956,10827
25957,10827
25958,9081
25959,9618
25960,401
25961,2775
25962,14081
25963,315
25964,14084
25965,14062
25966,14086
25967,442
25968,14084
25969,13906
25970,11032
25971,11405
25972,199
25973,3488
25974,14078
25976,14066
25977,339
25978,14063
25979,9560
25980,14089
25981,11608
25982,11220
25983,12714
25984,14095
25985,919
25986,14079
25989,13406
25990,13669
25991,14096
25992,9791
25993,5171
25994,11405
25995,919
25996,13919
25997,9791
25998,13356
25999,13364
26000,14062
26001,7456
26002,14101
26003,14101
26004,990
26005,14098
26006,14100
26007,14102
26008,13915
26009,14104
26010,159
26011,14104
26012,13724
26013,14027
26014,6329
26015,11060
26016,13646
26017,14113
26018,12169
26019,14112
26020,1896
26022,13939
26023,11603
27023,13669
27024,14001
27025,14089
27026,11603
27027,4222
27028,14066
27029,4222
27030,3331
27031,14096
27032,13604
27033,14117
27034,14113
27035,14113
27036,9887
27037,2310
27038,8402
27039,6082
27040,9394
27041,1307
27042,442
27043,14128
27044,1349
27045,11060
27046,14123
27047,3488
27048,7972
27049,13604
27050,13684
27051,11059
27052,14131
27053,13805
27054,13743
27055,14133
27056,14039
27057,14119
27058,667
27059,14133
27060,13918
27061,6750
27062,14135
27063,4222
27064,14010
27065,562
27066,11889
27067,14010
27068,7276
27069,14136
27070,6750
27071,14046
27072,4461
27073,14010
27074,14138
27075,1329
27076,14136
27077,14138
27078,9579
27079,9579
27080,13360
27081,9657
27082,3640
27083,8118
27084,2129
27085,6355
27086,1250
27087,9726
27088,148
27089,3376
27090,4426
27091,13995
27092,14141
27093,13340
27094,13122
27095,14148
27096,14149
27097,9047
27098,3306
27099,11091
27100,8800
27101,14148
27102,442
27103,12456
27104,14009
27105,5739
27106,8118
27107,14108
27108,5246
27109,14133
27110,9833
27111,8800
27112,14136
27113,14154
27114,14108
27115,8086
27116,14108
27117,14152
27118,13987
27119,13915
27120,7961
27121,2623
27122,14158
27123,14153
27124,7961
27125,14158
27126,8086
27127,14161
27128,13987
27129,13924
27130,14163
27131,13475
27132,14159
27133,14163
27134,7481
27135,1347
27136,559
27137,13669
27138,14144
27139,887
27140,353
27141,686
27142,3189
27143,5137
27144,14157
27145,7176
27146,14153
27147,13950
27148,1351
27149,1352
27150,12318
27151,14172
27152,2973
27153,5339
27154,14173
27155,1349
27156,2956
27157,14175
27158,14174
27159,13090
27160,13090
27162,8209
27163,14066
27164,13799
27165,13571
27166,14179
27167,10747
27168,14182
27169,8993
27170,10849
27171,14186
27172,2485
27173,8067
27174,14186
27175,14188
27176,5193
27177,14185
27178,159
27179,14189
27180,14188
27181,13167
27182,726
27183,4263
27184,6369
27185,5837
27186,196
27187,14039
27188,4263
27189,6875
27190,14065
27191,5031
27192,14177
27193,183
27194,13669
27195,13066
27196,14192
27197,14193
27198,14194
27199,14194
27200,13066
27201,14186
27202,14200
27203,14200
27204,14197
27205,14066
27206,14195
27207,14200
27208,10500
27209,14200
27210,14200
27211,14200
27212,9055
27213,6513
27214,14204
27215,14200
27216,14163
27218,14137
27219,9560
27220,9791
27221,11116
27222,13538
27223,14209
27224,14209
27225,8394
27226,12883
27227,14044
27228,14210
27229,5739
27230,12883
27231,14216
27232,13698
27233,14218
27234,1036
27235,14214
27236,13672
27237,14137
27238,11846
27239,9055
27240,11707
27241,5739
27242,14222
27243,14125
27244,8686
27245,14151
27246,2970
27247,14125
27248,264
27249,930
27250,601
27251,8686
27252,14225
27253,11707
27254,14227
27255,14228
27256,14227
27257,14203
27258,264
27259,5739
27260,7837
27261,601
27262,14231
27263,11958
27264,11763
27265,4856
27266,10624
27267,14198
27268,14216
27269,14216
27270,183
27271,14238
27272,4856
27273,13775
27274,25
27275,11030
27276,4856
27277,11707
27278,10346
27279,13838
27280,11763
27281,183
27282,14207
27283,14216
27284,13340
27285,11763
27286,14230
27287,1381
27288,14246
27290,14233
27291,14039
27293,14250
27294,4263
27295,14081
27296,11608
27297,4045
27298,11707
27299,14243
27300,686
27301,8661
27302,14156
27303,14229
27304,776
27305,14257
27306,14238
27307,14238
27308,14236
27309,13761
27310,14242
27311,13902
27312,13533
27313,2789
27314,14257
27315,1906
27316,1906
27317,8661
27318,13122
27319,11608
27320,6096
27321,14257
27322,11355
27324,919
27325,8217
27326,1390
27327,13023
27328,14266
27329,14272
27330,14247
27331,13798
27332,14272
27333,14272
27334,2392
27335,14274
27336,88
27337,919
27338,930
27339,14273
27340,8661
27341,307
27342,10877
27343,5739
27345,13923
27346,5
27347,12318
27348,2403
27349,442
27350,13524
27351,3277
27352,11030
27353,1005
27354,9811
27355,4856
27357,449
27358,2116
27359,7290
27360,13123
27361,1036
27362,2750
27363,11145
27364,2970
27365,12581
27366,5836
27367,2956
27368,159
27369,4856
27370,930
27371,88
27372,6071
27373,7290
27374,919
27375,1036
27376,12334
27377,8101
27378,5739
27379,11261
27380,183
27381,5615
27382,5501
27383,6149
27385,10017
27386,8507
27387,14096
27388,2958
27389,686
27390,4257
27391,4808
27392,1036
27393,2970
27394,3601
27395,11030
27396,930
27397,1381
27398,2129
27399,1036
27400,7290
27401,3722
27402,264
27403,4864
27404,123
27406,159
27407,9392
27408,144
27409,919
27410,3567
27411,3019
27412,8
27413,11032
27414,7290
27415,1036
27416,919
27417,5849
27418,10151
27419,4856
27420,3406
27421,4505
27422,11984
27423,10474
27424,4925
27425,11279
27426,7290
27427,264
27428,13761
27429,14191
27430,3826
27431,3826
27432,172
27433,3388
27434,14156
27435,862
27436,14280
27437,14280
27438,1390
27439,13023
27440,13684
27441,88
27442,14271
27443,6434
27444,6329
27445,13684
27446,1739
27447,14253
27448,14283
27449,14288
27450,9618
27451,14283
27452,6446
27453,14290
27454,14290
27455,14294
27457,10026
27458,1739
27459,686
27460,3413
27461,11981
27462,13993
27463,11981
27464,14296
27465,14031
27466,13669
27467,13684
27468,13684
27469,13640
27470,14073
27471,13967
27472,13550
27473,10017
27474,14073
27475,14073
27476,14170
27477,5280
27478,13409
27479,11355
27480,14289
27481,14289
27482,14300
27484,14307
27485,14305
27486,2970
27487,11405
27488,14310
27489,14305
27490,13647
27491,13267
27492,14023
27493,14299
27494,14023
27495,14290
27496,10124
27497,13824
27498,14312
27499,14320
27500,14319
27501,14304
27502,14325
27503,14326
27504,2116
27505,13494
27506,14235
27507,14323
27508,8137
27509,14290
27510,14330
27511,686
27512,10688
27513,442
27514,10688
27515,3794
27516,14329
27517,14327
27518,14333
27519,919
27520,14337
27521,14113
27522,14296
27523,14167
27524,2116
27525,14339
27526,8265
27527,14340
27528,14341
27529,13590
27530,686
27531,14283
27532,14343
27533,14329
27534,13906
27535,13712
27536,14123
27537,14332
27538,6466
27539,562
27540,4862
27541,14163
27543,14350
27544,14344
27545,14356
27546,442
27547,4705
27548,12446
27549,14366
27550,14368
27551,11588
27552,919
27553,14369
27554,14350
27555,14369
27556,14009
27557,13903
27558,609
27559,25
27560,10196
27561,7972
27562,14372
27563,13680
27564,14041
27565,6484
27566,11030
27567,14378
27568,14372
27569,919
27570,7170
27571,14369
27572,1499
27573,14383
27574,10841
27575,1906
27576,919
27577,14385
27579,13970
27580,13898
27581,14388
27582,14388
27583,1090
27584,14383
27585,14391
27586,14305
27587,14389
27588,2040
27589,3886
27590,8
27591,14390
27592,13684
27593,6489
27594,14393
27595,6579
27596,5003
27597,6850
27598,14397
27599,14254
27600,14396
27601,14392
27602,14397
27603,159
27604,13757
27605,10050
27606,14402
27607,11116
27609,4496
27610,13757
27611,14388
27612,8055
27613,14405
27614,977
27615,14398
27616,14407
27617,3886
27618,11032
27619,14150
27620,686
27621,1036
27622,13672
27623,14404
27624,686
27625,13672
27626,3870
27627,805
27628,805
27629,805
27630,62
27631,14411
27632,14356
27633,10558
27634,10558
27635,251
27636,13680
27637,14415
27638,14383
27639,251
27640,5221
27641,14415
27642,10558
27643,14417
27644,7198
27645,10558
27646,8686
27647,14422
27648,14420
27649,13366
27650,13361
27651,13671
27652,217
27653,52
27654,8
27655,14284
27656,11030
27657,14284
27658,1833
27659,5
27660,5
27661,12536
27662,190
27663,1005
27664,14429
27665,14434
27666,14430
27668,13534
27672,14414
27673,14430
27674,13023
27675,10141
27676,6453
27678,14440
27679,13301
27680,14420
27681,14433
27682,14439
27683,14439
27684,14441
27685,14444
27686,14070
27687,13340
27688,14163
27689,14441
27690,7290
27691,10841
27692,14439
27693,215
27694,14332
27697,10841
27698,438
27699,14456
27700,10558
27701,10558
27702,14460
27703,14454
27704,14454
27705,14461
27706,14463
27707,14020
27708,14463
27709,14462
27710,14458
27711,14462
27712,7411
27713,14460
27714,2824
27715,14462
27716,4618
27718,13634
27719,2912
27720,14469
27721,452
27722,14464
27723,9340
27724,14449
27725,1979
27726,2104
27727,14473
27728,1443
27729,14471
27730,14472
27731,13590
27732,14458
27733,7290
27734,6863
27735,14411
27736,9405
27737,14478
27738,14477
27739,14473
27740,13022
27742,13684
27743,13669
27744,9553
27745,9553
27746,13669
27747,10069
27748,14463
27749,14464
27750,10457
27751,6552
27752,11032
27753,956
27754,14487
27755,11667
27756,14479
27757,14488
27758,11512
27759,13767
27760,14464
27761,13899
27762,9013
27763,5836
27764,10675
27765,13022
27766,4341
27767,6920
27768,14494
27769,686
27770,14376
27771,14207
27772,686
27773,14055
27774,686
27775,14497
27776,862
27777,14488
27778,14498
27779,14487
27780,6863
27781,13950
27782,12916
27783,14484
27784,14498
27785,14498
27786,686
27787,603
27788,6941
27789,14501
27790,183
27791,6863
27792,7344
27793,442
27794,919
27795,14502
27796,14415
27797,14487
27798,6575
27799,9342
27800,14506
27801,14506
27802,6577
27803,6579
27804,14507
27805,14286
27806,13755
27807,14384
27808,14470
27809,13041
27810,1390
27811,14188
27812,14014
27813,14145
27814,14487
27815,1963
27816,14495
27817,14289
27818,14495
27819,14223
27820,919
27821,13853
27822,686
27823,1963
27824,919
27825,14284
27826,6750
27827,4864
27828,8413
27829,14469
27830,14514
27832,10891
27833,13923
27834,4937
27836,14515
27837,14524
27838,10064
27839,13846
27840,13846
27841,14527
27843,14528
27844,11030
27845,14529
27847,14529
27848,7244
27849,14525
27850,14525
27851,14532
27852,14530
27853,14262
27854,10500
27855,14536
27856,14532
27857,9553
27858,569
27859,12649
27860,14534
27861,5
27862,12521
27863,13659
27864,3058
27865,339
27866,4147
27867,74
27868,14236
27869,14465
27870,9249
27871,13919
27872,4505
27873,5836
27874,14510
27875,14033
27876,686
27877,4856
27878,6029
27879,9918
27880,6029
27881,1950
27882,1950
27883,2824
27884,14545
27885,14546
27886,14506
27887,1390
27888,14506
27889,9394
27890,10963
27891,14551
27892,14552
27893,14552
27894,14262
27895,14536
27896,307
27897,14550
27898,14487
27900,14546
27901,13047
27902,14556
27903,11032
27904,14519
27905,14548
27906,11048
27907,14560
27909,9394
27910,9394
27911,13702
27912,14561
27913,4856
27915,14562
27916,13634
27917,14563
27918,5771
27919,253
27920,14565
27921,4301
27922,14546
27923,7224
27924,9816
27925,14244
27926,449
27927,449
27928,14566
27929,14247
27930,14574
27931,14573
27932,14563
27933,2392
27934,7199
27935,14563
27936,14546
27937,14560
27938,14247
27939,11887
27940,6446
27941,9818
27942,14579
27943,14561
27944,14579
27945,14579
27946,686
27947,14525
27948,14577
27949,9394
27950,14583
27951,12174
27952,11048
27953,11116
27954,13659
27955,14525
27956,686
27957,11032
27958,7224
27959,14592
27960,14525
27961,14536
27962,14589
27963,14253
27964,6446
27965,14595
27966,14596
27967,930
27968,930
27969,14595
27970,14591
27971,14594
27972,10670
27973,14595
27974,14587
27975,1970
27976,9253
27977,2116
27978,5275
27979,14600
27980,14604
27981,14606
27982,14606
27983,14607
27984,4856
27985,1036
27987,14608
27988,159
27989,14602
27990,2230
27991,6446
27992,14573
27993,14614
27994,14590
27995,6633
27996,14156
27997,14614
27998,14618
27999,14618
28000,12737
28001,9791
28002,253
28003,478
28004,14620
28005,14599
28006,11923
28007,13389
28008,1763
28009,6545
28010,14622
28011,4337
28012,6637
28013,9394
28014,14626
28015,14627
28016,14627
28017,1248
28018,14627
28019,14604
28020,14599
28021,14434
28022,14628
28025,3525
28026,6640
28027,9738
28028,14546
28029,9394
28030,14557
28031,11981
28032,261
28033,7653
28034,4856
28035,14638
28036,14640
28037,14640
28038,5191
28039,11059
28040,5221
28041,14639
28042,14606
28043,14636
28044,13680
28045,14565
28046,14635
28047,14643
28048,14634
28049,2164
28050,11192
28051,14644
28052,14624
28053,14614
28054,14645
28055,14645
28056,1499
28057,14645
28058,11192
28059,9595
28060,14600
28061,14647
28062,14645
28063,14648
28064,2117
28065,686
28066,13680
28067,401
28068,9716
28069,14649
28071,10826
28072,2586
28073,14653
28074,8605
28075,12147
28076,13033
28077,14655
28078,14656
28079,14657
28080,2526
28081,14653
28082,14653
28083,14660
28084,14640
28085,14640
28086,14661
28087,14660
28088,159
28089,14661
28090,14649
28091,14649
28092,2260
28093,14662
28094,9863
28095,13002
28096,12737
28097,14660
28098,11285
28099,14607
28100,11059
28101,11285
28102,11059
28103,5921
28104,14660
28105,14434
28106,5739
28107,14668
28108,8507
28109,14671
28110,14666
28111,14663
28112,14665
28113,11588
28114,1216
28115,11588
28116,14675
28117,14675
28118,6664
28119,13109
28120,14642
28121,1870
28122,7581
28123,14679
28124,14680
28126,5221
28127,5003
28128,14681
28129,14682
28130,1024
28131,14684
28132,6666
28133,11899
28134,8286
28135,13402
28136,10963
28137,2485
28138,14679
28139,2485
28140,9394
28141,1347
28142,3376
28143,14689
28144,8790
28145,686
28146,876
28147,14471
28148,9394
28149,14690
28150,5836
28151,686
28152,3053
28153,14687
28154,14661
28155,226
28156,14660
28157,14661
28158,14687
28159,14687
28160,251
28161,7355
28162,5025
28163,9394
28164,14696
28165,13684
28166,7521
28167,1005
28168,14640
28169,339
28170,14640
28171,13762
28172,14640
28173,88
28174,88
28175,88
28176,14655
28177,14697
28178,13431
28179,14687
28180,805
28181,14699
28183,14693
28184,13127
28185,1205
28186,14701
28187,14188
28188,14188
28189,14188
28190,14500
28191,14704
28192,14428
28193,12603
28194,1356
28195,14695
28197,1513
28198,12001
28199,14428
28200,14261
28201,14540
28203,14694
28204,12737
28205,14707
28206,4864
28207,13898
28208,14084
28209,14714
28210,14480
28211,14717
28212,14718
28213,14718
28214,14675
28215,14720
28216,4253
28217,10926
28218,439
28219,10926
28220,14722
28221,14722
28222,3058
28223,14433
28224,6545
28225,3305
28226,6481
28227,14714
28228,14203
28229,439
28230,2164
28231,14669
28232,6863
28233,14727
28234,14727
28235,14728
28236,14728
28237,183
28238,4054
28239,14701
28240,14729
28241,13
28242,14731
28243,2126
28244,2126
28245,14289
28246,14666
28247,11887
28248,88
28249,8118
28250,14730
28251,14728
28252,10236
28253,12843
28254,7290
28255,14737
28256,14737
28257,2367
28258,13985
28259,14738
28260,11588
28261,14037
28262,14459
28263,14000
28265,12842
28266,12842
28267,14741
28268,1763
28269,14730
28270,11285
28271,30
28272,5264
28273,14730
28274,14730
28275,14744
28276,6481
28277,6481
28278,14661
28279,8413
28280,12068
28281,14744
28282,11551
28283,7484
28284,14730
28286,14745
28287,5674
28288,14749
28289,4701
28290,14750
28291,14747
28292,4856
28293,14749
28294,11623
28295,8413
28296,8
28297,442
28298,14753
28300,14751
28301,14755
28302,14660
28303,14363
28304,9534
28305,5571
28306,2904
28307,14746
28308,14760
28309,7224
28310,279
28311,279
28312,3026
28313,14683
28314,14763
28315,14557
28316,279
28317,279
28318,14765
28319,8580
28320,3920
28321,7788
28322,3920
28323,215
28324,3920
28325,4751
28326,8580
28327,8413
28328,14514
28329,7788
28330,14741
28331,14666
28332,14278
28333,6723
28334,2485
28335,13698
28336,1208
28337,14771
28338,5919
28339,14768
28340,8926
28341,9394
28342,14514
28343,6666
28344,6961
28345,1356
28346,3347
28347,14514
28348,159
28349,14772
28351,14729
28352,14730
28353,10378
28354,1216
28355,5739
28356,14773
28358,6725
28359,14770
28360,14773
28361,13804
28362,14779
28363,14780
28364,1390
28365,615
28366,14782
28367,615
28369,14783
28370,14785
28371,14768
28372,14787
28373,29
28374,1514
28375,14730
28376,14606
28377,7486
28378,6204
28379,14764
28380,14787
28381,14787
28382,14707
28383,5836
28384,14707
28385,14744
28386,10500
28387,14794
28388,190
28389,14730
28390,2116
28391,3084
28392,14796
28393,14793
28394,14790
28395,930
28396,14514
28397,14803
28398,4701
28399,14801
28400,12741
28401,11769
28402,14731
28403,14800
28404,4856
28405,6204
28406,9405
28407,4843
28408,14808
28409,14802
28410,188
28411,11584
28412,5050
28413,14810
28414,1390
28415,1390
28416,1540
28417,2116
28418,14730
28419,14525
28420,14813
28422,13237
28423,2706
28424,14817
28425,14808
28427,4495
28428,14819
28429,14808
28430,14540
28431,14540
28432,561
28433,13933
28434,14429
28435,14429
28436,1108
28437,14661
28438,14826
28439,6
28440,14829
28441,14795
28442,1108
28443,890
28444,7666
28445,14795
28446,14831
28447,12899
28448,12429
28449,12377
28450,12522
28451,14833
28452,3831
28453,8926
28454,14834
28455,14188
28456,14833
28457,14727
28458,11981
28459,1643
28460,704
28461,14815
28462,14831
28463,8494
28464,14833
28465,14730
28466,14837
28467,14840
28468,14839
28469,8494
28470,14838
28471,7290
28472,14842
28473,14730
28474,14843
28475,521
28476,11456
28477,10500
28478,9097
28479,14845
28480,14835
28481,12318
28482,14845
28483,887
28484,13320
28485,13320
28486,5547
28487,13487
28488,14614
28489,4426
28490,14836
28491,14843
28492,14843
28493,2770
28494,14835
28495,14854
28496,3269
28497,14826
28498,14838
28499,5547
28500,5547
28501,14839
28502,14839
28503,6566
28504,14857
28505,582
28506,14859
28507,14835
28508,14860
28509,14861
28510,3348
28511,14865
28512,11615
28513,14867
28514,14730
28515,14415
28516,2970
28517,14866
28518,4705
28519,12817
28520,14768
28521,10500
28522,14831
28523,14868
28524,1549
28525,14861
28526,14360
28527,961
28528,9171
28529,14582
28530,14729
28531,1569
28532,14764
28533,4007
28534,4007
28535,13668
28536,14730
28537,12602
28538,12602
28539,14795
28540,14873
28541,6768
28542,5539
28543,14874
28544,14730
28545,14582
28546,2970
28547,14862
28549,14881
28550,13669
28551,14883
28552,14885
28553,3488
28554,14886
28555,13348
28556,14886
28557,14887
28558,14283
28559,14845
28560,11981
28561,14889
28562,14857
28563,14890
28564,14305
28565,14890
28566,12576
28567,14893
28568,14893
28569,14892
28570,14895
28571,4007
28572,14896
28573,183
28574,14857
28575,1643
28576,253
28577,14887
28578,4426
28579,6793
28580,14897
28581,12565
28582,7290
28583,14434
28584,11711
28585,14902
28586,14899
28587,14900
28588,14873
28589,1077
28590,1709
28591,253
28593,14905
28594,1569
28595,1154
28596,9030
28597,14909
28598,14910
28599,334
28600,334
28601,9343
28602,334
28603,3019
28604,5
28605,14897
28606,1573
28607,8004
28608,14912
28609,3971
28610,334
28611,3019
28612,14912
29607,15912
29608,15914
29609,1764
29610,15914
29611,1764
29612,5695
29613,1154
29614,12036
29616,11048
29617,11048
29618,15914
29619,15922
29620,15922
29621,15921
29622,10926
29623,6845
29624,14719
29625,15921
29626,15926
29627,15925
29629,6630
29630,8758
29631,15932
29632,14911
29633,12014
29634,13519
29635,11852
29636,15916
29637,15933
29638,15934
29639,6479
29640,14910
29641,11405
29642,7038
29644,13636
29645,7828
29646,14900
29647,8927
29648,6866
29649,14163
29650,7486
29651,14163
29652,3748
29653,15944
29654,14626
29655,15945
29656,15948
29657,15937
29658,2592
29659,3760
29660,2970
29661,2526
29662,6920
29663,14694
29664,872
29665,10649
29666,15949
29667,15952
29668,15950
29669,15950
29670,15957
29671,15958
29672,15958
29673,1154
29674,15916
29675,15959
29676,15952
29677,1794
29678,9146
29679,12817
29680,15961
29681,15961
29682,12817
29683,638
29684,14837
29685,14699
29686,15959
29687,14900
29688,8783
29689,14360
29690,614
29691,1760
29692,15968
29693,9657
29694,6967
29695,7290
29696,15973
29697,15974
29698,9657
29699,15976
29700,15976
29701,9007
29702,14728
29703,264
29704,15977
29705,6082
29706,1794
29707,14900
29708,1945
29709,7630
29710,15979
29711,1036
29712,15978
29713,11138
29714,15979
29715,15980
29716,14554
29718,15959
29719,15963
29720,15981
29721,264
29722,14188
29723,333
29724,5893
29725,15983
29726,14701
29727,14701
29728,15984
29729,15986
29730,15989
29731,15986
29732,6875
29733,14038
29734,6082
29735,15988
29736,15984
29737,3774
29738,15934
29739,15993
29741,15976
29742,15995
29743,4829
29744,15998
29745,15953
29746,14880
29747,14626
29748,12415
29749,15999
29750,15998
29752,5739
29753,13690
29754,16000
29755,16003
29756,11523
29757,16003
29758,16002
29759,16004
29760,2921
29761,14289
29762,16003
29763,5638
29764,6489
29765,6877
29766,686
29767,12486
29768,14900
29769,2817
29770,14294
29771,2126
29772,9281
29773,2387
29774,7290
29775,16010
29776,16011
29777,16000
29778,8077
29779,6096
29780,3584
29781,16011
29782,16008
29783,13526
29784,15980
29785,9206
29786,14888
29787,16011
29788,16013
29789,25
29790,16008
29791,13804
29792,16014
29793,172
29794,638
29795,1215
29796,1036
29797,15952
29798,3867
29799,6884
29800,15952
29801,919
29803,15993
29804,13402
29805,15966
29806,6178
29807,14857
29808,16018
29810,16018
29811,16017
29812,11748
29813,13516
29814,13582
29815,13516
29816,14643
29817,16020
29818,16022
29819,5594
29820,16019
29821,5594
29822,14643
29823,1390
29824,13669
29825,12798
29826,14807
29827,6178
29828,16026
29829,8325
29830,16028
29831,13516
29832,16030
29833,6897
29834,16031
29835,16032
29836,16021
29837,4087
29838,14807
29839,16027
29841,9007
29842,9007
29843,6723
29844,919
29845,8402
29846,14011
29847,14267
29848,16005
29849,8487
29850,11085
29851,6204
29852,16036
29853,438
29854,15979
29855,15979
29856,14540
29857,14728
29858,221
29859,16040
29860,8516
29861,3293
29862,7448
29863,16036
29864,14856
29865,16042
29866,12842
29867,183
29868,1645
29869,183
29870,16011
29871,16047
29872,16046
29873,16047
29874,16042
29875,14646
29876,14699
29877,14846
29878,16017
29879,16049
29880,14857
29881,4290
29882,16052
29883,8196
29884,4370
29885,16036
29886,16037
29887,14267
29888,11192
29889,9394
29890,3903
29891,4856
29892,4856
29893,16056
29894,16027
29895,253
29896,16059
29897,16057
29898,16062
29899,16060
29900,16060
29901,16063
29902,16063
29903,14289
29904,13950
29905,13022
29906,199
29907,8664
29908,16067
29909,16066
29910,16066
29911,14846
29912,7968
29913,6666
29914,16055
29915,12983
29916,13526
29917,4900
29918,10524
29919,16072
29920,16036
29921,16068
29922,10488
29923,16074
29924,2294
29925,930
29926,15953
29927,16075
29928,16077
29929,16073
29930,14888
29931,9394
29932,8553
29933,16079
29934,16078
29936,12626
29937,1764
29938,16078
29939,5405
29940,10054
29941,16082
29942,16028
29943,16084
29944,16084
29945,8286
29946,7964
29947,14674
29948,8553
29949,16079
29950,8553
29951,16027
29952,12115
29953,14267
29954,14267
29955,11323
29956,11376
29957,16084
29958,16088
29959,14323
29960,6965
29961,16089
29962,1307
29963,561
29964,5121
29965,16057
29966,7802
29967,16092
29968,16091
29969,16095
29970,13104
29971,2436
29972,74
29973,16099
29974,16025
29975,16078
29976,16059
29977,16093
29978,16101
29979,1643
29980,16101
29981,4505
29982,14640
29983,6961
29984,16102
29985,7964
29986,15988
29987,7964
29988,14640
29989,15988
29990,1356
29991,12615
29992,7964
29993,16096
29994,14188
29995,15965
29996,16089
29997,14188
29998,15975
29999,14550
30000,11877
30001,14188
30002,850
30003,25
30004,11921
30005,74
30006,14731
30007,16057
30008,16113
30009,16114
30010,8077
30011,10669
30012,16098
30013,16117
30014,4253
30015,16117
30016,1657
30017,4505
30018,16057
30019,930
30020,3040
30021,850
30022,16119
30023,5151
30024,16104
30025,2356
30026,16121
30027,3525
30028,12895
30029,9342
30030,88
30031,16065
30032,527
30033,16125
30034,11357
30035,16120
30036,16127
30037,16127
30038,11523
30039,16129
30040,16132
30041,6993
30042,666
30043,12401
30044,14729
30045,16134
30046,16131
30047,4820
30048,16069
30049,16134
30050,16136
30051,16137
30052,16139
30053,11664
30054,16136
30055,16138
30056,4054
30057,16139
30058,11714
30059,1670
30060,16141
30061,16141
30062,89
30063,16146
30064,16143
30065,16142
30066,16148
30067,11649
30068,14729
30069,7224
30070,16148
30071,16153
30072,16150
30073,16153
30074,6552
30075,6592
30076,4507
30077,16152
30078,16150
30079,16151
30080,6552
30081,16153
30082,16129
30083,4337
30084,16069
30085,8289
30086,4496
30087,16157
30088,3722
30089,10054
30090,1679
30091,16159
30092,6153
30093,442
30094,16159
30095,16157
30096,16153
30097,16161
30098,16161
30099,16160
30100,16162
30101,13472
30102,14498
30103,2392
30104,14731
30105,16164
30106,16164
30107,16165
30108,919
30109,1679
30110,919
30111,12181
30112,16166
30113,2116
30114,16136
30115,2116
30116,9950
30117,16137
30118,16166
30119,9950
30120,16170
30121,14794
30122,8218
30123,16136
30124,8413
30125,930
30126,16172
30127,196
30128,16174
30129,16176
30130,9187
30131,16175
30132,16175
30133,16153
30134,16181
30135,16178
30136,9249
30137,8212
30138,16181
30139,16181
30140,12059
30141,9187
30142,686
30143,3754
30144,11061
30146,11061
30147,3754
30148,16184
30149,16189
30150,16192
30151,7025
30152,16101
30153,3330
30154,16193
30155,16193
30156,8380
30157,236
30158,16186
30159,16185
30160,16197
30161,1106
30162,9171
30163,16199
30164,11621
30165,16203
30166,16203
30167,1390
30168,11115
30169,183
30170,16204
30171,16204
30172,16204
30173,16079
30174,16164
30175,6329
30176,6858
30177,1531
30178,16208
30179,14745
30180,3330
30181,14369
30182,14363
30183,12633
30184,300
30185,16212
30186,1390
30187,14125
30188,5141
30189,264
30190,16215
30191,14434
30192,520
30193,16215
30194,16175
30195,16213
30196,7734
30197,16210
30198,7734
30199,10524
30200,9394
30201,16137
30202,10669
30203,16216
30204,16179
30205,7025
30206,7290
30207,16219
30208,333
30209,16219
30210,16220
30211,4497
30212,16220
30213,16220
30214,16216
30215,16216
30216,9171
30217,2040
30218,2485
30219,16003
30220,4598
30221,16025
30222,14120
30223,1150
30224,16074
30225,2485
30226,10907
30227,14532
30228,16034
30229,16227
30230,13519
30231,13702
30232,16220
30233,16230
30234,9187
30235,3984
30236,16230
30237,12165
30238,16232
30239,16232
30240,7038
30241,14661
30242,14653
30243,16237
30244,88
30245,5661
30246,16238
30247,14017
30248,16234
30249,16231
30250,16241
30251,16243
30252,16213
30253,7292
30254,16236
30255,16246
30256,3330
30257,13774
30258,16074
30259,16247
30260,14826
30261,14729
30262,11513
30263,4716
30264,16251
30265,16234
30266,1389
30267,16101
30268,13526
30269,16034
30270,16180
30271,16180
30272,7802
30273,14120
30274,13526
30275,11981
30276,16253
30277,16253
30278,14125
30279,1118
30280,9394
30281,1329
30282,16256
30283,16257
30284,16052
30285,4319
30286,16180
30287,9171
30288,16260
30289,9171
30290,1443
30291,16262
30292,16034
30293,5864
30294,16034
30295,919
30296,14125
30297,4127
30298,16261
30299,13047
30300,14532
30301,16265
30302,16265
30303,9657
30304,16266
30305,919
30306,16239
30307,1443
30308,6720
30309,16266
30310,10054
30311,600
30312,3640
30313,16047
30314,16270
30315,3330
30316,919
30317,16270
30318,6432
30319,14418
30320,1763
30321,16239
30322,16262
30323,16263
30324,16275
30325,16276
30326,16192
30327,16276
30328,7471
30329,16274
30330,16216
30331,16277
30332,16276
30333,7795
30334,16279
30335,16270
30336,16279
30337,16279
30338,16270
30339,11317
30340,1991
30341,13526
30342,16281
30343,7071
30344,16280
30345,13526
30346,16282
30347,16283
30348,16288
30349,16287
30350,16285
30351,16287
30352,16280
30354,16280
30355,16276
30356,10402
30357,8141
30358,9146
30359,1909
30360,16285
30361,16280
30362,9146
30363,919
30364,9146
30365,12750
30366,16295
30367,16296
30368,5915
30369,16089
30370,16295
30371,561
30372,16299
30373,16301
30374,9657
30375,16306
30376,13201
30377,59
30378,16307
30379,8141
30380,8141
30381,16293
30382,5597
30383,3577
30384,16309
30385,3525
30386,16282
30387,7490
30388,13201
30389,16310
30390,16310
30391,4001
30392,10028
30393,16282
30394,381
30395,13451
30396,615
30397,14699
30398,12944
30399,539
30400,539
30401,10849
30402,10849
30403,11867
30404,16311
30405,16312
30406,16312
30407,9092
30408,16314
30409,16149
30410,7970
30411,16234
30412,615
30413,59
30414,16149
30415,16089
30416,16175
30417,16317
30418,16018
30419,16318
30420,12615
30421,12311
30422,14699
30423,10507
30424,13201
30425,13201
30426,16322
30427,16323
30428,3277
30429,3899
30430,16078
30431,900
30432,16323
30433,13201
30434,16327
30435,16326
30436,16028
30437,1737
30438,15916
30439,7099
30440,12817
30441,7170
30442,16326
30443,919
30444,16329
30445,11797
30446,13636
30447,13636
30448,16329
30449,16329
30450,14582
30451,16323
30452,13480
30453,16331
30454,5161
30455,5627
30456,1739
30457,7802
30458,7970
30459,4839
30460,13636
30461,16078
30462,7290
30463,16333
30464,16204
30465,1118
30466,3915
30467,15972
30468,601
30469,16337
30470,14784
30471,8086
30472,16335
30473,13201
30474,10849
30475,4301
30476,13783
30477,59
30478,1709
30479,16336
30480,16343
30481,16344
30482,1352
30483,16319
30484,1150
30485,1636
30486,16319
30487,16347
30488,16319
30489,16346
30490,16351
30491,16343
30492,1456
30493,9899
30494,16140
30495,5450
30496,4432
30497,9899
30498,16333
30499,16354
30500,14529
30501,16297
30502,9495
30503,10278
30504,13104
30505,13201
30506,4176
30507,16362
30508,16363
30509,16364
30510,16365
30511,16337
30512,16360
30513,386
30514,16360
30515,3376
30516,1036
30517,7291
30518,5079
30519,13128
30520,16366
30521,16369
30522,7828
30523,14180
30524,11523
30525,16160
30526,14699
30527,14532
30528,8431
30529,168
30530,16373
30531,3301
30532,16373
30533,16047
30534,16377
30535,5705
30536,9722
30537,16365
30538,13201
30539,14674
30540,12813
30541,12813
30542,14224
30543,16379
30544,16375
30545,7395
30546,11523
30547,9363
30548,7290
30549,16374
30550,16376
30551,16380
30552,16384
30553,12895
30554,14674
30555,16321
30556,16047
30557,14324
30558,16377
30559,13933
30560,8141
30561,12567
30562,15997
30563,16387
30564,16389
30565,168
30566,8141
30567,7291
30568,3401
30569,10185
30570,3701
30571,13516
30572,16391
30573,16387
30574,887
30575,887
30576,10890
30577,3026
30578,16387
30579,16387
30580,887
30581,16367
30582,16393
30583,11355
30584,5829
30585,10890
30586,900
30587,14098
30588,16397
30589,10996
30590,16374
30591,16400
30592,10890
30593,14504
30594,8580
30595,8580
30596,15993
30597,4496
30598,1803
30599,8281
30600,16402
30601,16127
30602,8281
30603,16400
30604,588
30605,6547
30606,16404
30608,16406
30609,16405
30610,16408
30612,16407
30613,15965
30614,16175
30615,15993
30616,16409
30617,16409
30618,11462
30619,16408
30620,7290
30621,16413
30622,13086
30623,16404
30624,7883
30625,7883
30626,3886
30627,3886
30628,7883
30629,1291
30630,13690
30631,13804
30632,16404
30633,16417
30634,13664
30635,7602
30636,14134
30637,13783
30638,8402
30639,253
30640,16420
30641,16404
30642,7395
30643,16406
30644,16421
30645,16424
30646,11615
30647,16423
30648,16426
30649,16425
30650,9804
30651,13702
30652,8141
30653,8580
30654,16405
30656,805
30657,4552
30658,14653
30659,16429
30660,16407
30661,16407
30662,14017
30663,16432
30664,12096
30665,16247
30666,16247
30667,3191
30668,4810
30669,14134
30670,16433
30671,16434
30672,16435
30673,4137
30674,12215
30675,16439
30676,6979
30677,16434
30678,16441
30679,12981
30680,16438
30681,11294
30682,16438
30683,11294
30684,16246
30685,11405
30686,1764
30687,14131
30688,223
30689,11511
30690,6552
30691,16366
30692,11355
30693,7244
30694,14197
30695,16446
30696,16402
30697,12733
30698,12733
30699,12733
30700,1764
30702,14131
30703,16428
30704,16428
30705,13587
30706,10580
30707,16447
30708,8632
30709,16259
30710,7170
30711,7172
30712,13702
30713,3681
30714,4780
30715,13348
30716,1765
30717,16451
30718,8580
30719,14699
30720,8580
30721,14289
30722,253
30723,13384
30724,16428
30725,16452
30726,13487
30727,16415
30728,16439
30729,16453
30730,1355
30731,16453
30732,16405
30733,14888
30734,8027
30735,9836
30736,2817
30737,16454
30738,11511
30739,7255
30740,12690
30741,11511
30742,696
30743,13519
30744,16462
30745,16458
30746,16465
30747,881
30748,9007
30749,16457
30750,16441
30751,77
30752,6666
30753,7290
30754,16469
30755,930
30756,16468
30757,16457
30758,13837
30759,16470
30760,16472
30761,12758
30762,16469
30763,11675
30764,16474
30765,12758
30766,919
30767,16474
30768,16479
30769,1320
30770,16481
30771,13516
30772,11371
30773,11371
30774,6649
30775,8254
30776,8350
30777,3671
30778,9115
30779,16192
30780,8254
30781,16483
30782,16192
30783,16175
30784,9750
30785,16127
30786,10838
30787,10816
30788,12733
30789,8580
30790,16034
30791,8234
30792,4278
30793,16069
30794,16210
30795,16489
30796,13473
30797,16210
30798,14532
30799,10069
30800,16439
30801,14667
30802,16491
30803,9523
30804,13935
30805,6552
30806,4505
30807,3671
30808,13473
30809,7199
30810,16210
30811,16483
30812,4164
30813,25
30814,12615
30815,16495
30816,7972
30817,7970
30818,16439
30819,16497
30820,14731
30821,8166
30822,14667
30823,16497
30824,10132
30825,16329
30826,14727
30827,7970
30828,16329
30829,5829
30830,16160
30831,16121
30832,16503
30833,6060
30834,1118
30835,16504
30836,16502
30837,16504
30838,805
30839,16506
30840,183
30841,16510
30842,14433
30843,14433
30844,442
30845,2817
30846,6920
30847,16462
30848,16325
30849,8021
30850,4001
30851,3788
30852,16505
30853,16515
30854,16506
30855,10132
30856,333
30857,7025
30858,16514
30859,1117
30860,16519
30861,16519
30862,16496
30863,16496
30864,5546
30865,16520
30866,16520
30867,16520
30868,16520
30869,16516
30870,12690
30871,3301
30872,1808
30873,16524
30876,16298
30877,16526
30878,13106
30879,16529
30880,16529
30881,3812
30882,16527
30883,10636
30884,16532
30885,16532
30886,16533
30887,16483
30888,5387
30889,172
30890,7224
30891,14729
30892,12981
30893,10849
30894,16535
30895,16496
30896,16537
30897,10055
30898,6547
30899,6920
30900,4376
30901,16527
30902,16538
30903,16538
30904,2116
30905,1643
30906,14463
30907,4376
30908,12147
30909,12147
30910,16541
30911,339
30912,7737
30913,16535
30914,7025
30915,16546
30916,15993
30917,13985
30918,16547
30919,12690
30921,10069
30922,16545
30923,16502
30924,13201
30925,776
30926,16545
30927,14679
30928,7290
30929,16550
30930,3920
30931,16552
30932,14762
30933,16553
30934,16553
30935,615
30936,9816
30937,16554
30938,14762
30939,16557
30940,16541
30941,3293
30942,439
30943,5405
30944,11456
30945,11456
30946,12339
30947,9649
30948,16413
30949,16567
30950,16506
30951,16566
30952,16506
30953,16557
30954,13384
30955,1212
30956,14745
30957,16570
30958,16557
30959,609
30960,7757
30961,16568
30962,16571
30963,16570
30964,3019
30965,16572
30966,3019
30967,7964
30968,11849
30969,16572
30970,16545
30971,16011
30972,16297
30973,5032
30974,6920
30976,16548
30977,13360
30978,16545
30979,16049
30980,7250
30981,13107
30982,16579
30983,16049
30984,1265
30985,16579
30986,16580
30987,16579
30988,16581
30989,4352
30990,10341
30991,16297
30992,16049
30993,16544
30994,7251
30995,14368
30996,1720
30997,9657
30998,4426
30999,4253
31000,14368
31001,5137
31002,4774
31003,7255
31004,16593
31005,16413
31006,16594
31007,8065
31009,16269
31010,16534
31011,6920
31012,7259
31013,16269
31014,16599
31015,14363
31016,3330
31017,16592
31018,16592
31019,16592
31020,10785
31021,11588
31022,16598
31023,16600
31024,16599
31025,16602
31026,686
31027,3330
31028,6225
31031,1893
31032,6804
31033,16387
31034,16605
31035,16607
31036,16607
31037,16609
31038,14346
31039,988
31040,5405
31041,11456
31042,16600
31043,2137
31044,16591
31045,13355
31046,16618
31047,9657
31049,16246
31050,8807
31051,16571
31052,14434
31053,16623
31054,14434
31055,5394
31056,16614
31057,2513
31058,16630
31059,16520
31060,13811
31061,16635
31062,16636
31063,16524
31064,1026
31065,16639
31066,13636
31067,16638
31068,16643
31069,16598
31070,16598
31071,4147
31072,16644
31073,16647
31074,16647
31075,16647
31076,16648
31077,16648
31078,14729
31079,16649
31080,16645
31081,16037
31082,36
31083,159
31084,16037
31085,12103
31086,16650
31087,16596
31088,14817
31089,197
31090,16651
31091,16653
31092,8865
31093,8180
31094,16542
31095,10622
31096,16542
31097,15913
31098,16656
31099,11852
31100,14187
31101,16659
31102,11797
31103,14187
31104,5739
31105,1909
31106,6346
31107,13165
31108,11797
31109,16662
31111,11456
31112,582
31113,16542
31114,1913
31116,13538
31117,16666
31118,14803
31119,16664
31120,16668
31121,7282
31122,957
31123,14434
31124,14434
31125,87
31126,16662
31127,16018
31128,16646
31129,601
31130,13811
31131,3062
31132,7970
31133,7970
31134,16677
31135,16677
31136,5792
31137,13902
31138,2195
31139,7290
31140,16456
31141,16681
31142,12574
31143,5790
31144,16571
31145,16596
31146,16461
31147,14881
31148,12956
31149,12956
31150,4701
31151,16671
31152,16571
31153,11588
31154,10760
31155,16684
31156,16664
31157,16680
31158,16574
31160,11768
31161,14715
31162,9171
31163,14803
31164,11768
31165,1818
31166,3919
31167,14803
31168,16362
31169,16656
31170,14289
31171,16362
31172,10622
31173,13634
31174,2392
31175,4742
31176,16441
31177,1934
31178,16297
31179,16362
31180,16656
31181,16696
31182,16656
31183,16439
31184,16698
31185,2817
31186,16265
31187,11453
31188,13659
31189,4843
31190,9126
31191,13770
31192,16228
31193,13770
31194,17
31195,16486
31196,14860
31197,16699
31198,16704
31199,13413
31200,14174
31201,14174
31202,13413
31203,14715
31204,16700
31205,919
31206,9525
31207,16699
31208,615
31209,1945
31210,16542
31211,2179
31212,16542
31213,12719
31214,10622
31215,7224
31216,7224
31218,14803
31219,16715
31220,16715
31221,11060
31222,10108
31223,1163
31224,16716
31225,16229
31226,11013
31227,16365
31228,5
31229,16649
31230,5405
31231,14912
31232,16719
31233,16450
31234,16716
31236,4505
31237,16723
31238,8006
31239,16716
31240,14803
31241,13811
31242,16724
31243,16726
31244,16663
31245,16483
31246,16329
31247,1122
31249,7336
31250,1122
31251,16730
31252,6246
31253,14203
31254,2798
31255,16127
31256,16730
31257,12968
31258,16730
31259,71
31260,16640
31261,16722
31262,16640
31263,1122
31264,8431
31265,16734
31266,16735
31267,12853
31268,747
31269,12968
31270,3812
31271,16732
31272,16737
31273,16640
31274,16596
31275,16740
31276,7555
31277,9351
31278,9351
31279,16740
31280,16387
31281,16742
31282,438
31283,16746
31284,3637
31285,12710
31286,16744
31287,6642
31288,12096
31289,16748
31290,16640
31291,12968
31292,4759
31293,8431
31294,11522
31295,16506
31296,16540
31297,14674
31298,14674
31299,11522
31300,16737
31301,16755
31302,16756
31303,16514
31304,13549
31305,887
31306,16736
31307,12968
31308,16736
31309,16757
31310,16763
31311,16761
31312,4598
31313,159
31314,6111
31315,16750
31316,16773
31317,16767
31319,12090
31320,16777
31321,1636
31322,6246
31323,1118
31324,16228
31326,16228
31327,16780
31328,16782
31329,11936
31330,16783
31331,16782
31332,6259
31333,11511
31334,16788
31335,16786
31337,485
31338,7290
31339,16791
31340,16784
31341,16784
31342,16791
31344,16640
31345,4580
31346,16765
31347,16789
31348,16794
31349,16793
31351,16793
31352,2959
31353,16705
31354,16705
31355,16744
31356,16786
31357,14741
31358,1077
31359,16705
31360,16645
31361,16774
31362,10636
31363,16724
31364,10636
31365,16801
31366,6920
31367,16744
31368,16765
31369,11495
31370,10641
31373,16774
31374,125
31375,14719
31376,16808
31377,253
31378,10636
31379,14500
31380,16808
31381,16811
31382,5993
31383,16810
31384,16774
31385,16554
31386,858
31387,16812
31388,16812
31389,16815
31390,401
31391,16814
31392,16817
31393,16810
31394,16812
31395,16817
31396,14500
31397,16812
31398,16726
31399,1114
31400,14649
31401,4269
31402,2912
31403,7941
31404,16750
31405,12968
31406,16821
31407,16541
31408,14710
31409,6470
31410,16824
31411,14180
31412,5739
31413,16826
31414,25
31415,16827
31416,16828
31417,1977
31418,603
31419,14899
31420,919
31421,2772
31422,290
31423,16238
31424,13555
31425,16834
31426,16837
31427,5240
31428,16834
31429,16840
31430,16840
31431,14072
31432,12312
31433,16812
31434,7365
31435,16812
31436,16837
31437,1979
31438,16832
31439,16841
31440,16812
31441,10563
31442,16784
31443,13555
31444,16842
31445,16844
31446,16845
31447,16210
31448,903
31449,16844
31450,4238
31451,4569
31452,11634
31453,16849
31454,9845
31455,16850
31456,16848
31457,16849
31458,16850
31459,16847
31460,16852
31461,16852
31462,13332
31463,16853
31464,12015
31465,16853
31466,16855
31467,5864
31468,16238
31469,16238
31470,16726
31471,3847
31472,10722
31473,16763
31474,6009
31475,16857
31476,16856
31477,16858
31478,16541
31479,13556
31480,16614
31482,16859
31483,1291
31484,16859
31485,16860
31486,2091
31487,2091
31488,9339
31489,16863
31490,16865
31491,16865
31492,14289
31493,14784
31494,16865
31495,16297
31496,16867
31497,16865
31498,16868
31499,15945
31500,3298
31501,16870
31502,23
31503,14741
31504,16740
31505,16872
31506,16872
31507,5846
31508,14150
31509,14150
31510,13264
31511,791
31512,215
31513,8481
31514,8455
31515,13139
31516,3488
31517,16874
31518,16873
31519,13881
31520,16801
31521,16875
31522,14803
31523,16873
31524,16763
31525,16841
31526,11495
31527,13
31528,16876
31529,183
31530,10227
31531,5412
31532,1991
31533,16881
31534,16034
31535,2817
31536,16885
31537,16884
31538,3835
31539,903
31540,12793
31541,16815
31542,16235
31543,3601
31544,16889
31545,16882
31546,12626
31547,16666
31548,16883
31549,16893
31550,8402
31551,16893
31552,16887
31553,13680
31554,9137
31555,8580
31556,601
31557,6941
31558,9137
31559,16851
31560,16886
31561,2817
31562,1887
31563,14741
31564,71
31565,2116
31566,16897
31567,16899
31568,16898
31569,6082
31570,16901
31571,16901
31572,16909
31573,1716
31574,16909
31575,16912
31576,14803
31578,16912
31579,14903
31580,16837
31581,16911
31582,16903
31583,4344
31584,1886
31585,8205
31586,16901
31587,16640
31588,2669
31589,16213
31590,16883
31591,16887
31592,30
31593,16919
31594,16922
31595,16921
31596,16922
31597,16923
31598,16705
31599,14187
31600,16907
31601,16924
31602,7411
31603,16916
31604,6828
31605,16918
31606,16918
31607,13915
31608,2830
31609,13413
31610,16926
31611,16881
31612,16859
31613,16927
31614,159
31615,8709
31616,2020
31617,10683
31618,16929
31619,159
31620,14860
31621,16901
31622,14903
31623,11317
31624,16932
31625,16912
31626,16912
31627,16937
31628,834
31629,14903
31630,16926
31631,16938
31632,14098
31633,4598
31634,5836
31635,16919
31636,16941
31637,13413
31638,16943
31639,12885
31640,16941
31641,8141
31642,12895
31643,4344
31644,16945
31645,16938
31646,16947
31647,1716
31648,11048
31649,7425
31650,16938
31651,16949
31652,16949
31653,16228
31654,16949
31655,2817
31656,16950
31657,16950
31658,16952
31659,14506
31660,2040
31661,14860
31662,11981
31663,16951
31664,16955
31665,16954
31666,2310
31667,8489
31668,8580
31669,9676
31670,4426
31671,5294
31672,11032
31673,7365
31674,11805
31675,16958
31676,8363
31677,16253
31678,1351
31679,16960
31680,3205
31681,16965
31682,16801
31683,16938
31686,16967
31687,16967
31688,16949
31689,5739
31690,4727
31691,13770
31692,16337
31693,16955
31694,16972
31695,16973
31696,2981
31697,919
31698,16949
31699,16974
31700,16974
31701,6329
31702,16319
31703,888
31704,1549
31705,6072
31706,8580
31708,4344
31709,16978
31710,8097
31711,14530
31712,14530
31713,6072
31714,10760
31715,13636
31716,8252
31717,16837
31718,16980
31719,12171
31720,12793
31721,13804
31722,16984
31723,16982
31724,16955
31725,4598
31726,16982
31727,13549
31728,14836
31729,16914
31730,16104
31731,16987
31732,16973
31733,16973
31734,14150
31735,8141
31736,8205
31737,16987
31738,12885
31739,8141
31740,3597
31741,16991
31742,8252
31743,16726
31744,16990
31746,16640
31747,16994
31748,7071
31749,16994
31750,16998
31751,16228
31752,16111
31753,173
31754,16640
31755,16998
31756,17000
31757,16998
31758,17000
31759,10829
31760,17002
31761,16974
31762,16989
31763,16598
31764,11930
31765,16998
31766,16967
31767,17003
31768,12615
31769,13432
31770,10968
31771,11930
31772,8141
31773,2942
31774,17011
31775,261
31776,17014
31777,17015
31778,17015
31779,12574
31780,17017
31781,11523
31782,16989
31783,17016
31784,14335
31785,3014
31786,5544
31787,9162
31788,3705
31789,17018
31790,17019
31791,17020
31792,16843
31793,17023
31794,17023
31795,17024
31796,16797
31797,17018
31798,17025
31799,17021
31800,7486
31801,1808
31802,17026
31803,12307
31804,17029
31805,17028
31806,14649
31807,17009
31808,17031
31809,17031
31810,872
31812,17034
31813,17030
31814,17038
31815,13680
31816,17040
31817,17042
31818,2073
31819,13770
31820,13770
31821,16658
31822,872
31823,17001
31825,5192
31826,17040
31827,17036
31828,16527
31829,805
31830,2959
31832,17046
31833,10227
31834,4820
31835,5405
31836,17048
31837,16104
31838,17049
31839,16979
31840,16979
31841,11852
31842,196
31843,7497
31844,17025
31845,6512
31846,17052
31847,16645
31848,17055
31849,104
31850,17044
31851,13502
31852,16803
31853,17048
31854,17056
31855,17054
31856,17057
31857,17057
31858,13020
31859,16242
31860,14674
31861,15945
31862,16545
31863,17059
31864,16989
31865,14674
31866,16789
31867,17044
31868,16545
31869,17030
31870,5345
31871,4496
31872,17062
31873,930
31874,9887
31875,17062
31876,13332
31877,12505
31878,12505
31879,12505
31880,17023
31881,6233
31882,12505
31883,16887
31884,9169
31885,1352
31886,2849
31887,7515
31888,10675
31889,17062
31890,5837
31891,17068
31892,9529
31893,9529
31894,1352
31895,17042
31896,5344
31897,2116
31898,17073
31899,12022
31900,5764
31901,16319
31902,6096
31903,12420
31904,8141
31905,3298
31906,16242
31907,10888
31908,17076
31909,16242
31910,7529
31911,17080
31912,17081
31913,17081
31914,16545
31915,1191
31916,1191
31917,16721
31918,13636
31919,17082
31920,2091
31921,14500
31922,2063
31923,17083
31924,17080
31925,17080
31926,17085
31927,17062
31928,17089
31929,4588
31930,1393
31931,17091
31932,7122
31933,14836
31934,17093
31935,10598
31936,966
31937,17091
31938,17100
31939,1114
31940,17096
31941,7151
31942,17096
31943,12022
31944,17103
31945,17083
31946,14428
31947,16891
31948,17096
31949,17107
31950,17107
31951,17108
31952,17102
31953,17107
31954,6301
31955,17108
31956,5397
31957,7555
31958,17055
31959,17096
31960,9007
31961,17109
31962,7141
31963,16902
31964,7556
31965,17105
31966,12492
31967,3298
31968,667
31969,16609
31970,16891
31971,16609
31972,16973
31973,1307
31974,17102
31975,4505
31976,9128
31977,17107
31978,16462
31979,17105
31980,7
31981,17118
31982,6000
31983,16816
31984,17115
31985,17119
31986,16776
31987,17123
31988,17119
31989,17122
31990,16723
31991,16557
31992,17062
31993,12022
31994,6000
31995,17053
31996,17126
31998,17128
31999,17128
32000,17128
32001,8205
32002,6054
32003,16474
32004,287
32005,5941
32006,1808
32007,8770
32008,16420
32009,17053
32010,16897
32011,16410
32012,2111
32013,17132
32014,17124
32015,3899
32016,17096
32018,16937
32019,5504
32020,17136
32021,2116
32022,17062
32023,13035
32024,17089
32025,17089
32026,17133
32027,8590
32028,15997
32029,5764
32030,17113
32031,16987
32033,16776
32034,17140
32035,17124
32036,2734
32037,5926
32038,17141
32039,1352
32040,7591
32041,2126
32042,17143
32043,17140
32044,17130
32045,686
32046,17130
32047,17146
32048,17146
32049,16949
32050,17133
32051,17130
32052,7339
32053,2129
32054,17142
32055,17144
32056,17138
32057,7555
32058,17112
32059,17112
32060,12318
32061,4093
32062,1371
32063,6310
32064,17152
32065,13402
32066,10435
32067,7469
32068,6957
32069,6957
32070,17155
32071,16949
32072,17146
32073,17158
32074,17132
32075,17164
32076,17165
32077,17166
32078,14446
32079,16955
32080,17167
32081,17168
32082,7999
32083,7250
32084,6875
32085,17113
32086,17151
32087,4572
32088,930
32089,12446
32090,17169
32091,17171
32092,12446
32093,16897
32094,12833
32095,10688
32096,17076
32097,17176
32098,16922
32099,17170
32100,17109
32101,17177
32102,9177
32103,17170
32104,12414
32105,2144
32106,13669
32107,7780
32108,14731
32109,16557
32110,17179
32111,17181
32112,17185
32113,17184
32114,17167
32115,2817
32116,8205
32117,15945
32118,9782
32119,183
32120,449
32121,686
32122,919
32123,930
32124,2392
32125,4505
32126,4856
32127,5739
32128,7290
32129,11032
32130,17182
32131,13201
32132,480
32133,704
32134,2116
32135,10530
32136,2150
32137,10435
32138,13201
32139,6920
32140,16104
32141,17191
32142,17192
32143,16967
32144,5739
32145,10785
32146,11747
32147,17195
32148,17197
32149,12518
32150,17198
32151,16557
32152,485
32153,17201
32154,776
32155,17201
32156,17202
32157,17201
32158,298
32159,5836
32160,4523
32161,11867
32162,9249
32163,16446
32164,17171
32165,9249
32166,17143
32167,386
32168,13587
32169,17125
32170,17208
32171,5555
32172,17206
32173,8580
32174,9424
32175,12518
32176,17210
32177,5837
32178,5739
32179,17052
32180,17214
32181,17213
32182,17214
32183,11551
32184,6096
32185,17214
32186,17216
32187,17215
32188,17217
32189,17219
32190,12518
32191,4344
32192,9950
32193,17222
32194,17226
32195,17224
32196,14224
32197,17231
32198,17230
32199,16816
32200,16776
32201,17228
32202,17201
32203,17230
32204,16557
32205,1951
32206,16973
32207,5372
32208,16527
32209,17238
32210,14134
32211,1951
32212,17218
32213,17218
32214,17237
32215,17201
32216,17226
32217,17238
32218,2849
32219,17215
32220,10237
32221,17239
32222,17198
32223,3378
32224,9203
32225,17250
32226,17242
32227,17252
32228,9076
32229,17100
32230,2980
32231,3903
32232,17230
32233,2164
32234,17106
32235,17230
32236,16034
32237,2817
32238,17253
32239,17255
32240,9760
32241,10237
32242,686
32243,7644
32244,16119
32245,7224
32246,13770
32247,183
32248,686
32249,1537
32250,3525
32251,7647
32252,5729
32253,16175
32254,13636
32255,17192
32256,1990
32257,17235
32258,17267
32259,17267
32260,17268
32261,17161
32262,17266
32263,17262
32264,17269
32265,17116
32266,17270
32267,17235
32268,17271
32269,11328
32270,686
32271,17091
32272,5494
32273,17273
32274,17275
32275,17106
32276,17272
32277,17272
32278,17277
32279,17279
32280,17242
32281,8199
32282,17283
32283,17276
32284,17285
32285,12446
32286,17287
32287,17284
32288,8762
32289,9169
32290,17142
32291,17279
32292,17289
32293,14369
32294,17237
32295,17294
32296,1522
32297,17271
32298,16111
32299,17279
32300,17295
32301,17295
32302,930
32303,11058
32304,1586
32305,17171
32306,778
32307,3919
32308,17237
32309,1124
32310,8580
32311,172
32312,17293
32313,6885
32314,1709
32315,17301
32316,14131
32317,16319
32318,16319
32319,8040
32320,16596
32321,17298
32322,8005
32323,17211
32324,17253
32325,17253
32326,13561
32327,1121
32328,16393
32329,16393
32330,7702
32331,10119
32332,9465
32333,17310
32334,17210
32335,17210
32336,17210
32337,17312
32338,17312
32339,17312
32340,17312
32341,7259
32342,16797
32343,17296
32344,17315
32345,7972
32346,8101
32347,17318
32348,10435
32349,14903
32350,9343
32351,13413
32352,12714
32353,2725
32354,13413
32355,333
32356,16297
32357,4505
32358,17312
32359,12626
32360,10435
32361,17053
32362,5003
32363,2192
32364,17255
32365,17324
32366,16989
32367,10926
32368,17326
32369,17301
32370,17325
32371,17325
32372,16663
32373,14369
32374,9529
32375,10683
32376,17107
32377,7690
32378,17278
32379,17096
32380,10389
32381,17328
32382,5549
32383,17330
32384,5264
32385,7329
32386,17332
32387,892
32388,11523
32389,8141
32390,17315
32391,17111
32392,16989
32393,223
32394,16989
32395,2645
32396,17325
32397,9216
32398,190
32399,1785
32400,6327
32401,17341
32402,686
32403,17235
32404,17235
32405,17341
32406,11030
32407,12626
32408,17344
32409,7883
32410,17278
32411,17348
32412,5773
32413,3325
32414,17106
32415,2665
32416,6920
32418,17350
32419,17351
32420,17352
32421,16002
32422,17332
32423,118
32424,17355
32425,12518
32426,17362
32427,12518
32428,17359
32429,17363
32430,17363
32431,17364
32432,11867
32433,8384
32434,17364
32435,17367
32436,17366
32437,8214
32438,17293
32439,16973
32440,17111
32441,5512
32442,17359
32443,11981
32444,747
32445,3919
32446,17372
32447,5738
32448,5738
32449,4856
32450,2817
32451,17230
32452,14390
32453,17362
32454,17375
32455,4087
32456,17373
32457,17373
32458,16663
32459,17376
32460,1381
32461,17373
32462,16943
32463,17368
32464,13010
32465,16811
32466,17373
32467,17286
32468,10435
32469,8
32470,6475
32471,16989
32472,13010
32473,17376
32474,17357
32475,339
32476,3531
32477,17376
32478,17035
32479,13106
32480,16949
32481,795
32482,16675
32483,17384
32484,17384
32485,7733
32486,13889
32487,17383
32488,17386
32489,17388
32490,17390
32491,14729
32492,17385
32493,17391
32494,13915
32495,13915
32496,17391
32497,17390
32498,17394
32499,17395
32501,16297
32502,16297
32503,4812
32504,17379
32505,2116
32506,17396
32507,12318
32508,11565
32509,17397
32510,7741
32511,805
32512,7744
32513,8041
32514,14828
32515,14828
32516,17400
32517,17399
32518,1267
32519,930
32520,3019
32521,17403
32523,17406
32524,17333
32525,17394
32526,17403
32527,5735
32529,17411
32530,10435
32531,17400
32532,17401
32533,17343
32534,17411
32535,17411
32536,4764
32537,17354
32538,16776
32539,17415
32540,9625
32541,5977
32542,16974
32543,10907
32545,16261
32546,8662
32547,1342
32548,1342
32549,7411
32550,8670
32551,17418
32552,2970
32553,16261
32554,17118
32555,5056
32556,4764
32557,11691
32558,16926
32560,17422
32561,16811
32562,16456
32563,4253
32564,17425
32565,17427
32566,16926
32567,1261
32568,17399
32569,17403
32570,17403
32571,17352
32572,16545
32573,5674
32574,14332
32575,17349
32576,10389
32577,17429
32578,17426
32579,11501
32580,17430
32581,179
32582,1205
32583,16943
32584,2371
32585,17433
32586,17432
32587,13582
32588,17349
32589,13582
32590,17398
32591,17230
32592,17438
32593,16989
32595,17437
32596,16811
32597,17403
32598,17106
32599,7883
32600,17398
32601,5509
32603,16213
32604,10389
32605,17444
32606,17413
32607,2725
32608,3597
32609,17446
32610,8724
32611,17035
32612,17035
32613,12147
32614,17448
32615,17449
32616,17448
32617,12833
32618,16297
32619,159
32620,17450
32621,2510
32622,17046
32623,17452
32624,16375
32625,16640
32626,17046
32627,17046
32628,11272
32629,16672
32630,17112
32631,17452
32632,17422
32633,17286
32634,17455
32635,2719
32636,17454
32637,5674
32638,17399
32639,17460
32640,17399
32641,17112
32642,14443
32643,17463
32644,17349
32645,4559
32646,3525
32647,17466
32648,17463
32649,17462
32650,7788
32651,17432
32652,17465
32653,17464
32654,17462
32655,17468
32656,16297
32657,8361
32658,8361
32659,17471
32660,17468
32661,17471
32662,17469
32664,13467
32665,17286
32666,7968
32668,7290
32669,215
32670,7795
32671,17464
32672,4001
32673,17482
32674,17484
32675,14727
32676,17221
32677,17487
32678,17482
32679,17045
32680,2817
32681,17488
32682,17488
32683,17488
32684,17489
32685,400
32686,16297
32687,251
32688,1390
32689,17442
32690,17493
32691,17493
32692,17493
32693,17493
32694,5
32695,5
32696,17497
32697,17151
32698,14727
32699,1637
32700,17399
32701,17041
32702,17497
32703,8077
32704,17492
32705,17498
32706,17230
32707,588
32709,17491
32710,14860
32711,3305
32712,17508
32713,2546
32714,14532
32715,2546
32716,17475
32717,16297
32718,16297
32719,7355
32720,4401
32721,17463
32722,4839
32723,8226
32724,17518
32725,17507
32726,17513
32727,17517
32728,17510
32729,17519
32730,3579
32731,17521
32732,17522
32733,17475
32734,919
32735,17296
32736,17475
32737,1973
32738,17507
32739,6967
32740,138
32741,12431
32742,17296
32743,17318
32744,17526
32745,17529
32746,7817
32747,2063
32748,2654
32749,17398
32750,7819
32751,17533
32752,9529
32753,17530
32754,17535
32756,17534
32757,17534
32758,10619
32759,17475
32760,17475
32761,17017
32762,17540
32763,5836
32764,4001
32765,7828
32766,16938
32767,10172
32768,5296
32769,6834
32770,5296
32771,17542
32772,17541
32773,1352
32774,697
32775,6460
32776,8662
32777,6096
32778,603
32779,6781
32780,7837
32781,3406
32782,14586
32783,3026
32784,16034
32785,11290
32786,17549
32787,17549
32788,6854
32789,14729
32790,10399
32791,17550
32792,17547
32793,17349
32794,16672
32795,17556
32796,17452
32797,17554
32798,17549
32799,17558
32800,17530
32801,17226
32802,17230
32803,5546
32804,17560
32805,17561
32806,17565
32807,4344
32808,196
32809,17230
32810,12833
32811,16297
32812,17567
32813,16297
32814,5373
32815,17568
32816,17052
32817,17569
32818,2392
32819,3694
32820,17568
32821,17571
32822,10294
32823,17570
32824,17570
32825,14054
32826,17574
32827,4864
32828,17574
32829,5836
32830,4344
32831,805
32832,17574
32833,17578
32834,6377
32835,17575
32836,13449
32837,4864
32838,14434
32839,14434
32840,17581
32841,10670
32842,17581
32843,16974
32844,17475
32845,2392
32846,1709
32847,17084
32848,17272
32849,333
32850,10399
32851,17575
32852,10399
32853,17586
32854,17084
32856,1614
32857,10539
32858,17583
32859,442
32860,17589
32861,5512
32862,5512
32863,6552
32864,17590
32865,1739
32866,6060
32867,6552
32868,17593
32869,17593
32870,977
32871,183
32872,16949
32873,17586
32874,17596
32875,17596
32876,16949
32877,17594
32878,17588
32879,14443
32880,17001
32881,17598
32882,17592
32883,8413
32884,4856
32885,10227
32886,561
32887,11981
32888,17286
32890,9863
32891,3919
32892,17579
32893,5588
32894,17603
32895,17601
32896,1005
32897,7883
32898,795
32899,919
32900,17608
32901,2592
32902,17602
32903,17604
32904,17607
32905,221
32906,9996
32907,16515
32908,17609
32909,17304
32910,1347
32911,17609
32912,8165
32913,17052
32914,17614
32915,17612
32916,4208
32917,25
32918,4208
32919,17084
32920,14443
32921,17615
32922,16127
32923,17618
32924,2310
32925,16419
32926,16640
32927,4208
32928,17606
32929,17398
32930,17622
32931,17621
32932,16580
32933,6687
32934,17625
32935,17625
32936,17629
32937,17626
32938,17606
32939,10580
32940,17602
32941,17631
32942,16665
32943,11272
32944,17631
32945,16437
32946,17632
32947,17543
32948,11138
32949,4705
32950,17631
32951,17633
32952,14201
32953,13
32954,17634
32955,1224
32956,17621
32957,17636
32958,17637
32961,16288
32962,17636
32963,17637
32964,17638
32965,16375
32966,17636
32967,17638
32968,17638
32969,17640
32970,17636
32971,919
32972,9007
32973,17636
32974,17636
32975,1392
32976,17637
32977,4496
32978,17637
32979,17568
32980,10776
32981,17646
32982,17636
32983,17645
32984,17578
32985,6920
32986,6920
32987,1007
32988,17647
32989,16419
32990,17647
32991,12833
32992,17625
32993,17625
32994,17651
32995,7918
32996,2817
32997,17652
32998,17653
32999,14443
33000,13138
33001,14710
33002,11867
33003,17656
33004,2040
33005,5837
33006,17657
33007,17656
33008,3008
33009,887
33010,2040
33011,17661
33013,17662
33014,16574
33015,7962
33016,17662
33017,16811
33018,17422
33019,17658
33020,10446
33021,17665
33022,17666
33023,977
33024,3305
33025,3305
33026,3305
33027,17575
33028,847
33029,8109
33030,17658
33031,16298
33032,16574
33033,17671
33034,17670
33035,17673
33036,17674
33037,16127
33038,7448
33039,17230
33040,17226
33041,14346
33042,12946
33043,12946
33044,14787
33045,7828
33046,17679
33047,17613
33048,2690
33049,17670
33050,82
33051,5196
33052,17608
33053,17685
33054,183
33055,4238
33056,17687
33057,17689
33058,11963
33059,17668
33060,1818
33061,9248
33062,17695
33063,17372
33064,17372
33065,2339
33066,1005
33067,17698
33068,1320
33069,5642
33070,1803
33071,17674
33072,13680
33073,11030
33074,17706
33075,17708
33076,17710
33077,17708
33079,5764
33080,17711
33081,10266
33082,16811
33083,17706
33084,17711
33085,17711
33086,14826
33087,17650
33088,17481
33089,17714
33090,8193
33091,17710
33092,17714
33093,17710
33094,17710
33095,521
33096,7308
33097,17481
33098,17712
33099,17481
33100,8783
33101,778
33102,3908
33103,2116
33104,6178
33105,2116
33106,15964
33107,17703
33108,17719
33109,17721
33110,17720
33111,17481
33112,17716
33113,17722
33114,17700
33115,17713
33116,17722
33117,16663
33119,17704
33120,17728
33121,17726
33122,17704
33123,17723
33124,17728
33125,16672
33126,17731
33127,11954
33128,930
33129,8692
33130,333
33131,6712
33132,17480
33133,11268
33134,7981
33135,285
33136,9394
33137,14519
33138,2817
33139,16974
33140,17740
33141,17742
33142,10054
33143,10443
33144,17749
33145,17750
33146,17749
33147,17752
33148,14346
33149,13680
33150,4263
33151,17740
33152,17752
33153,17757
33154,17750
33155,17737
33156,17757
33157,17745
33158,3301
33159,7259
33160,17755
33161,4805
33162,6920
33163,17762
33164,13464
33165,17762
33166,16011
33167,17754
33168,17706
33169,845
33170,17764
33171,17503
33172,8595
33173,3330
33174,17764
33175,17764
33176,17768
33177,17722
33178,12518
33179,930
33180,5467
33181,4598
33182,7639
33183,17771
33184,17315
33185,12946
33186,14705
33187,17773
33188,5705
33189,17774
33190,17780
33191,17325
33192,1102
33193,11554
33194,17740
33195,17740
33196,17782
33197,17784
33198,7964
33199,2798
33200,2798
33201,17723
33202,9529
33203,17723
33204,17758
33205,17787
33206,7816
33207,17786
33208,17787
33209,17785
33210,7816
33211,7972
33212,17789
33213,17790
33214,17788
33215,5280
33216,17787
33217,14705
33218,17792
33219,1991
33220,5654
33221,14346
33222,2585
33223,17792
33224,5836
33225,10849
33226,9201
33227,17784
33228,17795
33229,17798
33230,13732
33231,13419
33232,17608
33233,80
33234,4099
33235,2817
33236,7959
33237,12719
33238,12719
33239,17112
33240,6072
33241,17766
33242,1036
33243,17806
33244,12807
33245,17805
33246,17770
33247,17807
33248,845
33249,6369
33250,8676
33251,17808
33252,17293
33253,401
33254,5836
33255,17814
33256,14705
33257,17811
33258,17813
33260,6096
33261,83
33262,9097
33263,17786
33264,8180
33265,16974
33266,17817
33267,17819
33268,17045
33269,15964
33270,17818
33271,15964
33272,17817
33273,16887
33274,7290
33275,17821
33276,17821
33277,17821
33278,17785
33279,17785
33280,7959
33281,5034
33282,17805
33283,17823
33284,17823
33285,17824
33286,17824
33287,3277
33288,1803
33289,8180
33290,17818
33291,3026
33292,17828
33293,17829
33294,12171
33295,1356
33296,183
33297,261
33298,6096
33299,17833
33300,6968
33301,5407
33302,17100
33303,10914
33304,17835
33305,3748
33306,54
33307,17837
33308,14749
33309,12518
33310,12518
33311,17837
33312,2795
33313,8006
33314,17838
33315,17838
33316,17835
33317,14113
33318,17839
33319,17781
33320,17463
33321,16837
33322,7135
33323,17840
33324,17833
33325,183
33326,12647
33327,16837
33328,12463
33329,8010
33330,1195
33331,17839
33332,11560
33333,8207
33334,8013
33336,17845
33337,17785
33338,11140
33339,14433
33340,17418
33341,3567
33342,4429
33343,3567
33344,16974
33345,17845
33346,6096
33347,7883
33348,14888
33349,17855
33350,2392
33351,5
33352,13076
33353,5
33354,13361
33355,16837
33356,7275
33357,13110
33358,8
33359,16811
33360,17732
33361,2973
33362,13110
33363,17858
33364,17858
33365,17834
33366,603
33367,17860
33368,8077
33369,603
33370,17860
33371,3008
33372,3826
33373,9249
33374,6941
33375,3058
33376,3019
33377,17866
33378,17864
33379,17865
33380,7972
33381,17847
33382,17710
33383,14188
33384,17866
33385,5
33386,5
33387,9079
33388,5
33389,17870
33390,17620
33391,14846
33392,59
33393,17869
33394,8041
33395,17876
33396,7649
33397,17463
33399,10050
33400,4344
33401,12001
33403,17226
33404,11935
33405,17881
33406,17645
33407,17882
33408,17886
33409,10598
33410,17887
33411,17880
33412,10210
33413,17885
33414,17885
33415,1005
33416,2477
33418,17890
33419,3998
33420,16811
33421,17888
33422,12208
33423,17286
33424,3019
33425,17895
33426,15964
33427,16802
33428,2959
33429,16802
33430,17885
33431,16811
33432,8137
33433,17840
33434,9343
33435,16802
33436,17896
33437,7649
33438,17608
33439,5023
33440,17897
33441,6000
33442,117
33443,15980
33444,5003
33445,17906
33446,1645
33447,4496
33448,6087
33449,7353
33450,17909
33451,4812
33452,17893
33453,17900
33454,17908
33455,17882
33456,17882
33457,17907
33458,3310
33459,2425
33460,17915
33461,17916
33462,17895
33463,17917
33464,17876
33465,17885
33466,17916
33467,17880
33468,17919
33469,17876
33470,17922
33471,17923
33472,17919
33473,17422
33474,17688
33475,8067
33476,17924
33477,17924
33478,17923
33479,17925
33480,870
33481,6866
33482,16286
33483,2970
33484,17932
33485,17932
33486,16405
33487,858
33488,17914
33489,183
33490,3757
33491,17882
33492,17935
33493,6649
33494,17939
33495,12124
33496,8076
33497,7972
33498,7972
33499,7972
33500,7972
33501,17919
33502,445
33503,12446
33504,5429
33505,1049
33506,17941
33507,12697
33508,2956
33509,17857
33510,17915
33512,14839
33513,17946
33515,14171
33516,5519
33517,17947
33518,17108
33519,17949
33520,17949
33521,17941
33522,5003
33523,3345
33524,14120
33525,17910
33527,8507
33528,17955
33529,17956
33530,315
33531,8086
33532,17956
33533,3186
33534,7071
33535,17957
33536,16393
33537,4523
33538,3582
33539,17946
33540,17754
33542,16446
33543,16791
33544,17960
33545,14040
33546,10670
33547,17754
33548,5405
33549,17961
33550,17359
33551,17907
33552,17968
33553,17192
33554,16393
33555,15964
33556,17962
33557,506
33558,1739
33559,17972
33560,1739
33561,9738
33562,17972
33563,17972
33564,17910
33565,17974
33566,17972
33567,2817
33568,7290
33569,17960
33570,8927
33571,17955
33572,17976
33573,14836
33574,13526
33575,17972
33576,17808
33577,17910
33578,603
33579,9255
33580,6917
33581,603
33582,17636
33583,8391
33584,17960
33585,17960
33587,17941
33588,17941
33589,17980
33590,704
33591,8101
33592,8041
33593,16776
33594,9354
33595,17983
33596,11089
33597,17980
33598,17941
33599,2704
33600,17984
33601,17987
33602,17987
33603,17987
33604,17988
33605,10670
33606,87
33607,14120
33608,2063
33609,1036
33610,9354
33611,17754
33612,17754
33613,2116
33614,16286
33615,17924
33616,2116
33617,1261
33618,2970
33619,401
33620,17994
33621,17408
33622,4598
33623,17992
33624,17997
33626,251
33627,7290
33628,17983
33629,17983
33630,144
33631,251
33632,7290
33633,18000
33634,17678
33635,8112
33636,9546
33637,199
33638,17915
33639,17915
33640,18002
33641,8114
33642,3582
33643,17876
33644,18005
33645,18006
33646,17915
33647,17408
33648,8627
33649,8590
33650,1036
33651,17394
33652,17997
33653,18008
33654,13818
33655,8120
33656,18009
33657,18009
33658,18009
33659,18006
33660,4496
33661,18012
33662,18012
33663,18009
33664,6911
33665,8401
33666,16067
33667,17929
33668,18009
33669,13889
33670,17983
33671,6633
33672,18014
33673,13889
33674,919
33675,230
33676,13889
33677,18020
33678,16067
33679,18021
33680,13519
33681,1549
33682,4350
33683,13889
33684,15980
33685,13057
33686,11552
33687,10061
33688,10530
33689,7584
33690,8809
33691,603
33692,17998
33693,17998
33694,17096
33695,18026
33696,14568
33697,6917
33698,8137
33699,5731
33700,8141
33701,18008
33702,5836
33703,18038
33704,18038
33705,919
33706,18018
33707,18015
33708,9769
33709,17880
33710,17408
33711,17408
33712,13075
33713,14156
33714,18040
33715,8067
33716,18042
33717,18042
33718,11981
33719,2255
33720,18044
33721,16909
33722,14156
33723,17854
33724,10907
33725,18044
33726,18044
33727,8180
33728,18042
33729,12793
33730,18043
33731,16811
33732,17745
33733,18040
33734,18049
33735,7290
33736,2485
33737,18053
33738,7290
33739,18053
33740,18040
33741,17961
33742,18010
33743,253
33744,7425
33745,8165
33746,6917
33747,11060
33748,18057
33749,18057
33750,16325
33751,14730
33752,7425
33753,18060
33754,18059
33755,18043
33756,17852
33757,17653
33758,16596
33759,13902
33760,13902
33761,13542
33762,805
33763,17428
33764,775
33765,805
33766,7167
33767,12627
33768,9867
33769,12574
33770,16520
33771,17678
33772,18072
33773,17383
33774,2040
33775,18073
33776,7290
33777,9422
33778,18073
33779,17516
33780,18075
33781,18078
33782,16596
33783,18075
33784,14888
33785,11867
33786,14156
33787,17383
33788,18085
33789,18088
33790,8207
33791,6579
33792,88
33793,11032
33794,17543
33795,13432
33796,18092
33797,11032
33798,17925
33799,18086
33800,18092
33801,14120
33802,4510
33803,17543
33804,9342
33805,17408
33806,6633
33807,5387
33808,6579
33809,17925
33810,11637
33811,17998
33812,17671
33813,16398
33814,18100
33815,2219
33816,5887
33817,17856
33818,1515
33819,16398
33820,17383
33821,17921
33822,431
33823,805
33824,1108
33825,30
33826,13482
33827,96
33828,17994
33829,7972
33830,5228
33831,18109
33832,17994
33833,17383
33834,18110
33835,3330
33836,439
33837,18106
33838,17167
33839,2036
33840,8196
33841,11046
33842,972
33843,972
33844,8200
33845,18114
33846,8
33847,18115
33848,8
33849,18115
33850,26
33851,12574
33852,18122
33853,8207
33854,18128
33856,919
33857,6579
33858,6917
33859,18136
33860,10683
33861,18137
33862,6015
33863,18140
33864,18141
33865,13673
33866,12853
33867,18141
33868,18147
33869,16811
33870,11867
33871,18149
33872,17327
33873,18149
33874,18149
33875,17327
33876,17327
33877,11867
33878,1950
33879,18151
33880,18155
33881,8927
33882,9217
33883,18135
33884,2546
33885,18147
33886,9649
33888,18100
33889,18159
33890,18163
33891,11748
33892,919
33893,18162
33895,4290
33896,3786
33897,4967
33898,8242
33899,800
33900,18141
33901,18168
33902,18169
33903,18172
33904,7411
33905,1913
33906,7828
33907,18165
33908,16640
33909,6015
33910,18181
33911,18182
33912,18152
33913,18164
33914,18168
33915,10977
33916,8457
33917,18152
33918,17107
33919,16811
33920,10103
33921,12753
33922,18186
33923,18194
33924,18192
33925,1640
33926,4673
33927,18196
33928,18192
33929,18192
33930,4331
33931,2833
33932,18197
33933,16987
33934,1913
33935,4673
33936,18198
33937,4942
33938,18202
33939,18168
33940,8924
33941,18168
33942,16049
33943,16969
33944,18203
33945,8076
33946,16049
33947,16811
33948,6434
33949,18203
33950,18149
33952,17797
33953,18206
33954,18152
33955,18208
33956,18209
33957,18209
33958,14860
33959,18211
33960,18211
33961,8433
33962,17636
33963,17359
33964,6192
33965,18214
33966,2592
33967,18215
33968,16325
33969,14860
33970,17797
33971,17956
33972,18219
33973,9343
33974,18220
33975,169
33976,10046
33977,18217
33978,169
33979,13754
33980,4598
33981,14602
33982,16140
33983,13390
33984,18224
33985,13473
33986,10061
33987,9241
33988,169
33989,2902
33990,14866
33991,8289
33992,18213
33993,18128
33994,18230
33995,17124
33996,1618
33997,18232
33998,7513
33999,18234
34000,18236
34001,18236
34002,17590
34003,12450
34004,12357
34005,919
34006,6579
34007,18242
34008,17463
34009,18244
34010,18244
34011,18248
34012,5400
34013,17998
34014,10339
34015,18250
34016,15921
34017,18251
34018,18253
34019,18252
34020,8077
34021,18255
34022,18256
34023,18249
34024,18258
34025,17781
34026,18233
34027,2067
34028,17422
34029,9577
34030,18258
34031,18110
34032,18262
34033,2168
34034,18264
34035,9649
34036,4498
34037,1007
34038,603
34039,14860
34040,17876
34041,3528
34042,18244
34043,7620
34044,1909
34045,18275
34046,18274
34047,18059
34048,1679
34049,1679
34050,919
34051,18276
34052,18281
34053,18244
34054,18283
34055,485
34056,18281
34057,8402
34058,8336
34059,18244
34060,6129
34061,7176
34062,3919
34063,887
34064,609
34065,18234
34066,18098
34067,18290
34068,18234
34069,9577
34070,18291
34071,13525
34072,18287
34073,18295
34074,18296
34075,18291
34076,36
34077,18300
34078,18281
34079,12921
34080,13467
34081,5739
34082,7494
34083,18281
34084,18301
34085,18291
34086,18299
34087,6
34088,18303
34089,18143
34090,18305
34091,18306
34092,18306
34093,18234
34094,18305
34095,18293
34096,18145
34097,18308
34098,17926
34099,8320
34100,18224
34101,10556
34102,5407
34103,18319
34104,18319
34105,13587
34106,18319
34107,18320
34108,10460
34109,834
34110,18323
34111,18325
34112,18276
34113,3721
34114,18281
34115,18315
34116,1739
34117,18331
34118,18320
34119,18330
34120,114
34121,18290
34122,18334
34123,18293
34124,6917
34125,17442
34126,17609
34127,5837
34128,18334
34129,14006
34130,18334
34131,251
34132,18334
34133,18338
34134,18338
34135,2669
34136,18320
34137,5739
34138,18329
34139,18339
34140,4123
34141,2645
34142,18342
34143,10960
34144,18342
34145,36
34146,8077
34147,226
34148,18048
34149,18347
34150,18345
34151,17598
34152,18347
34153,18351
34154,4909
34155,18342
34156,3915
34157,18075
34158,16969
34159,287
34160,88
34161,7972
34162,18355
34163,18358
34164,18359
34165,18360
34166,159
34167,18355
34168,749
34169,17602
34170,16049
34171,5739
34172,16615
34173,18364
34174,18365
34175,16837
34176,18363
34177,18367
34178,18364
34179,18338
34180,18368
34181,16325
34182,18369
34183,18369
34184,18159
34185,18370
34186,17406
34187,17418
34188,18363
34189,17406
34190,18370
34191,18371
34192,11829
34193,5582
34194,1963
34195,18370
34196,18373
34197,18373
34199,18334
34200,4176
34201,17506
34202,13600
34203,7071
34204,18374
34205,7071
34206,12181
34207,18370
34208,18375
34209,18375
34210,2658
34211,17230
34212,3376
34213,4862
34214,14836
34215,2660
34216,6072
34217,4213
34219,18291
34220,12736
34221,17214
34222,18382
34223,18389
34224,18391
34225,18391
34226,16701
34227,18320
34228,18384
34229,1005
34230,18393
34231,18192
34232,1422
34233,18387
34234,18394
34235,16837
34236,251
34237,18396
34238,18396
34239,2316
34240,14675
34241,8373
34242,18399
34243,14675
34244,14675
34245,18400
34246,4213
34247,18401
34248,18387
34249,18402
34250,749
34251,8101
34252,18405
34253,18409
34254,6524
34255,18405
34256,18407
34257,2726
34258,573
34259,12518
34260,4498
34261,6096
34262,3269
34263,2970
34264,2910
34265,18410
34266,10339
34267,18301
34268,6096
34269,18416
34270,18387
34271,18206
34272,17214
34274,18422
34275,30
34276,18320
34277,15977
34278,18412
34279,17636
34280,18427
34281,364
34282,18428
34283,18211
34284,5836
34285,18430
34286,11032
34287,18414
34288,18432
34289,4110
34290,3993
34291,18274
34292,18274
34293,18435
34294,18436
34295,14602
34296,18429
34297,18439
34298,18436
34299,18440
34300,18438
34301,16220
34302,18287
34303,18433
34304,18444
34305,18429
34306,18287
34307,18305
34308,18442
34309,17662
34310,10997
34311,18446
34312,18447
34313,18256
34314,18409
34315,18449
34316,18448
34317,3020
34318,18448
34319,18361
34320,5501
34321,4856
34322,18452
34323,18450
34324,18361
34325,16068
34326,9047
34327,18274
34328,805
34329,805
34330,5193
34331,18444
34332,18457
34333,17513
34334,5344
34335,3342
34336,557
34337,6666
34338,8402
34339,18457
34340,10064
34341,10837
34342,8783
34343,603
34344,1347
34345,3270
34346,18461
34347,2838
34348,18450
34349,18448
34350,18117
34351,8099
34352,18256
34353,7119
34354,18467
34355,18468
34356,18458
34357,11580
34358,18469
34359,18474
34360,18462
34361,18462
34362,18462
34363,18462
34364,18462
34365,18462
34366,18462
34367,18256
34368,18256
34369,11580
34370,3270
34371,18164
34372,2339
34373,11580
34374,11580
34375,183
34376,18477
34377,18477
34378,18164
34379,8413
34380,4054
34381,18479
34382,18480
34383,18480
34384,18026
34385,17983
34386,18361
34387,18483
34389,5464
34390,14888
34391,18355
34392,9363
34393,9724
34394,5189
34395,18274
34396,17230
34397,18492
34398,1352
34399,18480
34400,18480
34401,17913
34402,18392
34403,17913
34404,455
34405,18392
34406,13467
34407,18457
34408,18496
34409,14849
34410,22
34411,11580
34412,17230
34413,18499
34414,18501
35414,18497
35415,18498
35416,7450
35417,17977
35418,87
35419,14473
35420,13152
35421,13326
35422,2182
35423,5405
35424,2650
35425,4344
35426,3270
35427,8402
35428,6082
35429,17764
35430,6082
35431,12803
35432,18507
35433,18510
35434,4344
35435,2714
35436,12803
35437,18513
35438,18513
35439,18502
35440,1585
35441,17230
35442,18501
35443,18515
35444,17286
35445,18512
35446,17336
35447,12976
35448,18501
35449,919
35450,18008
35451,128
35452,3984
35453,18513
35454,18392
35455,18070
35456,18274
35457,18519
35458,17908
35459,18343
35460,18492
35461,2719
35462,18527
35463,18528
35464,18522
35465,14125
35466,18526
35467,18287
35468,18523
35469,18526
35470,11523
35471,5595
35472,18528
35473,18530
35474,17230
35475,14183
35476,18535
35477,18514
35478,18286
35479,17463
35480,18537
35481,18464
35482,14434
35483,3847
35484,18461
35485,13326
35486,18414
35487,16534
35488,18551
35489,3847
35490,18552
35491,8462
35492,18553
35493,18546
35494,3269
35495,18234
35496,16243
35497,3224
35498,2728
35499,17880
35500,18381
35501,2970
35502,7620
35503,539
35504,18546
35505,18560
35506,6628
35507,18562
35508,5264
35509,18561
35510,17359
35511,18527
35512,17362
35513,18516
35514,3657
35515,18567
35516,11083
35517,3657
35518,18343
35519,18410
35520,18410
35521,10443
35522,6917
35523,18534
35524,18512
35525,18569
35526,4598
35527,18569
35528,18575
35529,17286
35530,17909
35531,18343
35532,18343
35533,18578
35534,8402
35535,18392
35536,18392
35537,18579
35538,6657
35539,18578
35540,18218
35541,18303
35542,18244
35543,4672
35544,131
35545,17909
35546,18287
35547,3657
35548,3657
35549,18551
35550,18581
35551,18256
35552,887
35553,18303
35554,18421
35555,18585
35556,13592
35557,18584
35558,18588
35559,14067
35560,18592
35561,18592
35562,1036
35563,1036
35564,18597
35565,8485
35566,18334
35567,16049
35568,18591
35569,16049
35570,7733
35571,11238
35572,8489
35573,6627
35574,18600
35575,18600
35576,18601
35577,6844
35578,4344
35579,18603
35580,284
35581,2750
35582,1007
35583,3136
35584,16880
35585,10914
35586,8402
35587,18224
35588,18281
35589,17941
35590,18610
35591,18606
35592,3847
35593,18604
35594,17223
35595,17983
35596,1352
35597,1352
35598,18604
35599,16763
35600,16748
35601,1106
35602,18613
35603,18609
35604,18614
35605,11852
35606,4908
35607,71
35608,18387
35609,18606
35610,18613
35611,18609
35612,8336
35613,10187
35614,3762
35615,8212
35616,8013
35617,18619
35618,4754
35619,17223
35620,8507
35621,16763
35622,16763
35623,9676
35624,18549
35625,18597
35626,18625
35627,11887
35628,13519
35629,18618
35630,18626
35631,18627
35632,5837
35633,18627
35635,2405
35636,36
35637,7194
35638,9139
35639,18630
35640,10823
35641,18401
35642,18631
35643,18634
35644,18549
35645,18636
35646,18636
35647,1224
35648,18638
35649,9097
35650,18637
35651,18637
35652,16568
35653,6096
35654,18448
35655,18612
35656,2775
35657,18641
35658,10100
35659,17083
35660,14762
35661,4908
35662,85
35663,18649
35664,8625
35665,17908
35666,18648
35667,12353
35669,18642
35670,18429
35671,18647
35672,19651
35673,778
35674,3582
35675,17913
35676,17913
35677,18549
35678,930
35679,16323
35680,19656
35681,13467
35682,14762
35683,4856
35684,19657
35685,19652
35686,19657
35687,18644
35689,930
35690,18010
35691,16003
35692,13390
35694,3883
35695,19663
35696,18550
35697,16853
35698,9867
35699,3382
35700,18255
35701,11238
35702,11944
35703,17564
35704,7970
35705,19668
35706,9867
35707,9867
35708,18181
35709,18592
35710,18592
35711,1352
35712,13529
35713,339
35714,19670
35715,18256
35716,11852
35717,19671
35718,13587
35719,12895
35720,18255
35721,19675
35722,18412
35723,2750
35724,13106
35725,7972
35726,19668
35727,1944
35728,18549
35729,19678
35730,18636
35731,19676
35732,19676
35733,19680
35734,1219
35735,9126
35736,19677
35737,6917
35738,9249
35739,8539
35740,417
35741,19683
35742,19684
35743,18410
35744,18546
35745,19685
35746,3812
35747,4278
35748,17748
35749,6967
35750,12603
35751,10769
35752,19649
35753,19690
35754,18459
35755,11462
35756,230
35757,18603
35758,18569
35759,19672
35760,19696
35761,159
35762,19697
35763,18152
35765,4552
35766,19696
35767,8373
35768,10546
35769,16583
35770,3305
35771,8373
35772,13188
35773,601
35774,110
35775,1620
35776,18636
35777,702
35778,14413
35779,6
35780,2488
35781,19701
35782,199
35783,19703
35784,8986
35785,8336
35786,18008
35787,16235
35788,19706
35789,19706
35790,1620
35791,19701
35792,8373
35793,19701
35794,18303
35795,862
35796,14188
35797,3388
35798,8373
35799,19710
35800,19711
35801,19713
35802,19711
35803,26105
35804,18399
35805,19712
35806,36
35807,7
35808,19678
35809,19708
35810,7071
35811,16939
35812,8
35813,2798
35814,19716
35815,19708
35817,8013
35818,5351
35819,12750
35820,19721
35821,17464
35822,14473
35823,19725
35824,17286
35825,19714
35826,19727
35827,18276
35828,19728
35829,10210
35830,19732
35831,19731
35833,19736
35834,16040
35835,19737
35836,19738
35837,19737
35838,1352
35839,19734
35840,19738
35841,19731
35842,3305
35843,19740
35844,17636
35845,2040
35846,4238
35847,17126
35848,19726
35849,17909
35850,17636
35851,17126
35852,19740
35853,25
35854,18644
35855,1614
35856,4267
35857,19701
35858,12410
35859,18550
35860,19738
35861,18474
35862,5189
35863,19744
35864,19747
35865,12410
35866,19708
35867,19743
35868,19749
35869,19750
35870,17578
35871,19751
35872,19741
35873,19751
35874,9477
35875,19670
35876,183
35877,19752
35878,17126
35879,17126
35880,1614
35881,13267
35882,2690
35883,12090
35884,19759
35885,12090
35886,19757
35887,18578
35888,18578
35889,17158
35890,8336
35891,2339
35892,2339
35893,8102
35894,9764
35895,7140
35896,5594
35897,18343
35898,19738
35899,782
35900,19764
35901,196
35902,5594
35903,13267
35904,19765
35905,18525
35906,17865
35907,17865
35908,4426
35909,19767
35910,17230
35911,19767
35912,13267
35913,14890
35914,17108
35915,684
35916,18128
35917,4814
35918,18128
35919,890
35920,19743
35921,19757
35922,19774
35923,19774
35924,19774
35925,19757
35926,19775
35927,4701
35928,19649
35929,19772
35930,1614
35931,230
35932,8762
35933,19772
35934,19773
35935,18128
35936,4856
35937,6723
35938,9738
35939,16514
35940,19779
35941,2339
35942,8580
35943,16853
35944,10530
35945,19782
35946,4253
35947,19783
35948,19785
35949,1106
35950,14891
35951,7968
35952,19790
35953,7953
35954,18636
35955,18492
35956,19734
35957,18409
35958,19788
35959,19788
35960,9224
35961,782
35962,2817
35963,10640
35964,10640
35965,12736
35966,14108
35967,13818
35968,19788
35969,18459
35970,2726
35971,9007
35972,2425
35973,10914
35974,11583
35975,666
35976,2998
35977,16542
35978,17230
35979,1763
35980,1894
35981,1977
35982,5351
35983,1614
35984,19797
35985,19787
35986,5429
35987,19738
35988,17895
35989,18549
35990,17186
35991,795
35992,930
35993,776
35994,18459
35995,19799
35996,4208
35997,7008
35998,12147
35999,17895
36000,3790
36001,19803
36002,13038
36003,16623
36004,19804
36005,1763
36006,19806
36007,656
36008,19806
36009,12410
36010,19795
36011,3582
36012,19798
36013,11921
36014,19809
36015,18492
36016,18461
36017,19809
36019,19813
36020,14383
36021,12165
36022,19814
36023,19814
36024,19784
36025,8605
36026,19819
36027,19819
36028,4754
36029,2849
36030,10640
36031,10640
36032,19824
36033,19823
36034,19823
36035,19812
36036,19812
36037,19827
36038,307
36039,8112
36040,18588
36041,1417
36042,10776
36043,19831
36044,13188
36045,18492
36047,19657
36048,19784
36049,16297
36050,13154
36051,6884
36052,16859
36053,19834
36054,2425
36055,17955
36056,18607
36057,17636
36058,300
36059,300
36060,19836
36061,779
36062,7250
36063,2676
36064,2676
36065,9887
36066,8427
36067,196
36068,2849
36070,1421
36071,19844
36072,7112
36073,15977
36074,19844
36075,108
36076,1679
36077,19840
36078,19850
36079,15979
36080,805
36081,805
36082,17758
36083,17275
36084,17275
36085,19851
36086,19852
36087,10877
36088,19853
36089,11233
36090,6968
36091,19840
36092,19840
36093,19840
36094,7290
36095,919
36096,1036
36097,8373
36098,930
36099,18334
36100,19840
36101,18613
36102,18613
36103,6386
36104,3567
36105,19863
36106,19795
36107,12006
36108,19662
36109,333
36110,19868
36111,11357
36112,11233
36113,17463
36114,19871
36115,18338
36116,19662
36117,8440
36118,19859
36119,6857
36120,8440
36121,19869
36122,8528
36124,19848
36125,18459
36126,5341
36127,6003
36128,19881
36129,19881
36130,19845
36131,19871
36132,10790
36133,9355
36134,19882
36135,196
36136,196
36137,19879
36138,2860
36139,103
36140,16890
36141,19865
36142,19887
36143,19888
36144,19893
36145,8102
36146,19877
36147,19879
36148,19860
36149,8662
36150,19860
36151,19891
36152,5373
36153,2981
36154,18641
36155,18598
36156,2970
36157,8289
36158,19815
36159,5137
36160,18375
36161,9577
36162,11529
36163,11529
36164,19874
36165,19899
36166,18492
36167,19897
36168,19899
36169,775
36170,125
36171,18492
36172,253
36173,9249
36174,18588
36175,18549
36176,19910
36177,19913
36178,190
36179,569
36180,7795
36181,10785
36182,19918
36183,19911
36184,19922
36185,7246
36186,4596
36187,19925
36188,19925
36189,11336
36190,71
36191,8507
36192,18375
36193,19929
36194,19930
36195,19931
36196,19743
36197,19931
36198,22
36199,19895
36200,11054
36201,19904
36202,4677
36203,19914
36204,266
36205,19914
36206,11645
36207,2150
36208,19743
36209,14836
36210,19922
36211,9610
36212,5739
36213,18301
36214,19918
36215,19945
36216,8676
36217,1102
36218,18008
36219,19951
36220,252
36221,19950
36222,18642
36223,19950
36224,19952
36225,19952
36226,19949
36227,19941
36228,12860
36229,159
36230,88
36232,6609
36233,19860
36234,19960
36235,19963
36236,11821
36237,19914
36238,19969
36239,19914
36240,19914
36241,17230
36242,5836
36243,8114
36244,17937
36245,19685
36246,19971
36247,8455
36248,18334
36249,5206
36250,19976
36251,19941
36252,19967
36253,10776
36254,19981
36255,11519
36256,18462
36257,38
36258,1395
36259,8205
36260,12339
36261,253
36262,11519
36263,7066
36264,3794
36265,19985
36266,19867
36267,19867
36268,2970
36269,19989
36270,19988
36271,19993
36272,14604
36273,4903
36274,26
36275,19980
36276,69
36277,12783
36278,4454
36279,19980
36280,19985
36281,10530
36282,1389
36283,5962
36284,19998
36285,8114
36286,20001
36287,10395
36288,14604
36289,20000
36290,20003
36291,18531
36292,767
36293,19899
36294,19984
36295,20005
36296,12334
36297,19893
36298,13758
36299,1141
36300,290
36301,5
36302,20013
36303,10103
36304,5920
36305,19743
36306,18093
36307,19879
36308,19984
36309,17749
36310,13177
36311,12587
36312,20023
36314,16596
36315,9478
36316,19920
36317,20028
36318,11195
36319,19876
36320,20016
36321,11075
36322,20033
36323,20033
36324,16890
36325,12626
36326,2164
36327,12521
36328,20041
36329,20042
36330,20040
36331,20042
36332,6793
36333,20001
36334,840
36335,20047
36336,2898
36337,20048
36338,20050
36339,5739
36340,20009
36341,20047
36342,20050
36343,20009
36344,20048
36345,8724
36346,20049
36347,16974
36348,20045
36349,20049
36350,20053
36351,17661
36352,1381
36353,9887
36354,20059
36355,17661
36356,17661
36357,20062
36358,2902
36359,14106
36360,12587
36361,442
36362,13188
36363,2728
36364,12587
36365,20053
36366,17464
36367,18459
36368,19920
36369,20066
36370,19918
36371,19984
36372,20067
36373,20035
36374,13322
36375,20070
36376,17223
36377,439
36378,7486
36379,20069
36380,2981
36381,12414
36382,20065
36383,9691
36384,20057
36385,20049
36386,20079
36387,20078
36388,7521
36389,3626
36390,20049
36391,20081
36392,20081
36393,20082
36394,198
36395,20086
36396,20086
36397,20080
36398,20088
36399,20078
36400,12244
36401,9899
36402,660
36403,20092
36404,20093
36405,7521
36406,20091
36407,20093
36408,8472
36409,17373
36410,20094
36412,20096
36413,603
36414,13519
36418,20006
36419,2921
36420,20102
36421,4601
36422,7116
36423,5392
36424,20061
36425,840
36426,20106
36427,18387
36428,4128
36429,6738
36430,3582
36431,20107
36432,7521
36433,11849
36434,20104
36435,20111
36436,20113
36437,4874
36438,7521
36439,7521
36440,18152
36441,20117
36442,20100
36443,20119
36444,20121
36445,6864
36446,19759
36447,7521
36448,20100
36449,20125
36450,20112
36451,19949
36452,16297
36453,11352
36454,10026
36455,20006
36456,8762
36457,8763
36458,17661
36459,20131
36460,14836
36461,9019
36462,20134
36463,9019
36464,19809
36465,17880
36466,20135
36467,20099
36468,20139
36469,1679
36470,20140
36471,2040
36473,12147
36474,20133
36475,20147
36476,20144
36477,6782
36478,18412
36479,12853
36480,19677
36481,2116
36482,14675
36483,19743
36484,19984
36485,8257
36486,11236
36487,10259
36488,5387
36489,8783
36490,13600
36491,20154
36492,14731
36493,17813
36494,20159
36495,20068
36496,20161
36497,20092
36499,20164
36500,8013
36501,4426
36502,20165
36503,7661
36504,20166
36505,20166
36506,11756
36507,20167
36508,6519
36509,6386
36510,17818
36511,1307
36512,10312
36513,20045
36514,9572
36515,2970
36516,6329
36517,19847
36518,20170
36519,2116
36520,561
36521,7339
36522,11756
36523,9008
36524,20171
36525,4701
36526,8013
36527,18092
36528,2958
36529,18092
36530,8440
36531,18092
36532,19871
36533,9274
36534,9274
36535,20181
36536,4887
36537,3915
36538,13014
36539,20181
36540,20182
36541,20183
36542,6386
36543,20180
36544,20185
36545,11598
36546,18223
36547,14557
36548,442
36549,19691
36550,8797
36551,6229
36552,20035
36553,19891
36554,19891
36555,20035
36556,10598
36557,9680
36558,20191
36559,18223
36560,18223
36561,4672
36562,18218
36563,20188
36564,9691
36565,20193
36566,5546
36567,6192
36568,2195
36569,20092
36570,19691
36571,3525
36572,20182
36573,561
36574,20198
36575,20198
36576,6894
36577,19879
36578,20195
36579,19737
36580,2407
36581,4856
36582,3762
36583,10977
36584,20203
36585,17357
36586,919
36587,10172
36588,8073
36589,20204
36590,9274
36591,18309
36592,18190
36593,7644
36594,9019
36595,20199
36596,805
36597,1991
36598,20179
36599,17226
36600,20211
36601,20202
36602,11279
36603,20165
36604,20172
36605,10977
36606,14335
36607,20217
36608,20217
36609,20192
36610,7165
36611,19657
36612,20223
36613,20223
36614,20209
36615,20224
36616,20192
36617,20224
36618,20226
36619,20215
36620,19879
36621,7234
36622,11748
36624,19998
36625,1316
36626,20085
36627,11405
36628,17508
36629,17508
36630,8175
36631,211
36632,20233
36633,6967
36634,572
36635,5325
36636,20237
36637,20238
36638,20215
36639,13561
36640,8494
36641,3790
36642,333
36643,196
36645,3790
36646,2970
36647,20243
36648,7419
36649,18334
36650,19944
36651,6720
36652,8622
36653,5429
36654,3681
36655,8926
36656,20093
36657,8990
36658,8926
36659,20245
36660,20250
36661,4856
36662,442
36663,20245
36664,2975
36665,10749
36666,20105
36667,4856
36668,20105
36669,215
36670,3392
36671,20228
36672,966
36673,8289
36674,8067
36675,8440
36676,20256
36677,20256
36678,20215
36679,20060
36680,20258
36681,20246
36682,20255
36684,20258
36685,103
36686,18215
36687,18218
36688,19737
36689,14731
36690,364
36691,18215
36692,18575
36693,18215
36694,20260
36695,20228
36696,20258
36697,19879
36698,20259
36699,20016
36700,20016
36701,17188
36702,20262
36703,6096
36704,19879
36705,20268
36706,4607
36707,19980
36708,4101
36709,621
36710,20274
36711,7690
36712,20266
36713,19984
36714,20267
36715,199
36716,12814
36717,20279
36718,19879
36719,20179
36720,2981
36721,20281
36722,20282
36723,20284
36724,20282
36725,20267
36726,17543
36727,17188
36728,1270
36729,19675
36730,18218
36731,20250
36732,14499
36733,20287
36734,14499
36735,11756
36736,20287
36737,14499
36738,19711
36739,1273
36740,14499
36741,19816
36742,20092
36743,11349
36744,3489
36745,11623
36746,14443
36747,20292
36748,11621
36749,20296
36750,4802
36751,20294
36752,20268
36753,196
36754,20294
36755,13166
36756,12206
36757,20297
36758,562
36759,196
36760,12941
36761,20202
36762,2526
36763,14227
36764,3348
36765,7334
36766,14563
36767,19879
36768,20307
36769,20307
36770,17785
36771,20305
36772,19848
36773,20311
36775,20262
36776,20318
36777,20303
36778,20312
36779,9936
36780,20274
36781,20315
36782,7419
36783,11519
36784,8097
36785,19879
36786,10598
36787,4812
36788,253
36789,18098
36790,11409
36791,5480
36792,20036
36794,20328
36795,4429
36796,20331
36797,13769
36798,3790
36799,10598
36800,13769
36801,20334
36802,19879
36803,11284
36804,11284
36805,11284
36806,13935
36807,12271
36808,20056
36809,13769
36810,20326
36811,20344
36812,17814
36813,20338
36814,20092
36815,20060
36816,20347
36817,20258
36818,12347
36819,18286
36820,18531
36821,19879
36822,8402
36823,18531
36824,20353
36825,20354
36826,20352
36827,17833
36828,12364
36829,20359
36830,20085
36832,20273
36833,3790
36834,20273
36835,8205
36837,5256
36838,1106
36839,5629
36840,9691
36841,20273
36842,9691
36843,20357
36844,12968
36845,20085
36846,20362
36847,20357
36848,18128
36849,1860
36850,18462
36851,20281
36852,20281
36853,20326
36854,19960
36855,20363
36856,12410
36857,8898
36859,20224
36860,20371
36861,20327
36862,7789
36863,2252
36864,20374
36865,2149
36866,20359
36867,3826
36868,20061
36869,20085
36870,2669
36871,10817
36872,8257
36873,20344
36875,7290
36876,3826
36877,19960
36878,19662
36879,11981
36880,13680
36881,20367
36883,16606
36884,686
36885,12603
36886,7685
36887,20114
36888,20388
36889,19879
36890,5509
36891,20388
36893,8926
36894,4278
36895,20388
36896,20391
36897,603
36898,3903
36899,20124
36900,919
36902,20395
36903,230
36904,1614
36905,3019
36906,812
36907,795
36908,11849
36909,20397
36910,8927
36911,20403
36912,20385
36913,20398
36914,20402
36915,20325
36916,20406
36917,11296
36918,20390
36919,20355
36920,20408
36921,7120
36922,8580
36923,7339
36925,930
36926,3026
36927,196
36928,2970
36929,10776
36930,18291
36931,20385
36932,6029
36933,7250
36934,7972
36935,8937
36936,17128
36937,20418
36938,12410
36939,2522
36940,20152
36941,20390
36942,13633
36943,1036
36944,20388
36945,74
36946,13933
36947,3521
36948,20387
36949,5594
36950,20419
36951,12024
36952,16664
36953,16974
36954,17285
36955,5892
36956,13471
36957,20164
36958,18111
36959,12024
36960,12024
36961,20425
36962,5750
36963,20424
36964,18334
36965,20428
36966,20429
36967,12719
36968,8373
36969,20429
36970,12024
36971,4373
36972,8413
36973,3305
36974,10880
36975,20172
36976,179
36977,20432
36978,20433
36979,919
36980,20435
36981,8960
36982,20281
36983,20435
36984,20434
36985,17880
36986,20434
36987,6967
36988,6967
36989,18412
36990,20436
36991,20085
36992,20440
36993,14675
36994,20235
36995,1739
36996,20442
36997,20417
36998,20390
36999,20390
37000,17153
37001,1347
37002,20035
37003,19879
37004,20281
37005,7953
37006,20187
37007,20326
37008,19879
37009,20445
37010,2970
37011,2392
37012,10530
37013,2970
37014,20452
37015,516
37016,20446
37017,11043
37018,2252
37019,20443
37020,20326
37021,20331
37022,19879
37023,20326
37024,12024
37025,20456
37026,20455
37027,8517
37028,4908
37029,20460
37030,20457
37031,16383
37032,19960
37033,17359
37034,20458
37035,20228
37036,20458
37037,11314
37038,14526
37039,9890
37040,20450
37041,5038
37042,20466
37043,20467
37044,20457
37045,8218
37046,20470
37047,862
37048,3058
37049,20463
37050,3807
37051,20474
37052,5504
37053,20475
37054,18252
37055,20467
37056,20476
37057,1583
37058,13474
37059,10026
37060,264
37061,20479
37062,20479
37063,19657
37064,2667
37065,20463
37066,386
37067,13987
37068,16969
37069,20483
37070,12719
37071,20463
37072,20463
37073,16692
37074,10185
37075,20486
37076,20486
37077,20486
37078,20357
37079,5464
37080,20495
37081,20495
37082,20490
37083,20492
37084,5739
37085,17518
37086,20494
37087,20493
37088,20493
37089,20235
37090,20499
37091,20498
37092,20500
37093,16939
37094,69
37095,20357
37096,20505
37097,12027
37098,20507
37099,20357
37100,5429
37101,8793
37102,20510
37103,6620
37104,8097
37105,16319
37106,16235
37107,20513
37108,19836
37109,20511
37110,20512
37111,2984
37112,16235
37113,7448
37114,20511
37115,20513
37116,20515
37117,5504
37118,16235
37119,20516
37120,16323
37121,9589
37122,20166
37123,7776
37124,776
37125,12833
37126,20525
37127,7244
37128,8991
37129,264
37130,20532
37131,20532
37132,5907
37133,20516
37134,8025
37135,1251
37136,3577
37137,12833
37138,17576
37139,12833
37140,2522
37141,7448
37142,20479
37143,20540
37144,1389
37145,20541
37146,20541
37147,20541
37148,2669
37149,3277
37150,5635
37151,20541
37152,15921
37153,20516
37154,20542
37155,20542
37156,20434
37157,20542
37158,20539
37159,11462
37160,20548
37161,9662
37162,20547
37163,20550
37164,20552
37165,11992
37166,20267
37167,9662
37168,20038
37169,740
37170,20556
37171,9004
37172,20561
37173,20562
37174,20563
37175,4770
37176,20542
37177,20563
37178,20562
37179,20562
37180,20564
37181,20562
37182,12544
37183,20566
37184,20557
37185,18615
37186,20557
37187,20565
37188,20215
37189,20491
37190,8713
37191,20542
37192,10749
37193,20566
37194,20513
37195,2817
37196,20565
37197,13837
37198,9007
37199,887
37200,20530
37201,20572
37202,20578
37203,6927
37204,20576
37205,919
37206,20582
37207,20575
37208,17778
37209,1944
37210,7448
37211,2798
37212,4054
37213,20588
37214,4959
37215,223
37216,20574
37217,20589
37218,20589
37219,2977
37220,12147
37221,307
37222,8
37223,919
37224,765
37225,18528
37226,20413
37227,20559
37228,20598
37229,9013
37230,17858
37231,20598
37232,20262
37233,16016
37234,16016
37235,20600
37236,17778
37237,2339
37238,16873
37239,17936
37240,17056
37241,16016
37242,1352
37243,20601
37244,1352
37245,1352
37246,20603
37247,17816
37248,20602
37249,11824
37250,5
37251,17058
37252,20572
37253,1764
37254,5609
37255,20602
37256,20610
37257,19879
37258,7448
37259,20516
37260,20516
37261,14360
37262,20613
37263,20332
37264,20457
37265,20616
37266,20616
37267,20613
37268,20610
37269,9662
37271,18528
37272,20618
37273,16383
37274,8960
37275,20556
37276,17714
37277,17076
37278,20626
37279,20434
37280,17076
37281,16695
37282,2817
37283,20574
37284,20574
37286,17058
37287,10524
37288,20616
37289,20350
37290,2046
37291,17833
37292,603
37293,1537
37294,20636
37295,17518
37296,16692
37297,7685
37299,20629
37301,20640
37302,2460
37303,20603
37304,14413
37305,19879
37306,14413
37307,20641
37308,20589
37309,20603
37310,20603
37311,20492
37312,20651
37313,10924
37314,1352
37315,3521
37317,20344
37318,17230
37319,8013
37320,449
37321,20395
37322,449
37323,1106
37324,16140
37325,16140
37326,11626
37327,1352
37328,20662
37330,20650
37331,9618
37332,20666
37333,2308
37334,20667
37335,7486
37336,17688
37337,12117
37338,20681
37339,20412
37340,20629
37341,20626
37342,20631
37348,20684
37349,20687
37350,20456
37351,20688
37352,20666
37353,20666
37354,6453
37355,20666
37356,7344
37357,20395
37358,20572
37359,9836
37360,20395
37361,20699
37362,17994
37363,8076
37364,17778
37365,18462
37366,12492
37367,15949
37368,20692
37369,20702
37370,12602
37371,20684
37372,20414
37373,18075
37374,18075
37375,5892
37376,20705
37377,20575
37378,20705
37379,24
37380,9342
37381,686
37382,20709
37383,20662
37384,20112
37385,7448
37386,870
37387,4176
37388,17725
37389,20662
37390,805
37391,805
37392,5351
37393,8013
37394,20715
37395,18093
37396,20438
37397,20721
37398,20591
37399,20710
37400,14529
37401,20591
37402,20722
37403,919
37404,17732
37405,919
37406,5629
37407,20723
37408,20727
37409,20727
37410,13057
37411,20729
37412,20729
37413,20730
37414,2817
37415,20267
37416,4579
37417,10017
37418,7417
37419,19879
37420,20602
37421,20735
37422,13047
37423,364
37424,5372
37425,9136
37426,20738
37427,20740
37428,749
37429,266
37430,19879
37431,1352
37432,16891
37433,20396
37434,19998
37435,20742
37436,20221
37437,20727
37438,16399
37439,5280
37440,9428
37441,5296
37442,10884
37443,7290
37444,18615
37445,172
37446,20745
37448,20714
37449,20714
37450,7642
37454,8013
37455,20679
37456,9141
37457,20519
37458,20751
37459,15977
37460,16399
37461,16399
37462,20751
37463,11626
37464,20463
37465,20396
37466,88
37467,20745
37468,9146
37469,3419
37470,16134
37471,14860
37473,20735
37474,11626
37475,7417
37476,20762
37477,20745
37478,10530
37479,20602
37480,20735
37481,20735
37482,1352
37483,5193
37484,20487
37485,20112
37486,4403
37487,20112
37488,20617
37489,20766
37490,196
37491,16897
37492,14009
37493,3567
37494,10884
37495,5739
37496,11467
37498,1260
37499,8502
37500,20742
37501,20742
37502,8595
37503,20494
37505,2195
37506,20777
37507,16475
37508,16378
37509,9332
37510,439
37511,10598
37512,8595
37513,11745
37514,20778
37515,20781
37516,20784
37517,20094
37518,196
37520,16897
37521,20715
37522,19879
37523,20776
37524,11745
37525,930
37526,82
37527,5739
37528,20782
37529,20787
37530,12450
37531,5837
37532,2817
37533,20396
37534,20789
37535,20789
37536,20396
37537,24
37538,11559
37539,16378
37540,88
37541,20528
37542,1390
37543,7169
37544,2221
37545,20796
37546,20213
37547,17869
37548,20799
37549,20543
37550,4751
37551,20791
37552,5739
37553,7475
37554,20804
37555,20801
37556,20804
37557,20788
37558,20788
37559,7475
37560,196
37561,20802
37562,9174
37563,2616
37564,20486
37565,20221
37566,919
37567,4117
37568,18098
37569,18098
37570,20814
37571,18450
37572,20576
37573,20817
37574,12174
37575,20820
37576,5542
37577,8116
37578,20821
37579,9791
37580,9187
37581,20573
37582,19812
37583,9657
37584,5739
37585,20824
37586,12174
37587,20789
37588,20789
37589,20824
37590,7250
37591,7250
37592,20828
37593,485
37594,20828
37595,11519
37596,20715
37597,20827
37598,20825
37599,1005
37600,5989
37601,5836
37602,12754
37603,20831
37604,20735
37605,20395
37606,20837
37607,20811
37608,118
37609,20715
37610,9196
37611,4048
37612,9200
37613,20842
37614,20344
37615,14673
37616,3903
37617,1977
37618,11030
37619,1261
37620,12156
37621,20845
37622,20783
37623,20847
37624,20773
37625,20844
37626,16961
37627,20847
37628,13837
37629,4843
37630,20616
37631,20854
37632,20854
37633,20856
37634,12553
37635,20856
37636,20852
37637,12342
37638,20854
37639,20860
37640,13818
37641,20487
37642,20860
37643,8991
37644,14624
37645,20860
37646,20860
37647,7339
37648,20860
37649,20820
37650,20820
37651,1043
37652,20791
37653,46
37654,20857
37655,20861
37656,20015
37657,20015
37658,20015
37659,7475
37661,805
37662,20863
37663,5936
37664,17812
37665,16961
37666,20865
37667,20840
37668,20840
37669,18606
37670,3248
37671,364
37672,20868
37673,20869
37674,870
37675,9495
37676,20871
37677,16664
37678,19719
37679,20479
37680,20840
37681,9233
37682,4872
37683,5739
37684,12215
37685,12798
37686,20864
37687,7475
37688,20250
37689,16961
37691,14131
37693,17812
37694,20874
37695,3584
37696,20603
37697,10636
37698,20878
37699,17858
37700,2479
37702,7250
37703,20881
37704,20881
37705,3265
37706,20211
37707,9249
37708,20563
37709,9936
37710,3269
37711,20396
37712,9007
37713,9007
37714,5647
37715,20850
37716,16811
37717,20856
37718,9253
37719,20793
37720,20793
37721,20892
37722,20894
37723,20894
37724,18615
37725,18615
37726,7071
37727,16175
37728,6096
37729,2798
37730,5267
37731,20901
37732,10318
37733,20903
37734,13852
37735,20907
37736,3277
37737,20907
37738,20903
37739,20910
37740,20909
37741,20912
37744,20913
37745,2849
37746,20915
37747,20915
37748,7734
37749,919
37750,3052
37751,20920
37752,19801
37753,5084
37754,20492
37755,20917
37756,17461
37757,20923
37758,20924
37759,1994
37760,20924
37761,9936
37762,20927
37763,20927
37764,20923
37765,20923
37766,20940
37767,20939
37768,20934
37769,19801
37770,5837
37771,20650
37772,20847
37773,20650
37774,686
37775,19847
37776,20941
37777,20943
37778,20932
37779,20791
37780,11405
37781,7787
37782,20948
37783,20950
37784,20949
37785,20943
37786,20953
37787,20650
37788,20955
37789,4380
37790,20916
37792,795
37793,1611
37794,20957
37795,3025
37796,14284
37797,12856
37798,12856
37799,17643
37800,20962
37801,20963
37802,17643
37803,20964
37804,3301
37806,20958
37807,20943
37808,805
37809,11748
37810,5137
37811,7448
37812,20968
37813,2817
37814,20915
37815,199
37816,19801
37817,20975
37818,20973
37819,11253
37820,20960
37821,16112
37822,5045
37823,20873
37824,20973
37825,6854
37826,12856
37828,20983
37829,19879
37830,20857
37831,20984
37832,20978
37833,12446
37834,12446
37835,19879
37836,16159
37837,7255
37838,20986
37839,20981
37840,20980
37841,10217
37842,19879
37843,7419
37844,19879
37845,20958
37846,20980
37847,7255
37848,16999
37849,20980
37850,20994
37851,20589
37852,16999
37853,20995
37854,223
37855,20996
37856,5739
37857,14529
37858,5836
37859,21001
37860,20396
37861,21002
37862,3561
37863,3310
37864,9301
37865,9301
37866,21005
37867,14131
37868,10507
37869,20971
37870,919
37871,16144
37872,3577
37873,20847
37874,20971
37875,26
37876,2260
37877,20932
37878,2973
37879,261
37880,21007
37881,26
37882,19848
37883,13165
37884,3903
37885,21010
37886,10507
37887,21018
37888,9572
37889,20016
37890,20085
37891,21026
37892,20133
37893,20980
37894,18528
37895,19786
37896,7250
37897,21022
37898,20085
37899,17518
37900,21006
37901,21006
37902,21028
37903,5474
37904,3014
37905,3014
37906,21016
37907,16756
37908,21016
37909,21031
37910,11707
37911,21030
37912,21030
37913,15921
37914,13680
37915,11864
37916,561
37917,19815
37918,21034
37919,3293
37920,21035
37921,20327
37922,9572
37923,20989
37924,20211
37925,7830
37926,14679
37927,15997
37928,3903
37929,8762
37930,9572
37931,2970
37932,12856
37933,1901
37934,20252
37935,20252
37936,21036
37937,21043
37938,1356
37939,21043
37940,21033
37941,21007
37942,20988
37943,21043
37944,21046
37945,21047
37946,20943
37947,9224
37948,5837
37949,17017
37950,21048
37951,4101
37952,21051
37953,6050
37954,1709
37955,20252
37956,20252
37957,8076
37958,190
37959,21058
37960,19731
37961,10389
37962,2719
37963,11915
37964,20893
37965,3262
37966,20800
37967,3293
37968,21052
37969,20980
37970,14529
37971,11745
37972,21062
37973,21063
37974,16784
37975,14529
37976,9572
37977,20980
37978,13867
37979,20980
37980,19879
37981,20767
37982,20943
37983,3331
37984,4253
37985,3921
37986,21036
37987,4253
37988,21066
37989,2101
37991,19731
37992,9944
37993,21067
37994,21069
37995,21071
37996,16663
37997,21071
37998,5394
37999,21072
38000,5837
38001,887
38002,21076
38003,21076
38004,7365
38005,887
38006,21049
38007,6664
38008,21068
38009,21077
38010,9336
38011,21079
38012,1356
38013,10309
38014,7243
38015,13818
38017,21080
38018,1077
38019,21076
38020,21088
38021,21076
38022,20551
38023,13188
38024,5859
38026,4496
38027,20211
38028,21052
38029,14529
38030,2942
38031,16242
38032,20771
38033,9343
38034,11325
38035,8010
38036,21097
38037,21097
38038,11325
38039,21094
38040,21098
38041,14519
38042,11988
38043,21103
38044,21103
38045,4701
38046,21104
38047,21102
38048,21104
38049,21105
38050,261
38051,930
38052,7616
38053,21109
38054,21077
38055,21111
38056,930
38057,21109
38058,21110
38059,9692
38060,2652
38061,21076
38062,13634
38063,20943
38064,12542
38065,21111
38066,21111
38067,20961
38068,21114
38069,8580
38070,11981
38071,19909
38072,20928
38073,11981
38074,10675
38075,20928
38076,21069
38077,21121
38078,11118
38079,2912
38080,21118
38081,21124
38082,2750
38083,20389
38084,21122
38085,18303
38086,21089
38087,5320
38088,10675
38089,21125
38090,862
38091,21128
38092,5836
38093,5836
38094,5836
38095,20820
38096,5397
38097,892
38098,21130
38099,21132
38101,5859
38102,21096
38103,21096
38104,5003
38105,12005
38106,3484
38107,10339
38108,988
38109,11325
38110,17188
38111,20780
38112,21118
38113,21115
38114,21064
38115,21135
38116,21066
38117,21134
38118,20396
38119,21088
38120,19848
38121,8053
38122,21136
38123,21136
38124,21064
38125,21137
38126,21072
38127,21072
38129,21138
38130,21144
38131,9136
38132,919
38134,12209
38135,5931
38136,21094
38137,21072
38138,21147
38140,2909
38141,2909
38142,21072
38143,7255
38144,17661
38145,21149
38147,930
38148,3262
38149,2798
38150,21151
38151,919
38152,20735
38153,21094
38154,21066
38155,10185
38156,21154
38157,17481
38158,21156
38159,18040
38160,2970
38161,17869
38162,8943
38163,3369
38164,21130
38165,21130
38166,7250
38167,18202
38168,21167
38169,18202
38170,3125
38171,21166
38172,21163
38173,21114
38174,9097
38175,21138
38176,21165
38177,6967
38178,12786
38179,21178
38181,3551
38182,20884
38183,6946
38184,21181
38185,3376
38186,20801
38187,21158
38188,17359
38189,2091
38190,21186
38191,21186
38192,3382
38193,7290
38194,21022
38195,17333
38196,21189
38197,1777
38198,9146
38199,7744
38200,21190
38201,21195
38202,21198
38203,919
38204,21111
38205,17869
38206,21199
38207,561
38208,17897
38209,17897
38210,21183
38211,21195
38212,11626
38213,919
38214,21201
38215,9394
38216,2113
38217,20457
38218,8810
38219,21205
38220,776
38221,4942
38222,21204
38223,21205
38224,1699
38225,21192
38226,21205
38227,634
38228,69
38229,62
38230,9097
38231,3396
38232,69
38234,21184
38235,21129
38236,4119
38237,21129
38238,21213
38239,21130
38240,19938
38241,18528
38242,9572
38243,21220
38244,20650
38245,3277
38246,21172
38247,5836
38248,21218
38249,21216
38250,21222
38251,10675
38252,11615
38253,3140
38254,8207
38255,20344
38256,9241
38257,5331
38258,21149
38259,18202
38260,21149
38261,603
38262,21149
38263,20027
38264,521
38265,778
38266,21235
38267,7290
38268,21043
38269,20058
38270,1496
38271,8775
38272,21229
38273,603
38274,1663
38275,603
38276,21239
38277,930
38278,930
38279,3263
38280,3432
38281,12036
38282,21241
38283,13987
38284,16137
38285,11030
38286,20981
38287,7395
38288,21110
38289,8198
38290,17674
38291,21064
38292,20990
38293,21250
38294,21247
38295,8289
38296,20642
38297,21253
38298,12853
38299,12853
38300,21251
38301,21252
38302,603
38303,18462
38304,21257
38305,21260
38306,21259
38307,21251
38308,9998
38309,21251
38310,9201
38311,11820
38312,30
38313,21266
38314,603
38315,603
38316,962
38317,20943
38318,21268
38319,21269
38320,21269
38321,19879
38322,21270
38323,559
38324,20395
38325,6096
38326,21273
38327,9146
38328,1909
38329,21278
38330,3008
38331,20905
38332,919
38333,21278
38334,21279
38335,21279
38336,21278
38337,21279
38338,9241
38339,179
38340,795
38341,7980
38342,20898
38343,21281
38344,1390
38345,21276
38346,11325
38347,21286
38348,21269
38349,5405
38350,21290
38351,16898
38352,9444
38353,1378
38354,19879
38355,18151
38356,21288
38357,21034
38358,21289
38359,21293
38360,21269
38361,21266
38362,21257
38363,5
38364,21292
38365,8281
38366,6793
38367,3320
38368,21301
38369,18164
38370,21257
38371,21236
38372,10800
38373,21236
38374,18202
38375,18202
38376,21300
38377,1124
38378,21300
38379,1124
38380,1973
38381,4251
38382,4426
38383,1106
38384,21304
38385,16859
38386,11708
38387,3262
38388,561
38389,21307
38390,21307
38391,21307
38392,21312
38394,5594
38395,5917
38396,10530
38397,21318
38398,3579
38399,21230
38400,13945
38401,10438
38402,21306
38403,266
38404,21322
38405,21269
38406,21315
38407,88
38408,21320
38409,9424
38410,21325
38411,21323
38412,21325
38413,21326
38414,10119
38415,18539
38416,20840
38417,2595
38418,9515
38419,21333
38420,4110
38421,21329
38422,21303
38423,21335
38424,21238
38425,11060
38426,2993
38427,11179
38428,21323
38429,21305
38430,21300
38431,21300
38432,21074
38433,21036
38434,21339
38435,21341
38436,21341
38437,21338
38438,14860
38439,21067
38440,75
38441,1084
38442,21334
38443,18523
38444,21074
38445,21342
38446,21346
38447,7638
38448,21344
38449,20445
38450,21347
38451,3293
38452,4496
38453,13183
38454,21348
38455,1709
38456,21348
38457,16937
38458,20921
38459,21346
38460,21347
38461,21346
38462,21351
38463,4857
38464,21352
38465,20921
38466,20921
38467,7448
38468,9454
38469,11708
38470,7734
38471,6684
38472,196
38473,11936
38474,21357
38475,4498
38476,20292
38477,8
38478,8590
38479,10619
38480,21362
38481,11774
38482,21365
38483,12853
38484,21346
38485,5111
38486,21255
38487,21371
38488,21372
38489,21381
38490,5837
38491,21381
38492,183
38493,1036
38494,9572
38495,21369
38496,21072
38497,3468
38498,2040
38499,21369
38500,21373
38501,21384
38502,9490
38503,5893
38504,21390
38505,12431
38506,16537
38508,12431
38509,20791
38510,21339
38511,21154
38512,21395
38513,21395
38514,16961
38515,20065
38516,21375
38517,21154
38518,18040
38519,9497
38520,21284
38521,7339
38522,21068
38523,223
38524,19939
38525,21409
38526,9944
38527,21400
38528,21411
38529,21405
38530,21407
38531,21408
38532,21410
38533,825
38534,8373
38535,21412
38536,11756
38537,16319
38538,21415
38539,3062
38540,21421
38541,21421
38542,21422
38543,21418
38544,21375
38545,7448
38546,21324
38547,1036
38548,21154
38549,17062
38550,21406
38551,17508
38552,21431
38553,20986
38554,21435
38555,21433
38556,3488
38557,21433
38558,21437
38559,21152
38560,7647
38561,17062
38562,7647
38563,21442
38564,4451
38565,21442
38566,21442
38567,2817
38568,21160
38569,511
38570,21255
38571,2838
38572,5705
38573,21446
38575,887
38576,21255
38577,18147
38578,16937
38579,696
38580,5509
38581,21451
38582,21451
38583,21452
38584,21260
38585,19879
38586,21454
38587,5963
38588,10435
38589,21455
38590,21457
38591,21457
38592,21457
38593,10515
38594,10508
38595,7976
38596,21409
38597,21368
38598,20467
38599,21427
38600,21427
38601,21461
38602,21421
38603,21466
38604,21466
38605,21466
38606,21466
38607,21466
38608,21466
38609,21468
38610,21468
38611,21468
38612,21461
38613,17359
38614,21339
38615,530
38616,21446
38617,21423
38618,21474
38619,21154
38620,21474
38621,89
38622,9583
38623,21482
38624,1689
38625,21476
38626,7290
38627,21484
38628,13818
38629,7290
38630,21485
38631,7224
38632,21486
38633,1307
38634,1307
38635,10723
38636,21488
38637,21423
38638,21489
38639,12786
38640,20945
38641,21423
38642,21423
38643,5419
38644,17057
38645,10845
38646,21493
38647,21494
38648,1720
38649,5349
38650,20359
38652,5398
38653,21476
38654,21490
38655,21499
38656,21499
38657,8401
38658,21442
38659,21442
38660,12771
38662,2981
38665,3525
38666,9581
38667,21497
38668,6720
38669,485
38670,14300
38671,21503
38672,4559
38673,21505
38674,21465
38675,5
38676,14300
38677,11236
38678,4150
38679,1307
38680,1647
38681,21461
38682,10515
38683,142
38684,5836
38685,24
38686,6675
38687,10683
38688,21186
38689,4337
38691,2719
38692,12923
38693,21168
38694,21513
38695,21515
38696,21515
38697,6096
38699,6082
38700,21519
38701,21504
38702,21168
38703,21519
38704,12905
38705,21240
38706,7119
38707,6630
38708,12175
38709,21514
38710,21360
38711,21360
38712,21360
38713,21360
38714,21519
38715,6256
38716,3293
38717,21526
38718,21446
38719,21446
38720,17935
38721,21531
38722,21531
38723,21519
38724,21528
38725,21532
38726,4607
38727,21523
38728,18615
38729,21532
38730,21532
38731,19879
38732,9595
38733,16999
38734,4485
38735,21466
38736,11675
38737,21540
38738,21538
38739,21545
38740,21547
38741,17748
38742,21523
38743,21523
38744,9201
38745,5154
38746,21542
38747,16705
38748,21551
38750,20891
38751,14143
38752,21552
38753,10636
38754,4164
38755,21553
38756,20016
38757,21552
38758,21272
38759,21559
38760,21559
38761,11279
38762,9716
38763,21562
38764,16016
38765,21566
38766,21566
38767,5464
38768,21567
38769,21031
38770,21364
38771,21523
38772,10304
38773,20637
38774,251
38775,930
38776,13267
38777,21384
38778,21022
38779,21560
38780,21443
38781,5419
38782,21532
38783,21540
38784,2817
38785,5180
38786,21559
38787,21556
38788,21564
38789,7744
38790,21565
38791,1583
38792,16585
38793,21540
38794,21030
38795,2912
38796,21578
38797,9618
38798,21583
38799,21295
38800,13915
38801,17084
38802,21167
38803,5397
38804,21585
38805,21587
38806,10275
38807,21195
38808,21577
38809,21587
38810,20327
38811,21593
38812,21588
38813,20840
38814,21591
38815,39
38816,3567
38817,825
38818,825
38819,21562
38820,21562
38821,3725
38822,5040
38823,13482
38824,19806
38825,10723
38826,4306
38827,862
38828,21317
38829,3725
38830,4301
38831,6489
38832,21603
38833,17891
38834,7644
38835,3579
38836,21064
38837,5344
38838,6723
38839,18287
38840,21593
38841,21593
38842,21610
38843,14730
38844,21593
38845,6621
38846,21319
38847,21154
38848,12923
38849,21612
38850,12923
38851,8226
38852,3572
38853,21030
38854,21030
38855,20865
38856,16574
38857,12429
38858,21559
38859,2910
38860,21611
38861,14343
38862,2910
38863,74
38864,17774
38865,18523
38866,16843
38867,19806
38868,6633
38869,9671
38870,6633
38871,7282
38872,12534
38873,12534
38874,4253
38875,3376
38876,7964
38877,8984
38878,21623
38879,8984
38880,25
38881,21631
38882,25
38883,21331
38884,6015
38885,21634
38886,2929
38887,21626
38888,21392
38889,8447
38890,6884
38891,12734
38892,5666
38893,3277
38894,21628
38895,3277
38896,3577
38897,21639
38898,21639
38899,21071
38900,21594
38901,21624
38902,21071
38903,6281
38904,11091
38905,21631
38906,21064
38907,9651
38908,21352
38909,217
38910,20778
38911,21642
38912,21645
38913,20778
38914,21648
38915,21645
38916,21411
38917,5154
38918,14143
38919,3347
38920,14143
38921,21641
38922,7290
38923,12218
38924,3582
38925,6182
38926,62
38927,21656
38928,4507
38929,21656
38930,21654
38931,21657
38932,21659
38933,994
38934,6633
38935,3041
38936,21629
38937,20907
38938,12096
38939,21667
38940,21650
38941,4497
38942,20656
38943,20656
38944,11889
38945,20904
38946,21670
38947,21669
38948,21645
38949,445
38950,862
38951,2798
38952,11052
38953,21677
38954,8984
38955,8984
38956,21668
38957,21679
38958,14596
38959,21665
38960,17140
38961,21684
38962,3595
38963,9676
38964,20409
38965,8447
38966,20409
38967,21684
38968,21684
38969,21654
38970,21690
38971,21683
38972,253
38973,14675
38974,14675
38975,21687
38976,16474
38977,20250
38978,21483
38979,21660
38980,21693
38981,12492
38982,14675
38983,21683
38984,21695
38985,9677
38986,919
38987,3601
38988,21683
38989,8540
38990,1991
38991,7250
38992,21696
38993,20793
38994,20878
38995,21686
38996,8686
38997,1538
38998,14769
38999,19806
39000,21703
39001,19677
39002,20334
39003,21705
39004,6522
39005,21682
39006,21708
39007,253
39008,21707
39009,9671
39010,20832
39011,21695
39012,21708
39013,2516
39014,10580
39015,21684
39016,21720
39017,21111
39018,21682
39019,10238
39020,21722
39021,3077
39022,21732
39023,21729
39024,12803
39025,21733
39026,1549
39027,8605
39028,12446
39029,21707
39030,21724
39031,11867
39032,21743
39033,14769
39034,21745
39035,17600
39036,21459
39038,21067
39039,14036
39040,21754
39041,21752
39042,77
39043,21756
39044,8428
39045,21755
39046,5387
39047,1537
39048,10947
39049,10947
39050,9484
39051,21754
39052,21754
39053,21474
39054,21749
39055,17438
39056,21760
39057,13799
39058,1381
39059,845
39060,19939
39062,21568
39063,21765
39064,13561
39065,5795
39066,21767
39067,21767
39068,3640
39069,21767
39070,20895
39071,1075
39072,4426
39073,9724
39074,20650
39075,21775
39076,20096
39077,20096
39078,21770
39079,20096
39080,19901
39081,19901
39082,19901
39083,7475
39084,21774
39085,68
39086,4278
39087,6206
39088,6833
39089,6750
39090,18612
39091,6015
39092,9738
39093,21786
39094,6637
39095,14650
39096,21783
39097,21769
39098,21786
39099,21789
39100,21789
39101,20551
39102,21784
39103,21770
39104,14769
39105,21790
39106,7290
39107,21476
39108,21795
39109,21796
39110,21795
39111,7290
39112,13138
39113,21364
39114,21794
39115,21792
39116,2956
39117,7259
39118,21729
39119,18152
39120,21464
39121,21479
39122,21802
39123,12923
39124,19729
39125,21766
39126,20793
39128,21793
39130,21796
39131,21747
39132,20793
39133,88
39134,439
39135,12423
39137,21808
39138,21812
39139,21796
39140,6884
39141,776
39142,10829
39143,21143
39144,21566
39145,20015
39146,21820
39147,21820
39148,21819
39149,21812
39150,6182
39151,21583
39152,21821
39153,301
39154,21812
39155,21812
39156,20751
39157,21790
39158,21790
39159,21790
39160,14443
39161,107
39163,21827
39164,20884
39165,21650
39166,21650
39167,364
39168,21829
39169,228
39170,21829
39171,21828
39172,805
39173,3277
39174,21212
39175,21833
39176,21834
39177,17500
39178,20730
39179,17500
39180,21840
39181,3277
39182,11030
39183,21821
39184,21821
39185,21841
39187,21842
39188,14346
39189,6917
39190,10390
39191,21844
39192,1679
39193,15964
39194,6749
39195,364
39196,2587
39197,2252
39198,5025
39199,14602
39200,13385
39201,696
39202,19814
39203,19814
39204,13935
39205,13870
39206,19668
39207,21808
39208,21808
39209,21808
39210,11554
39211,7916
39212,21722
39213,21853
39214,21853
39215,21857
39216,21849
39217,1389
39218,21854
39219,19668
39220,21848
39221,333
39222,21826
39223,21859
39224,20381
39225,569
39226,21855
39227,19814
39228,159
39229,21591
39230,20884
39231,20921
39232,12603
39233,14161
39234,21072
39235,19879
39236,21793
39237,5859
39238,21863
39239,2912
39240,21865
39241,21866
39242,21869
39243,1124
39244,2072
39245,21869
39246,14305
39247,16612
39248,2513
39249,16612
39250,21863
39251,919
39252,21871
39253,9562
39254,19815
39255,5836
39256,427
39257,14383
39258,16486
39259,21844
39260,11889
39261,18128
39262,183
39263,5795
39264,21874
39265,21240
39266,21879
39267,21533
39268,20228
39269,18019
39270,18019
39271,19699
39272,21892
39273,21894
39274,5837
39275,1077
39276,9973
39277,4054
39278,18019
39279,21288
39280,21878
39281,21890
39282,3411
39283,20228
39284,21841
39285,5597
39286,21897
39287,21902
39288,21411
39289,2912
39290,21903
39291,21429
39292,21687
39293,21288
39294,21072
39295,3432
39296,21909
39297,17567
39298,21824
39299,10488
39300,21908
39301,21911
39302,2407
39303,2407
39304,11748
39305,21592
39306,18352
39307,20338
39308,12548
39309,2798
39310,11972
39311,919
39312,21908
39313,21920
39314,18387
39315,21922
39316,9241
39317,10072
39318,21738
39319,9320
39320,21928
39321,3277
39322,18019
39323,5405
39324,21749
39325,21749
39326,21072
39327,21922
39328,21930
39329,21930
39330,1709
39331,21072
39332,21935
39333,21934
39334,21072
39335,21072
39336,10829
39337,21934
39338,21897
39339,210
39340,21937
39341,21924
39342,7397
39343,6226
39344,21939
39345,20534
39346,21939
39347,1763
39348,20015
39349,20015
39350,20015
39351,8871
39352,21908
39353,21943
39354,13935
39356,6625
39357,12803
39358,21944
39359,21949
39360,13714
39361,21954
39362,21944
39364,21884
39365,194
39366,21900
39367,21937
39368,21937
39369,5493
39370,21632
39371,11969
39372,11969
39373,21940
39374,12329
39375,18601
39376,21874
39377,21874
39378,21874
39379,8101
39380,21954
39381,1709
39382,21644
39384,11592
39385,21969
39386,1106
39387,21858
39388,21587
39389,21971
39390,21927
39391,2192
39392,9572
39393,21920
39394,21953
39395,6287
39396,20889
39397,21972
39398,21973
39399,21971
39400,18517
39401,7794
39402,5597
39403,21658
39404,21858
39405,5509
39406,6481
39407,21939
39408,2724
39410,21979
39411,5226
39412,7918
39413,6302
39414,21840
39415,21991
39416,21481
39417,977
39418,13538
39419,9241
39420,21999
39421,21998
39422,17262
39423,21661
39424,17262
39425,10530
39426,4319
39427,21802
39428,22003
39429,5646
39430,11675
39431,21481
39432,21999
39433,21961
39434,17262
39435,17285
39436,20409
39437,17590
39438,21891
39439,22008
39440,22008
39441,7397
39442,12008
39443,12008
39444,12008
39445,17590
39446,22010
39447,21405
39448,22000
39449,20131
39451,12446
39452,21972
39453,1689
39454,3454
39455,20131
39456,20131
39457,22020
39458,22020
39459,919
39460,22022
39461,22022
39462,22022
39463,22018
39464,21464
39465,18622
39466,22016
39467,21595
39468,22032
39469,22032
39470,1320
39471,1739
39472,18606
39473,1679
39474,22033
39476,16557
39477,22038
39478,22039
39479,20409
39480,22046
39481,803
39482,21721
39483,12865
39484,12865
39485,22041
39486,21734
39487,21364
39488,805
39489,22055
39490,22059
39491,22054
39492,22059
39493,22055
39494,12865
39495,22049
39496,22060
39497,22054
39498,22018
39499,22054
39500,22059
39501,9285
39502,17159
39503,12786
39504,22060
39505,12492
39506,17107
39507,17107
39508,12492
39509,5793
39510,9887
39511,18347
39513,21272
39514,3788
39515,22059
39516,3488
39517,919
39518,22066
39519,22063
39520,22059
39521,21513
39522,21880
39523,22070
39524,2141
39525,2746
39526,21662
39527,21937
39528,22035
39529,8809
39530,3270
39531,22073
39532,1381
39533,21747
39534,22082
39535,22083
39536,21154
39537,22083
39538,4432
39540,21776
39541,4485
39542,14602
39543,22090
39545,12496
39546,22088
39547,22088
39548,3748
39549,22097
39550,16612
39551,18482
39552,22095
39553,22098
39554,3452
39555,3401
39556,6750
39557,1515
39558,7290
39559,8402
39560,22093
39561,10172
39562,20929
39563,22109
39564,11032
39565,22114
39566,13561
39567,22112
39568,22117
39569,22118
39570,11071
39571,11071
39572,12834
39573,22111
39574,22111
39575,20898
39577,22121
39578,22123
39579,12865
39580,4055
39581,22095
39582,11453
39583,22089
39584,21395
39585,22124
39586,22126
39587,20359
39588,17590
39589,22125
39590,22090
39591,22114
39592,22130
39593,6096
39594,22114
39595,22095
39596,22133
39597,22130
39598,22131
39599,21834
39600,1007
39601,22133
39602,22114
39603,22133
39604,6877
39605,22131
39607,22077
39608,22077
39609,22136
39610,22134
39612,21827
39613,17140
39614,20381
39615,17140
39616,3292
39617,21599
39618,20381
39619,5522
39620,9042
39621,3454
39622,21612
39623,22146
39624,4253
39625,1909
39626,196
39627,2860
39628,22147
39629,5405
39630,22147
39631,22090
39632,22097
39633,22154
39634,22151
39635,22156
39636,21288
39637,9097
39638,22158
39639,22159
39640,21216
39641,21293
39642,22160
39643,9038
39644,20898
39645,21507
39646,22164
39647,19765
39648,22167
39649,21834
39650,21834
39652,22170
39653,22146
39654,22146
39655,22175
39656,22175
39657,22169
39658,22151
39659,12374
39660,22176
39661,7290
39662,22184
39663,22185
39664,12540
39665,22173
39666,22186
39667,12008
39668,22185
39669,10277
39670,8938
39671,22047
39672,22190
39673,21909
39674,12008
39675,22186
39676,22191
39677,13041
39678,22191
39679,4426
39680,3531
39681,22196
39682,20100
39683,11005
39684,22201
39685,22186
39686,22202
39687,22201
39688,74
39689,22159
39690,7789
39691,22202
39692,3454
39693,19765
39694,12008
39695,21998
39696,21998
39697,22210
39698,22208
39699,4715
39700,22213
39701,11005
39702,11005
39703,12865
39704,22214
39705,5795
39706,22215
39707,21937
39708,3933
39709,18429
39710,12008
39711,22216
39712,21881
39713,10044
39714,22047
39716,22164
39717,22164
39718,22222
39719,12719
39720,22206
39721,21821
39722,17566
39723,3794
39725,22227
39726,21918
39727,21918
39728,21395
39729,21395
39730,22232
39731,21395
39732,22232
39733,21395
39734,22237
39735,5114
39736,22235
39737,22000
39738,776
39739,7475
39740,9694
39741,22137
39742,1164
39743,21972
39744,20898
39745,20898
39746,2865
39747,22137
39748,22137
39749,1496
39750,20780
39751,12803
39752,11939
39753,12576
39754,20984
39755,22242
39756,22229
39757,22241
39758,22247
39759,21532
39760,21905
39761,17976
39762,22241
39763,4048
39764,251
39765,9964
39766,22201
39767,21755
39768,4079
39769,13363
39770,17908
39771,10586
39772,22251
39773,1531
39774,14602
39775,21701
39776,22257
39777,13483
39778,22258
39779,9975
39780,22258
39781,68
39782,22256
39783,17072
39784,22256
39785,21513
39786,22263
39787,1356
39788,3277
39789,3277
39790,805
39791,22228
39792,17690
39793,9085
39794,22269
39795,17072
39796,21862
39797,22186
39798,1005
39799,22261
39800,21068
39801,21921
39802,2117
39803,1389
39804,333
39805,7290
39806,2117
39807,2117
39808,22000
39809,5429
39810,10720
39811,22276
39812,3019
39813,603
39814,3805
39815,18566
39816,3525
39817,8566
39818,22089
39819,612
39820,11253
39821,634
39822,22281
39823,22231
39824,14529
39825,10237
39826,22231
39827,22231
39828,22162
39829,22289
39830,22088
39831,11030
39832,21030
39833,22159
39834,4253
39835,22281
39836,22282
39837,9998
39838,22295
39839,22297
39840,22295
39841,21972
39842,10535
39843,11236
39844,3861
39845,17590
39846,1583
39847,22300
39848,21964
39849,22301
39850,20381
39851,22251
39852,142
39853,17096
39854,22305
39855,4856
39856,17096
39857,22305
39858,13320
39859,8207
39860,14143
39861,20898
39862,13320
39863,22309
39864,10771
39865,805
39866,1512
39867,4701
39868,12426
39869,22312
39870,22312
39871,22311
39872,21047
39873,12502
39874,22311
39875,22303
39876,22312
39877,22311
39878,22301
39879,10640
39880,22315
39881,9756
39882,14049
39883,21967
39884,21982
39885,16612
39886,16612
39887,18472
39888,2669
39889,22318
39890,2830
39891,22322
39892,22321
39893,6076
39894,12307
39895,22325
39896,22301
39897,22325
39898,10266
39899,22324
39900,21267
39901,196
39902,22307
39903,16837
39904,20190
39905,21726
39906,22327
39907,5795
39908,10017
39909,16612
39910,9560
39911,22331
39912,22164
39913,22332
39914,22332
39915,22311
39916,22089
39917,21993
39918,5398
39919,10398
39920,21999
39921,21999
39923,22285
39924,22326
39925,22328
39926,9999
39927,22334
39928,3826
39929,10524
39930,22338
39932,22321
39933,22321
39934,10358
39935,21961
39936,253
39937,22026
39938,11849
39939,9733
39940,7459
39941,22348
39942,22342
39943,10026
39944,22342
39945,2664
39946,22348
39947,10028
39948,11071
39949,22352
39950,22354
39952,20344
39953,438
39954,5366
39955,22147
39956,22349
39957,5366
39958,22356
39959,22339
39960,805
39961,9577
39962,22366
39963,22366
39964,22312
39965,3592
39966,7186
39967,3835
39968,22367
39969,21267
39970,22372
39971,183
39972,10914
39973,16016
39974,20654
39975,22352
39976,22301
39977,22374
39978,22363
39979,4238
39980,21998
39981,21691
39982,22044
39983,22381
39984,1451
39985,16275
39986,11889
39987,22386
39989,22050
39990,3411
39991,22391
39992,22381
39993,22385
39994,11691
39995,3058
39996,22356
39997,3861
39998,16275
40000,22356
40001,22395
40002,12786
40003,5024
40004,22390
40005,22356
40006,22311
40007,22356
40008,22392
40009,22400
40010,22380
40011,5509
40012,21972
40013,4598
40014,22396
40015,22356
40016,20889
40017,22410
40018,20065
40019,21010
40020,22411
40021,22410
40022,22413
40023,20884
40024,21010
40025,1538
40026,21853
40027,805
40028,22365
40029,22083
40030,22083
40032,10064
40033,16113
40034,10065
40035,1934
40036,14888
40037,10069
40038,20755
40039,20755
40040,20755
40041,11272
40042,847
40043,12042
40044,22430
40045,22365
40046,20981
40047,11627
40048,11627
40049,21853
40050,22431
40051,5941
40052,22365
40053,7555
40054,6096
40055,21417
40056,9541
40057,22374
40058,22361
40059,3874
40060,20654
40061,4644
40062,20981
40063,17010
40064,22412
40065,2367
40066,588
40067,6633
40068,20456
40069,913
40070,22103
40071,3330
40072,22105
40073,4290
40074,9394
40075,22445
40076,22444
40077,21216
40078,22361
40079,21216
40080,22446
40081,19833
40082,13314
40083,2271
40084,14188
40085,20654
40086,22130
40087,22454
40088,16557
40089,7290
40090,7290
40091,847
40092,17379
40093,22435
40094,22456
40095,22088
40096,22462
40097,3401
40098,22453
40099,22466
40100,22466
40101,22457
40102,7480
40104,22446
40105,7959
40106,22467
40107,22468
40108,22067
40109,22472
40110,253
40111,22140
40112,2571
40113,22067
40114,22477
40115,22452
40116,3330
40117,22067
40118,22067
40119,656
40120,22484
40121,21184
40122,21624
40123,13680
40124,13147
40125,13047
40127,22492
40128,16420
40129,22311
40130,20442
40131,22067
40132,4173
40133,22338
40134,22479
40135,22479
40136,22477
40137,22408
40138,5296
40139,22356
40140,20981
40141,1901
40142,13118
40143,22047
40144,22507
40145,22500
40146,22453
40147,21340
40148,4050
40149,21900
40150,20917
40151,21340
40152,22275
40153,20598
40154,22451
40155,22275
40156,2199
40157,114
40158,22196
40159,21599
40163,22492
40164,11342
40165,9394
40166,7224
40167,22300
40168,7224
40169,22300
40170,9394
40171,12502
40172,2116
40173,3903
40174,13882
40175,22519
40176,2676
40177,21361
40178,21361
40179,4716
40180,4455
40181,22509
40182,21361
40183,7787
40184,22508
40185,22484
40186,22484
40187,6649
40188,22220
40189,22529
40190,3903
40191,128
40192,22483
40193,22532
40194,22531
40195,22535
40196,22483
40197,8431
40198,22496
40199,20598
40200,10091
40201,21900
40202,11120
40203,22275
40204,5323
40205,17503
40206,22543
40207,22275
40208,22548
40209,22547
40210,17072
40211,17072
40212,22298
40213,22547
40214,16901
40215,22451
40216,12393
40217,11408
40218,16271
40219,12393
40220,20884
40221,2023
40222,22248
40223,3911
40224,22541
40225,6164
40226,7380
40227,4262
40228,22563
40229,900
40230,22542
40231,21846
40232,22562
40234,22259
40235,22566
40236,21866
40237,1871
40238,22550
40239,22228
40240,22265
40241,22568
40242,12031
40243,22062
40244,22563
40245,2164
40246,21216
40247,20598
40248,1944
40249,20598
40250,22452
40251,1944
40252,652
40253,20105
40254,22519
40255,13818
40256,22519
40257,22508
40258,22580
40259,7008
40260,22579
40261,22543
40262,22570
40263,21846
40264,20836
40265,22532
40266,22532
40267,22584
40268,22584
40269,498
40270,1495
40271,21846
40272,9866
40273,11956
40274,7003
40275,15949
40276,22566
40277,22577
40278,2488
40279,22588
40280,16137
40281,22588
40282,22400
40283,22590
40284,22585
40285,20836
40286,6491
40287,22593
40288,6096
41287,2228
41288,6884
41289,4898
41290,7663
41291,1709
41292,22587
41293,22285
41294,17072
41295,21933
41296,10340
41297,3919
41298,22311
41299,36
41300,22298
41301,23595
41302,23593
41303,11342
41304,10217
41305,3262
41306,22587
41307,14009
41308,23597
41309,6006
41310,5837
41311,20316
41312,16476
41313,21420
41314,23605
41315,22543
41316,17072
41317,22287
41318,22518
41319,22287
41320,21846
41321,21846
41322,20316
41323,23604
41324,10172
41325,20680
41326,21184
41327,22517
41328,12502
41329,10340
41330,833
41331,17072
41332,22474
41333,20639
41334,22329
41335,22197
41336,19999
41337,23615
41338,10767
41339,7828
41340,23620
41341,15964
41342,20498
41343,22326
41344,666
41345,8783
41346,20498
41347,9975
41348,22518
41349,22259
41350,22285
41351,22287
41352,22525
41353,22530
41354,7287
41355,20836
41356,21846
41357,21471
41358,23625
41359,6703
41360,20258
41361,22381
41362,22381
41363,13987
41364,14826
41365,21471
41366,21471
41367,19814
41368,20666
41369,1005
41370,1764
41371,23635
41372,17010
41373,23637
41374,22400
41375,22344
41376,22398
41377,22497
41378,22503
41379,23622
41380,23638
41381,14602
41382,23640
41384,20316
41385,22265
41386,7167
41387,22432
41388,7167
41389,23646
41390,624
41391,22287
41392,23646
41393,20709
41394,588
41395,23645
41396,10533
41397,21846
41398,21846
41399,23648
41400,22452
41401,23650
41402,12393
41403,22358
41404,23653
41405,22519
41406,23642
41407,11458
41409,23659
41410,23659
41411,264
41412,23660
41413,21971
41414,23661
41415,22468
41416,22468
41417,22519
41418,4301
41419,23661
41420,23660
41421,13744
41422,264
41423,1195
41424,23654
41425,23665
41426,23665
41427,22468
41428,23661
41429,18281
41430,23666
41431,23659
41432,2860
41433,830
41434,21325
41435,144
41436,14202
41437,23667
41438,23668
41439,22309
41440,22309
41441,23674
41442,15964
41443,23661
41444,23664
41445,21846
41446,21846
41447,22309
41448,11007
41449,8006
41450,23683
41451,14860
41452,23683
41453,23683
41454,21260
41455,23682
41456,10217
41457,20709
41458,22267
41459,14202
41460,23687
41461,4278
41462,14202
41463,23674
41464,11409
41465,23689
41466,11409
41467,266
41468,23683
41469,23681
41470,23683
41471,11859
41472,7290
41473,11859
41474,23701
41475,23703
41476,23708
41477,11981
41478,23705
41479,23706
41480,23708
41481,23674
41482,20884
41483,21072
41484,21072
41485,21072
41486,10961
41487,25
41488,21307
41489,10443
41490,20190
41491,8397
41492,20221
41494,21252
41495,22433
41496,23715
41497,2322
41498,88
41499,23715
41500,21998
41501,23715
41502,23717
41503,23717
41504,5264
41505,22236
41506,23715
41507,23717
41508,4559
41509,20334
41510,22088
41511,20381
41512,23721
41513,22452
41514,20381
41515,23723
41516,22433
41517,23672
41518,23693
41519,805
41520,20211
41521,14550
41522,23725
41523,22258
41524,11867
41525,142
41526,14104
41527,14104
41528,2147
41529,22236
41530,16612
41531,22047
41532,20344
41533,16047
41534,23731
41535,23672
41536,22309
41537,686
41538,23734
41539,23734
41540,22236
41541,20344
41542,17042
41543,13677
41544,14550
41545,23648
41546,18202
41547,21072
41548,23714
41549,23744
41550,23735
41551,5394
41552,582
41553,21072
41554,307
41555,23741
41556,23749
41557,22463
41558,6649
41559,23749
41561,7993
41562,919
41563,23753
41564,23753
41565,23753
41566,23753
41567,226
41568,21351
41569,23753
41570,16672
41571,11859
41572,23733
41573,23758
41574,1106
41575,23755
41576,1270
41577,23759
41578,16612
41579,20344
41580,23664
41581,23758
41582,13818
41583,13818
41584,9651
41585,16537
41586,23733
41587,23733
41588,2485
41589,154
41590,23665
41592,20344
41593,23769
41594,23770
41595,170
41596,13516
41597,23771
41598,23775
41599,4903
41600,23775
41601,4173
41602,23770
41603,22341
41604,16612
41605,5
41606,8175
41607,3903
41608,23785
41609,23774
41611,23788
41612,930
41613,23790
41614,23784
41615,8175
41616,2929
41617,2721
41618,4238
41619,8783
41620,13585
41621,22314
41622,3803
41623,23667
41624,23800
41625,888
41626,13344
41627,22511
41628,23800
41629,14871
41630,23798
41631,172
41632,5504
41633,10500
41634,2116
41635,23797
41636,16255
41637,23783
41638,23804
41639,22267
41640,3262
41641,22267
41642,6723
41643,12380
41644,16255
41645,23803
41646,23771
41647,17297
41648,23665
41649,23810
41650,10640
41651,4498
41652,20165
41653,7594
41654,23815
41655,117
41656,23814
41657,7258
41658,25
41659,12924
41661,23819
41662,23804
41663,21846
41664,19981
41665,19981
41666,23821
41667,6476
41668,7734
41669,1381
41670,17812
41671,23824
41672,23803
41673,12786
41674,23598
41675,23823
41676,10535
41677,16819
41678,22467
41679,22546
41680,8511
41681,2676
41682,2824
41683,10322
41684,7071
41685,23835
41686,7420
41687,16908
41688,4363
41689,22356
41690,11037
41691,23775
41692,21491
41693,7071
41694,12923
41695,3488
41696,23837
41697,8431
41698,23744
41699,23598
41700,22312
41701,16203
41702,22571
41703,23807
41704,23807
41705,15949
41706,23835
41707,20580
41708,22047
41709,179
41710,1735
41711,4856
41712,11822
41713,23828
41714,20017
41715,23853
41716,22314
41717,23853
41718,7795
41719,16601
41720,22367
41721,23850
41722,23756
41723,9326
41724,10500
41725,23857
41726,22356
41727,22343
41729,401
41730,23863
41731,11984
41732,22469
41733,23868
41734,14263
41735,20603
41736,22062
41737,17856
41738,2970
41739,2970
41740,23866
41741,23874
41743,919
41744,23874
41745,23878
41746,6829
41747,9546
41748,21346
41749,21346
41750,21346
41751,6609
41752,23601
41753,23881
41755,23880
41756,23879
41757,12627
41758,23874
41759,23880
41760,23882
41761,23879
41762,17600
41763,23606
41764,8507
41765,25
41766,7250
41767,23891
41768,8507
41769,23885
41770,10124
41771,7056
41772,16306
41773,9222
41774,10354
41775,23897
41776,23616
41777,23898
41778,23783
41779,23900
41780,11852
41781,23907
41782,19981
41783,4937
41784,23892
41785,23819
41786,23819
41787,23911
41788,23911
41790,23912
41791,23913
41792,23897
41793,23906
41794,23913
41795,23638
41796,183
41797,2387
41798,11852
41799,10380
41800,1977
41801,21340
41802,23694
41803,23913
41804,18493
41805,23923
41806,23898
41807,23694
41808,22236
41809,805
41810,6934
41811,18493
41812,22468
41813,23926
41814,6475
41815,22062
41816,11405
41817,23880
41818,23928
41819,23915
41820,10389
41821,12929
41822,23904
41823,23935
41824,12409
41825,23935
41826,23936
41827,12486
41828,14137
41829,12516
41830,23939
41831,23885
41832,7250
41834,8102
41835,17421
41836,23897
41837,22236
41838,686
41839,805
41840,1260
41841,22452
41842,12502
41843,23945
41844,19848
41845,4176
41846,6446
41848,20793
41849,1381
41850,5744
41851,13603
41852,21464
41853,10675
41854,7261
41855,22100
41856,4559
41857,8196
41858,23955
41859,21810
41860,17541
41861,21114
41862,23956
41863,4278
41864,23957
41865,23775
41866,23950
41867,23957
41868,16789
41869,2019
41870,23673
41871,23934
41872,7365
41873,20940
41874,23957
41875,20603
41876,23915
41877,17309
41878,13420
41879,5836
41880,23956
41881,12373
41882,12172
41883,1154
41884,5203
41885,14599
41886,3437
41887,795
41888,834
41889,8175
41890,19762
41891,23974
41892,1445
41893,23922
41894,12492
41895,10416
41896,9537
41897,4048
41898,16383
41899,23979
41900,19901
41902,22022
41903,22343
41904,485
41905,10551
41906,7972
41907,13138
41908,601
41909,19901
41910,18192
41911,14650
41912,4496
41913,14203
41914,18493
41915,18493
41916,18192
41917,14650
41918,10551
41919,10551
41920,14650
41921,20650
41922,10227
41923,4054
41924,1191
41925,3903
41926,21169
41927,23989
41928,21169
41929,23987
41930,23988
41931,21649
41932,2148
41933,23981
41934,14515
41935,21072
41936,23991
41937,21998
41938,17428
41939,23992
41940,23991
41941,4237
41942,23719
41943,23957
41944,22022
41945,22022
41946,20381
41947,24000
41948,24000
41949,20884
41950,5936
41951,23898
41952,12586
41953,10435
41954,24002
41955,24004
41956,24003
41957,23983
41958,23997
41959,23993
41960,3582
41961,22542
41962,24004
41963,23995
41964,6750
41965,9664
41966,18493
41967,24000
41968,21677
41969,1735
41970,24013
41971,24004
41972,1307
41973,8361
41974,24013
41975,24000
41976,12463
41977,13953
41978,16436
41979,930
41980,24004
41981,24004
41982,21998
41983,23774
41984,24018
41985,23735
41986,22468
41987,20666
41988,22468
41989,11375
41990,23997
41991,24019
41992,279
41993,4496
41994,21261
41995,23915
41996,24024
41997,6829
41998,253
41999,22468
42000,23964
42001,24019
42002,10501
42003,14202
42004,22468
42005,24027
42006,24028
42007,20494
42008,17503
42009,23964
42010,8451
42011,3521
42012,23960
42014,8013
42015,19815
42016,7746
42017,23890
42018,13587
42019,427
42020,1106
42021,23897
42022,24033
42023,805
42024,16057
42025,8410
42026,6348
42027,24037
42028,24022
42029,18493
42030,23964
42031,23694
42032,24038
42033,1108
42034,23694
42035,7681
42036,23853
42037,23993
42038,23956
42039,1709
42040,3140
42041,18528
42042,18281
42043,24050
42044,24052
42045,23853
42046,24054
42047,18334
42048,21582
42049,14650
42050,24056
42051,24055
42052,1735
42053,24048
42054,24060
42055,20735
42056,15913
42057,15913
42058,15913
42059,3040
42060,9281
42061,3965
42062,23918
42063,11859
42064,24062
42065,4936
42066,1586
42067,12786
42068,22114
42069,6327
42070,24056
42071,6327
42072,18504
42073,12207
42074,3062
42075,8297
42076,24071
42077,24013
42078,3591
42079,24073
42080,22236
42081,24019
42082,9253
42083,24076
42084,4453
42085,24071
42086,20126
42087,24078
42088,12551
42089,24080
42090,19990
42091,8440
42092,17072
42093,919
42094,12551
42095,20381
42096,13680
42097,278
42098,14741
42099,18402
42100,14741
42101,24055
42102,24085
42103,23803
42104,12463
42105,24087
42106,23851
42107,4426
42108,17226
42109,14741
42110,24088
42111,4483
42112,11242
42113,7443
42114,10219
42115,11242
42116,24038
42117,11295
42118,24095
42119,3552
42120,13561
42121,18493
42122,401
42123,23992
42124,24097
42125,20381
42126,24102
42127,24055
42128,11867
42129,24040
42130,24087
42131,24040
42132,9657
42133,24097
42134,5407
42135,24091
42136,23822
42137,23993
42138,23855
42139,24091
42141,21666
42142,13041
42143,762
42144,12805
42145,22292
42146,24112
42148,24098
42149,17832
42150,17832
42151,24077
42152,24098
42153,10479
42154,12923
42155,24117
42156,24080
42157,24080
42158,24042
42159,24109
42160,4559
42161,24117
42162,24119
42163,24112
42164,21369
42165,21369
42166,20381
42167,10217
42168,24122
42169,24121
42170,24123
42171,24123
42172,22334
42173,24121
42174,24124
42175,1586
42176,9671
42177,12678
42178,6884
42179,24080
42180,16282
42181,23803
42182,24042
42183,24042
42184,24129
42185,16282
42186,24130
42187,10977
42188,24130
42189,24132
42190,11148
42191,24050
42192,24132
42193,16203
42194,16612
42195,4916
42196,5837
42197,6866
42198,6866
42199,22468
42200,14891
42201,17072
42202,6146
42203,14741
42204,24134
42205,196
42206,14741
42207,3376
42208,1314
42209,24136
42210,10496
42211,14741
42212,21933
42213,24088
42214,11039
42215,8101
42216,1436
42217,24142
42218,23853
42219,1371
42220,21062
42221,24137
42222,24143
42223,24139
42224,11089
42225,13563
42226,21062
42227,24142
42228,14741
42229,11148
42230,14741
42231,24147
42232,1994
42233,14741
42234,7486
42235,18493
42236,22589
42237,19667
42238,21998
42239,10500
42240,919
42241,24133
42242,24062
42243,708
42244,18464
42245,24150
42246,23991
42247,24156
42248,24156
42249,7588
42250,24144
42252,23828
42253,23828
42254,24155
42255,24159
42256,805
42257,21856
42258,805
42259,24158
42260,24128
42261,19667
42262,19667
42263,16074
42264,24139
42265,10961
42266,24000
42267,20315
42268,24084
42269,20666
42270,24154
42271,17814
42272,12318
42273,24160
42274,10961
42275,16087
42276,23873
42277,23932
42278,24073
42279,24165
42280,17309
42281,8709
42282,23899
42283,22334
42284,2116
42285,11887
42286,13082
42287,18218
42288,6894
42289,3552
42290,24167
42291,68
42292,14434
42293,21169
42294,24177
42295,24175
42296,5864
42297,14741
42298,22156
42299,24177
42300,24171
42301,24183
42302,18482
42303,24182
42304,3065
42305,24169
42306,24184
42307,24143
42308,14737
42309,8114
42310,23739
42312,24177
42313,24187
42314,24189
42315,10787
42316,7244
42317,18493
42318,18493
42319,23954
42320,2885
42321,24196
42322,14741
42323,24135
42324,24197
42325,24197
42326,7789
42327,253
42328,6961
42329,20315
42330,24109
42331,9253
42332,24136
42333,23926
42334,24200
42335,23899
42336,24177
42337,24206
42338,24177
42339,17832
42340,3065
42341,18493
42342,22236
42343,20344
42344,3293
42345,9724
42346,10524
42347,12750
42348,11342
42349,11090
42350,12709
42351,5407
42352,2956
42353,24139
42354,24200
42355,4110
42356,24210
42357,24211
42358,24211
42359,23619
42360,1463
42361,24206
42362,17503
42363,24215
42364,23917
42365,22508
42366,24206
42367,21260
42368,23624
42369,16922
42370,21545
42371,21545
42372,20727
42373,9203
42374,24212
42375,24212
42376,24212
42377,23775
42378,10543
42379,11052
42380,24182
42381,17398
42382,24232
42383,16068
42384,24233
42385,3318
42386,22468
42387,24235
42388,24232
42389,5852
42390,24027
42391,3342
42392,442
42393,23939
42394,805
42396,24235
42397,805
42398,22468
42399,13634
42400,24240
42401,2308
42402,20181
42403,13728
42404,24245
42405,21738
42406,22147
42407,805
42408,7795
42409,21738
42410,24248
42411,24247
42412,24248
42413,1730
42414,23948
42415,24249
42416,24250
42417,24250
42418,23853
42419,24218
42420,14296
42421,10064
42422,24239
42423,18250
42424,23895
42425,24254
42426,24091
42427,18128
42428,24199
42429,22411
42430,22542
42431,22156
42432,3031
42433,24257
42434,24258
42435,24259
42436,21738
42437,24259
42438,24259
42439,24091
42440,24260
42441,24261
42442,24260
42443,24261
42444,805
42445,24221
42446,7486
42447,18446
42448,13342
42449,21866
42450,6306
42451,24267
42452,24268
42453,21534
42454,21523
42455,14323
42456,24134
42457,20843
42458,24272
42459,24218
42460,24218
42461,3262
42462,3262
42463,24232
42464,24277
42465,3903
42466,22528
42467,24284
42468,24281
42469,5755
42470,24277
42471,24281
42472,511
42473,24285
42474,24175
42475,24289
42476,17590
42477,24256
42478,22540
42479,5573
42480,24290
42481,24291
42482,24295
42483,16859
42484,24295
42485,24295
42486,4598
42487,5573
42488,6850
42489,24027
42490,24295
42491,21803
42492,10210
42493,20211
42494,24239
42495,5339
42496,183
42497,196
42498,7224
42499,24301
42500,22543
42501,11852
42502,11469
42503,24068
42504,11852
42505,9662
42506,24238
42507,11852
42508,23803
42509,23803
42510,24311
42511,24311
42512,18614
42513,2437
42514,442
42515,22468
42516,2540
42517,24312
42518,20650
42519,24313
42520,24064
42521,6096
42522,10229
42523,22508
42524,8081
42525,24296
42526,22468
42527,24198
42528,22156
42529,24317
42530,22443
42531,4598
42532,24219
42533,23665
42534,22088
42535,24318
42536,24319
42537,22542
42538,24296
42539,179
42540,24323
42541,24323
42542,16111
42543,10598
42544,24321
42545,24073
42546,24327
42547,18589
42548,4164
42549,24327
42550,17125
42551,16016
42552,23956
42553,24330
42554,24014
42555,17814
42556,24321
42557,24328
42558,6664
42559,21998
42560,776
42561,21054
42562,24239
42563,24239
42564,21054
42565,18334
42566,21054
42567,21054
42568,13082
42569,6866
42570,24323
42571,4505
42572,13041
42573,24341
42574,4505
42575,11863
42576,24340
42578,23783
42579,1640
42580,196
42581,7486
42582,10164
42583,24334
42584,4603
42585,24347
42586,24347
42587,24218
42588,12259
42589,9196
42590,9196
42591,17124
42592,21149
42593,6866
42594,22156
42595,7746
42596,20808
42597,24351
42598,24351
42599,21054
42600,23774
42601,1106
42602,1649
42603,24340
42604,24323
42605,24353
42606,6326
42607,24357
42608,20861
42609,20861
42610,24352
42611,17359
42612,7224
42613,20861
42614,24037
42615,6250
42616,24352
42617,24360
42618,16843
42619,23863
42620,24361
42621,24369
42622,3614
42623,24334
42624,24209
42625,1436
42626,24370
42627,24370
42628,24370
42629,17510
42630,8590
42631,24059
42632,24364
42633,6096
42634,24059
42635,6967
42636,24377
42637,11769
42638,22147
42639,22147
42641,15978
42642,24381
42643,24381
42644,16365
42645,20633
42647,5101
42648,24384
42649,16600
42650,21054
42651,9342
42652,16819
42653,24388
42654,24387
42655,24379
42656,24000
42657,704
42658,9364
42659,919
42660,23665
42661,16662
42662,220
42663,13827
42664,919
42665,14728
42666,2750
42667,24395
42668,24395
42669,24396
42670,13184
42671,24394
42672,24396
42673,4253
42674,24401
42675,24361
42676,10630
42677,20381
42678,24403
42679,24393
42680,6710
42681,24370
42682,24405
42683,21703
42685,24132
42686,6633
42687,6742
42689,21547
42690,1390
42691,24410
42692,11878
42693,21071
42694,12899
42695,7556
42696,18316
42697,24371
42698,24416
42699,24371
42700,24413
42701,24414
42702,24411
42703,24416
42704,9311
42705,74
42706,11887
42707,24419
42708,24413
42709,24424
42710,24424
42711,3026
42712,24427
42713,21983
42714,221
42715,16557
42716,24428
42717,2794
42718,4420
42719,10785
42720,24238
42721,24106
42722,2083
42723,24434
42724,6858
42725,24418
42726,22463
42727,17832
42728,235
42729,24308
42730,8664
42731,24441
42732,21937
42733,24442
42734,24442
42735,24442
42736,22468
42737,21186
42738,24444
42739,16362
42740,10659
42741,21900
42742,24413
42743,23933
42744,22334
42745,23933
42746,10452
42747,22137
42748,13151
42749,22228
42750,24441
42751,22228
42752,21701
42753,23933
42754,21701
42755,21701
42756,24456
42757,10776
42758,24361
42759,18615
42760,24460
42761,17359
42762,13203
42763,24448
42764,22047
42765,24199
42766,17689
42767,24463
42768,1118
42769,23853
42770,22228
42771,5429
42772,10028
42773,22144
42774,914
42775,24450
42776,19701
42777,24313
42778,17359
42779,24471
42780,9973
42781,10675
42782,988
42783,21900
42784,24471
42785,1212
42786,7972
42787,1195
42788,159
42789,24478
42790,24475
42791,4277
42792,24475
42793,16612
42794,9097
42795,2732
42796,24480
42797,24482
42798,24482
42799,24479
42800,24483
42801,10683
42802,24484
42803,12809
42804,22442
42805,24490
42806,21497
42807,13183
42808,11075
42809,10624
42810,4498
42811,16919
42812,16939
42813,24477
42816,17072
42817,24494
42818,6112
42819,18177
42820,1764
42821,24341
42822,21535
42823,1496
42824,10402
42825,24189
42826,3277
42827,22468
42828,20213
42829,20221
42830,20221
42831,24494
42832,24494
42833,21983
42834,13624
42835,23876
42836,19901
42837,22228
42838,24498
42839,24499
42840,21521
42841,24504
42842,17140
42843,23952
42844,1499
42845,23918
42846,253
42847,24311
42848,21983
42849,18587
42850,24506
42851,24208
42852,24499
42853,24509
42854,24509
42855,24499
42856,9918
42857,10108
42858,24512
42859,24512
42861,1538
42862,24515
42863,6327
42864,24175
42865,24482
42866,22233
42867,22414
42868,24154
42869,24517
42870,24472
42871,24521
42872,24520
42874,11187
42875,11187
42876,438
42877,24520
42878,24472
42879,7224
42880,840
42881,5695
42882,21364
42883,9171
42884,24434
42885,12895
42886,22478
42887,6096
42888,24494
42889,17017
42890,2566
42891,24529
42892,21173
42893,24531
42894,4754
42895,159
42896,9235
42897,1739
42898,24132
42899,21346
42900,7287
42901,4856
42902,24534
42904,4856
42905,13616
42906,18460
42907,24503
42908,21983
42909,24246
42910,24472
42911,24330
42912,17012
42913,24429
42914,24535
42915,3310
42916,6029
42917,1215
42918,24529
42919,24522
42920,24544
42921,24545
42922,24534
42923,23853
42924,24472
42925,18587
42926,24341
42928,24549
42929,127
42930,17503
42931,24547
42932,14749
42933,24539
42934,24508
42935,11075
42936,11075
42937,24551
42938,10749
42939,6967
42940,6607
42941,13038
42942,8120
42943,24553
42944,22407
42945,10344
42946,4505
42947,8040
42948,24560
42949,24560
42950,24559
42951,24563
42952,22156
42953,24564
42954,4087
42956,24566
42957,20504
42958,24520
42959,603
42960,24565
42961,561
42962,20399
42963,6866
42964,19901
42965,24484
42966,5837
42967,24576
42968,20211
42969,24306
42970,439
42971,24564
42972,7641
42973,6224
42974,3557
42975,21587
42976,24566
42977,7641
42979,24351
42980,24341
42981,4253
42982,7641
42983,24588
42984,4257
42985,24587
42986,11697
42987,6866
42988,10776
42989,3525
42990,24583
42992,24341
42993,22228
42994,24199
42995,24606
42996,17230
42997,17230
42998,24606
42999,24606
43000,24000
43001,24557
43002,24566
43003,8783
43004,24595
43005,20148
43006,18152
43007,24503
43008,24575
43009,8076
43010,8076
43011,20148
43012,23970
43013,6233
43014,24623
43015,24611
43016,7641
43017,24625
43018,24611
43019,24334
43020,4150
43021,24632
43022,4278
43023,24635
43024,24636
43025,24633
43026,22575
43027,9244
43029,14443
43030,10963
43031,4623
43032,2817
43033,10165
43034,24637
43035,24627
43036,16974
43037,24641
43038,24641
43039,22156
43040,24643
43041,22549
43042,22549
43043,24637
43044,809
43045,809
43046,24173
43047,8089
43048,805
43049,24654
43050,24173
43051,20148
43052,24148
43053,6512
43054,24623
43055,3567
43056,8632
43057,16323
43058,24661
43060,17230
43061,24648
43062,24663
43063,24612
43064,22100
43065,21240
43066,11469
43067,4598
43068,11522
43069,21240
43070,5154
43071,24657
43072,21240
43074,795
43075,19759
43076,24651
43077,20603
43078,18464
43079,24602
43080,24669
43081,23970
43082,21640
43083,22119
43084,24350
43085,24673
43086,24679
43087,22048
43088,7151
43089,24674
43090,20721
43091,16227
43093,24682
43094,16227
43095,24682
43096,24683
43097,24073
43098,4290
43099,21640
43100,24673
43101,805
43102,24685
43104,2817
43105,20778
43106,6854
43107,24686
43108,4733
43109,24510
43110,4864
43111,20467
43112,24390
43113,22119
43114,5404
43115,24572
43116,1566
43117,21587
43118,24692
43119,18190
43120,24521
43121,253
43122,24643
43123,3277
43124,22429
43125,23792
43126,22222
43127,13624
43129,13258
43130,24693
43131,24694
43132,21587
43133,2040
43134,24650
43135,19807
43136,19923
43137,24641
43138,24696
43139,24693
43140,24535
43141,5829
43142,7291
43143,24703
43145,24706
43146,1977
43147,14556
43148,21497
43149,3305
43150,24412
43151,24327
43152,11187
43153,24694
43154,24701
43155,24575
43156,22468
43157,24710
43158,21846
43159,24711
43160,24711
43161,6971
43162,17941
43163,24721
43164,24697
43165,24073
43166,24411
43167,17812
43168,12603
43169,24723
43170,24334
43171,4989
43172,24182
43173,24738
43174,24602
43175,37
43177,10823
43178,24725
43179,24669
43180,17124
43181,24732
43182,24740
43183,3253
43184,24144
43185,6341
43186,24725
43187,16595
43188,24144
43189,17072
43190,11140
43191,18008
43192,24732
43193,24238
43194,11621
43195,666
43196,24701
43197,24742
43198,24701
43199,16974
43200,16049
43201,24750
43202,13684
43203,24751
43204,24748
43205,21064
43206,22067
43207,24753
43208,24749
43209,24754
43210,3008
43211,24327
43212,2676
43213,24706
43214,24706
43215,1894
43216,24757
43217,10566
43218,23853
43219,24762
43220,24765
43221,24588
43222,442
43223,2040
43224,14031
43225,24749
43226,24758
43227,760
43228,24767
43229,5397
43230,24769
43231,24771
43232,24770
43233,1894
43234,11511
43235,24671
43236,20213
43237,24671
43238,24774
43239,5407
43240,24671
43241,20556
43242,9759
43243,24626
43244,21983
43245,24671
43246,24773
43247,24775
43248,20489
43249,16612
43250,2164
43251,21240
43252,1558
43253,24769
43254,24772
43255,24341
43256,20556
43257,24784
43258,24772
43259,901
43260,20010
43261,2199
43262,24419
43263,5
43264,1739
43265,24784
43266,24478
43267,24790
43268,24564
43269,17096
43270,24073
43271,7290
43272,24789
43273,10849
43274,24788
43275,17096
43276,24327
43277,24794
43278,24798
43279,24797
43280,9196
43281,24786
43282,24797
43283,24794
43284,24786
43285,24754
43286,12868
43287,24799
43288,20702
43289,24789
43290,24000
43291,9348
43292,24801
43293,8202
43294,21971
43295,21971
43296,21971
43297,24757
43298,24757
43299,24801
43300,24806
43301,24807
43302,12943
43303,24806
43304,6434
43305,24806
43306,24806
43307,16930
43308,24803
43309,6096
43310,23946
43311,10106
43312,24797
43313,23890
43314,24812
43315,24809
43316,24810
43317,11089
43318,3432
43319,22514
43320,10069
43321,2570
43322,24824
43323,16615
43324,24818
43325,16306
43326,24822
43327,24825
43328,24827
43329,24826
43330,24819
43331,20556
43332,7787
43333,11060
43334,24833
43335,24817
43336,24833
43337,6913
43338,17885
43339,22236
43340,9161
43341,24784
43342,24784
43343,17488
43344,601
43345,8083
43346,20556
43347,24515
43348,13131
43349,24842
43350,24831
43351,24841
43352,805
43353,17631
43354,24771
43355,17631
43356,24769
43357,24846
43358,24788
43359,22022
43360,24850
43361,24849
43362,4304
43363,24811
43364,24519
43365,24848
43366,10165
43367,24498
43368,24752
43369,24853
43370,24845
43371,3584
43372,2040
43373,13581
43375,3799
43376,5344
43377,22407
43378,18164
43379,21006
43380,20639
43381,24763
43382,4325
43383,20820
43384,5829
43385,21186
43386,13561
43387,704
43388,24860
43389,20181
43390,20137
43391,24861
43392,24863
43393,13624
43394,24848
43395,9281
43396,21084
43397,24869
43398,21138
43399,24869
43400,2958
43401,6461
43402,24870
43403,5739
43404,24743
43405,24743
43406,24873
43407,24874
43408,24341
43409,24875
43410,24877
43411,22407
43412,4329
43413,24811
43414,253
43415,8287
43416,20995
43417,21946
43418,24879
43419,21240
43420,13038
43421,24882
43422,17835
43423,24879
43424,24539
43425,6907
43426,6907
43427,24881
43428,11210
43429,24102
43430,2970
43431,24885
43432,17835
43433,17835
43434,17192
43435,23956
43436,24886
43437,24886
43438,24871
43439,24813
43440,8086
43441,24885
43442,24721
43443,24885
43444,24885
43445,253
43446,24881
43447,5705
43448,24890
43449,20236
43450,24550
43451,14860
43452,3682
43453,24892
43454,24892
43455,14283
43456,24897
43458,24891
43459,10849
43460,22528
43461,24890
43462,4337
43463,24792
43464,9671
43465,333
43466,24905
43467,3584
43468,24341
43469,24896
43470,22452
43471,13991
43472,13991
43473,24914
43474,24914
43475,24915
43476,23641
43477,13991
43478,5635
43479,16955
43481,24341
43482,24895
43483,892
43484,24575
43485,20995
43486,20058
43487,10908
43488,24137
43489,24867
43490,24867
43491,716
43492,24905
43493,24721
43494,17192
43495,7046
43496,24936
43497,4304
43498,24626
43500,511
43501,10914
43502,24943
43503,4564
43504,22581
43505,3525
43506,17039
43507,24752
43508,4764
43511,36
43512,12750
43513,21575
43514,24507
43515,686
43516,24951
43518,24599
43519,10026
43520,22357
43521,25
43522,24199
43523,24949
43524,24071
43525,686
43526,20981
43527,23840
43528,22047
43529,24531
43530,24609
43531,21409
43532,20307
43533,2676
43534,24959
43535,24960
43536,24959
43537,253
43538,24962
43539,24962
43540,4360
43541,24926
43542,24730
43543,1549
43544,24614
43545,13419
43546,13419
43547,24820
43548,10112
43549,24942
43550,24954
43552,24973
43553,303
43554,24971
43555,24896
43556,10488
43557,24954
43558,22528
43559,24952
43560,686
43561,16116
43562,101
43563,11028
43564,22100
43565,22236
43566,9330
43567,14163
43568,9330
43569,24978
43570,4376
43571,4478
43572,24905
43573,8180
43574,24788
43575,21031
43578,24978
43579,10227
43580,8180
43581,24975
43582,9342
43583,24627
43584,24639
43585,24988
43586,9495
43587,9495
43588,9330
43589,24989
43590,24498
43591,16733
43592,862
43593,24990
43594,24990
43595,521
43596,24319
43597,5463
43598,10459
43599,24978
43600,199
43601,962
43602,16250
43603,14420
43604,4257
43605,10950
43606,19981
43607,24971
43608,24997
43609,24662
43610,9671
43611,23719
43612,23719
43613,4856
43614,25003
43615,4856
43616,6029
43617,10389
43618,12891
43619,24994
43620,13680
43621,25010
43622,25007
43623,159
43624,24997
43626,25003
43627,24867
43628,2817
43629,3903
43630,22192
43631,25000
43632,25012
43633,805
43634,21846
43635,16075
43636,24350
43637,14045
43638,21260
43639,24091
43640,9384
43641,333
43642,24091
43644,1909
43645,25017
43646,25020
43647,24449
43650,25017
43651,25021
43652,22236
43653,25014
43654,25025
43655,22468
43656,919
43658,24998
43659,25027
43660,266
43661,25028
43662,25016
43663,10191
43664,10308
43665,25034
43666,23817
43667,25031
43668,25032
43669,23722
43670,25037
43671,25037
43672,10963
43673,22543
43674,25039
43675,22543
43676,22543
43677,364
43678,25036
43679,805
43680,20307
43681,5836
43682,3310
43683,704
43684,24404
43685,1088
43686,22452
43687,14514
43688,25028
43689,25028
43690,21575
43691,1266
43692,10069
43693,21919
43694,25010
43695,4257
43696,10443
43697,25000
43698,16843
43699,11889
43700,21514
43701,19759
43702,25014
43703,4394
43705,24981
43706,17042
43707,25031
43708,19667
43709,19759
43710,24704
43711,24704
43712,19667
43713,19759
43714,21846
43715,5815
43716,16049
43717,5815
43718,21062
43719,12932
43720,5686
43721,5836
43722,18459
43723,11411
43724,14646
43725,25052
43726,14646
43727,11852
43728,25052
43729,25030
43730,25052
43731,2676
43732,25058
43733,25028
43734,4856
43735,12701
43736,21062
43737,11944
43738,82
43739,25059
43740,24981
43741,24926
43742,25016
43743,25059
43744,3293
43745,22163
43746,25063
43747,25068
43748,24937
43749,17124
43750,23626
43751,25069
43752,25067
43753,25068
43754,22452
43755,261
43756,12704
43757,3442
43758,22163
43759,1716
43760,25072
43761,24792
43762,2164
43763,8495
43764,25078
43765,22008
43766,25079
43767,25080
43768,25065
43769,25080
43770,24746
43771,6884
43772,13559
43773,6633
43774,24750
43775,14305
43776,25090
43777,25090
43778,2040
43779,9832
43780,4226
43781,24996
43782,25093
43783,10776
43784,25074
43785,17230
43786,25100
43787,24760
43788,24759
43789,13131
43790,284
43791,25017
43792,12923
43793,24997
43794,22468
43795,22447
43796,1950
43797,20307
43798,9809
43799,5058
43800,24182
43801,21260
43802,25101
43803,24671
43804,25106
43805,25107
43806,101
43807,22048
43808,25107
43809,24671
43810,4559
43811,25089
43812,4426
43813,25111
43814,7194
43815,24419
43817,25113
43818,25110
43819,230
43821,24730
43822,3926
43823,25116
43825,22311
43826,20702
43827,24790
43828,25118
43829,16175
43830,24795
43831,24230
43832,10295
43833,11603
43834,3762
43835,25125
43836,82
43837,12551
43838,20603
43839,17042
43840,25121
43841,22253
43842,25103
43843,10449
43844,2750
43845,10449
43846,25132
43847,25093
43848,1106
43849,23886
43850,17192
43851,2485
43852,24926
43853,24810
43854,2148
43855,6434
43856,7216
43857,16663
43858,9101
43859,16663
43860,21856
43861,21856
43862,10832
43863,24816
43864,9101
43865,16974
43866,24749
43867,25118
43868,442
43869,21527
43870,25145
43871,25145
43872,25147
43873,25144
43874,25143
43875,25125
43876,11030
43877,24073
43878,21527
43879,24566
43880,25154
43881,25140
43882,25143
43883,25154
43884,20355
43885,23739
43886,11032
43887,25154
43888,18482
43889,6547
43890,25118
43891,25062
43892,11774
43893,25158
43894,13047
43895,24854
43896,25156
43897,25161
43898,24230
43899,25160
43900,2635
43901,10849
43902,25157
43904,12773
43905,4809
43906,18291
43907,25144
43908,850
43909,25164
43910,9420
43911,11091
43912,25167
43913,17096
43914,25154
43915,22261
43916,25168
43917,4906
43918,25168
43919,25171
43920,10346
43921,13546
43922,25057
43923,6029
43924,7608
43925,25063
43926,24230
43927,25173
43928,24073
43929,561
43930,25177
43931,25179
43932,20307
43933,10046
43934,13487
43935,25165
43936,24002
43937,13107
43938,11052
43939,25181
43940,25188
43941,603
43942,25186
43943,25194
43944,25195
43945,6174
43946,10023
43947,24168
43948,25193
43949,25197
43950,25197
43951,20307
43952,14768
43953,25192
43954,9722
43955,25199
43956,25144
43957,88
43958,11060
43959,12016
43960,18215
43961,24168
43962,3333
43963,401
43964,12411
43966,25205
43967,25140
43968,25165
43969,223
43970,25207
43971,25206
43972,22444
43973,25185
43975,25209
43976,24901
43977,1205
43978,24168
43979,24942
43980,8605
43981,24996
43982,25215
43983,25217
43984,25212
43985,25214
43986,25215
43987,24907
43988,25209
43989,25178
43990,25184
43991,21863
43992,21863
43993,25212
43994,24901
43995,25193
43997,8
43998,22505
43999,24743
44000,1922
44001,10984
44002,919
44003,608
44004,25184
44005,25231
44006,7947
44007,25212
44008,7306
44009,12925
44010,7064
44011,25230
44012,25233
44013,6687
44014,25235
44015,10088
44016,5244
44017,25184
44018,11091
44019,11090
44020,5864
44021,25240
44022,24503
44023,1934
44024,25231
44025,24948
44026,7588
44027,24503
44028,24884
44029,25231
44030,7968
44031,18341
44032,25249
44033,25237
44034,25190
44035,22163
44036,25249
44037,21409
44038,25252
44039,25250
44040,25184
44041,25247
44042,439
44043,12080
44044,24543
44045,24947
44046,6256
44047,24543
44048,24543
44049,24543
44050,25058
44051,3626
44052,25257
44053,16018
44054,11583
44055,25203
44056,20995
44057,25258
44058,20995
44059,21998
44060,21998
44061,24973
44062,12168
44063,25260
44064,24864
44065,25260
44066,22225
44067,24864
44068,25058
44069,22225
44070,25129
44071,25184
44072,7647
44073,4479
44074,21998
44075,22047
44076,23594
44077,24000
44078,3645
44079,12551
44080,24507
44081,24788
44082,22468
44083,24543
44084,24982
44085,11187
44086,845
44087,21361
44088,21690
44089,12900
44090,25222
44091,21972
44092,21690
44093,25269
44094,10918
44095,962
44096,21418
44097,24341
44098,19901
44099,25276
44100,1005
44101,22435
44102,25277
44103,2252
44104,253
44105,24617
44106,25279
44107,22435
44108,21418
44109,25284
44110,25281
44111,25286
44112,24617
44113,25283
44114,24854
44115,18215
44116,18215
44117,11205
44118,16643
44119,22163
44120,5795
44121,13669
44122,25291
44123,11355
44124,24807
44125,24617
44126,25283
44127,25261
44128,24617
44129,24617
44130,25104
44132,25294
44133,25231
44134,12820
44135,25138
44136,25011
44137,25294
44138,25291
44139,9216
44140,25296
44141,11205
44142,25299
44143,4495
44144,25283
44145,21846
44146,25184
44147,9426
44148,16664
44149,16615
44150,16615
44151,25247
44152,2126
44153,4496
44154,25302
44155,20011
44156,3084
44157,20011
44158,16365
44159,25304
44160,22261
44161,25304
44162,20751
44163,20751
44164,4485
44165,7251
44166,22542
44167,25305
44168,25294
44169,25184
44170,5555
44171,19788
44172,25311
44173,21006
44174,25313
44175,1329
44176,25308
44177,25315
44178,25315
44179,21562
44180,11187
44181,21418
44182,25164
44183,25164
44184,14382
44185,307
44186,11091
44187,1709
44188,25224
44189,23722
44190,10227
44191,1709
44192,14741
44193,4498
44195,25311
44196,21062
44197,25287
44198,25138
44199,24507
44200,656
44203,11314
44204,25331
44205,25318
44206,23970
44207,25334
44208,11245
44209,25329
44210,4505
44211,25328
44212,557
44213,21849
44214,21849
44215,25338
44216,25060
44217,25060
44218,25138
44219,25334
44220,25334
44221,4521
44222,25338
44223,25342
44224,19933
44225,25316
44226,25343
44227,21746
44228,25316
44229,17124
44230,8
44231,25344
44232,16987
44233,246
44234,16137
44235,25067
44236,25344
44237,25344
44238,17072
44239,25316
44240,25344
44241,25349
44242,20563
44243,20563
44244,22312
44245,11531
44246,13177
44247,25346
44248,25355
44249,6029
44250,25351
44251,805
44252,25133
44253,2798
44254,20563
44255,25351
44256,25297
44257,23856
44258,24180
44259,25358
44260,6096
44261,776
44262,5965
44263,25350
44264,6584
44265,13424
44266,17033
44267,25363
44268,25363
44269,9643
44270,2522
44271,25224
44272,3262
44273,11531
44274,20016
44275,21998
44276,20198
44277,25332
44278,25100
44279,25369
44280,25368
44281,24617
44282,21054
44283,25372
44284,25369
44285,24097
44286,5405
44287,25332
44288,19667
44289,25380
44290,174
44291,25360
44292,25125
44293,12519
44294,5
44295,8772
44296,11748
44297,22236
44298,521
44299,25363
44300,25365
44301,24488
44302,6842
44303,1725
44304,25365
44305,52
44306,17296
44307,24180
44308,2921
44309,6842
44310,25350
44311,25380
44312,21054
44313,21448
44314,24671
44315,7329
44316,25314
44317,25386
44318,25392
44319,10312
44320,24864
44321,16663
44322,22468
44323,25395
44324,25398
44325,25398
44326,25407
44327,25363
44328,476
44329,11187
44330,4228
44331,25405
44332,10294
44333,6546
44334,8108
44335,333
44336,25417
44337,6866
44338,25419
44339,25421
44340,25421
44341,25367
44342,5928
44343,10268
44344,25410
44345,11195
44346,23687
44347,2392
44348,24749
44349,25428
44350,6866
44351,25429
44352,6104
44353,25433
44354,8165
44355,25433
44356,25367
44357,25367
44358,25419
44359,2425
44360,25433
44361,13795
44362,25433
44363,24092
44364,25151
44365,25439
44366,2425
44367,22468
44368,25444
44369,25447
44370,795
44371,25447
44372,25447
44373,25449
44374,25449
44375,25442
44376,25412
44377,25443
44378,25162
44380,14125
44381,25405
44382,24341
44383,7141
44384,25453
44385,25403
44386,25212
44387,25420
44388,25441
44389,25138
44390,25335
44391,25457
44392,25457
44393,25458
44394,24487
44395,25458
44396,1934
44397,7947
44398,2078
44399,25418
44400,2534
44401,9394
44402,21998
44403,25472
44404,3488
44405,15964
44406,8402
44407,25429
44408,3570
44409,24702
44410,25382
44411,12956
44412,18464
44413,17686
44414,16557
44415,25474
44417,6082
44418,25477
44419,25477
44420,25133
44421,25133
44422,25133
44423,25133
44424,25133
44425,25133
44426,25133
44427,25133
44428,25133
44429,25133
44430,25133
44431,25200
44432,25483
44433,15979
44434,25484
44435,22292
44436,22163
44437,24617
44438,15979
44439,7141
44440,614
44441,3310
44442,22062
44443,20666
44444,19901
44445,8077
44447,25476
44448,25454
44449,25461
44450,25488
44451,17287
44452,5404
44453,25488
44454,11048
44455,25210
44456,10088
44457,23681
44458,11236
44459,9964
44460,25493
44461,21069
44462,5388
44463,12938
44464,25498
44465,25499
44466,11748
44467,25498
44468,339
44469,25060
44470,25220
44471,4357
44472,646
44473,25500
44474,24993
44475,4559
44476,25420
44477,11240
44478,24808
44479,24808
44480,2040
44481,25151
44482,9089
44483,23859
44484,21173
44485,25356
44486,25507
44487,25502
44488,25503
44489,24973
44490,25490
44491,24973
44492,25496
44493,25514
44494,24973
44495,25513
44496,25513
44497,25514
44498,25058
44499,887
44500,5
44501,8
44502,183
44503,226
44504,253
44505,485
44506,1036
44507,1329
44508,1422
44509,1808
44510,2540
44511,4895
44512,10064
44513,11511
44514,24808
44515,887
44516,25522
44517,25512
44518,25525
44519,24808
44520,4238
44521,25523
44522,25522
44523,25530
44524,25526
44525,25532
44526,25500
44527,12630
44528,1443
44529,25529
44530,25533
44531,25503
44532,5676
44533,18607
44534,25260
44535,9117
44536,25522
44537,20532
44538,684
44539,24864
44540,9577
44541,25538
44542,25539
44543,25543
44544,25539
44545,25058
44546,25542
44547,25262
44548,25542
44549,8697
44550,21907
44551,25545
44552,25547
44553,21919
44554,24128
44555,24499
44556,21916
44557,25516
44558,25550
44559,25550
44560,24853
44561,25424
44562,20338
44563,24853
44564,14390
44565,20338
44566,12001
44570,21998
44572,24002
44573,25558
44575,20191
44576,18036
44577,6897
44578,4139
44579,11279
44580,24853
44581,18
44582,5744
44583,1195
44584,25563
44585,805
44586,7194
44587,3485
44588,25564
44589,8
44590,159
44591,25428
44592,25566
44593,25565
44594,25568
44595,17714
44596,25564
44597,24180
44598,25565
44600,14098
44601,307
44603,25547
44604,25428
44607,4598
44609,17124
44611,21998
44612,21998
44613,23770
44614,25581
44615,25582
44616,25578
44617,9038
44618,1991
44619,24157
44620,8447
44621,25585
44622,24157
44623,13325
44624,25513
44625,25586
44626,25551
44627,25588
44628,25588
44629,14694
44630,22361
44631,25525
44632,25591
44633,24652
44634,25595
44635,25585
44636,25594
44637,10389
44638,25566
44639,24652
44640,24652
44641,25249
44642,25601
44643,22528
44644,25601
44645,25602
44646,9640
44647,25604
44648,25593
44649,25533
44650,25608
44651,25608
44652,25609
44653,25609
44654,25294
44655,25608
44656,25612
44657,25612
44659,25613
44660,2526
44661,25605
44662,25614
44663,9887
44664,17856
44665,25616
44666,2522
44667,3136
44668,9200
44669,7968
44670,11
44671,25328
44672,6666
44673,25610
44674,10231
44675,1347
44676,25618
44677,16534
44678,25626
44679,25626
44680,25171
44681,25628
44682,25439
44683,25592
44684,16222
44685,25171
44686,25630
44687,25424
44688,21074
44689,686
44690,21074
44691,25260
44692,25638
44693,25636
44694,20543
44695,25639
44696,25641
44697,3125
44698,25642
44699,25171
44700,25058
44701,22012
44702,3584
44703,16557
44704,11032
44705,25637
44706,25642
44707,25646
44708,25649
44709,25647
44710,12444
44711,24097
44712,22552
44713,919
44714,25171
44715,24864
44716,25656
44717,25657
44718,22468
44719,25650
44720,334
44722,23681
44723,14856
44724,25664
44725,25659
44726,25666
44727,805
44728,23605
44729,25662
44730,23605
44731,9162
44732,25667
44733,11634
44734,686
44735,13083
44736,25669
44737,2526
44738,25267
44739,25663
44740,805
44741,25366
44742,16843
44743,25673
44744,930
44745,827
44746,25673
44747,25675
44748,25675
44749,19890
44750,5561
44751,24046
44752,25672
44753,24046
44754,11604
44755,25676
44756,9311
44758,25677
44759,25679
44760,25680
44761,23681
44762,25675
44763,25103
44764,632
44765,24354
44766,25671
44767,7290
44768,14098
44769,23832
44770,8625
44771,17454
44772,25683
44773,6620
44774,7699
44775,25424
44776,25682
44777,25688
44778,25690
44779,25690
44780,25690
44781,17296
44782,21104
44783,24669
44784,22407
44785,25622
44786,22404
44787,805
44788,20776
44789,13177
44790,25389
44791,25316
44792,16360
44793,19890
44794,8807
44795,23605
44796,25673
44797,2101
44798,24073
44799,25699
44800,25166
44802,25675
44803,17816
44804,5321
44806,14170
44807,17923
44808,4559
44809,159
44810,14395
44811,24341
44812,25713
44813,25103
44814,9677
44815,5836
44816,2938
44817,24482
44818,8401
44819,25363
44820,11766
44821,18587
44822,25718
44823,24389
44824,25724
44825,7570
44826,634
44827,25722
44828,290
44829,24097
44830,14395
44831,25729
44832,25677
44833,24972
44834,25728
44835,25657
44836,25103
44837,9523
44838,25733
44839,25734
44840,25442
44841,25445
44842,3376
44843,253
44844,5289
44845,25727
44846,21900
44847,2060
44848,3748
44849,25373
44850,17296
44851,25736
44852,10926
44853,25738
44854,25224
44855,25741
44856,25738
44857,25738
44858,24617
44859,4496
44860,25059
44861,25735
44862,25316
44863,11675
44864,25727
44865,23840
44866,25739
44867,4534
44868,25748
44869,25753
44870,25754
44871,25745
44872,14096
44873,8694
44874,25755
44875,25753
44876,3032
44877,25759
44878,25755
44879,25759
44880,8458
44881,14395
44882,25747
44883,25757
44884,25761
44885,22404
44886,20905
44887,25761
44888,22214
44889,5317
44890,25767
44891,485
44892,6666
44893,7131
44894,17192
44895,25762
44896,10096
44897,25666
44898,25659
44899,25771
44900,25682
44901,25755
44902,25755
44903,23719
44904,23719
44905,10697
44906,25775
44907,25773
44908,25103
44909,8136
44910,24143
44911,603
44912,25782
44913,25780
44914,21451
44915,2164
44916,4485
44917,7290
44918,25748
44919,18578
44920,16765
44921,22404
44922,25525
44923,24046
44924,10990
44925,25786
44926,23
44928,23642
44929,25525
44930,11285
44931,25492
44932,25786
44934,23752
44935,24404
44936,253
44937,25791
44938,25761
44939,10524
44940,25495
44941,25719
44942,25792
44943,25795
44944,25792
44945,25692
44946,25692
44947,25692
44948,25722
44949,2981
44950,25775
44951,2981
44952,24917
44953,25787
44954,13378
44955,603
44956,3725
44957,2998
44958,11032
44959,5405
44960,13479
44961,1513
44962,25
44963,6927
44964,25504
44965,25789
44966,7972
44967,2956
44968,7555
44969,25802
44970,25803
44971,25801
44972,25805
44973,24808
44974,25800
44975,20534
44976,21351
44977,25808
44978,25810
44979,25706
44980,25667
44981,25811
44982,25812
44983,17230
44984,25509
44985,12576
44986,13177
44987,11405
44988,3748
44989,442
44990,25682
44991,8
44992,14156
44993,25682
44994,25706
44995,4238
44996,24423
44997,25805
44998,559
44999,25825
45000,25825
45001,21572
45002,21779
45003,25706
45004,13082
45005,21779
45006,13473
45007,7290
45008,25495
45009,215
45010,25831
45011,25495
45012,13976
45013,21084
45015,21066
45016,14369
45019,805
45020,25832
45021,10705
45022,24574
45023,25837
45024,25839
45025,10705
45026,25842
45027,25761
45028,17230
45029,24059
45030,25845
45031,25851
45032,25851
45033,25846
45034,11090
45035,12828
45036,25820
45037,445
45038,22404
45039,25433
45040,25856
45041,25857
45042,25859
45043,603
45044,25841
45045,25858
45046,25857
45047,25857
45048,25832
45049,159
45050,3485
45051,12481
45052,16845
45053,21779
45054,24128
45055,1075
45056,12218
45057,19908
45058,11156
45059,25567
45060,25846
45061,26
45062,14270
45063,13177
45064,25862
45065,20022
45066,25870
45067,25871
45068,24128
45069,25433
45070,25659
45071,9162
45072,17688
45073,17688
45074,6266
45075,25873
45076,25875
45077,25872
45078,25879
45079,8022
45080,25881
45081,25885
45082,25433
45083,19692
45084,25878
45085,4507
45086,25870
45087,25887
45088,25881
45089,20357
45090,25597
45091,25888
45092,25209
45093,25493
45094,25886
45095,17688
45096,24934
45097,12794
45098,7882
45099,11969
45100,5
45101,14087
45102,20447
45104,25846
45105,11708
45106,17953
45107,22307
45108,1005
45110,25900
45111,25636
45112,24073
45113,12794
45114,25900
45115,20836
45116,25474
45117,9964
45118,25902
45119,1106
45120,25905
45121,25903
45122,25827
45123,1643
45124,223
45125,1439
45126,9342
45127,21286
45128,25908
45129,22307
45130,7744
45131,17383
45132,805
45133,25826
45134,25910
45135,4496
45136,25826
45138,7411
45139,25914
45140,13880
45141,10289
45142,25905
45143,25833
45144,25886
45145,25919
45146,25833
45147,25851
45148,13222
45149,25883
45150,25903
45151,183
45152,24357
45153,24357
45154,22004
45155,15997
45156,5635
45157,17953
45158,25925
45159,603
45160,4504
45161,25929
45162,25927
45163,11456
45164,4263
45165,25916
45166,13104
45167,88
45168,10389
45169,25926
45170,14557
45171,25930
45172,3488
45173,11551
45174,25433
45175,24617
45176,253
45177,16789
45178,25918
45179,25937
45180,686
45181,25940
45182,25938
45183,264
45184,9068
45185,25941
45186,25936
45187,22307
45188,25921
45189,25945
45190,9068
45191,25945
45192,25946
45193,25947
45194,25951
45195,5407
45196,25941
45197,8013
45198,776
45199,13561
45200,795
45201,805
45202,4504
45203,24905
45204,24706
45205,13902
45206,22047
45207,25962
45208,25957
45209,223
45210,25629
45211,13624
45212,17411
45214,25944
45215,25944
45216,25944
45217,25944
45218,25932
45219,6464
45220,24999
45222,25971
45223,12548
45224,25973
45225,930
45226,25691
45227,17953
45228,25736
45229,17953
45230,25978
45231,25978
45232,21173
45233,17688
45235,25981
45236,24995
45237,11048
45238,25975
45239,25982
45240,16931
45241,24357
45242,638
45243,7964
45244,25973
45245,20279
45246,25675
45247,25675
45248,8451
45249,25944
45250,25944
45251,25392
45252,21655
45253,25985
45254,17745
45255,10147
45256,25386
45257,25386
45258,25930
45259,25985
45260,11289
45261,25930
45262,25339
45263,25386
45264,25339
45265,22411
45266,25932
45267,7329
45268,4110
45269,11284
45270,588
45271,2817
45272,25224
45273,25059
45274,6574
45275,20661
45276,24671
45277,25635
45278,25339
45279,25708
45280,9174
45281,25059
45282,25990
45283,2750
45284,253
45285,25975
45286,8137
45287,25993
45288,4301
45289,7290
45290,3019
45291,10776
45292,25993
45293,21655
45294,8451
45295,25993
45296,25993
45297,16089
45298,25995
45299,24695
45300,17197
45301,24050
45302,21998
45303,16765
45304,25990
45305,25990
45306,25154
45307,18332
45308,25999
45309,26000
45310,14767
45311,25999
45312,25862
45313,14767
45314,24308
45315,25207
45316,4521
45317,4505
45318,1763
45319,17992
45320,26005
45321,25207
45322,17745
45323,12318
45324,26008
45325,795
45326,26008
45327,26008
45329,26001
45330,22228
45331,14767
45332,16797
45333,9255
45334,20709
45335,25433
45336,26004
45337,26017
45338,26017
45339,26018
45340,1679
45341,26020
45342,25932
45343,4485
45344,26024
45345,24915
45346,24404
45347,26029
45348,26026
45349,26024
45350,11675
45351,13473
45352,26032
45353,26031
45354,3670
45355,21054
45356,26017
45358,6877
45359,26040
45360,26036
45361,26037
45362,339
45363,7947
45364,11511
45365,5829
45366,22017
45367,16220
45368,11032
45369,25952
45370,25952
45371,7947
45372,25995
45373,26048
45374,26018
45375,26048
45376,7912
45377,26030
45378,26047
45379,26052
45380,26028
45381,26049
45382,25975
45383,449
45384,5676
45385,20905
45386,26057
45387,26020
45388,14106
45389,26061
45390,11355
45391,22047
45392,22047
45393,26033
45394,26066
45395,26063
45396,14270
45397,11522
45398,13407
45399,26068
45400,11523
45401,16306
45402,14767
45403,25757
45404,25757
45405,25783
45406,26068
45407,26073
45408,11363
45409,23917
45410,23917
45411,23917
45412,4733
45413,8455
45414,8455
45415,26067
45416,7456
45418,19901
45419,19901
45420,1737
45421,17935
45422,26052
45423,23932
45424,25671
45426,11363
45427,23932
45428,4737
45429,25973
45430,26080
45431,3019
45432,25333
45433,26057
45434,5176
45435,16789
45436,7912
45437,26087
45438,26048
45439,26091
45440,26057
45441,9068
45442,26093
45443,21547
45444,5556
45445,20919
45446,8627
45447,24617
45448,10043
45449,26108
45450,26106
45451,24308
45452,26103
45453,26106
45454,5280
45455,26115
45456,26116
45457,26115
45458,26115
45459,20044
45460,26118
45461,4426
45462,26118
45463,10172
45464,21286
45465,26124
45466,21286
45467,26114
45468,10596
45469,301
45470,26103
45471,4754
45472,26091
45473,22452
45474,26128
45475,25944
45476,19788
45477,26129
45478,24905
45479,26133
45480,17357
45481,26115
45482,26137
45483,26130
45484,26138
45485,2817
45486,26141
45487,26140
45488,17357
45489,17357
45490,26064
45491,26142
45492,25843
45493,5029
45494,21238
45495,26092
45496,7290
45497,7290
45498,26140
45499,26091
45500,26147
45501,26092
45502,26036
45503,26110
45504,26146
45505,26130
45506,26150
45507,26018
45508,14073
45509,14073
45510,1270
45511,26091
45512,25428
45513,26017
45514,20539
45515,20058
45516,20058
45517,930
45518,290
45519,19867
45520,25997
45522,26093
45523,24412
45524,12891
45525,18148
45527,3727
45528,26158
45529,26165
45530,17833
45531,1381
45532,26164
45533,26127
45534,26073
45535,26160
45536,1808
45537,10443
45538,26106
45539,12528
45540,22196
45541,1229
45542,25891
45543,5339
45544,26175
45545,36
45546,26178
45547,21114
45548,21738
45549,26181
45550,217
45551,26187
45552,601
45553,26038
45554,26186
45555,26187
45556,5339
45557,13660
45558,5176
45559,3376
45560,54
45561,5126
45562,26189
45563,14216
45564,26190
45565,26191
45566,26193
45567,2116
45568,18043
45569,26191
45570,26193
45571,14073
45572,19867
45573,26183
45574,36
45575,26192
45576,26194
45577,14073
45578,26194
45579,25474
45580,25474
45582,26190
45583,11855
45584,1080
45585,1080
45586,561
45587,24498
45588,25910
45589,26199
45590,26133
45591,26093
45592,4278
45593,253
45594,26172
45595,26199
45596,25915
45597,25925
45598,26194
45599,26206
45600,26210
45601,26140
45602,26208
45603,13680
45604,26140
45605,26208
45606,17332
45607,21998
45608,26199
45609,7903
45610,8004
45611,26105
45612,26105
45613,26105
45614,26105
45615,26105
45616,26105
45617,26105
45618,25851
45619,17311
45620,8694
45621,99
45622,26220
45623,26220
45624,26220
45625,9495
45626,26219
45627,25975
45628,10448
45629,26091
45630,10448
45631,26080
45632,1080
45633,10448
45634,6884
45635,1080
45636,26224
45637,26225
45638,10448
45639,26225
45640,21030
45641,21030
45642,4701
45643,25667
45644,26090
45645,26090
45646,26173
45647,26173
45648,1347
45649,25354
45652,26091
45653,3748
45654,2392
45655,26090
45656,26230
45657,12942
45658,22047
45659,4426
45660,26233
45661,1005
45662,26239
45663,1640
45664,5676
45665,26238
45666,1640
45667,22250
45668,25948
45669,6355
45670,10336
45671,26240
45672,919
45673,6793
45674,12036
45675,603
45676,26238
45677,26242
45678,18563
45679,10385
45680,6941
45681,10448
45682,26240
45683,26240
45684,26232
45685,26173
45686,20836
45687,2704
45688,26250
45689,26180
45690,24728
45691,24411
45692,26245
45693,26249
45694,24728
45695,19667
45696,22047
45697,26236
45698,22047
45699,26121
45700,8924
45701,24972
45702,22047
45703,26252
45704,686
45705,26254
45706,26253
45707,11621
45708,26259
45709,8662
45710,25920
45711,26217
45712,11623
45713,12053
45714,26265
45715,24728
45716,26263
45717,144
45718,26268
45719,26263
45720,3019
45721,2773
45722,26271
45723,26269
45725,26272
45726,24892
45727,9162
45728,26226
45729,16473
45730,26248
45731,4754
45732,2824
45733,26263
45734,5339
45735,14581
45736,5191
45737,26271
45738,26274
45739,3552
45740,26200
45741,26200
45742,4797
45743,104
45744,4505
45745,26277
45747,11634
45748,26285
45749,22386
45750,26269
45751,24972
45752,9495
45753,3900
45754,21759
45755,20245
45756,1050
45757,2589
45758,253
45759,26286
45760,199
45761,26289
45762,3432
45763,24050
45764,26294
45765,26294
45766,25055
45767,851
45768,26294
45769,26200
45770,26293
45771,11998
45772,26297
45773,26267
45774,11639
45775,26267
45776,26296
45777,26300
45778,919
45780,4495
45781,11814
45782,26294
45783,1005
45784,26298
45785,26000
45786,18043
45787,13526
45788,14125
45789,10017
45790,4045
45791,26306
45792,3025
45793,21006
45794,3786
45796,25901
45797,13317
45798,3305
45799,22185
45800,21104
45801,1102
45802,12380
45803,12380
45804,19877
45805,16393
45806,26222
45807,26311
45808,4856
45809,2040
45810,7362
45811,7362
45812,3870
45813,8760
45814,26267
45815,17315
45816,8733
45817,26283
45818,26283
45819,26016
45820,3443
45821,24907
45822,21178
45823,8123
45824,26320
45825,5212
45826,25870
45827,26323
45828,26324
45829,21178
45830,16902
45831,4337
45832,22452
45833,4812
45834,26323
45835,23606
45836,26326
45837,26330
45838,16811
45839,861
45840,26330
45841,26253
45842,26330
45843,10183
45844,11639
45845,11639
45846,22407
45847,25672
45848,21060
45849,21060
45850,21846
45851,26330
45852,26339
45853,1205
45854,5635
45855,26338
45856,26336
45857,24046
45858,16557
45859,3019
45860,6423
45861,26335
45862,8363
45863,26345
45864,26338
45865,7362
45866,7757
45867,26348
45868,26348
45869,3401
45870,26121
45871,26350
45872,26121
45873,13406
45874,19809
45875,26272
45876,26348
45877,988
45878,21774
45879,25182
45881,16789
45882,13420
45883,26353
45884,21629
45885,13186
45886,10980
45887,26361
45888,26359
45889,4743
45890,21054
45891,17104
45892,22452
45893,22047
45894,17104
45895,11770
45897,22307
45898,8718
45899,26335
45900,12492
45901,26248
45902,26323
45903,26367
45904,4496
45905,26365
45907,25127
45908,21173
45909,26343
45910,26173
45911,26371
45912,26371
45913,19931
45914,21286
45915,4496
45916,26377
45917,26377
45918,13325
45919,4843
45920,11770
45921,26359
45922,11708
45923,2329
45924,21168
45925,17010
45926,25186
45927,6405
45928,6405
45929,6405
45930,7620
45931,26109
45932,25057
45933,26388
45934,26384
45935,26395
45936,26093
45937,26164
45938,26164
45939,26392
45940,25969
45941,26398
45942,26401
45943,26404
45944,4147
45945,26404
45946,26392
45947,25925
45948,26403
45949,26402
45950,8137
45951,7362
45952,26336
45953,4856
45954,26407
45955,26405
45956,26411
45957,25814
45958,247
45960,26417
45961,26091
45962,26383
45963,26418
45964,26414
45965,26397
45966,23733
45967,2535
45968,26412
45969,26419
45970,26390
45971,26412
45972,26420
45973,26420
45974,21654
45975,12339
45976,26423
45977,4862
45978,5824
45979,5339
45980,26430
45981,26432
45982,26426
45984,26437
45985,26435
45986,18279
45987,26427
45988,26435
45989,26391
45990,26435
45991,26439
45992,13424
45993,26338
45994,26338
45995,26441
45996,26444
45998,5635
45999,3219
46000,26444
46001,26425
46002,26429
46003,862
46004,26058
46005,26446
46006,24990
46007,26450
46008,26450
46009,26058
46010,858
46011,23642
46012,23642
46013,26445
46014,7620
46015,26313
46016,25542
46017,26005
46018,4498
46019,26058
46020,26130
46021,25523
46022,8433
46023,26456
46024,2040
46025,26456
46026,26398
46027,25523
46028,26457
46029,26230
46030,26458
46031,25523
46032,25523
46033,26462
46034,21774
46035,26462
46036,26462
46037,26458
46038,26170
46039,26463
46040,26171
46041,21054
46042,21971
46043,26392
46044,4499
46045,26441
46046,12258
46047,21441
46048,12258
46049,9523
46050,10707
46051,12258
46052,9523
46053,4705
46054,26466
46055,4872
46056,1764
46057,26437
46058,26283
46059,26193
46060,2953
46061,24749
46062,26468
46063,21701
46064,3671
46065,20245
46066,8433
46067,12339
46068,26471
46069,24617
46070,22452
46071,10787
46072,26425
46073,23943
46074,25071
46075,1216
46076,20154
46077,17745
46078,8433
46079,7788
46080,13473
46081,21054
46082,26398
46083,9206
46084,2164
46085,26398
46086,25739
46087,26473
46088,24710
46089,13636
46090,5199
46091,17856
46092,10227
46093,19667
46094,26398
46095,660
46096,26481
46097,26460
46098,26484
46099,3301
46100,26486
46101,26392
46102,26173
46103,26489
46104,26489
46105,26488
46106,26209
46107,11242
46108,26491
46109,24706
46110,5034
46111,26493
46112,26493
46113,26493
46114,4505
46115,8433
46116,26204
46117,25319
46118,8433
46119,11748
46120,26496
46121,20813
46122,26173
46123,25814
46124,25667
46125,26491
46127,26115
46128,22047
46129,26504
46130,26505
46131,1381
46133,25710
46134,17208
46135,22307
46136,3541
46137,22250
46138,26506
46139,17208
46140,12518
46141,5519
46142,12518
46143,26506
46144,3722
46145,26514
46146,4269
46147,21387
46148,23984
46149,25339
46150,26200
46151,26510
46152,26517
46153,17471
46154,6440
46155,5761
46156,26520
46157,5
46158,24819
46159,4598
46160,7504
46161,3305
46162,26524
46163,3392
46164,2798
46166,21443
46167,24824
46168,24824
46169,26529
46170,6369
46171,21443
46172,26528
46173,25275
46174,26521
46175,5221
46176,2293
46177,11355
46178,26377
46179,26511
46180,26435
46181,26435
46182,9809
46183,3277
46184,11405
46185,26535
46186,26477
46187,18563
46188,26537
46189,887
46190,24671
46191,3277
46192,26535
46193,26538
46194,4907
46195,6990
46196,26545
46197,22047
46198,21443
46199,3984
46200,24388
46201,16909
46202,26529
46203,21443
46204,26548
46205,26540
46206,26548
46207,26551
46208,26338
46209,26030
46210,26551
46211,26552
46212,26371
46213,26030
46214,26544
46215,26087
46216,25761
46217,14447
46219,8979
46220,26087
46221,12347
46222,11799
46223,5829
46224,930
46225,5836
46226,5829
46227,4485
46229,7250
46231,19767
46232,26563
46233,26535
46234,26562
46235,7802
46236,4110
46237,26567
46238,174
46239,24477
46240,26566
46241,8433
46242,26564
46243,919
46244,26572
46245,11700
46246,6169
46247,26571
46248,11797
46249,7250
46250,2824
46251,13935
46252,21654
46253,210
46254,26574
46255,26528
46256,25335
46257,26575
46258,4907
46259,5837
46260,26578
46261,11805
46262,26579
46263,5501
46264,25885
46265,26582
46266,26566
46267,26574
46268,26027
46269,26551
46270,26027
46271,26551
46272,21054
46273,21054
46274,7362
46275,26315
46276,26327
46277,7308
46278,26584
46279,12647
46280,20381
46281,22267
46282,26586
46283,26564
46284,7400
46285,26583
46286,26591
46287,26570
46288,26589
46289,21184
46290,21054
46291,26595
46292,1229
46293,26594
46294,11812
46295,11812
46296,21054
46297,4552
46298,21654
46299,26238
46300,4552
46301,26238
46302,26597
46303,919
46304,919
46305,26598
46306,9342
46307,25610
46308,26569
46309,22467
46310,26391
46311,21054
46312,26597
46313,26603
46314,26604
46315,26605
46316,6029
46317,26607
46318,26607
46319,14270
46320,26609
46321,26611
46322,26611
46323,26564
46324,3320
46325,26610
46326,6633
46327,25260
46328,26609
46329,21054
46330,26346
46331,25878
46332,25969
46333,6029
46334,6029
46335,5025
46336,919
46337,24388
46338,6141
46339,25932
46340,26622
46341,919
46342,3369
46343,26179
46344,26179
46345,26286
46346,26244
46347,26629
46348,26629
46349,8479
46350,6929
46353,14541
46354,26632
46355,2356
46356,2356
46357,14541
46358,14541
46359,6056
46360,26635
46361,7244
46362,26635
46363,11849
46364,26638
46365,11852
46366,26639
46367,17591
46368,26637
46369,6484
46370,930
46371,26640
46372,17362
46373,24230
46374,24230
46375,26391
46376,26640
46377,501
46378,26158
46379,3488
46380,4769
46381,26646
46382,26645
46383,11867
46384,9831
46385,25538
46386,26649
46387,5683
46389,26380
46390,26649
46391,26653
46392,26651
46393,26654
46394,25276
46395,21213
46396,183
46397,26651
46398,18563
46399,25538
46400,26632
46401,26632
46402,25186
46403,26133
46404,26657
46405,8413
46406,9007
46407,215
46408,26667
46409,20601
46410,13594
46411,4916
46412,22407
46413,26669
46414,2973
46415,26670
46416,26335
46417,26164
46418,16554
46419,20727
46420,14045
46421,11878
46422,26571
46423,25538
46424,26675
46425,20656
46426,20656
46427,26674
46428,26625
46429,26669
46430,25640
46431,26298
46432,9007
46433,18563
46434,26645
46435,26179
46436,26423
46437,21919
46438,20945
46439,6287
46440,26384
46441,8507
46442,8507
46444,11963
46445,26640
46446,26640
46447,1456
46448,11887
46449,290
46450,22468
46451,1558
46452,25672
46453,26681
46454,18563
46455,26297
46456,26667
46457,25450
46458,24169
46459,253
46461,26435
46462,26689
46463,6248
46464,26690
46465,6248
46466,26694
46467,26442
46468,10268
46469,26101
46470,26689
46471,26101
46472,26689
46473,14541
46474,26695
46475,26443
46476,20011
46477,887
46478,26680
46479,25814
46480,26694
46481,22214
46482,22214
46483,24293
46484,6961
46485,1569
46486,26707
46487,26707
46488,22047
46489,26691
46490,25948
46491,26615
46492,26705
46493,22487
46494,26459
46495,26691
46496,4485
46497,4505
46498,26338
46499,26338
46500,11899
46501,25538
46502,25538
46503,26710
46504,26710
46505,24154
46506,26710
46507,25538
46508,21521
46509,21521
46510,26708
46511,3722
46512,26701
46513,7795
46514,19663
46515,26703
46516,9177
46517,18563
46518,26715
46519,25521
46520,26715
46521,187
46522,20945
46523,14541
46524,25351
46525,16049
46526,26680
46527,26719
46528,26655
46529,3040
46530,4505
46531,26342
46532,26717
46533,26474
46534,449
46536,26722
46537,6637
46538,449
46539,4505
46540,26714
46541,13804
46542,1033
46543,21879
46544,26727
46545,20065
46546,26729
46547,26130
46548,21054
46549,26607
46550,25743
46551,26645
46552,16140
46553,13957
46554,11915
46555,24503
46556,26736
46557,26737
46558,26738
46559,26740
46560,26739
46561,26705
46562,930
46563,26649
46564,26731
46565,26749
46566,26649
46567,26750
46568,1347
46569,26753
46570,2817
46571,26743
46572,21061
46573,26743
46574,26754
46575,3040
46576,14263
46577,26466
46578,26758
46579,26705
46580,26757
46582,20580
46583,26640
46584,16545
46585,199
46586,10286
46587,26762
46588,6512
46589,5728
46591,5618
46592,26502
46593,19901
46594,26736
46595,26715
46596,8123
46597,8123
46598,26736
46599,22083
46600,26763
46601,26715
46602,26504
46603,1250
46604,3277
46605,12820
46606,26760
46607,26766
46608,26769
46609,26760
46610,10108
46611,26763
46612,3287
46613,22008
46614,26767
46615,22133
46616,2526
46617,6082
46618,2539
46619,26517
46620,26477
46621,1443
46622,14346
46624,26781
46625,26742
46626,21054
46627,26782
46628,26783
46629,14044
46631,26784
46632,26787
46633,21654
46634,26523
46635,26130
46636,26787
46637,26786
46638,26780
46639,26770
46640,26774
46641,26780
46642,26736
46643,20011
46644,26657
46645,2970
46646,26794
46647,21960
46648,20637
46649,17072
46651,11697
46652,26790
46653,20327
46654,26754
46655,26802
46656,26806
46657,5991
46658,26754
46659,26564
46660,26804
46661,22047
46662,26808
46663,26811
46665,25339
46666,26267
46667,26267
46668,253
46669,14484
46670,26788
46671,26179
46672,26651
46673,26690
46674,26824
46675,4301
46676,10278
46677,26802
46678,26352
46679,2046
46680,26352
46681,24452
46682,26826
46683,2801
46684,24905
46685,26830
46686,26352
46687,26832
46688,919
46689,11279
46690,919
46691,26833
46692,26619
46693,1352
46694,22386
46695,26821
46696,2479
46697,26746
46698,18644
46699,26837
46700,26838
46701,26837
46702,26746
46703,26738
46704,7555
46705,26179
46706,26811
46707,25386
46708,26837
46709,25171
46710,13555
46711,13555
46712,25386
46713,775
46714,26843
46715,26843
46716,775
46717,26356
46718,8040
46719,24725
46720,26837
46721,81
46722,26851
46723,13804
46724,26848
46725,26848
46726,25898
46727,26814
46728,26853
46729,25024
46730,26833
46731,26746
46732,26858
46733,26858
46734,26846
46735,21345
46736,21345
46737,26856
46738,21345
46739,24786
46740,5755
46741,26746
46742,4426
46743,26865
46744,26864
46745,26855
46746,26864
46747,26864
46748,26868
46749,6052
46750,26869
46751,26867
46752,3018
46753,26863
46754,22012
46755,26870
46756,26591
46757,4810
46758,8013
46759,26871
46760,26846
46761,919
46762,26869
46763,9007
46764,26826
46765,1381
46766,4521
46767,26879
46768,26352
46769,2425
46770,9768
46771,887
46772,26884
46773,9768
46774,6770
46775,8207
46776,12947
46777,18098
46778,24503
46779,805
46780,2956
46781,18638
46782,26887
46783,26447
46784,11981
46785,26886
46786,21054
46787,8781
46788,25342
46789,11849
46790,26889
46791,26763
46792,26890
46793,26891
46794,26890
46795,26474
46796,887
46797,26415
46798,6141
46799,26897
46800,11984
46801,7746
46802,196
46803,196
46804,26902
46805,26619
46806,26619
46807,26904
46808,26904
46809,26905
46810,26899
46811,26906
46812,24028
46813,26906
46814,11531
46815,26901
46816,26907
46817,4843
46818,24028
46819,22468
46820,2210
46821,3836
46822,20836
46823,25993
46824,26912
46825,26907
46826,26912
46827,26913
46828,26913
46829,1513
46830,26886
46831,26628
46832,26911
46833,26909
46834,26869
46835,26628
46836,5020
46837,26909
46838,26909
46839,14138
46840,4601
46841,20650
46842,26917
46843,26917
46844,26916
46845,805
46846,26919
46847,26920
46848,9495
46849,26917
46850,12008
46851,22293
46852,26919
46853,26910
46854,19675
46855,26842
46856,26924
46857,26918
46858,26926
46859,5025
46860,26926
46861,24073
46862,26851
46863,25814
46864,26842
46865,25513
46866,26848
46867,13954
46868,26338
46869,25732
46870,26907
46871,26643
46872,26158
46873,22468
46874,26864
46875,3338
46876,24421
46877,3338
46878,5907
46879,21591
46880,21591
46881,4505
46882,26931
46883,26934
46884,6096
46885,23891
46886,7119
46887,7650
46888,26628
46889,4253
46890,6884
46891,6489
46892,2392
46893,25386
46894,23616
46895,26173
46896,8675
46897,8678
46898,25433
46899,26851
46900,805
46901,26851
46902,7626
46903,17230
46905,3867
46906,9495
46907,6029
46908,10046
46909,17230
46910,6029
46911,22047
46912,20744
46913,26945
46914,1191
46915,26902
46916,21898
46917,20381
46918,22341
46919,26377
46920,26950
46921,25138
46922,26919
46923,26879
46924,6029
46925,6096
46926,26657
46927,26459
46928,26952
46929,7290
46930,12820
46931,24617
46932,26796
46933,25672
46935,14073
46936,3262
46937,20887
46938,20890
46939,26945
46940,26945
46941,5055
46942,12106
46943,11748
46944,7071
46945,25797
46946,449
46947,3310
46948,2798
46949,26887
46950,26887
46951,159
46952,805
46953,25797
46954,26958
46955,858
46956,25657
46957,26811
46958,26961
46959,23853
46960,24790
46961,26522
46962,6029
46964,26963
46965,26963
46966,17463
46967,919
46968,26490
46969,1643
46970,26971
46971,26956
46972,11559
46973,26967
46974,26956
46975,17979
46976,2856
46977,26968
46978,26975
46979,24781
46980,26974
46981,11013
46982,21521
46983,21521
46984,1106
46985,24388
46986,26823
46987,26956
46988,26459
46989,22047
46990,1250
46991,25973
46992,6921
46993,634
46994,26953
46995,26980
46996,6029
46997,8114
46998,26357
46999,25710
47000,7290
47001,26979
47002,26040
47003,26987
47004,6096
47005,26916
47006,26985
47007,26986
47008,588
47009,26040
47010,26982
47011,26990
47012,26986
47013,183
47014,20065
47015,24641
47016,26957
47017,26957
47018,24792
47019,26993
47020,26995
47021,25322
47022,805
47023,834
47024,5057
47025,24042
47026,27002
47027,14073
47028,401
47029,26598
47030,27005
47031,17541
47032,27002
47033,26970
47034,1352
47035,26223
47036,26978
47037,12053
47038,1764
47039,27011
47040,27004
47041,27014
47042,16348
47043,27018
47044,26357
47045,7981
47046,27019
47047,5509
47048,27006
47049,21521
47050,12085
47051,27025
47052,14333
47053,11440
47054,1496
47055,11634
47056,27026
47057,12060
47058,26916
47059,18563
47060,27031
47061,27031
47062,26997
47063,22341
47064,22341
47066,7787
47067,25386
47068,4505
47069,26628
47070,27040
47071,18152
47072,20100
47073,25273
47074,9394
47075,16612
47076,6056
47077,26771
47078,27044
47079,13424
47080,21691
47081,805
47082,27048
47083,26960
47084,14123
47085,27052
47086,27046
47087,7584
47088,103
47089,8870
47090,26607
47091,27052
47092,25031
47093,12326
47094,27056
47095,253
47096,27055
47097,686
47098,27060
47099,27059
47100,26357
47101,8467
47102,10381
47103,22333
47104,7411
47105,12561
47106,5824
47107,22543
47108,26609
47109,27058
47110,27058
47111,27065
47112,26943
47113,20946
47114,19741
47115,26943
47116,26727
47117,25504
47118,5509
47121,10496
47122,22299
47123,14649
47124,20666
47125,25936
47126,10711
47127,26943
47128,27072
47129,13881
47130,26620
47131,18531
47132,25936
47133,3748
47134,27078
47135,16348
47136,24518
47137,27072
47138,27084
47139,27058
47140,24786
47141,21746
47142,27065
47143,21746
47144,26985
47146,27089
47147,27023
47148,27084
47150,22543
47151,27086
47152,21560
47153,27053
47154,27085
47155,25756
47156,26956
47157,110
47158,26357
47159,25878
47160,27040
47161,27089
47162,11981
47163,27046
47164,12096
47165,7788
47166,240
47167,851
47168,17661
47169,3293
47170,27065
47171,10913
47172,27102
47173,27088
47174,13212
47175,18531
47176,18528
47177,5618
47178,11956
47179,805
47180,24604
47181,13516
47182,26698
47183,27111
47184,27110
47185,27112
47186,26844
47187,27112
47188,27112
47189,21691
47190,1191
47191,12106
47192,26985
47193,7034
47194,27115
47195,4253
47196,27118
47197,27122
47198,16382
47199,561
47200,11500
47201,27114
47202,27114
47203,27125
47204,7290
47205,11852
47206,11852
47207,18563
47208,27126
47209,26957
47210,11697
47211,22022
47212,27050
47213,3018
47214,22208
47215,4829
47216,24230
47217,27128
47218,5339
47219,22503
47220,4767
47221,11116
47222,27127
47223,12648
47224,27127
47225,27130
47226,24450
47227,11634
47228,887
47229,7420
47230,21599
47231,266
47232,21599
47233,21599
47234,21599
47235,21054
47236,8927
47237,27127
47238,22543
47239,27136
47240,930
47241,27137
47242,25509
47243,110
47244,3826
47245,27142
47246,8347
47247,27127
47248,6513
47249,3658
47250,27146
47251,27142
47252,13140
47253,27146
47254,13212
47255,27147
47256,27154
47257,14049
47258,27156
47259,27156
47260,26960
47261,23855
47262,23855
47263,26435
47264,27150
47265,27163
47266,27163
47267,27164
47268,27132
47269,7135
47270,14886
47271,27166
47273,13406
47274,27169
47275,27158
47276,11843
47277,27131
47278,26920
47279,27150
47280,12141
47281,603
47283,26746
47284,27174
47285,12147
47286,27179
47287,27180
47288,27180
47289,8065
47290,26435
47291,27184
47292,26952
47293,27184
47294,24720
47295,7135
47296,27185
47297,27190
47298,27195
47299,11458
47300,27196
47301,27190
47302,11458
47303,26102
47304,27192
47305,24865
47306,27192
47307,24865
47308,26974
47309,805
47310,25672
47311,27205
47313,16934
47314,16934
47315,27190
47316,9648
47317,27207
47318,26948
47319,16934
47320,307
47321,27190
47322,16382
47323,27207
47324,5394
47325,26730
47326,26310
47327,27185
47328,1938
47329,27213
47330,23891
47331,27214
47332,11458
47333,26102
47334,27214
47336,3277
47337,27217
47338,27217
47339,16934
47340,6096
47341,14073
47342,27218
47343,27218
47344,21054
47345,12895
47346,18086
47347,22499
47348,27223
47349,27222
47350,13624
47351,7135
47352,26968
47353,919
47354,16557
47355,27020
47356,27224
47357,26963
47358,12331
47359,27104
47360,6003
47361,27234
47362,25103
47363,27234
47364,27020
47365,6029
47366,16801
47367,6029
47368,27227
47369,27227
47370,1443
47371,27239
47372,27158
47373,26973
47374,26976
47375,27115
47376,25739
47377,5394
47378,27244
47379,24821
47380,27212
47381,27246
47382,26069
47383,27020
47384,13881
47385,26517
47386,11756
47387,7282
47388,27248
47389,27249
47390,27227
47391,27251
47392,26579
47393,26579
47394,25
47395,6406
47396,27253
47397,16557
47398,27254
47399,27255
47400,26185
47401,27256
47402,27255
47403,154
47404,183
47405,27255
47406,27251
47407,27255
47408,2148
47409,27259
47410,26997
47411,5256
47412,24842
47413,2817
47414,6329
47415,20473
47416,20473
47417,24238
47418,25832
47419,27104
47420,27265
47421,25133
47422,7788
47423,26173
47424,26974
47425,8413
47426,27269
47427,12331
47428,2148
47429,4370
47430,26185
47431,26185
47432,27271
47433,25478
47434,10584
47435,27277
47436,27278
47437,27278
47438,27277
47439,27276
47440,27281
47441,144
47442,24238
47443,27280
47444,2719
47445,27277
47446,27183
47447,26769
47449,24521
47450,24521
47451,307
47452,1390
47453,27289
47455,26069
47456,18528
47457,27288
47458,3671
47459,14803
47460,27288
47461,11192
47462,27258
47463,27258
47464,27290
47465,10202
47466,27258
47467,27291
47468,307
47469,9651
47470,6664
47471,6664
47472,7362
47473,7272
47474,6674
47475,27260
47476,21054
47477,27292
47478,16534
47479,27294
47480,7146
47481,27294
47482,25846
47483,39
47484,21681
47485,24391
47486,27034
47487,22570
47488,27297
47489,21810
47491,8017
47492,25739
47493,21599
47494,11307
47495,5176
47496,11449
47497,26790
47498,27279
47499,27305
47500,26221
47501,14137
47502,27307
47503,27307
47505,27307
47506,27309
47507,21599
47508,442
47509,14806
47510,13818
47511,7146
47512,4253
47513,601
47514,11342
47515,27095
47516,21560
47517,27095
47518,4716
47519,27280
47520,27280
47521,27089
47522,27148
47523,1082
47524,27314
47525,27310
47526,21054
47527,5274
47528,27089
47529,27317
47530,25113
47531,27286
47532,25543
47533,27015
47534,27286
47535,24238
47536,27284
47537,27055
47538,183
47539,27323
47540,5274
47541,17192
47542,6920
47543,27326
47544,27326
47545,26221
47546,27279
47547,27326
47548,7135
47549,27015
47550,17401
47551,17
47552,5795
47553,27260
47554,27327
47555,27327
47556,27329
47557,27327
47558,2164
47559,27332
47560,25133
47561,26666
47562,26666
47564,26666
47565,27301
47566,27310
47567,27310
47568,5179
47569,26221
47570,24341
47571,10705
47572,1421
47573,27326
47574,27183
47576,27283
47577,27330
47578,27348
47579,27340
47580,27350
47581,27352
47582,5975
47583,27352
47584,27344
47586,27355
47587,16498
47588,8807
47589,13538
47591,27330
47592,27354
47593,27343
47594,557
47595,17248
47596,27099
47597,4598
47598,10584
47599,27363
47600,110
47601,22543
47602,5191
47604,2198
47605,27294
47606,27099
47607,27099
47608,26451
47609,25138
47610,20797
47611,22047
47612,12265
47614,27368
47615,18171
47616,27363
47617,16774
47618,776
47619,27183
47620,27373
47621,25629
47622,26267
47623,3748
47624,75
47625,11043
47626,27099
47627,16695
47628,27379
47629,24294
47630,881
47631,1212
47632,25528
47633,881
47634,20637
47635,22190
47636,27383
47637,27383
47638,27364
47639,22190
47640,27327
47641,565
47642,352
47643,21827
47644,2624
47645,27397
47646,9577
47647,27398
47648,16934
47649,27327
47650,27399
47651,6981
47652,22047
47653,27388
47654,6981
47655,27383
47656,27129
47657,27400
47658,27403
47659,27385
47660,12258
47661,14073
47662,24905
47663,27408
47664,4544
47665,25543
47666,7419
47667,9162
47668,6029
47669,27407
47670,27415
47671,27330
47672,27417
47673,4108
47674,25327
47675,27423
47676,6029
47677,27425
47678,25898
47679,27414
47680,13122
47681,183
47682,27413
47683,7734
47684,27407
47685,27427
47686,11958
47687,27431
47689,9640
47690,2040
47691,8534
47692,27433
47693,5836
47694,862
47695,27147
47696,12603
47697,25962
47698,27431
47699,27438
47700,27119
47701,26997
47702,27439
47703,27441
47704,27436
47705,27444
47706,27159
47707,7480
47708,27330
47709,13456
47710,27212
47711,10968
47712,11038
47713,25414
47714,14831
47715,2878
47716,26457
47717,253
47718,18184
47719,5205
47720,27162
47721,27433
47722,16592
47723,4485
47724,23687
47725,21644
47726,13
47727,27440
47728,27449
47729,24671
47730,27142
47731,1205
47732,16580
47733,27142
47734,27451
47735,6509
47736,11635
47737,27436
47738,2072
47739,3388
47740,26185
47741,27450
47742,1569
47743,686
47744,22008
47745,3018
47746,27168
47747,27395
47748,27455
47749,27454
47750,27456
47751,18472
47752,27459
47753,27460
47754,7968
47755,13107
47756,20304
47757,183
47758,21863
47759,2635
47760,175
47761,26338
47762,27465
47763,27467
47764,8071
47765,27464
47766,27465
47767,805
47768,27468
47769,27187
47770,27464
47771,4
47772,27412
47773,27473
47774,27473
47775,12318
47776,8265
47777,3401
47778,20344
47779,20344
47780,27475
47782,27477
47783,27479
47784,21054
47785,27477
47786,27477
47787,27471
47788,22022
47789,5234
47790,14650
47791,27205
47792,27478
47793,12329
47794,561
47795,11598
47796,26140
47797,27482
47798,27471
47799,27482
47800,27471
47801,27483
47802,27483
47803,21599
47804,18184
47805,5676
47806,21435
47807,196
47808,749
47809,364
47810,27414
47811,1663
47812,27142
47813,26918
47814,6748
47815,805
47816,27189
47817,27492
47818,1979
47819,13818
47820,16753
47821,21045
47822,27493
47823,27493
47824,16078
47825,23763
47826,27494
47827,26338
47828,27142
47829,2635
47830,7546
47831,27441
47832,27497
47833,776
47834,11748
47835,27497
47836,2116
47837,11958
47838,4341
47840,12545
47841,25936
47842,12545
47843,12545
47844,9217
47845,27473
47846,16326
47847,26844
47848,27499
47849,2116
47850,25165
47851,9576
47852,14463
47853,26369
47854,21599
47855,4290
47856,27020
47857,27020
47858,1549
47859,26226
47860,21054
47861,27502
47862,26887
47863,16537
47864,6630
47865,27416
47866,27374
47867,27508
47868,16041
47869,16041
47870,27514
47871,21961
47872,4147
47873,27514
47874,27158
47875,12090
47876,27519
47877,27515
47878,27492
47879,26579
47880,27522
47881,5256
47882,27371
47883,25186
47884,27371
47885,27520
47886,7474
47887,27525
47888,9640
47889,5555
47890,96
47891,7397
47892,18265
47893,27344
47894,27344
47895,1144
47896,5505
47897,3411
47898,9162
47899,27270
47900,27514
47901,26352
47902,27531
47903,27458
47904,23855
47905,4848
47906,27531
47907,22083
47908,27530
47909,27533
47910,11598
47911,27539
47912,27538
47913,27539
47914,24617
47915,10389
47916,27537
47917,22468
47918,27538
47919,1250
47920,1549
47921,12347
47922,2817
47923,27512
47924,27541
47925,7699
47926,805
47927,24617
47928,27530
47929,27542
47930,27543
47931,27543
47932,27545
47933,27545
47934,27542
47935,27512
47936,27547
47937,27547
47938,27548
47939,27508
47940,27158
47941,7250
47942,27548
47944,4829
47945,14463
47946,27550
47947,27504
47948,13094
47949,27502
47950,27528
47951,667
47952,27541
47953,14463
47954,26771
47955,22047
47956,27190
47957,7555
47958,27558
47959,23853
47960,10442
47961,26275
47962,17908
47963,17679
47964,27462
47965,27383
47966,22468
47967,21967
47968,27462
47969,25441
47970,17679
47971,10320
47972,25213
47973,18644
47974,5264
47976,3807
47977,10569
47978,8123
47979,25322
47980,601
47981,9625
47982,27574
47983,27574
47985,4862
47986,27557
47987,2817
47988,27578
47989,27579
47990,27578
47991,27580
47992,27580
47993,27577
47994,3572
47995,25227
47996,27581
47997,27583
47998,27586
47999,27581
48000,27576
48001,27585
48002,27589
48003,27588
48004,14161
48005,27576
48006,26199
48007,26199
48008,27547
48009,27587
48010,183
48011,27206
48012,27590
48013,27592
48014,27592
48015,27592
48016,27592
48017,27502
48018,27493
48019,27576
48020,27593
48021,27593
48022,5889
48023,21054
48024,23801
48025,23801
48026,27600
48027,26439
48028,27206
48029,16943
48030,27571
48031,27600
48033,27530
48034,27571
48035,27450
48036,27605
48037,215
48038,26584
48039,6072
48040,27206
48041,27524
48042,7290
48043,27606
48044,27606
48045,26584
48046,27608
48047,23801
48048,12833
48049,27545
48050,27608
48051,14667
48052,27610
48053,27613
48054,12552
48055,9513
48056,26226
48057,27611
48058,12786
48059,26226
48060,11598
48061,26226
48062,27612
48063,26226
48064,27613
48065,159
48066,3411
48067,919
48068,1381
48069,7334
48070,24617
48071,812
48072,1191
48073,25615
48074,27615
48075,27608
48076,27616
48077,12552
48078,27615
48079,805
48080,8507
48081,9363
48082,13565
48083,26428
48084,26428
48085,27596
48086,5280
48087,27621
48088,2310
48089,19741
48090,27530
48091,14672
48092,14672
48093,24946
48094,264
48095,603
48096,27240
48097,27568
48099,26226
48100,26226
48101,26956
48102,27260
48103,17510
48104,21054
48105,21054
48106,11032
48107,18429
48108,27386
48109,19741
48110,27633
48111,11032
48112,27630
48113,8013
48114,21919
48115,3700
48116,22452
48117,215
48118,27639
48119,8971
48120,27642
48121,27643
48122,26973
48123,686
48124,27647
48125,27642
48126,253
48127,7290
48128,21961
48129,27652
48130,5289
48131,27657
48132,27653
48133,14556
48134,1118
48135,27658
48136,16101
48137,8293
48138,805
48139,16101
48140,5892
48141,11981
48142,10580
48143,8
48144,1036
48145,25133
48146,704
48147,27663
48148,4673
48149,27664
48150,27664
48151,26973
48152,27663
48153,21054
48154,23853
48155,27668
48156,3040
48157,27669
48158,27672
48159,27673
48161,26371
48162,22543
48163,4329
48164,25118
48165,21683
48166,887
48167,26743
48168,27682
48169,16692
48170,27669
48171,12431
48172,27669
48173,442
48174,27657
48175,23853
48176,14731
48177,21240
48178,21919
48179,27687
48180,17679
48181,27680
48182,11511
48183,22543
48184,4862
48185,6750
48186,27691
48187,27691
48188,12492
48189,27686
48191,22047
48192,27691
48193,27692
48194,27668
48195,27607
48196,18591
48197,10687
48198,20304
48199,686
48200,27698
48201,27403
48202,21961
48203,27700
48204,1569
48205,27576
48206,3899
48207,27403
48208,27703
48209,27702
48210,27704
48211,26516
48212,27680
48213,8413
48214,27676
48215,27705
48216,26362
48217,17147
48218,805
48219,27708
48220,830
48221,14672
48222,21922
48223,27708
48224,27705
48225,11156
48226,603
48227,805
48228,805
48229,16175
48230,27712
48231,27482
48232,27482
48233,27707
48234,805
48235,27564
48236,805
48237,27712
48238,17617
48239,27715
48240,26658
48241,4257
48242,6029
48243,805
48244,26102
48245,7925
48246,12492
48247,27720
48248,12463
48249,26583
48250,25497
48251,27719
48252,27713
48253,27719
48254,27719
48255,27721
48256,27721
48257,364
48258,10768
48259,27698
48260,27705
48261,27728
48262,27729
48263,3014
48264,27728
48265,27728
48266,27489
48267,27702
48268,11388
48269,27719
48270,27731
48271,11388
48272,27724
48273,3125
48274,11038
48275,27738
48276,26863
48277,7555
48278,27742
48279,7555
48280,27743
48281,27743
48282,11551
48283,26102
48284,27743
48285,27736
48286,27727
48287,6029
48288,14034
48289,22330
48290,27495
48291,27752
48292,27750
48293,22330
48294,27749
48295,27495
48296,27752
48297,7219
48298,27755
48299,27749
48300,27736
48301,6723
48302,27757
48303,5588
48304,27744
48305,27298
48306,27298
48307,6096
48308,27760
48309,14673
48310,12347
48311,11038
48312,27705
48313,21054
48314,27581
48315,27581
48316,21054
48317,14653
48318,27330
48319,27735
48320,14556
48323,25390
48324,5739
48325,27371
48326,14541
48327,919
48328,27765
48329,27761
48330,3929
48331,6096
48332,27767
48333,2322
48334,27769
48335,27772
48336,21054
48337,4553
48338,10278
48339,27774
48340,27769
48341,17549
48342,27767
48343,21054
48344,10524
48345,27778
48346,27687
48347,27556
48348,74
48349,27779
48350,22159
48353,27775
48354,27785
48355,27743
48356,22174
48357,27196
48358,27786
48359,25197
48360,21054
48361,27787
48362,27789
48363,27735
48364,22441
48365,9683
48366,27497
48368,159
48369,88
48370,8
48371,5
48372,88
48373,930
48374,919
48377,27790
48378,27791
48379,26636
48380,27793
48381,27796
48382,27783
48383,10462
48384,27798
48385,12769
48386,25648
48387,26708
48388,27581
48389,27750
48390,8287
48391,27800
48392,10462
48393,6029
48394,27769
48395,25936
48396,10462
48397,8854
48398,25803
48399,6072
48400,27809
48401,27750
48402,27807
48403,27183
48404,27812
48405,27564
48406,27332
48408,8451
48409,8199
48410,21443
48411,27820
48412,27807
48413,5339
48414,930
48415,27196
48416,27327
48417,4769
48418,27823
48419,17359
48420,1154
48421,26226
48422,26226
48423,27832
48424,21797
48425,27832
48426,27831
48427,27827
48428,12492
48429,27693
48430,27834
48431,27319
48432,27836
48433,27403
48434,27824
48435,27793
48436,25074
48437,6566
48438,12820
48439,7489
48440,27835
48441,26362
48442,26640
48443,27403
48444,27837
48445,2798
48446,27791
48447,27791
48448,27732
48449,27732
48450,27834
48451,27839
48452,12279
48453,27834
48454,937
48455,2149
48456,8971
48457,11091
48458,887
48459,25656
48460,27693
48461,27840
48462,12429
48463,27827
48464,27495
48465,3541
48466,27573
48467,1005
48468,1126
48469,7290
48470,16542
48471,7290
48472,27844
48473,27813
48474,2842
48475,16542
48476,8287
48477,27815
48479,4625
48480,27826
48482,5836
48483,10462
48484,14650
48485,27847
48486,2798
48487,21817
48488,21817
48489,27789
48490,25803
48491,27772
48492,27772
48493,442
48494,4110
48495,27855
48496,27581
48497,8417
48498,24209
48499,4881
48501,25803
48502,27596
48503,9383
48504,16069
48505,27861
48506,26962
48507,27860
48508,27863
48509,442
48510,27862
48511,919
48512,12518
48513,12521
48514,12245
48515,21827
48516,24230
48517,27868
48518,27868
48519,27869
48520,27222
48521,27869
48522,26629
48523,13985
48524,919
48525,11867
48526,27869
48527,27871
48528,26629
48529,4829
48530,27861
48531,881
48532,27874
48533,27869
48534,27869
48535,881
48536,27876
48537,21262
48538,27841
48539,21130
48540,27877
48541,27879
48542,27605
48543,6633
48544,4253
48545,24808
48546,6633
48547,27882
48548,27841
48549,3601
48550,27773
48551,1329
48552,6633
48553,27883
48554,27876
48555,25504
48556,7250
48557,7290
48558,1636
48559,10929
48560,27700
48561,27849
48562,2164
48563,27874
48564,27882
48565,17463
48566,25113
48567,26567
48568,27895
48569,26567
48571,27494
48572,14463
48573,11598
48574,23853
48575,12540
48576,22463
48577,2325
48578,13254
48579,27900
48580,27867
48581,27621
48582,7246
48583,27615
48584,22426
48585,15959
48586,27879
48587,27615
48588,919
48589,27700
48590,27849
48591,27849
48592,27763
48593,15959
48594,24429
48595,21738
48596,25944
48597,13766
48598,159
48599,27908
48600,172
48601,22159
48602,27910
48603,10790
48604,27914
48605,27525
48606,27909
48607,27861
48608,919
48610,12548
48611,11621
48612,21947
48613,13594
48614,26574
48615,9649
48616,27841
48617,27556
48618,10766
48619,13465
48620,3376
48621,26338
48622,27896
48623,27915
48624,27637
48625,26338
48626,22047
48627,26564
48628,27929
48629,27876
48630,27931
48631,27931
48632,5661
48633,27931
48634,24650
48635,27930
48636,27928
48637,5676
48638,805
48639,1979
48640,27934
48641,27935
48642,27936
48643,27935
48644,27936
48645,919
48646,26095
48647,27938
48648,27939
48649,27939
48650,919
48651,2325
48652,27796
48653,27616
48654,27616
48655,18250
48656,27115
48657,20832
48658,27947
48659,14463
48660,24488
48661,27812
48662,13254
48663,3058
48664,3136
48665,4253
48666,7964
48667,12307
48668,18436
48669,27957
48670,1381
48671,27956
48672,6096
48673,27827
48674,23853
48675,12566
48676,27963
48677,27963
48678,159
48679,13766
48680,13766
48681,17649
48682,27840
48683,27967
48684,919
48685,11554
48686,27615
48687,27965
48688,7555
48689,7555
48690,27965
48691,27607
48692,27964
48693,27970
48694,27971
48695,27965
48696,25045
48697,27974
48698,27969
48699,27971
48700,27972
48701,27973
48702,27975
48703,27969
48704,27687
48705,10876
48706,27763
48707,27965
48708,14860
48709,27972
48710,4253
48711,8451
48712,14679
48713,27985
48714,21532
48715,7055
48716,18075
48717,12583
48718,13680
48719,27970
48720,27984
48721,27970
48722,8451
48723,27556
48724,27988
48725,27972
48726,27607
48727,27953
48728,27953
48729,401
48730,21967
48731,27926
48732,24664
48733,27995
48734,27996
48735,27996
48736,25113
48737,27965
48738,22543
48739,8971
48740,24238
48741,16930
48742,8679
48743,18086
48744,8373
48745,2325
48746,8679
48747,28004
48748,8023
48749,28008
48750,339
48751,27791
48752,27403
48753,28011
48754,27403
48755,27138
48756,21417
48757,21417
48758,28000
48759,919
48760,12615
48761,20381
48762,25885
48763,24575
48764,12833
48765,26447
48766,28014
48767,28014
48768,28016
48769,27834
48770,27971
48771,919
48772,28020
48773,3899
48774,28014
48775,919
48776,2451
48777,28023
48778,28023
48779,16930
48780,3262
48781,27952
48782,1036
48783,28025
48784,26619
48785,8373
48786,5321
48787,28030
48788,28030
48789,28030
48790,22358
48791,28033
48792,28034
48793,8388
48794,1150
48795,27738
48796,1118
48797,27564
48798,27727
48799,28025
48800,28036
48801,18250
48802,28037
48803,27954
48804,27954
48805,27996
48806,27954
48808,19692
48809,27915
48810,27335
48811,26257
48812,28044
48813,27754
48814,24404
48815,28046
48816,28048
48817,28047
48818,28038
48819,18177
48820,27058
48821,28046
48822,10675
48823,14541
48824,27996
48825,27958
48826,7250
48827,23870
48828,28056
48829,16142
48830,16142
48831,28053
48832,27853
48833,27966
48834,24664
48835,27966
48836,27693
48837,8101
48838,1329
48839,28060
48840,26905
48841,20727
48842,27952
48843,28055
48844,26905
48845,27936
48846,28050
48847,27403
48848,28055
48849,8
48850,27969
48851,5837
48852,27969
48853,27969
48854,11075
48855,28052
48856,28014
48857,28064
48858,28066
48859,28066
48860,28067
48861,2798
48862,27492
48863,27492
48864,27977
48865,28068
48866,2325
48867,2325
48868,28068
48869,28066
48870,2981
48871,6281
48872,13990
48873,24575
48874,27403
48875,28075
48876,27738
48877,27738
48878,28076
48879,28076
48880,20658
48881,28078
48882,27797
48883,5946
48884,28078
48885,27403
48886,12486
48887,28082
48888,24046
48889,28084
48890,6292
48891,28044
48892,1215
48893,27576
48894,28085
48895,3812
48896,28084
48897,16542
48898,27495
48899,27754
48900,27754
48901,179
48902,12481
48903,28086
48904,27879
48905,10026
48906,20381
48907,27603
48908,27879
48909,27879
48910,27796
48911,28082
48912,27223
48913,3269
48914,28079
48915,27812
48916,1124
48917,20387
48918,17401
48919,27813
48920,28092
48921,28092
48922,28066
48923,6575
48924,28067
48925,26357
48926,197
48927,12118
48928,27813
48929,990
48930,4631
48931,22269
48932,28093
48933,28096
48934,28099
48935,21240
48936,9136
48937,28087
48938,1670
48939,21245
48940,12486
48941,27693
48942,26371
48943,27823
48944,28104
48945,6029
48946,22478
48947,22478
48949,26566
48950,28102
48952,5429
48953,569
48954,28070
48955,28110
48956,28110
48957,28107
48958,28109
48959,28111
48960,28053
48961,28111
48962,27840
48963,17278
48964,1569
48965,27840
48966,28112
48967,28114
48968,27984
48969,27984
48970,2817
48971,4599
48972,28117
48973,805
48974,8451
48975,1808
48977,27579
48978,10259
48979,27796
48980,27754
48981,27754
48982,10259
48983,27576
48984,27617
48985,22133
48986,23805
48987,5405
48988,17307
48989,28124
48990,28122
48991,27998
48992,28118
48993,27990
48994,22452
48995,12652
48996,28101
48997,27435
48998,795
48999,22133
49000,3098
49001,28090
49002,27603
49003,25528
49004,13254
49005,27738
49006,11409
49007,24046
49008,20727
49009,5635
49010,21054
49011,24808
49012,1569
49013,183
49014,27796
49015,27144
49016,6454
49017,27579
49018,28128
49019,28128
49020,28093
49022,27435
49023,11148
49026,17304
49028,27867
49029,27435
49030,17304
49031,28131
49032,28132
49033,28090
49034,28090
49035,27335
49036,28090
49037,28090
49038,16859
49039,183
49040,28135
49041,27557
49043,27967
49044,261
49045,27435
49046,28137
49047,23805
49048,27693
49050,2403
49051,27158
49052,27967
49053,6895
49054,27863
49055,26589
49056,28143
49057,28143
49058,4027
49059,9177
49060,28140
49061,1934
49062,14156
49063,28140
49064,16424
49065,919
49066,27403
49067,28145
49068,5466
49069,26589
49070,25335
49071,28105
49072,27767
49073,919
49074,2817
49075,520
49076,27403
49077,1725
49078,16804
49079,27403
49080,14203
49081,26981
49082,28136
49083,20639
49084,8718
49085,6866
49086,28158
49087,2864
49088,27881
49089,28162
49091,8718
49092,26451
49093,28153
49094,20381
49095,28142
49096,28160
49097,24664
49099,28102
49100,1219
49101,8315
49102,11068
49103,27891
49104,5903
49105,27754
49106,52
49108,27223
49109,10619
49110,27223
49111,28170
49112,27576
49113,28058
49114,27368
49115,27813
49116,27813
49117,28175
49118,10259
49119,9768
49120,9768
49121,28113
49122,27276
49123,28178
49124,28179
49125,6225
49126,8451
49127,9964
49128,14803
49129,20650
49130,24671
49131,25936
49132,26743
49133,27403
49134,27931
49135,27836
49136,13254
49137,13614
49138,24388
49139,28168
49140,6231
49141,22
49143,28183
49144,28183
49145,27909
49146,27969
49147,28136
49148,20552
49149,6231
49150,28185
49151,28153
49152,28185
49153,5739
49154,11032
49155,20371
49156,27922
49157,1934
49158,28187
49159,24568
49160,25433
49161,30
49162,28140
49163,516
49164,4955
49165,28189
49166,16204
49167,28191
49168,919
49169,7104
49170,20381
49171,7259
49172,22318
49173,28193
49174,28116
49175,24198
49176,27879
49177,28169
49178,6072
49179,12786
49180,28194
49181,28195
49182,28196
49183,21026
49184,28195
49185,12710
49186,28191
49187,28191
49188,21054
49189,26267
49190,27617
49191,28188
49192,28155
49193,27276
49194,28183
49195,88
49196,22318
49197,24634
49198,20755
49199,28185
49200,13075
49201,28204
49202,28097
49203,28205
49204,7008
49205,28207
49206,27403
49207,28109
49208,2876
49209,3697
49210,8205
49211,3834
49212,16319
49213,22468
49214,5168
49215,13432
49216,28212
49217,28218
49218,12719
49219,7140
49220,27380
49221,28218
49222,28209
49223,25936
49224,28209
49225,28211
49226,28222
49227,28226
49228,28221
49229,21026
49230,13363
49231,5471
49232,26838
49233,6231
49234,6231
49235,28221
49236,7290
49237,28226
49238,5387
49239,28231
49240,22468
49241,14144
49242,27866
49243,22047
49244,28231
49245,22318
49247,61
49248,30
49249,13
49250,25
49251,29
49252,39
49253,22
49254,8
49255,26
49256,36
49257,5
49258,52
49259,27464
49260,82
49261,72
49262,81
49263,74
49264,71
49265,28231
49266,22047
49267,89
49268,87
49269,88
49270,28233
49271,27340
49272,28227
49274,114
49275,28231
49276,28237
49277,28237
49278,28237
49279,28225
49280,139
49281,144
49282,21262
49283,28239
49284,13553
49285,28238
49286,8874
49287,1356
49288,159
49289,27976
49290,27395
49291,28216
49292,1390
49293,25074
49294,28241
49295,174
49296,179
49297,21173
49298,28242
49299,28242
49300,28242
49301,183
49302,27784
49303,190
49304,28245
49305,196
49306,26776
49307,198
49308,199
49309,23665
49310,21998
49311,13363
49312,215
49313,28253
49314,14730
49316,20556
49317,223
49318,2876
49319,2876
49320,15978
49321,226
49322,20114
49323,28256
49324,27607
49325,230
49326,26124
49327,27693
49328,28256
49329,26124
49330,25685
49331,7165
49332,20114
49333,27395
49334,28241
49335,13594
49336,28255
49337,27138
49338,26181
49339,28269
49340,22468
49341,17368
49342,247
49343,25433
49344,28246
49345,17908
49346,27915
49347,17801
49348,28098
49349,28217
49350,25180
49351,4253
49352,21599
49353,28214
49354,28224
49355,11030
49356,28242
49357,12164
49358,18355
49359,8870
49360,26313
49361,5494
49362,251
49363,26919
49364,27403
49365,27508
49366,28277
49367,253
49368,8005
49369,28278
49370,28278
49371,28278
49372,11093
49373,28279
49374,7425
49375,28280
49376,25811
49377,28281
49378,22047
49379,28252
49380,4427
49381,28284
49382,27859
49383,19700
49384,28286
49385,28288
49386,28288
49387,28281
49388,28281
49389,21599
49390,28288
49391,22468
49392,28293
49393,28290
49394,12486
49395,28288
49396,28147
49397,7290
49398,4769
49399,12486
49400,22062
49401,27693
49402,8506
49403,10402
49404,13140
49405,28252
49406,7733
49407,3525
49408,8506
49409,12329
49410,12704
49411,28154
49412,686
49413,25504
49414,28231
49415,5829
49416,28299
49417,16859
49418,28027
49419,17374
49420,21599
49421,28020
49422,28300
49423,7290
49424,603
49425,21856
49426,21599
49427,24668
49428,28299
49429,28216
49430,21599
49431,28304
49432,264
49433,27800
49434,27800
49435,2405
49436,28280
49437,11697
49438,28311
49439,7733
49440,28313
49441,24568
49442,24568
49443,13467
49444,266
49445,26105
49446,28311
49447,28316
49448,28242
49449,919
49450,28320
49451,27588
49452,805
49453,2798
49454,28329
49455,7244
49456,20276
49457,28327
49458,25965
49459,5509
49460,28331
49461,19741
49462,22318
49463,22403
49464,13254
49465,14616
49466,14138
49467,24795
49468,919
49469,28311
49470,4598
49471,919
49472,28335
49473,28060
49474,2129
49475,14156
49476,12786
49477,28231
49478,18111
49479,7555
49480,4505
49481,28231
49482,28339
49483,27834
49484,28338
49485,795
49486,16164
49487,2221
49488,22008
49489,3671
49490,8413
49491,2798
49492,20776
49493,10335
49494,1390
49495,28055
49496,26657
49497,28343
49498,24568
49499,28344
49500,19998
49501,28055
49502,27276
49503,27105
49504,19741
49505,28349
49506,28288
49507,28351
49508,28318
49509,28352
49510,28055
49511,28348
49512,21030
49513,28354
49514,3309
49515,2135
49516,27588
49517,28252
49518,21817
49519,12932
49520,2798
49521,24486
49522,28354
49523,17908
49524,26568
49525,28130
49526,28348
49527,28354
49528,23665
49529,2817
49530,26357
49531,9378
49532,28281
49533,28363
49534,24632
49535,9378
49536,28365
49537,28339
49538,28368
49539,28368
49540,28362
49541,28370
49542,686
49543,28363
49544,28365
49545,8207
49546,28376
49547,28378
49548,12786
49549,28379
49550,28362
49552,1106
49553,12114
49554,27502
49555,28260
49556,26594
49557,28357
49558,26743
49560,25735
49561,28387
49562,28376
49563,28385
49564,17801
49565,17801
49566,805
49567,28383
49568,12786
49569,27808
49570,28350
49571,28357
49572,28374
49573,28377
49574,28378
49575,21599
49576,12786
49577,28394
49579,28350
49580,28389
49581,26649
49582,13935
49583,28397
49584,28394
49585,28272
49586,8283
49587,4357
49588,4357
49589,16974
49590,28402
49591,28403
49592,28387
49593,183
49594,28405
49595,183
49596,183
49597,28399
49598,26346
49599,27105
49600,28406
49601,28351
49602,28410
49604,28408
49605,7064
49606,27754
49607,28354
49608,28411
49609,17014
49610,28412
49611,12331
49612,28351
49613,28351
49614,28204
49615,18587
49616,28093
49617,27289
49618,27319
49619,9007
49620,23820
49621,28413
49622,23820
49623,28414
49624,179
49625,28415
49626,601
49627,27276
49628,27283
49629,16709
49630,919
49631,18
49632,919
49633,3019
49634,21945
49635,4856
49636,16939
49637,28419
49638,28420
49639,28354
49640,28421
49641,1390
49642,28422
49643,28359
49644,10861
49645,28423
49646,8013
49647,28408
49648,15978
49649,28379
49650,12786
49651,27283
49652,28378
49653,24097
49654,1381
49655,17801
49657,5179
49658,28414
49659,4820
49660,28426
49661,3229
49662,601
49663,28146
49664,15978
49666,5295
49667,27138
49668,4810
49669,15978
49671,28131
49672,13487
49673,28434
49674,8653
49675,28435
49676,7795
49677,22468
49678,28154
49679,9378
49680,4328
49681,28438
49682,5546
49683,4328
49684,28438
49685,4328
49686,9409
49687,28437
49688,28439
49689,12833
49690,27881
49691,10535
49692,4328
49693,1106
49694,28443
49695,25133
49696,28389
49697,24482
49698,20749
49699,22571
49700,27495
49701,5172
49702,28281
49703,25965
49704,857
49705,28412
49706,28444
49707,28444
49708,5172
49709,2798
49710,27294
49711,12968
49712,28411
49713,28448
49714,16709
49715,22551
49716,264
49717,18004
49718,28449
49719,28451
49720,28428
49721,28451
49722,25965
49723,17147
49724,9409
49725,4524
49726,17170
49727,28412
49728,28350
49729,20776
49730,27672
49731,28454
49732,27433
49733,13254
49734,5836
49735,10840
49736,28130
49737,28451
49738,27433
49739,25979
49740,28454
49741,28216
49742,28236
49743,28457
49744,25074
49745,12013
49746,26224
49747,11060
49748,28383
49749,17541
49750,6489
49751,13389
49752,28450
49753,27433
49754,28468
49755,4426
49757,5555
49758,5688
49759,23840
49760,28466
49761,27433
49762,8004
49763,25680
49764,12786
49765,16709
49766,17262
49767,4328
49768,2750
49769,10308
49770,28396
49771,28479
49772,16458
49773,290
49774,8101
49775,22571
49776,17105
49777,28444
49778,28389
49779,28389
49780,14741
49781,14741
49782,28482
49783,21054
49784,17357
49785,28481
49786,28412
49787,28451
49788,27403
49789,7255
49790,28396
49791,25965
49792,27495
49793,5544
49794,5546
49795,3836
49796,28478
49797,28202
49798,28491
49799,27202
49800,27767
49801,28483
49802,28491
49803,27767
49804,28437
49805,28437
49806,28496
49807,28496
49808,28493
49809,28493
49810,26338
49811,16542
49812,28321
49813,28487
49815,28211
49816,1569
49817,28490
49818,4524
49819,27615
49820,10675
49821,13122
49822,28503
49823,28507
49824,28505
49825,23737
49826,28216
49827,28504
49828,4862
49829,28466
49830,8451
49831,279
49832,16853
49833,28509
49834,28511
49835,287
49836,26338
49837,307
49838,28511
49839,9816
49840,319
49841,28515
49842,334
49843,333
49844,28514
49845,28517
49846,339
49847,28507
49848,352
49849,3411
49850,26658
49851,27824
49852,12966
49853,364
49854,8865
49855,12329
49856,17801
49857,5561
49858,28479
49859,12895
49861,386
49862,977
49863,1678
49864,805
49865,2898
49866,401
49867,17094
49868,28525
49869,28514
49870,25
49871,28527
49872,28527
49873,27576
49874,28509
49875,28504
49876,28528
49878,15978
49879,438
49880,439
49881,28530
49882,442
49883,28513
49884,28513
49885,25433
49886,28501
49887,447
49888,27413
49889,28472
49890,24370
49891,26863
49892,449
49893,28472
49894,28472
49895,28531
49896,28533
49897,7733
49898,28513
49899,930
49900,28466
49901,10259
49902,17094
49903,485
49904,10259
49905,28513
49906,28418
49907,7122
49908,28537
49909,28264
49910,495
49911,493
49912,15978
49913,28540
49915,17215
49916,17215
49917,25433
49918,28438
49919,28520
49920,11941
49921,7453
49922,28418
49923,511
49924,28541
49925,28541
49926,26658
49927,28266
49928,28520
49929,805
49930,521
49931,196
49932,805
49933,805
49934,25433
49935,28520
49936,930
49937,28544
49938,28315
49939,28545
49940,28546
49941,28288
49942,28553
49943,28535
49944,28552
49945,28553
49946,28517
49947,28547
49948,28520
49949,27335
49950,28554
49951,28556
49952,28557
49953,557
49954,5706
49955,28556
49957,1569
49958,6911
49959,561
49960,28511
49961,20603
49962,20009
49963,10266
49964,26658
49965,26886
49966,1336
49967,17757
49968,28511
49969,28275
49970,27283
49971,10675
49972,14073
49973,26886
49974,28565
49975,21160
49976,21371
49977,25452
49978,28527
49979,28565
49980,11635
49981,4253
49982,21160
49983,28569
49984,28569
49985,11875
49986,23649
49987,919
49988,582
49989,23649
49990,26016
49991,2750
49992,21160
49993,8506
49994,7290
49995,28577
49996,27435
49997,28556
49998,9568
49999,588
50000,28556
50001,22214
50002,300
50003,300
50004,18303
50005,6029
50006,12351
50007,6029
50008,7290
50009,2182
50010,28584
50011,28587
50012,27923
50013,183
50014,28514
50015,4496
50016,28586
50017,27433
50018,601
50019,4028
50020,25965
50021,25965
50022,14650
50023,16557
50024,5594
50025,27996
50026,28595
50027,603
50029,28596
50030,2040
50031,28600
50032,609
50033,28606
50034,28606
50035,27767
50036,27767
50037,28592
50038,7972
50039,6666
50040,28607
50041,28610
50042,27329
50043,28584
50044,27433
50045,24808
50046,18076
50047,28613
50048,28613
50049,2725
50050,25405
50051,7972
50052,2116
50053,27983
50054,4751
50055,13047
50056,22571
50057,28588
50058,28577
50059,28620
50060,28318
50061,28618
50062,28546
50063,28545
50064,2860
50065,28545
50066,28621
50067,28621
50068,27053
50070,28624
50071,28625
50072,13362
50073,28626
50074,28625
50075,25544
50076,26568
50077,27576
50078,4253
50079,27576
50080,18291
50081,10875
50082,28632
50083,28524
50084,3717
50085,28634
50086,28626
50087,5339
50088,28634
50089,28509
50090,3984
50091,26696
50092,8401
50093,28638
50094,26696
50095,11409
50096,28626
50097,28639
50098,28640
50100,1739
50101,28069
50102,1739
50103,16939
50104,28478
50105,28633
50106,28478
50107,28633
50108,28644
50109,10876
50110,25965
50111,25965
50112,22
50113,28647
50114,28623
50115,28640
50116,21240
50117,21771
50118,28654
50119,3582
50120,28624
50121,28648
50122,10416
50123,7290
50124,28641
50125,3043
50126,13799
50127,17672
50128,28490
50129,28644
50130,2310
50131,28517
50132,28517
50133,28644
50134,223
50135,28458
50136,28639
50137,2838
50138,27423
50139,21149
50140,28661
50141,28644
50142,28661
50143,10119
50144,28668
50145,28672
50146,21738
50147,28644
50148,28673
50149,28655
50150,28672
50151,7571
50152,2902
50153,2902
50154,28676
50155,20338
50156,28536
50157,13310
50158,704
50159,11832
50160,22586
50161,24390
50162,7290
50163,28633
50164,28633
50165,28640
50166,21521
50167,28506
50168,4238
50169,28687
50170,28586
50171,28679
50172,13002
50173,28623
50174,23753
50176,28647
50177,27038
50178,8205
50179,28692
50180,11346
50181,19815
50182,28640
50183,27782
50184,28440
50185,28655
50186,28694
50187,28659
50188,28696
50189,16365
50190,10210
50191,17801
50192,16115
50193,74
50194,27949
50195,27949
50196,28699
50197,27949
50198,20917
50199,20917
50200,28681
50201,25965
50202,28681
50203,28673
50204,28673
50205,28701
50206,28673
50207,16709
50208,5025
50209,27949
50210,28673
50211,28703
50212,27538
50213,28257
50214,21852
50215,28679
50216,28711
50217,28710
50218,28712
50219,28678
50220,28710
50221,22586
50222,28713
50223,28666
50224,1600
50225,12565
50227,22586
50229,21852
50230,28710
50231,27813
50232,28715
50233,21852
50234,26153
50235,26153
50236,28717
50237,23878
50238,28718
50239,5244
50240,11830
50241,28707
50242,12453
50243,28722
50244,28506
50245,13022
50246,28142
50247,27556
50248,28723
50249,28469
50250,28724
50251,17130
50252,17130
50253,28517
50254,666
50255,28723
50256,23878
50257,26754
50258,16398
50259,28666
50260,28725
50261,28725
50262,11554
50263,28725
50264,21160
50265,28666
50266,28666
50268,28727
50269,28727
50270,919
50271,28729
50272,183
50273,7290
50274,9426
50275,333
50276,21240
50277,26696
50278,4937
50279,23820
50280,20179
50281,3794
50282,4087
50283,7180
50284,28733
50285,315
50286,28666
50287,7555
50288,28315
50289,28738
50290,28739
50291,6244
50292,5907
50293,28725
50294,28739
50295,28148
50296,11917
50297,12615
50298,28747
50299,22586
50300,28590
50301,3077
50302,27581
50303,26753
50304,14525
50305,28749
50306,28635
50307,4701
50308,656
50309,4290
50310,27258
50311,16458
50312,16458
50313,27403
50314,13043
50315,28750
50316,4087
50317,28755
50318,22586
50319,26856
50320,13047
50321,6879
50322,8662
50323,666
50324,11875
50325,12245
50326,4274
50327,11981
50328,5654
50329,28760
50330,27557
50331,28760
50332,582
50333,28762
50334,28762
50335,28746
50336,8464
50337,28764
50338,28538
50339,28257
50340,28257
50341,28257
50342,21394
50343,8143
50344,8464
50345,8464
50346,28763
50347,28538
50348,8464
50349,28764
50350,28769
50351,28771
50352,17840
50353,28772
50354,27298
50355,4146
50356,25433
50357,28776
50358,20332
50359,23725
50360,28777
50361,20657
50362,686
50363,27142
50364,20657
50365,28781
50366,28769
50367,28746
50368,28766
50369,20657
50370,20657
50371,28784
50372,442
50373,696
50374,805
50375,28787
50376,28659
50377,28501
50378,28780
50379,28791
50380,28791
50381,27765
50382,27765
50383,28772
50384,16199
50385,28530
50386,28794
50387,696
50388,27142
50390,28766
50391,7916
50392,11475
50393,28714
50394,28772
50395,10088
50396,28806
50397,805
50398,7290
50399,20657
50400,364
50401,2838
50402,28780
50403,28807
50404,28793
50405,12536
50406,13902
50407,28810
50408,28810
50409,7080
50410,28800
50411,12096
50412,7080
50413,7417
50414,28811
50416,22468
50417,28805
50418,28807
50419,28808
50420,28808
50421,10268
50422,28666
50423,28819
50424,9683
50425,27332
50426,12429
50427,26780
50428,28576
50429,11634
50430,686
50431,686
50432,28740
50433,22307
50434,28792
50435,7365
50436,28826
50437,1261
50438,28825
50439,28823
50440,2344
50441,6096
50442,14284
50443,28808
50444,28792
50445,13555
50446,3966
50447,28600
50448,28776
50449,28825
50450,28833
50451,10530
50452,28763
50453,27332
50454,28825
50455,28835
50456,28839
50457,28839
50458,28131
50459,28840
50460,28824
50461,28843
50462,851
50463,28846
50464,5125
50465,28846
50466,16939
50467,20603
50468,28848
50469,776
50470,26337
50471,11129
50472,28764
50473,17115
50474,28850
50475,28850
50476,6143
50477,28851
50478,18464
50479,20603
50480,28851
50481,22047
50482,27525
50483,11554
50484,22452
50485,6885
50486,28851
50487,28806
50488,28852
50489,1569
50490,27274
50491,28801
50492,27915
50493,6015
50494,26415
50495,26780
50496,25041
50497,25333
50498,28861
50499,28862
50500,17115
50501,28621
50502,4716
50503,28843
50504,4176
50505,6029
50506,10990
50508,8401
50509,3262
50510,27403
50511,28580
50512,5579
50513,17230
50514,5579
50515,28727
50516,27332
50518,28872
50519,28500
50520,26471
50521,28874
50522,28857
50523,4426
50524,28876
50525,10675
50526,3074
50527,28874
50528,795
50529,28859
50530,28859
50531,26985
50532,27332
50533,930
50534,26337
50535,26337
50536,16732
50537,28874
50538,25804
50539,28807
50540,386
50541,28845
50542,7796
50543,25804
50544,21149
50545,11875
50546,28851
50547,25259
50548,25259
50549,28764
50550,6793
50551,28881
50552,13902
50553,28885
50554,28200
50555,28884
50556,805
50557,20740
50558,28890
50559,28890
50560,18471
50561,16461
50562,28845
50563,28884
50564,10582
50565,28664
50566,6096
50568,28896
50569,25827
50570,28898
50571,28704
50572,26792
50573,28899
50574,28899
50575,13594
50576,28704
50577,28617
50578,18215
50579,19649
50580,25138
50581,6666
50582,12930
50583,11371
50584,28903
50585,28849
50587,24430
50588,24430
50589,27088
50590,24430
50591,21856
50592,28565
50593,28906
50594,14556
50595,13138
50596,6454
50597,7644
50598,501
50599,20740
50600,28912
50601,28849
50602,27403
50603,26092
50604,28565
50605,20928
50606,24792
50607,12380
50608,25885
50609,25885
50610,6961
50611,25885
50612,25885
50613,6096
50614,28913
50615,28801
50616,22307
50617,28004
50618,12502
50619,7616
50620,27576
50621,24430
50622,10389
50623,10675
50624,28666
50625,27693
50626,10524
50627,2425
50628,28218
50630,27403
50631,28670
50632,2425
50633,28218
50634,28670
50635,28935
50636,28670
50637,4598
50638,28488
50639,27403
50640,28732
50641,28895
50642,28895
50643,28926
50644,28895
50645,25804
50646,28940
50647,28910
50648,28940
50649,28923
50650,7733
50651,12565
50652,28940
50653,28940
50654,28670
50655,24430
50656,27795
50657,501
50658,21827
50659,4253
50660,25983
50661,28947
50662,5739
50663,25983
50664,28719
50665,28946
50666,10500
50667,12923
50668,183
50669,6627
50670,27996
50671,28951
50672,28951
50673,21818
50674,7870
50675,28895
50676,27142
50677,28051
50678,15949
50679,27996
50680,28954
50681,28726
50682,18137
50683,7071
50684,28946
50685,28956
50687,1124
50688,805
50689,10449
50690,28957
50691,26276
50693,28959
50694,28903
50695,14144
50696,1569
50697,2817
50698,19931
50699,28963
50700,364
50701,830
50702,588
50703,12400
50704,24148
50705,25197
50706,27588
50707,5829
50708,17856
50709,13177
50710,28963
50711,24148
50712,27588
50713,17801
50714,28377
50715,28740
50716,28746
50717,28963
50718,28967
50719,24000
50720,26594
50721,28964
50722,5507
50723,26206
50724,11234
50726,26976
50727,28218
50728,28975
50729,28670
50730,11981
50731,28835
50732,28835
50733,28931
50734,28931
50735,28977
50736,28976
50737,28977
50738,28973
50739,5234
50740,28978
50741,2116
50742,28931
50743,28964
50744,28670
50745,28973
50746,26206
50747,5646
50748,11304
50749,1569
50750,5739
50751,28916
50752,5829
50753,28236
50754,28916
50755,28884
50756,264
50757,28988
50758,28988
50759,5507
50760,28989
50761,28988
50762,9424
50763,26594
50764,28983
50765,28975
50766,24978
50767,28997
50768,6209
50769,845
50770,16286
50771,851
50773,12174
50774,19931
50776,3577
50777,24430
50778,28377
50779,28377
50780,24808
50781,29004
50783,13201
50784,28991
50785,28236
50786,24553
50787,8809
50788,28983
50789,29006
50790,28988
50791,28987
50792,8451
50793,28909
50794,29007
50795,25675
50796,919
50797,27403
50798,19701
50799,28218
50800,26338
50801,27925
50802,9426
50803,9426
50804,858
50806,25804
50807,25983
50808,29015
50809,25944
50810,226
50811,601
50812,28430
50813,805
50814,10346
50815,14589
50816,25422
50817,28478
50818,28577
50819,29018
50820,28928
50821,29018
50822,28928
50823,28299
50824,26124
50825,28963
50826,976
50827,29020
50828,29013
50829,10346
50830,26792
50831,28909
50832,29020
50833,26338
50834,26919
50835,29020
50836,29021
50837,11979
50838,4496
50839,28796
50840,256
50841,179
50842,29022
50843,6096
50844,17661
50845,26792
50846,19709
50847,26757
50848,29028
50849,29026
50850,1636
50851,28430
50852,28430
50853,29030
50854,28988
50855,24848
50856,9843
50857,28437
50858,16382
50859,28916
50860,29031
50861,12373
50862,14337
50863,27115
50864,29034
50865,24808
50867,881
50868,4802
50869,29034
50870,29034
50872,29040
50873,20777
50874,29016
50875,25316
50876,29017
50877,29023
50878,1154
50879,28959
50880,24450
50881,8999
50882,28959
50883,28402
50884,27693
50885,28959
50886,28377
50887,29020
50888,29051
50889,26338
50890,887
50891,28903
50892,6255
50893,29051
50894,29052
50895,29052
50896,27900
50897,5172
50898,27909
50899,29045
50900,8112
50901,22159
50902,26976
50903,8507
50904,29028
50905,892
50906,8507
50907,439
50908,3919
50909,8076
50910,1934
50911,20467
50912,29057
50913,29055
50914,183
50915,28928
50916,28988
50917,8076
50918,4862
50919,29063
50920,13864
50921,29065
50922,28755
50923,29066
50924,3330
50925,27900
50926,29046
50927,29052
50928,29055
50929,29056
50930,29057
50932,29065
50933,29068
50934,26814
50935,29033
50936,6946
50937,13407
50938,13407
50939,28847
50940,29068
50941,2916
50942,15949
50943,22047
50944,900
50945,23612
50946,14730
50947,29051
50948,29051
50949,28928
50950,28720
50951,29078
50952,13587
50953,28928
50954,28928
50955,27781
50956,25944
50957,13322
50958,4426
50959,18184
50960,29083
50961,319
50962,24617
50963,29081
50964,29085
50965,9226
50966,28858
50967,27900
50968,8451
50969,29066
50970,29087
50971,29090
50972,29089
50973,29088
50974,29093
50975,29092
50976,29095
50977,11463
50978,29093
50979,13254
50980,1977
50981,3309
50982,28909
50983,29091
50984,29093
50985,29094
50986,29101
50987,1973
50988,28909
50989,25936
50990,29068
50991,28909
50992,5795
50993,28363
50994,29105
50995,919
50996,29105
50997,25619
50998,11509
50999,29087
51000,1390
51001,4691
51002,17007
51003,29111
51004,28873
51005,13561
51006,29113
51007,16939
51008,4253
51009,28898
51010,13267
51011,805
51012,29106
51013,29106
51014,27953
51015,29109
51016,29116
51017,1466
51018,29118
51019,29068
51020,29089
51021,29119
51022,1118
51023,12031
51024,29100
51025,21650
51026,21650
51027,28988
51028,1466
51029,23826
51030,12031
51031,1466
51032,29125
51033,29113
51034,930
51035,29106
51036,29104
51037,29068
51038,26950
51039,29128
51040,27525
51041,29124
51042,28049
51043,29090
51044,12031
51045,26390
51046,29068
51047,16474
51048,29115
51049,29122
51050,29081
51051,8887
51052,25672
51053,39
51054,29136
51055,29136
51056,11509
51057,29135
51058,29137
51059,29090
51060,5829
51061,2878
51062,2513
51063,29060
51064,27025
51065,29140
51066,29145
51067,29087
51068,6454
51069,23826
51070,15949
51071,339
51072,27099
51073,29115
51074,29148
51075,17403
51076,29093
51077,4429
51078,28053
51079,29130
51080,334
51081,29153
51082,29151
51083,3189
51084,28959
51085,13864
51086,29137
51087,26132
51088,28979
51089,29109
51090,9426
51092,28948
51093,29087
51094,25675
51095,25675
51096,919
51097,26493
51098,29158
51099,29158
51100,28979
51101,2040
51102,8402
51103,9671
51104,1764
51105,29165
51106,29165
51107,26493
51108,29163
51109,29093
51110,27255
51111,29026
51112,29164
51113,2885
51114,20791
51115,28746
51116,5829
51117,13538
51118,4913
51119,29168
51120,2454
51121,11772
51122,29137
51123,20857
51124,26756
51125,29166
51126,4278
51127,27464
51128,17471
51129,221
51130,887
51131,805
51132,1126
51133,29171
51134,805
51135,5832
51136,29149
51137,29149
51138,29114
51139,29163
51140,29163
51141,6454
51142,6454
51143,28875
51144,7733
51145,5836
51147,253
51148,28053
51149,29176
51150,28053
51151,22197
51152,5739
51153,7972
51154,29111
51155,5837
51156,1466
51157,29123
51158,27276
51159,4376
51160,4496
51161,29174
51162,1126
51163,21149
51164,16830
51165,9162
51166,27879
51167,1329
51168,10117
51169,13138
51170,29185
51171,28545
51172,29188
51173,4733
51174,196
51175,28983
51176,28983
51177,795
51178,196
51179,29193
51180,5098
51181,29183
51182,3807
51183,27998
51184,16286
51185,6434
51186,27556
51187,28533
51188,11319
51189,29164
51190,29196
51191,25936
51192,29197
51193,29196
51194,28923
51195,28881
51196,28881
51197,29200
51198,3525
51199,8927
51200,19917
51201,19917
51202,26276
51203,28315
51204,1126
51205,29202
51206,991
51207,29206
51208,6554
51209,10776
51210,29204
51211,29205
51212,28108
51213,29199
51214,25799
51215,26792
51216,29187
51217,2392
51218,18004
51219,28940
51220,29212
51221,21149
51222,29211
51223,13348
51224,29214
51225,29099
51226,29211
51227,28740
51228,17359
51229,29212
51230,12932
51231,8590
51232,4842
51233,7864
51234,19939
51235,966
51237,6534
51238,28236
51239,29226
51240,26756
51241,27261
51242,601
51243,23790
51244,28985
51245,29226
51246,3488
51247,562
51248,25675
51249,29226
51250,261
51251,7308
51252,29183
51253,29231
51254,29020
51255,24707
51256,29209
51257,5862
51258,29234
51259,13362
51260,28740
51261,26223
51262,26223
51263,5864
51264,29216
51265,21919
51266,7537
51267,29235
51268,17998
51269,17308
51270,29072
51271,29117
51272,29209
51273,7787
51274,10669
51275,22179
51276,29225
51277,29227
51278,3270
51279,28217
51280,17679
51281,28999
51282,3525
51283,29242
51284,24865
51286,13378
51287,29226
51288,14187
51289,20322
51290,29249
51291,29181
51292,28959
51293,2622
51294,5226
51295,29255
51296,29254
51297,7616
51298,24865
51299,29171
51300,29258
51301,26613
51302,21743
51303,4253
51304,1466
51305,21743
51306,25259
51307,25259
51308,6069
51309,8112
51310,27576
51311,29242
51312,29243
51313,29251
51314,29252
51315,28617
51316,29257
51317,26776
51318,29130
51319,29262
51320,29250
51321,14838
51322,5880
51323,29264
51324,27142
51325,29025
51326,29027
51327,21743
51328,13402
51329,29267
51330,29266
51331,20273
51332,2830
51333,8226
51334,5570
51335,20744
51336,27115
51337,29269
51338,21743
51339,29137
51340,12923
51341,7424
51342,5921
51344,26620
51345,22047
51346,9263
51347,28405
51348,12626
51349,22386
51350,9263
51351,27881
51353,29276
51354,2996
51355,25259
51356,27881
51357,27881
51358,29277
51359,20273
51360,29282
51361,27581
51362,29283
51363,26776
51364,29243
51365,29291
51366,12043
51367,1913
51368,20707
51369,29196
51370,29288
51371,29297
51372,29296
51373,29297
51374,29231
51375,29231
51376,6141
51377,29296
51378,28940
51379,1466
51380,10362
51381,28606
51382,22338
51383,29298
51384,29299
51385,1005
51386,28500
51387,29307
51388,29282
51389,4028
51390,26743
51391,29068
51392,29288
51393,29040
51394,29305
51395,29311
51396,10088
51397,29311
51398,21149
51399,29309
51400,29282
51401,29312
51402,29072
51403,805
51404,29314
51405,29298
51406,21846
51407,29243
51408,20939
51409,11889
51410,21743
51411,29316
51412,2958
51413,530
51414,29314
51415,29318
51416,29287
51417,29314
51418,29317
51419,29319
51420,29302
51421,29306
51422,25864
51423,28249
51424,29275
51425,29303
51426,29320
51427,22571
51428,29306
51429,29323
51430,805
51431,29306
51432,29324
51433,5739
51434,29287
51435,29325
51436,29326
51437,26609
51438,29298
51439,7968
51440,29325
51441,14556
51442,26708
51443,25612
51444,29092
51445,28408
51446,29336
51447,29340
51448,29335
51449,1224
51450,29341
51451,28500
51452,29068
51453,29311
51454,12160
51455,28916
51456,29331
51457,29342
51458,6369
51459,10584
51460,29068
51461,29092
51462,29092
51463,21730
51464,29350
51465,25122
51466,29331
51467,26802
51468,29350
51469,14150
51470,2040
51471,6633
51472,27050
51473,29185
51474,29359
51476,7706
51477,28524
51478,29363
51479,29359
51480,29363
51481,29364
51482,29366
51483,29368
51484,24634
51485,29354
51486,29355
51487,8451
51488,22047
51489,17210
51490,5509
51491,11101
51492,11101
51493,29361
51494,29370
51495,223
51496,25864
51497,319
51498,5739
51499,29370
51500,29374
51501,29376
51502,11101
51503,23772
51504,29380
51505,6017
51506,10619
51507,5919
51508,800
51509,253
51510,5405
51511,27797
51512,29371
51513,29386
51514,7711
51515,28577
51516,29377
51517,22047
51518,776
51519,1495
51520,7459
51521,22518
51522,29385
51523,27261
51524,27261
51525,25343
51526,29187
51528,22518
51529,29068
51530,13626
51531,29068
51532,8221
51533,13473
51534,29395
51535,29092
51536,13474
51537,20666
51538,29355
51539,29393
51540,29399
51541,6174
51542,776
51543,14589
51544,27681
51545,29385
51546,23607
51547,26338
51548,29403
51549,29400
51550,23790
51551,29264
51552,29181
51553,26338
51554,29404
51555,29404
51556,27464
51557,29109
51558,13754
51559,29370
51560,29404
51561,29026
51562,21216
51563,29404
51564,6552
51565,19712
51566,22008
51567,28746
51568,11772
51569,1036
51570,16294
51571,686
51572,9342
51573,29414
51574,29414
51575,29410
51576,17617
51577,29415
51578,2392
51579,6453
51580,10443
51581,27681
51582,29407
51583,11531
51584,26338
51585,29417
51586,1390
51587,9071
51588,28577
51589,21278
51590,188
51591,25991
51592,26357
51593,27821
51594,29425
51595,18535
51596,4758
51597,27202
51598,29419
51599,18535
51600,29430
51601,29432
51602,29433
51603,29433
51604,1150
51605,29419
51606,9809
51607,29438
51608,29438
51609,12043
51610,29444
51611,13568
51612,29443
51613,16294
51614,183
51615,10580
51616,29444
51617,8525
51618,930
51619,223
51620,7291
51621,29447
51622,30
51623,88
51624,2526
51625,25490
51626,29451
51627,1390
51628,29319
51629,29446
51630,29453
51631,29447
51632,28279
51633,29454
51634,29454
51635,7290
51636,29435
51637,2513
51638,13516
51639,29445
51640,27581
51641,13519
51642,4274
51643,4274
51644,27861
51645,14289
51646,29447
51647,29442
51648,29458
51649,29460
51650,10830
51651,29447
51652,26683
51653,6946
51654,18612
51655,29393
51656,919
51657,13968
51658,29463
51659,29282
51660,29461
51661,29433
51662,29433
51663,29435
51664,21054
51665,29438
51666,4862
51667,29171
51668,27581
51669,887
51670,29470
51671,2959
51672,29474
51673,9007
51674,29183
51675,29109
51676,8705
51677,29183
51678,19939
51679,29476
51680,4704
51681,3645
51682,29477
51683,1764
51684,805
51685,29109
51686,29458
51687,29458
51688,29183
51689,4856
51690,29452
51691,8067
51692,29483
51693,29483
51694,1658
51695,29442
51696,7787
51697,29452
51698,25979
51699,12177
51700,20061
51701,17817
51702,29476
51703,23790
51704,29475
51705,29475
51706,17315
51707,29494
51708,196
51709,948
51710,29452
51711,16888
51712,8662
51713,28361
51714,27590
51715,27590
51716,29461
51717,13555
51718,27306
51719,29501
51720,29502
51721,83
51722,1739
51723,25692
51724,11117
51725,28988
51726,26748
51727,21054
51728,29491
51729,29505
51730,28988
51731,29507
51732,29505
51733,16888
51734,29507
51735,26976
51736,28988
51737,13561
51738,919
51739,609
51740,29494
51741,4253
51742,3136
51743,29511
51744,4485
51745,29512
51746,20588
51747,14589
51748,29514
51749,28786
51750,29137
51751,8920
51752,29520
51753,29519
51754,29508
51755,1080
51756,29463
51757,21599
51758,24894
51759,29208
51761,22356
51762,5405
51763,6288
51764,29522
51765,13702
51766,17729
51767,10389
51768,29525
51769,22044
51770,22571
51771,29528
51772,29517
51773,29066
51774,13587
51775,29522
51776,29522
51777,26338
51778,11443
51779,919
51780,29531
51781,11319
51783,2898
51784,29522
51785,19692
51786,19692
51787,23607
51788,7706
51789,11048
51790,14073
51791,27915
51792,29535
51793,24137
51794,27334
51795,29537
51796,29495
51797,4485
51799,29541
51800,29541
51801,3026
51802,8758
51803,29522
51804,28120
51805,28120
51806,8758
51807,29535
51808,13038
51809,20283
51810,26224
51811,28120
51812,8702
51813,29283
51814,6000
51815,1224
51816,29535
51817,11242
51818,20707
51819,29544
51820,20917
51821,29068
51822,27577
51823,1307
51824,5404
51825,1307
51826,125
51827,27223
51828,29549
51829,29532
51830,29547
51831,26338
51832,5008
51833,10530
51834,29021
51835,25339
51836,29183
51837,29550
51838,3794
51839,29551
51840,28847
51841,29342
51842,19905
51843,28294
51844,29552
51845,29552
51846,21240
51847,13953
51848,29068
51849,29183
51850,29507
51851,29550
51852,5405
51853,12427
51854,28052
51855,29553
51856,9640
51857,29563
51858,9640
51860,159
51862,29566
51863,887
51864,29553
51865,1356
51866,7508
51867,919
51868,303
51869,20928
51870,28545
51871,16515
51872,29447
51873,29567
51874,28668
51875,13154
51876,21599
51877,25289
51878,10100
51879,28903
51880,52
51881,26553
51882,27581
51883,9013
51884,29327
51885,25910
51886,29575
51887,9811
51888,27581
51889,29576
51890,29579
51891,29570
51892,29577
51894,29579
51895,28436
51896,29021
51897,2310
51898,22311
51899,919
51900,29585
51901,919
51902,25919
51903,29586
51904,21964
51905,24599
51906,29581
51907,7983
51908,23822
51909,5295
51910,1894
51911,303
51912,29590
51913,29575
51914,28903
51915,7883
51916,29592
51917,29342
51918,10830
51919,28538
51920,13634
51921,29567
51922,29021
51923,2164
51924,7883
51925,29021
51926,29536
51927,25546
51928,29021
51929,66
51930,13797
51931,183
51932,29597
51933,29599
51934,6123
51935,11413
51936,1106
51937,29598
51938,14589
51939,29595
51940,11032
51941,7795
51942,26553
51943,23702
51944,29590
51945,18009
51947,29598
51948,1347
51949,26835
51950,9506
51951,29608
51952,6082
51953,21661
51954,6082
51955,29604
51956,29608
51957,29609
51958,5626
51960,29611
51961,1108
51962,29612
51963,29587
51964,253
51965,13154
51966,26553
51967,26553
51968,16116
51969,29575
51970,29575
51971,2552
51972,27577
51973,29618
51974,29620
51975,29621
51976,29624
51977,29624
51978,29621
51979,21240
51980,19815
51981,26549
51982,29620
51983,29628
51984,21599
51985,21599
51986,25867
51987,26338
51988,26981
51989,26267
51990,25867
51991,27859
51992,4267
51993,5721
51994,22311
51995,29586
51996,7883
51997,29634
51998,27261
51999,7883
52000,12373
52001,29637
52002,24753
52003,29636
52004,8724
52005,29208
52006,196
52007,5394
52008,14730
52009,919
52010,26224
52011,26224
52012,400
52013,27581
52014,29641
52015,29641
52016,27581
52017,28260
52018,25165
52019,14305
52020,29635
52022,2681
52023,26275
52024,9811
52025,20166
52026,29648
52027,29586
52028,29648
52029,17002
52030,12700
52031,25656
52032,29612
52033,21982
52034,1118
52035,20556
52036,27493
52037,18027
52038,2965
52039,2970
52040,29655
52041,29654
52042,24652
52043,13669
52044,13947
52045,6029
52046,10385
52047,29634
52048,24982
52049,25656
52050,2970
52051,7584
52052,8062
52053,7584
52054,22456
52055,8114
52056,29627
52057,8114
52058,11469
52059,29662
52060,29617
52061,29663
52062,29617
52063,29627
52064,29627
52065,17025
52066,29627
52067,21599
52068,29569
52069,29666
52070,28288
52071,13680
52073,23820
52074,13684
52075,29424
52076,18011
52077,2659
52078,255
52079,29672
52080,29626
52081,29675
52082,29636
52083,29617
52084,29673
52085,11475
52086,29677
52087,29677
52088,223
52089,29673
52090,29673
52091,919
52092,29653
52093,2040
52094,26267
52095,29678
52096,26232
52097,29672
52098,1381
52099,12548
52100,29679
52101,20972
52102,1994
52103,29681
52104,29681
52105,29684
52106,14730
52107,12257
52108,29684
52109,12257
52110,1898
52111,28988
52112,20363
52113,29676
52114,29681
52115,20363
52116,20363
52117,29065
52119,29692
52120,7883
52121,18011
52123,8610
52124,17817
52125,25522
52126,27099
52127,4755
52128,20042
52129,74
52130,29696
52131,29694
52132,6458
52133,29695
52134,29695
52135,29695
52136,25252
52137,4541
52138,17230
52139,28511
52140,29611
52141,7255
52142,945
52143,1118
52144,10580
52145,16059
52146,16059
52147,919
52148,13702
52149,29464
52150,29705
52151,686
52152,29709
52153,29709
52154,29704
52155,14846
52156,29710
52157,29713
52158,29713
52159,22571
52160,29716
52161,29721
52162,29710
52163,29713
52164,92
52165,211
52166,7290
52167,26232
52168,27581
52170,29727
52171,29728
52172,28412
52173,253
52174,29556
52175,27250
52176,21599
52177,13429
52178,13429
52179,27244
52180,17015
52181,28761
52182,28856
52183,27244
52184,29726
52185,29732
52186,29736
52187,29732
52188,29732
52189,28365
52190,29732
52191,29640
52192,28365
52193,29696
52194,29737
52195,29737
52196,29739
52197,29712
52198,20045
52199,12005
52200,12005
52201,13950
52202,2669
52203,1122
52204,13130
52205,28746
52206,2970
52207,7706
52208,2221
52209,11236
52210,29743
52211,29744
52212,29744
52213,2970
52214,4342
52215,29742
52216,29547
52217,29747
52218,6082
52219,29749
52220,29749
52221,17179
52222,28903
52223,29749
52224,1124
52225,29751
52226,28774
52227,28904
52228,6096
52229,29653
52230,29653
52231,29350
52232,29653
52233,29754
52234,29743
52235,29475
52236,29759
52237,29760
52238,29760
52239,29763
52240,2283
52241,29758
52242,13241
52243,14838
52244,17230
52245,945
52246,7945
52247,29765
52248,7141
52249,29766
52250,930
52251,22047
52252,29760
52253,29769
52254,4541
52255,27581
52256,25983
52257,5296
52258,16137
52259,24609
52260,29547
52261,29547
52262,16137
52263,12436
52264,29774
52265,21773
52266,29774
52267,20148
52268,29777
52269,29774
52270,14650
52271,460
52272,3541
52273,29760
52274,7706
52275,8686
52276,6129
52277,27581
52278,27967
52279,29605
52280,29688
52281,8975
52282,29787
52284,27329
52285,29785
52286,20344
52287,7907
52288,29779
52289,11051
52290,27244
52291,27244
52292,2817
52293,1146
52294,9251
52296,29792
52297,12359
52298,29793
52299,20457
52300,34
52301,29797
52302,29796
52303,29798
52304,29800
52305,198
52306,3379
52307,29781
52308,21621
52309,21149
52310,11051
52311,29770
52312,29778
52313,29806
52314,28774
52315,29802
52316,29809
52317,14143
52318,11148
52319,333
52320,26674
52321,4403
52322,29618
52323,29716
52324,26341
52325,11051
52326,29761
52327,10830
52328,29816
52329,29817
52330,29211
52331,12436
52332,17239
52333,29290
52334,29335
52335,12359
52336,29800
52337,20400
52338,573
52339,29820
52340,29820
52341,29825
52342,29829
52343,29792
52344,28783
52345,27581
52346,3277
52348,14144
52349,25691
52350,7259
52351,14144
52352,3277
52353,1026
52354,17714
52355,22133
52356,28079
52357,17676
52358,4505
52359,1118
52360,4505
52361,29832
52362,29689
52363,26206
52364,29841
52365,29779
52366,21599
52367,14417
52368,1329
52369,29816
52370,7639
52371,13312
52372,29847
52373,20917
52374,29816
52375,13804
52376,29854
52377,29854
52378,29183
52379,14646
52380,29859
52381,27240
52382,29816
52383,29857
52384,29822
52385,27014
52386,7355
52387,29857
52389,5739
52390,27014
52391,10830
52392,29792
52393,29792
52394,1191
52395,29863
52396,28327
52397,28454
52398,29617
52399,29816
52400,29868
52401,27319
52402,29868
52403,29597
52404,28327
52405,29617
52406,12828
52407,7616
52408,27581
52409,29065
52410,29861
52411,14646
52412,24106
52413,29795
52414,29617
52415,17308
52416,29871
52417,29820
52418,29873
52419,29875
52420,29873
52421,13818
52422,4054
52423,29874
52424,29736
52425,2669
52427,29829
52428,29617
52429,3242
52430,3382
52431,3277
52432,3277
52433,13818
52434,3242
52435,3242
52436,11708
52437,29874
52438,7482
52439,29886
52441,29820
52442,29820
52443,29889
52444,29820
52445,29696
52446,29852
52448,29894
52449,29894
52450,29893
52451,29886
52452,29630
52453,5751
52454,29901
52455,1395
52456,29631
52457,29903
52458,29894
52459,29903
52460,29909
52461,29906
52462,29872
52463,29911
52464,29340
52465,29869
52466,7832
52467,22228
52468,7594
52469,29736
52470,29915
52471,770
52472,29912
52473,8402
52474,29912
52475,29872
52476,29889
52478,29644
52479,23970
52480,12400
52481,29886
52482,29886
52483,26275
52484,27866
52485,279
52486,29920
52487,4456
52488,10026
52489,29914
52490,5650
52491,7616
52492,29921
52493,13815
52494,29914
52495,29924
52496,29537
52497,29491
52498,1520
52499,29914
52500,2970
52501,29617
52502,13234
52503,29926
52504,23970
52505,29829
52506,5176
52507,29929
52508,29923
52510,29869
52511,5296
52512,5296
52513,805
52514,29935
52515,29936
52516,27900
52517,22109
52518,7290
52519,29928
52520,27462
52521,8489
52522,29942
52523,7535
52524,29929
52525,28504
52526,12455
52527,29690
52528,3907
52529,364
52530,21840
52531,27462
52532,7344
52533,26232
52534,29953
52535,29915
52536,13815
52537,29941
52538,9003
52539,27581
52540,26960
52541,28191
52542,29549
52543,29953
52545,11127
52546,24517
52547,29944
52548,29948
52549,29943
52550,29956
52551,29238
52552,17010
52553,24517
52554,29447
52555,29685
52556,11763
52557,29926
52558,20363
52560,27623
52561,29922
52562,5
52563,29964
52564,11819
52565,2965
52566,29963
52567,29514
52568,805
52569,29598
52570,29965
52571,10487
52572,27250
52573,28640
52574,11455
52575,29969
52576,5725
52577,29452
52578,7290
52579,22468
52580,301
52581,18447
52582,29959
52583,11296
52584,29975
52585,29879
52586,4456
52587,4456
52588,29897
52589,28285
52590,27623
52592,29976
52593,29981
52594,29978
52595,28285
52596,29913
52597,22088
52598,8515
52599,4673
52600,13600
52601,26800
52602,29985
52603,29969
52604,29985
52605,19806
52606,29985
52607,25404
52608,29924
52609,29985
52610,29926
52611,29722
52612,27014
52613,13815
52614,9177
52615,26881
52616,23854
52617,29988
52618,27014
52619,29971
52620,13154
52621,29995
52622,29995
52623,29997
52624,29879
52625,1704
52626,13559
52627,29963
52628,29959
52629,29963
52630,8013
52631,10350
52632,8413
52633,10350
52634,29852
52635,29897
52636,30001
52637,22311
52638,22484
52639,27014
52640,14574
52641,30002
52642,4673
52643,24517
52644,24517
52645,30004
52646,11829
52647,11829
52648,30007
52649,24905
52650,30007
52651,30010
52652,30008
52653,29914
52654,30010
52655,12218
52656,5880
52657,17748
52658,21047
52659,686
52660,686
52661,183
52662,29590
52663,30012
52664,30016
52665,17748
52666,17748
52667,30018
52668,4783
52669,12938
52670,1195
52671,29020
52672,29695
52673,16643
52674,21599
52675,26696
52676,30022
52677,30026
52678,2817
52679,29020
52680,30014
52681,29695
52682,20633
52683,20633
52684,3077
52685,28988
52687,29924
52688,30031
52689,30023
52690,29936
52691,7740
52692,16101
52693,13915
52694,29355
52695,29355
52696,26584
52697,30034
52698,14640
52699,8552
52700,8552
52701,12496
52702,26440
52703,17661
52704,29765
52705,21621
52706,28668
52707,28668
52708,30043
52709,9887
52710,1098
52711,3488
52712,20633
52713,29775
52715,29331
52716,30052
52717,30050
52718,7417
52719,29617
52720,5875
52721,30049
52722,10619
52723,10619
52724,29765
52725,23854
52726,30035
52727,29783
52728,29786
52729,21240
52730,30064
52731,14076
52732,29437
52733,29544
52734,30066
52735,29789
52736,20148
52737,30069
52738,13610
52739,30069
52740,21599
52741,10117
52742,30073
52743,30074
52744,10037
52745,4290
52746,23785
52747,26838
52748,27900
52749,30078
52750,6141
52751,601
52752,601
52753,29994
52754,29994
52755,16306
52756,24894
52757,29779
52758,29576
52759,776
52760,30081
52761,29997
52762,29340
52763,29618
52764,13561
52765,13525
52766,30084
52767,21030
52768,20036
52769,17617
52770,2310
52771,8288
52772,29109
52773,12752
52774,30091
52776,30091
52777,30091
52778,30001
52780,30091
52781,27581
52782,22047
52783,20639
52784,11411
52785,29617
52786,30036
52787,30094
52788,30094
52789,30094
52790,17617
52791,582
52792,601
52793,4083
52794,20790
52795,656
52796,14076
52797,29823
52798,13962
52799,25656
52800,30097
52802,29936
52803,29994
52804,17230
52805,12752
52806,25212
52807,30099
52808,27464
52809,14143
52810,20790
52811,14589
52812,14599
52813,12752
52814,919
52815,30070
52816,21650
52817,30102
52818,6248
52819,25846
52820,22110
52821,29914
52822,29914
52823,14514
52824,27492
52825,13702
52827,30107
52828,30091
52829,9886
52830,18287
52831,24771
52832,24503
52833,11441
52834,24137
52835,18164
52836,14715
52838,4967
52839,30115
52840,30116
52841,30116
52842,5674
52843,11867
52844,24894
52845,24344
52846,23607
52847,23607
52848,30122
52849,30123
52850,30111
52851,25212
52852,976
52853,4856
52854,4856
52855,14076
52856,26283
52857,30036
52858,30036
52859,24515
52860,30121
52861,26584
52862,30125
52863,14715
52864,30124
52865,10760
52866,4257
52867,4257
52868,26584
52869,17230
52870,30129
52871,30129
52872,29617
52873,1583
52874,6000
52875,29992
52876,30131
52877,778
52878,30124
52879,30124
52880,25632
52881,5525
52882,12005
52883,5525
52884,5525
52885,21248
52886,20148
52887,30133
52888,30133
52889,12562
52890,11829
52891,11829
52892,30137
52893,5927
52894,22426
52895,8927
52896,29617
52897,14589
52898,30139
52899,29686
52900,25
52901,601
52902,12975
52903,25
52904,30142
52905,24449
52906,30137
52907,12306
52908,2958
52909,8705
52910,25041
52911,12401
52912,9576
52913,29374
52915,21829
52916,13147
52917,11060
52918,30153
52919,27765
52920,30100
52921,30161
52922,6142
52923,30161
52924,11127
52926,4253
52927,18290
52928,30131
52929,5546
52930,30155
52931,30161
52932,30155
52933,30167
52934,30173
52935,30155
52936,4083
52937,30172
52938,5768
52939,8565
52940,28130
52941,30172
52942,27765
52943,30133
52944,30175
52945,30172
52946,29765
52947,7504
52948,2126
52949,28051
52950,12752
52951,4278
52952,30177
52953,30125
52954,30125
52955,26997
52956,10314
52957,30179
52958,30147
52959,29876
52960,22311
52961,8670
52962,30161
52963,14701
52964,30174
52965,30183
52966,25142
52967,30155
52968,30091
52969,30183
52970,30185
52971,30183
52972,30155
52973,26496
52974,29882
52975,21521
52976,27613
52977,30190
52978,30100
52979,9671
52980,30192
52982,30186
52983,30192
52984,12359
52985,30174
52986,29001
52987,30174
52988,30197
52989,30197
52990,30196
52991,30197
52992,12306
52993,30200
52994,27008
52995,11552
52996,30187
52997,253
52998,12419
52999,30197
53000,14383
53001,11477
53002,12419
53003,17760
53004,30204
53005,17931
53006,30198
53007,28074
53008,30198
53009,30208
53010,28074
53011,29689
53012,11469
53013,30186
53014,30214
53015,30217
53016,30121
53017,25212
53018,27795
53019,7244
53020,6277
53021,6178
53022,30218
53023,28524
53024,28524
53025,26501
53026,30066
53027,30066
53028,30187
53029,30017
53030,601
53031,6229
53032,30229
53033,9342
53034,30222
53035,2164
53036,30227
53037,24587
53038,12752
53039,2310
53040,30233
53041,30172
53042,30236
53043,30235
53044,29943
53045,12752
53046,30235
53047,30227
53048,29943
53049,30239
53050,30240
53051,12752
53052,30239
53053,29971
53054,25615
53055,30247
53056,2798
53057,11556
53058,8940
53059,3348
53060,29898
53061,29751
53062,30248
53063,8927
53064,11032
53065,30251
53066,24743
53067,11032
53068,12752
53069,30251
53070,21352
53071,22228
53072,13804
53073,25629
53074,30252
53075,4253
53077,22444
53078,7417
53079,30259
53080,19885
53081,10389
53082,28856
53083,12796
53084,17898
53085,22587
53086,5547
53087,30261
53088,30251
53089,30260
53090,30264
53091,10994
53092,24587
53093,28420
53094,29068
53095,28524
53096,12436
53097,19809
53098,6184
53099,28516
53100,29068
53101,30267
53102,27765
53103,29068
53104,27765
53105,603
53106,4432
53107,29765
53108,30271
53109,24587
53110,30267
53111,24587
53112,30276
53113,30275
53114,26283
53115,28724
53116,27765
53117,10776
53118,30271
53119,30252
53120,30280
53121,30271
53122,30284
53123,11441
53124,30147
53125,13310
53126,4344
53127,30266
53128,30179
53129,30280
53130,29176
53131,29867
53132,30290
53133,30269
53134,16380
53136,30192
53137,21054
53138,29177
53139,30294
53140,30297
53141,7071
53142,30297
53143,29161
53144,30299
53145,30035
53146,30301
53148,30039
53149,30302
53150,22278
53152,30305
53153,6329
53154,30307
53155,22278
53156,22278
53157,5429
53158,27743
53159,30313
53160,28903
53161,6479
53162,7290
53163,30315
53164,29934
53165,24492
53166,30318
53167,30319
53168,30057
53169,29934
53170,30321
53171,2742
53172,30323
53173,7290
53174,919
53175,13419
53176,30327
53177,30018
53178,29431
53179,23890
53180,30017
53181,30331
53182,1495
53183,30192
53184,26881
53185,23890
53186,30308
53187,1307
53188,601
53189,26881
53190,29943
53191,30343
53192,29943
53193,30343
53194,29943
53195,30344
53196,7290
53197,11826
53198,14346
53199,28285
53200,30080
53201,333
53202,29329
53203,28627
53204,27495
53205,30347
53206,30348
53207,28746
53208,11279
53209,15913
53210,30205
53211,449
53212,30350
53213,30352
53214,30260
53215,12005
53216,6454
53217,30277
53218,27086
53219,6199
53220,18341
53221,30331
53222,30331
53223,930
53224,8489
53225,14675
53226,17042
53227,4769
53228,18567
53229,30359
53230,4769
53231,4541
53232,27086
53233,23972
53234,14803
53235,30361
53236,30202
53237,28220
53238,28220
53239,3826
53240,29617
53241,25184
53242,28746
53243,2546
53244,21240
53245,5829
53246,17230
53247,2714
53248,25936
53249,4862
53250,1443
53251,14860
53252,966
53253,30355
53254,24617
53255,22468
53256,2660
53257,3794
53258,3277
53259,858
53260,11708
53261,22311
53262,14675
53263,138
53264,334
53265,4485
53267,21054
53268,8013
53269,8927
53270,2917
53271,30354
53272,30355
53273,386
53274,3305
53275,4505
53276,7290
53277,3835
53278,1549
53279,919
53280,12208
53281,2252
53282,22543
53283,16175
53284,5880
53285,24808
53286,6446
53287,20556
53288,704
53289,10172
53290,5055
53291,442
53292,686
53293,7421
53294,17809
53295,30354
53296,10354
53297,8960
53298,1329
53299,17661
53300,4737
53301,10675
53302,9964
53303,2798
53304,4812
53305,2392
53306,2592
53307,9394
53308,159
53309,30012
53310,1390
53311,19879
53312,2970
53313,930
53314,22047
53315,30072
53316,30365
53317,1390
53318,5339
53319,1036
53320,29746
53321,22452
53322,1191
53323,7250
53324,30301
53325,14741
53326,71
53327,27416
53328,21054
53329,26357
53330,2958
53331,3262
53332,21599
53333,183
53334,9007
53335,30355
53336,805
53337,13138
53338,11623
53339,6723
53340,2719
53341,24000
53342,19815
53343,30086
53344,5503
53345,930
53346,11820
53347,12786
53348,11240
53349,4048
53350,1270
53351,14730
53352,8373
53353,24790
53354,28903
53355,30368
53356,29068
53357,12566
53358,29787
53359,8402
53360,27403
53361,7365
53362,25433
53363,10524
53364,9253
53365,23890
53366,7170
53367,14888
53368,5795
53369,11849
53370,2526
53371,9866
53372,10823
53373,5836
53374,23853
53375,7788
53376,30375
53377,18215
53379,6029
53380,8413
53381,81
53382,13201
53383,7647
53384,13034
53385,30377
53386,14463
53387,144
53388,1351
53389,603
53390,27581
53391,30379
53392,1351
53393,11030
53394,30308
53395,17463
53396,2116
53397,930
53398,30380
53399,307
53400,2981
53401,4864
53402,2150
53403,30375
53404,30314
53405,28504
53406,11915
53407,13804
53408,30385
53409,8165
53410,88
53411,28738
53412,7425
53413,27026
53414,5919
53415,805
53416,30387
53417,27854
53418,29787
53419,29787
53420,30389
53421,30389
53422,29109
53423,28738
53424,16380
53425,28644
53426,9583
53427,12085
53428,6248
53429,7690
53430,21356
53431,25936
53432,3265
53433,30392
53434,22468
53435,26338
53436,26014
53437,4856
53438,29707
53439,24311
53440,30395
53441,25936
53442,30395
53443,30395
53444,10026
53445,12318
53446,1540
53447,6961
53448,25629
53449,5739
53450,30390
53451,1390
53452,30399
53453,30397
53454,30227
53455,30360
53456,30395
53457,30287
53458,29386
53459,7071
53460,1390
53461,961
53462,30318
53463,29707
53464,30403
53465,30409
53466,30235
53467,2111
53468,229
53469,30308
53470,11242
53471,2126
53472,30139
53473,1977
53474,2898
53475,3401
53476,1709
53477,19998
53478,30394
53479,5405
53480,17072
53481,28481
53482,14163
53483,28481
53484,30394
53485,1347
53487,13519
53488,13519
53489,3401
53490,9429
53491,30403
53492,30415
53493,27145
53495,27145
53496,1390
53497,30417
53498,30416
53499,29386
53500,29386
53501,30388
53502,26957
53503,30420
53504,10069
53505,30418
53506,30419
53507,1569
53508,30153
53509,13680
53510,30397
53511,29984
53512,9249
53513,2316
53514,30420
53515,3582
53516,25419
53517,5646
53518,6082
53519,9177
53520,30239
53521,1352
53522,1934
53523,12446
53524,30412
53525,3411
53526,30376
53527,29774
53528,264
53529,30348
53530,30428
53531,30348
53532,13047
53533,1913
53534,30426
53535,30409
53536,30409
53537,30431
53538,30170
53539,30400
53540,19981
53541,30432
53542,17275
53543,30417
53544,11441
53545,1657
53546,24144
53548,30275
53549,887
53550,30433
53551,29707
53552,30432
53554,27099
53555,30404
53556,30436
53557,26279
53558,29169
53559,29169
53560,30438
53561,27795
53562,29590
53563,30399
53564,8067
53565,30091
53566,4340
53567,8190
53568,30389
53569,30435
53570,30432
53571,13935
53572,4843
53573,10109
53574,20381
53575,28524
53576,30447
53577,10449
53578,30446
53579,10055
53580,2148
53581,1390
53582,3595
53583,24341
53584,30451
53585,8447
53586,24073
53587,29690
53588,14187
53589,8451
53590,4002
53591,30191
53592,30454
53593,30454
53594,14188
53595,253
53596,9568
53597,862
53598,996
53599,29137
53600,29169
53601,30237
53602,8373
53603,36
53604,6369
53605,30438
53606,2921
53607,25807
53608,3019
53609,30270
53610,30220
53611,30460
53612,30460
53613,30460
53614,7828
53615,30460
53616,30462
53617,9950
53618,27812
53619,30464
53620,9876
53621,30206
53622,30426
53623,4922
53624,4922
53625,30463
53626,12078
53627,28285
53628,7616
53629,30237
53630,12218
53631,30466
53632,30463
53633,30467
53634,30459
53635,3835
53636,30211
53637,30192
53638,30445
53639,30470
53640,29863
53641,26696
53642,30454
53643,8218
53644,29597
53645,26756
53646,22405
53647,30473
53648,19883
53649,28940
53650,21967
53651,2622
53652,29597
53653,1356
53654,7733
53655,24765
53656,30118
53657,996
53658,30474
53659,30456
53660,29109
53661,21803
53662,8588
53663,30475
53664,22405
53665,30223
53666,30451
53667,30476
53668,89
53669,30477
53670,30476
53671,30478
53672,4829
53673,30477
53674,30481
53675,16666
53676,18152
53677,30481
53678,30481
53679,28420
53680,30479
53681,27473
53682,919
53684,9639
53685,30487
53686,30489
53687,30485
53688,4505
53689,18268
53690,29870
53691,253
53692,30453
53693,4454
53694,30490
53695,30490
53696,588
53697,30490
53701,30490
53702,30237
53703,16049
53704,22250
53705,5053
53706,30495
53707,919
53710,30499
53711,18268
53712,30497
53713,30501
53714,7734
53715,11511
53716,919
53717,919
53718,30490
53719,919
53720,919
53721,1390
53722,16612
53723,14526
53724,30413
53725,30453
53726,1118
53727,30429
53728,30429
53729,27099
53730,30506
53731,29376
53732,30429
53733,21985
53734,21985
53735,24414
53736,24414
53737,4976
53738,30376
53739,4976
53740,13554
53741,21216
53742,30510
53743,4253
53744,30510
53745,17301
53746,12223
53747,22587
53748,30201
53749,8507
53750,10456
53751,27301
53752,5594
53753,8006
53754,29176
53755,7421
53756,30429
53757,25867
53758,30516
53759,30460
53760,11509
53761,30501
53762,30512
53763,30501
53764,1146
53765,10998
53766,30518
53767,19848
53768,13047
53769,2040
53770,29519
53771,9007
53772,4764
53773,30520
53774,25839
53775,6547
53776,30510
53777,30523
53778,30501
53779,30523
53780,16239
53781,30526
53782,1381
53783,30521
53784,1764
53785,30523
53786,30512
53787,30530
53788,6009
53789,4514
53790,30531
53791,29090
53792,1036
53793,30535
53794,5464
53795,16974
53796,30512
53797,30201
53798,26206
53799,28903
53800,7486
53801,22323
53802,30530
53803,29991
53804,25839
53805,30237
53806,11756
53807,930
53808,16580
53809,30539
53810,30543
53811,29825
53812,5836
53813,11441
53814,30547
53815,30546
53816,1390
53817,3077
53818,12540
53819,27433
53820,4610
53821,30548
53822,17539
53823,24765
53824,251
53825,27464
53826,27621
53827,6244
53828,30308
53829,30548
53830,30548
53831,30487
53832,30557
53833,30473
53834,14672
53835,17913
53836,30558
53837,4843
53838,16298
53839,30563
53840,30567
53841,30563
53842,30309
53843,9216
53844,30569
53845,30569
53846,17230
53847,4505
53848,30571
53849,29825
53850,29825
53851,3331
53852,30438
53853,13047
53854,30314
53855,30317
53856,30572
53857,30438
53858,17661
53859,14289
53860,5836
53861,28413
53862,6446
53863,14024
53864,9079
53865,7290
53866,30473
53867,22047
53868,30574
53870,30460
53871,30547
53872,7290
53874,183
53875,29611
53876,9577
53877,30580
53878,30336
53879,5739
53880,20585
53881,30582
53882,28472
53883,29611
53884,30201
53885,30351
53886,11148
53887,17908
53888,8024
53889,7290
53890,6112
53891,18462
53892,30344
53893,11127
53894,930
53895,30591
53896,30589
53897,30586
53898,30592
53899,20235
53900,30593
53901,25078
53902,30308
53903,1764
53904,7508
53905,805
53906,30597
53907,13795
53908,2817
53909,30453
53910,30595
53911,10998
53912,30172
53913,30596
53914,30602
53915,13795
53916,21827
53917,287
53918,30602
53919,30602
53920,30602
53921,30603
53922,30603
53923,30603
53924,30603
53925,30598
53926,30586
53927,16859
53928,29020
53929,30611
53930,30595
53931,30577
53932,30609
53933,21599
53934,30613
53935,29688
53936,30612
53937,30577
53938,30614
53939,30577
53940,30611
53941,30614
53942,6220
53943,27356
53944,30362
53945,82
53946,13987
53947,110
53948,6078
53949,7135
53950,4856
53951,22468
53952,28903
53953,21599
53954,2714
53955,4111
53956,10132
53957,8116
53958,27433
53959,30155
53960,8373
53961,12446
53962,7135
53963,2958
53964,21054
53965,14860
53966,1466
53967,4456
53968,6633
53969,10132
53970,1466
53971,6029
53972,9253
53973,17230
53974,6633
53975,930
53976,8960
53977,13962
53978,3589
53979,2195
53980,2252
53981,2195
53982,8013
53984,4456
53985,1456
53986,20633
53987,13669
53988,14803
53989,8413
53990,22452
53991,1390
53992,14803
53993,11756
53994,22518
53995,27099
53996,19848
53997,20463
53998,9583
53999,20633
54000,10172
54001,11708
54002,13669
54003,20463
54004,18584
54005,11756
54006,11060
54007,11756
54008,2921
54009,30612
54010,14574
54011,7515
54012,20915
54013,5641
54014,27433
54015,14574
54016,24808
54017,4240
54018,7515
54019,20915
54020,19848
54021,170
54022,14443
54023,14443
54024,14650
54025,24073
54026,170
54027,6976
54028,7119
54029,7119
54030,29183
54031,6174
54032,1349
54033,5739
54034,29183
54035,6976
54036,6174
54037,6828
54038,30581
54039,11328
54040,25339
54041,10416
54042,9004
54043,9676
54045,2798
54046,9004
54047,9676
54048,17987
54049,11279
54050,11279
54051,5176
54052,30624
54053,10543
54054,10543
54055,5271
54056,4426
54057,3546
54058,2592
54059,3546
54060,10633
54061,10633
54062,13254
54063,13254
54064,88
54065,11187
54066,11187
54067,28959
54068,17661
54069,28959
54070,30593
54071,3826
54072,3929
54073,3929
54074,597
54075,597
54076,10259
54077,12393
54078,29611
54079,30628
54080,1390
54081,7306
54082,7306
54084,23790
54085,5836
54086,9657
54087,23790
54088,9657
54089,8030
54090,27142
54091,6828
54092,3186
54093,30460
54094,805
54095,3186
54096,30630
54097,25944
54098,17042
54099,9007
54100,2522
54101,2522
54102,1894
54103,29537
54104,27142
54105,13474
54106,13047
54107,13474
54108,30628
54109,9437
54110,7448
54111,7448
54112,21655
54113,28988
54114,28988
54115,1390
54116,5053
54117,3382
54118,686
54119,4319
54120,4319
54121,4485
54122,14741
54123,6828
54124,3485
54125,12463
54126,2820
54127,30223
54128,1261
54129,14323
54130,14323
54131,4521
54132,4521
54133,30633
54134,27495
54135,3277
54136,30642
54137,30642
54138,30643
54139,26881
54140,30643
54141,14514
54142,11522
54143,11522
54144,24097
54145,9405
54146,4011
54147,4011
54148,159
54149,10829
54150,10829
54151,14728
54152,26435
54153,26435
54154,30644
54155,11707
54156,11707
54157,7453
54158,30650
54159,28761
54161,103
54162,103
54163,5635
54164,5635
54165,30577
54166,3330
54167,12307
54168,5931
54169,5931
54170,10584
54171,6078
54172,10584
54173,4101
54174,30584
54175,8205
54176,30192
54177,30652
54178,27813
54179,2914
54180,2914
54181,9249
54182,7008
54183,11060
54184,27276
54185,27276
54186,16843
54187,29020
54188,6664
54189,478
54190,13799
54191,30201
54192,11588
54193,478
54194,11588
54195,2405
54196,28940
54197,506
54198,28928
54199,229
54200,28928
54201,19767
54202,13526
54203,506
54204,13526
54205,30657
54206,30308
54207,30658
54208,26743
54209,30636
54210,30628
54211,30660
54212,4147
54213,4147
54214,6015
54215,6015
54216,17908
54217,6957
54218,6957
54219,16101
54220,16101
54221,26743
54222,29288
54223,30656
54224,23853
54225,175
54226,175
54227,2316
54228,2316
54229,30664
54230,21030
54231,30661
54232,3594
54233,24671
54234,24671
54235,29386
54236,890
54237,24728
54238,27301
54239,30633
54240,890
54241,24728
54242,25986
54243,8960
54244,13538
54245,8462
54246,13538
54247,14203
54248,8507
54249,12419
54250,12419
54251,6664
54252,27765
54253,14203
54254,27765
54255,30139
54256,12218
54257,30389
54258,27854
54259,13987
54260,10907
54261,13987
54262,30666
54263,30667
54264,21771
54265,30667
54266,29956
54267,8464
54268,8464
54269,30670
54270,18644
54271,30351
54272,7788
54273,7883
54274,7883
54275,5221
54276,29068
54277,4274
54279,30613
54280,30205
54281,5221
54282,25986
54283,1520
54284,4274
54285,11511
54286,26338
54287,28707
54288,8413
54289,4856
54290,30677
54291,6434
54292,5003
54293,4317
54294,30670
54295,29956
54296,28524
54297,743
54298,8413
54299,743
54300,30666
54301,11408
54302,29109
54303,15959
54304,15959
54305,22543
54306,30656
54307,11408
54308,25865
54309,3984
54310,3577
54311,4778
54312,4778
54313,30682
54314,30636
54315,20603
54316,30501
54317,16662
54318,1389
54319,1389
54320,30684
54321,12752
54322,13047
54323,3025
54324,3025
54325,183
54326,17591
54329,28464
54331,16319
54332,16319
54334,3277
54335,4496
54336,15952
54337,12318
54338,30671
54339,30688
54340,19848
54342,1763
54343,30695
54344,14363
54345,6875
54346,5405
54347,7721
54348,30205
54349,19998
54350,30351
54351,30699
54352,19879
54353,11060
54354,6917
54355,188
54356,5739
54357,12053
54358,17226
54359,30700
54360,30611
54361,2025
54362,30695
54363,30582
54364,6917
54365,30703
54366,2116
54367,7290
54368,22047
54369,30694
54370,30703
54371,7291
54372,11116
54373,11116
54374,22417
54375,9534
54376,264
54377,23671
54378,17275
54379,30706
54380,30706
54381,30682
54382,22311
54383,28892
54384,7290
54385,30682
54386,30682
54387,30577
54388,30710
54389,26586
54390,253
54391,26586
54392,7071
54393,22545
54394,30714
54395,30436
54396,8165
54397,1036
54398,10139
54399,3277
54400,13390
54401,3277
54402,13390
54403,26586
54404,30715
54405,30713
54406,30715
54407,442
54408,2981
54409,30442
54410,30630
54411,30630
54412,30520
54413,919
54414,3601
54415,8200
54416,30719
54417,776
54418,776
54420,16897
54421,8200
54422,27838
54423,27838
54424,26594
54425,919
54426,196
54427,196
54428,2898
54429,6484
54430,1224
54431,30722
54432,4764
54433,30723
54434,30232
54435,12463
54436,30725
54437,28738
54438,27403
54439,12053
54440,17454
54441,21356
54442,12005
54443,30727
54444,3331
54445,30729
54446,30727
54447,1663
54448,20654
54449,19999
54450,20932
54451,919
54452,1021
54453,22545
54454,19999
54455,22082
54456,27693
54457,3919
54458,3919
54459,16974
54460,7970
54461,6575
54462,16210
54463,17541
54464,17541
54465,17714
54466,7291
54467,21668
54468,30479
54469,10259
54470,20622
54471,805
54472,805
54473,22570
54474,805
54475,26487
54476,30736
54477,26487
54478,26756
54479,22407
54480,13526
54481,21443
54482,21443
54483,26886
54484,10563
54485,30657
54486,5465
54487,27581
54488,30740
54489,10563
54490,30742
54491,643
54492,27812
54493,30744
54494,6664
54495,30746
54496,6664
54497,19767
54498,933
54499,27435
54500,2148
54501,27435
54502,30341
54503,27435
54504,30747
54505,28726
54506,27475
54507,5274
54508,6489
54509,5049
54510,22162
54511,12106
54512,21356
54513,29597
54514,30753
54515,30751
54516,30753
54517,5501
54518,30751
54519,5501
54520,30755
54521,30742
54522,30633
54523,5539
54524,6957
54525,16666
54526,6907
54527,103
54528,30758
54529,5836
54530,30758
54531,28546
54532,13867
54533,6941
54534,29941
54535,12858
54536,28524
54537,13047
54538,2426
54539,686
54540,919
54541,5053
54542,9342
54543,887
54544,3681
54545,30628
54546,4253
54547,6768
54548,6768
54549,2824
54550,30761
54551,29862
54552,30762
54553,28345
54554,30764
54555,30236
54556,30763
54557,30765
54558,4856
54559,30687
54560,30687
54561,30764
54562,6653
54563,2676
54564,9887
54565,30722
54566,9887
54567,30516
54568,253
54569,30516
54570,8320
54571,10268
54572,10268
54573,9015
54574,30763
54575,25
54576,22196
54577,30773
54578,5509
54579,10217
54581,8401
54582,22196
54583,30770
54584,5936
54585,21655
54586,11091
54587,11091
54588,10580
54589,10268
54590,21626
54591,30657
54592,29377
54593,30756
54594,30785
54595,14226
54596,1390
54597,30756
54598,5274
54599,9097
54600,643
54601,19879
54602,20047
54603,30623
54604,30789
54605,442
54606,30782
54607,30756
54608,30655
54609,30770
54610,30232
54611,30633
54612,30790
54613,28231
54614,30633
54615,5647
54616,442
54617,30670
54618,30791
54619,27576
54620,30792
54621,28285
54622,30792
54623,27576
54624,30613
54625,14464
54626,30761
54627,8960
54628,14434
54629,30794
54630,13526
54631,16939
54632,20483
54633,10760
54634,23774
54635,23774
54636,30764
54637,18244
54638,18244
54639,14803
54640,27401
54641,12347
54642,7555
54643,29547
54644,28439
54645,1496
54646,5215
54647,11268
54648,5429
54649,24450
54650,30794
54651,28705
54652,442
54653,14803
54654,892
54655,4564
54656,4598
54657,400
54658,14443
54659,29640
54660,30805
54661,25212
54662,25212
54663,12857
54664,12857
54665,28644
54666,11060
54667,22225
54668,6957
54669,4376
54670,30794
54671,2958
54672,6877
54673,3835
54674,30807
54675,30807
54676,29137
54677,7290
54678,919
54679,17359
54680,2970
54681,30815
54682,30313
54683,30313
54684,30066
54685,30796
54686,30809
54687,30816
54688,7018
54689,21072
54690,17322
54691,21072
54692,14463
54693,30540
54694,30813
54695,26335
54696,20833
54697,28746
54698,7918
54699,30540
54700,28637
54701,17124
54702,17124
54703,8413
54704,8413
54705,28420
54706,3178
54707,1261
54708,172
54709,1390
54710,27114
54711,30331
54712,11458
54713,11458
54714,1443
54715,11458
54716,9216
54717,27261
54718,27261
54719,230
54720,30831
54721,11691
54722,27433
54723,6917
54724,30460
54725,5549
54726,26206
54727,30838
54728,30837
54729,30564
54730,30831
54731,13525
54732,6552
54733,30568
54734,30843
54735,27435
54736,3270
54737,3270
54738,30838
54739,29891
54740,30847
54741,30705
54742,28903
54743,12627
54744,14530
54745,30232
54746,28546
54747,30846
54748,27435
54749,30460
54750,30761
54751,7895
54752,4862
54753,27519
54754,30852
54755,30827
54756,30853
54757,30853
54758,8041
54759,18245
54760,3577
54761,12359
54762,2719
54763,27861
54764,7250
54765,11891
54766,7290
54767,27007
54768,30859
54769,5504
54770,29640
54771,30840
54772,30202
54773,7290
54774,30862
54775,30862
54776,23820
54777,2836
54778,183
54779,30623
54780,28472
54781,7395
54782,4531
54783,4531
54784,30627
54785,30773
54786,11984
54787,10278
54788,3376
54789,26338
54790,6577
54791,7251
54792,7251
54793,24539
54794,6579
54795,30865
54796,4505
54797,4505
54798,30840
54799,16049
54800,27435
54801,10675
54802,8102
54803,30596
54804,3794
54805,30867
54806,7290
54807,25743
54808,25743
54809,9738
54810,27240
54811,30872
54812,12014
54813,30872
54814,30874
54815,30403
54816,30876
54817,25873
54818,30863
54819,27435
54820,30875
54821,30883
54822,253
54823,23981
54824,23981
54825,30853
54826,30853
54827,4598
54828,21096
54829,23891
54830,5055
54831,30846
54832,30846
54833,30623
54834,7972
54835,7972
54836,27435
54837,3693
54838,1537
54839,1537
54840,30777
54841,6957
54842,261
54843,30893
54844,28545
54845,22419
54846,13966
54847,30896
54848,14514
54849,546
54850,27435
54851,5836
54852,30152
54853,3262
54854,30897
54855,29617
54856,7290
54857,30867
54858,30900
54859,20790
54860,2942
54861,25969
54862,30876
54863,29764
54864,11511
54865,21686
54866,30908
54867,22152
54868,27854
54869,10378
54870,19879
54871,30646
54872,858
54873,29335
54874,2046
54875,30914
54876,30915
54877,30916
54878,30917
54879,30917
54880,30920
54881,17818
54882,29764
54883,30916
54884,30777
54885,30777
54886,30874
54887,6673
54888,30921
54889,30913
54890,253
54891,27007
54892,28740
54893,27058
54894,8557
54895,30925
54896,28510
54897,30917
54898,30913
54899,16811
54900,30876
54901,30927
54902,13817
54903,30463
54904,6301
54905,30928
54906,29877
54907,30927
54908,279
54909,30934
54910,279
54911,30930
54912,30935
54913,17818
54914,30800
54915,20780
54916,3619
54917,30609
54918,28545
54919,30880
54920,30937
54921,17072
54922,2126
54923,805
54924,30942
54925,29463
54926,7918
54927,30940
54928,30943
54929,30677
54930,30944
54931,30351
54932,30904
54933,30945
54934,88
54935,5751
54936,4496
54937,11511
54938,17475
54939,30916
54940,30916
54941,17818
54942,30950
54943,16821
54944,5718
54945,14546
54946,183
54947,686
54948,7661
54949,20556
54950,4673
54951,30950
54952,226
54953,5919
54954,8155
54955,28740
54956,30917
54957,29877
54958,30951
54959,1138
54960,28740
54961,30962
54962,28740
54963,29596
54964,13669
54965,30584
54966,30951
54967,30967
54968,24521
54969,24521
54970,25068
54971,25068
54972,27301
54973,9141
54974,22419
54975,26487
54976,30395
54977,14560
54978,253
54979,30972
54980,17230
54981,6123
54982,30956
54983,13519
54984,449
54985,30773
54986,23607
54987,30906
54988,30976
54989,30975
54990,25659
54991,30978
54992,30977
54993,10139
54994,28275
54995,24198
54996,4496
54997,30983
54998,17614
54999,27418
55000,30943
55001,8595
55002,30473
55003,9007
55004,11438
55005,24577
55006,30991
55007,30882
55008,30991
55009,30975
55010,9162
55011,24199
55012,21341
55013,30992
55014,30996
55015,16896
55016,30997
55017,29694
55018,30991
55019,30998
55020,930
55021,8807
55022,31002
55023,1150
55024,31006
55025,28928
55026,31007
55027,29068
55028,29694
55029,29694
55030,31004
55031,31004
55032,30733
55033,31004
55034,1224
55035,12334
55036,30866
55037,31003
55038,18584
55039,18584
55040,20182
55041,31017
55042,31018
55043,3125
55044,4344
55045,31019
55046,3277
55047,30594
55048,30152
55049,5501
55050,31026
55051,30917
55052,31023
55053,28231
55054,10862
55055,30602
55056,4361
55057,5053
55058,4133
55059,30376
55060,31003
55061,12181
55062,31007
55063,29629
55064,14730
55065,30749
55066,16789
55067,27838
55068,30750
55069,30752
55070,25343
55071,25336
55072,26356
55073,21599
55074,968
55075,30951
55076,1390
55077,30977
55078,30990
55079,31035
55080,29640
55081,30975
55082,31037
55083,21066
55084,31026
55085,26432
55086,6633
55087,26342
55088,30966
55089,17818
55090,30966
55091,31035
55092,30971
55093,110
55094,28226
55095,28086
55096,31035
55097,31035
55098,31047
55099,30516
55100,30998
55101,31036
55102,6637
55103,31055
55104,12646
55105,31055
55106,30775
55107,4169
55108,9568
55109,6640
55110,74
55111,8317
55112,8165
55113,13999
55114,30863
55115,13999
55116,31059
55117,31060
55118,16542
55119,21413
55120,442
55121,16542
55122,26206
55123,30840
55124,8853
55125,30473
55126,31057
55127,14640
55128,7546
55129,20539
55130,16032
55131,31073
55132,30815
55133,13999
55134,13999
55135,31059
55136,27435
55137,1390
55138,1499
55139,20587
55140,21356
55141,8920
55142,2970
55143,24982
55144,30473
55145,24982
55146,21655
55147,31083
55148,30971
55149,3186
55150,30971
55151,7171
55152,30925
55153,30971
55154,21160
55155,31086
55156,30712
55157,7546
55158,14653
55159,13714
55160,21746
55161,30877
55162,31079
55163,31082
55164,31071
55165,3855
55166,6829
55167,13714
55168,11511
55169,30594
55170,16263
55171,8207
55172,21152
55173,14661
55174,30712
55175,6920
55176,2911
55177,31091
55178,20148
55179,30595
55180,31090
55181,31095
55182,31095
55183,8114
55184,30227
55185,21154
55186,21749
55187,31060
55188,31097
55189,30906
55190,25299
55191,25299
55192,30951
55193,31101
55194,3827
55195,20682
55196,31104
55197,26160
55198,8141
55199,14675
55200,31107
55201,31104
55202,31109
55203,14679
55204,20587
55205,18005
55206,3855
55207,29825
55208,3186
55209,3186
55210,31113
55211,6666
55212,31116
55213,31120
55214,3855
55215,31086
55216,30351
55217,30712
55218,29522
55219,31124
55220,30712
55221,25325
55222,10849
55223,22314
55224,13420
55225,11511
55226,31126
55227,24361
55228,30755
55229,30755
55230,3835
55231,30755
55232,31132
55233,31133
55234,30299
55235,30705
55236,31090
55237,7595
55238,31134
55239,31139
55241,17147
55242,31140
55243,31130
55244,10675
55245,5739
55246,28013
55247,30845
55248,31143
55249,31144
55250,1833
55251,31146
55252,31146
55253,30755
55254,30755
55255,25165
55256,31148
55257,31148
55258,14120
55259,7555
55260,14554
55261,22314
55262,31147
55263,30016
55264,16922
55265,24450
55266,31147
55267,144
55268,31151
55270,31035
55271,31151
55273,31152
55274,31149
55275,30712
55276,18268
55277,23801
55278,18268
55279,11887
55280,6829
55281,28543
55282,14104
55283,31157
55285,31162
55286,930
55287,23820
55288,31157
55289,31130
55290,7883
55291,966
55292,31157
55293,31090
55294,14421
55295,17230
55296,5057
55297,31171
55298,8689
55299,31151
55300,30640
55301,30623
55302,31121
55303,1893
55304,22311
55305,30550
55306,3301
55307,23853
55308,5635
55309,10459
55310,31101
55311,253
55312,9735
55313,31180
55314,29303
55315,30869
55316,5189
55317,2970
55318,20587
55319,8013
55320,31182
55321,31182
55322,8013
55323,30711
55324,31188
55325,196
55326,31104
55327,31189
55328,14729
55329,29941
55330,25142
55331,31017
55332,31189
55333,31182
55334,31182
55335,18312
55336,8413
55337,31017
55338,13636
55339,10322
55340,31200
55341,14730
55342,24808
55343,23660
55344,23660
55345,31187
55346,17714
55347,13106
55348,24808
55349,10452
55350,31204
55351,30640
55352,31207
55353,31206
55354,13023
55355,31206
55356,12931
55357,31208
55358,31208
55359,31206
55360,4740
55361,31212
55362,31212
55363,31208
55364,887
55365,14741
55366,24144
55367,30911
55368,24728
55369,24728
55370,31206
55371,14421
55372,14289
55373,7883
55374,17124
55375,31219
55376,31219
55377,30
55378,31223
55381,4092
55382,31152
55383,30764
55384,31225
55385,13047
55386,31225
55387,1501
55388,31221
55389,31227
55390,2961
55391,30838
55392,23812
55393,25392
55394,30384
55395,31228
55396,25392
55397,4426
55398,31233
55399,17726
55400,4672
55401,7624
55402,31187
55403,25392
55404,28978
55405,6357
55406,30931
55407,16959
55408,14905
55409,31090
55410,31165
55411,29033
55412,29020
55413,31165
55414,31007
55415,31007
55416,14421
55417,14421
55418,4701
55419,24896
55420,31240
55421,8413
55422,13984
55423,19879
55424,1513
55425,8897
55426,31245
55427,8413
55428,30845
55429,31228
55430,9671
55431,30845
55432,31165
55433,31208
55434,10586
55435,23812
55436,31247
55437,10747
55438,2040
55439,24097
55440,6738
55441,6723
55442,28216
55443,805
55444,31229
55445,31250
55446,1250
55447,31252
55448,588
55449,31253
55450,31253
55451,199
55452,31250
55453,27008
55454,31256
55455,30863
55456,31258
55457,2113
55458,11572
55459,31260
55460,31262
55461,6725
55462,9833
55463,31221
55464,2798
55465,887
55466,30510
55467,12342
55468,21790
55469,31268
55470,30877
55471,31268
55472,9680
55473,12905
55474,30761
55475,8401
55476,11496
55477,31265
55478,13431
55479,31264
55480,31264
55481,31277
55482,31266
55483,31278
55484,16663
55485,28740
55486,31255
55487,30701
55488,26200
55489,19879
55490,9201
55491,31266
55492,845
55493,29068
55494,31277
55495,28758
55496,1049
55497,12450
55498,31277
55499,31289
55500,31260
55501,31288
55502,31256
55503,31291
55504,30682
55505,31290
55506,2820
55507,27381
55508,2795
55509,31294
55510,31289
55511,31296
55512,21970
55514,31295
55515,27260
55516,22262
55517,22419
55518,31300
55519,26105
55520,14803
55521,31289
55522,30202
55523,31305
55524,31305
55525,5003
55526,20756
55527,31307
55528,1381
55529,30838
55530,19807
55531,31225
55532,31308
55533,31314
55534,31308
55535,30168
55536,5785
55537,17230
55538,31314
55539,14421
55540,31314
55541,1540
55542,31315
55543,7656
55544,31321
55545,31197
55546,4701
55547,31324
55548,31228
55549,805
55550,805
55551,31208
55552,31323
55553,31323
55554,8413
55555,31325
55556,3376
55557,30866
55558,30510
55559,28318
55560,31326
55561,31027
55562,31332
55563,31328
55564,5507
55565,31334
55566,28146
55567,28218
55568,8205
55569,31340
55570,31338
55571,4048
55572,183
55573,31338
55574,31343
55575,31341
55576,31277
55577,11091
55578,26432
55579,31036
55580,31325
55581,31334
55582,31342
55583,31340
55584,31040
55585,4267
55586,11889
55587,29893
55588,3601
55589,25162
55590,13135
55591,31338
55592,20387
55593,31334
55594,31349
55595,31350
55596,14836
55597,31299
55598,31351
55599,31352
55600,31352
55601,603
55602,31348
55603,31349
55604,31315
55605,31303
55606,31356
55607,13310
55608,31358
55609,31349
55610,31353
55611,8413
55612,31360
55613,31362
55614,31360
55615,25794
55616,31364
55617,27759
55618,31368
55619,31368
55620,31370
55621,805
55622,21160
55623,31338
55624,31369
55626,31373
55627,805
55628,5146
55629,31360
55630,31372
55631,31371
55632,12750
55633,31372
55634,31377
55635,28322
55636,31377
55637,29187
55638,8413
55639,25794
55640,31379
55641,31381
55642,872
55643,31383
55644,30186
55645,5907
55646,27475
55647,26827
55648,30951
55649,30152
55650,28322
55651,11984
55652,31382
55653,31344
55654,14857
55655,30602
55656,4290
55657,27342
55658,25794
55659,31344
55660,31386
55661,14860
55662,29522
55663,8437
55664,31388
55665,31377
55666,31377
55667,25000
55668,14104
55669,7787
55670,31387
55671,31334
55672,29364
55673,31356
55674,16843
55675,29364
55676,6666
55678,31391
55679,14420
55680,3984
55681,23601
55682,25794
55683,31371
55684,31392
55685,31395
55686,18005
55687,25794
55688,1549
55689,30471
55690,31398
55691,30499
55692,27342
55693,31399
55694,31398
55695,8401
55696,31402
55697,18091
55698,18091
55699,27600
55700,31405
55701,29938
55702,31405
55703,12359
55704,6768
55705,31334
55706,31407
55707,14192
55708,1036
55709,3903
55710,919
55711,31090
55712,31410
55713,805
55714,21720
55715,31077
55716,31334
55717,13714
55718,23766
55719,31413
55720,31411
55721,31411
55722,22468
55723,14749
55724,27342
55725,9216
55726,14888
55727,31411
55728,31411
55729,31415
55730,31415
55731,22262
55732,31301
55733,27008
55736,31421
55737,14161
55738,31124
55739,31423
55740,31421
55741,31080
55742,930
55743,31162
55744,31121
55745,6793
55746,805
55747,31178
55748,11655
55749,31424
55750,31422
55751,10256
55752,4569
55753,2116
55754,1709
55756,2293
55757,7018
55758,8127
55759,31077
55760,7018
55761,1569
55762,31435
55763,28746
55764,31438
55765,30510
55766,31440
55767,1573
55768,4783
55769,31445
55770,31445
55771,31446
55772,28746
55773,31447
55774,30582
55775,31447
55776,21479
55777,21240
55778,31339
55779,31452
55780,31314
55781,31457
55782,31458
55783,8110
55784,21599
55785,22228
55786,31264
55787,31314
55788,17493
55789,20666
55790,7018
55791,3903
55792,30523
55793,31462
55794,25692
55795,23732
55796,8013
55797,31340
55798,29070
55799,3285
55800,31410
55801,1643
55802,31453
55803,31090
55804,31470
55805,31470
55806,28746
55807,31464
55808,10662
55809,28611
55811,6845
55812,6430
55813,31464
55814,27061
55815,835
55816,31341
55817,18076
55818,5837
55819,31459
55820,12627
55821,18164
55822,31477
55823,30815
55824,31480
55825,23
55826,21479
55827,3830
55828,31475
55829,9546
55830,30494
55831,31408
55832,31481
55833,13591
55834,31481
55835,4975
55836,31445
55837,30799
55838,4598
55839,31408
55840,31484
55841,31488
55842,31264
55843,31408
55844,31408
55845,23848
55846,31492
55847,8073
55848,1909
55849,31188
55850,31489
55851,28627
55852,23848
55853,24344
55854,31499
55855,5860
55856,1098
55857,31500
55858,8674
55859,31501
55860,31503
55861,30866
55862,31503
55863,30866
55864,31481
55865,31504
55866,26132
55867,23848
55868,23848
55869,31507
55870,5407
55871,29070
55872,20980
55873,28304
55874,31506
55875,1390
55876,10819
55877,31464
55878,3026
55879,30494
55880,8997
55881,31505
55882,30494
55883,4862
55884,2148
55885,253
55886,31141
55887,31515
55888,26753
55889,31518
55890,5140
55891,1479
55892,11409
55893,31514
55894,17186
55895,172
55896,31521
55897,6524
55898,31466
55899,775
55900,15959
55901,27342
55902,31466
55903,28953
55904,5829
55905,8569
55906,31526
55907,31526
55908,31505
55909,22100
55910,31104
55911,15964
55912,31525
55913,31532
55914,31533
55915,6579
55916,31536
55917,30438
55918,27381
55919,31539
55920,24148
55921,28051
55922,31534
55923,31539
55924,12068
55925,30630
55926,28218
55927,4485
55928,31422
55929,31543
55930,31543
55931,31543
55932,18360
55933,31157
55934,7555
55935,21686
55936,21686
55937,31552
55938,12359
55939,31307
55940,21720
55941,12359
55942,31257
55943,31507
55944,2273
55945,31556
55946,31560
55947,21686
55948,17908
55949,31524
55950,30589
55951,12051
55952,31563
55953,31563
55954,1643
55955,30589
55956,31013
55957,31564
55958,31341
55959,30080
55960,31554
55961,30972
55962,20883
55963,30701
55964,31126
55965,27381
55966,26092
55967,31445
55968,31087
55969,31536
55970,31569
55971,31571
55972,29070
55973,14731
55974,31573
55975,1640
55976,31575
55977,31287
55978,12359
55979,28370
55980,25283
55981,31477
55982,12359
55983,25283
55984,31577
55985,31577
55986,7494
55987,26756
55988,31581
55989,2961
55990,31587
55991,25113
55992,7209
55993,17676
55994,31585
55995,31589
55996,30471
55997,183
55998,31590
55999,7290
56000,24617
56001,21422
56002,31264
56003,31264
56004,290
56005,6877
56006,19699
56007,31594
56008,215
56009,307
56010,31597
56011,31364
56012,307
56013,31157
56014,26776
56015,9229
56016,31597
56017,31598
56018,22314
56019,14192
56020,31599
56021,18164
56022,31578
56023,31160
56024,3807
56025,30249
56026,11462
56027,9002
56028,28218
56029,30471
56030,29261
56031,31577
56032,29943
56033,31608
56034,31583
56035,31606
56036,27352
56037,21958
56038,27352
56039,31609
56040,31612
56041,31607
56042,31613
56043,31606
56044,25628
56045,3525
56046,25060
56047,25060
56048,31583
56049,31602
56050,31603
56051,27427
56052,10275
56053,1091
56054,3019
56055,6884
56056,29891
56057,27427
56058,27427
56059,31522
56060,31561
56061,13803
56062,31606
56063,31590
56064,2425
56065,31536
56066,6371
56067,31615
56068,31617
56069,31609
56070,9964
56071,31617
56072,26566
56073,18268
56074,31617
56075,24841
56076,14472
56077,16580
56078,31569
56079,3014
56080,24915
56081,6497
56082,22468
56083,4253
56084,31076
56085,31621
56086,919
56087,18480
56088,31343
56089,11090
56090,31624
56091,9841
56092,18268
56093,12008
56094,5197
56095,8960
56096,20783
56097,22027
56098,31054
56099,31624
56100,31630
56101,31631
56102,31630
56103,6897
56104,16939
56105,26997
56106,31639
56107,31631
56108,25932
56109,31370
56110,16175
56111,31053
56112,20783
56113,11138
56114,31640
56115,31009
56116,31009
56117,805
56118,31578
56119,31641
56120,31378
56121,31379
56122,17287
56123,4559
56124,582
56125,31614
56126,31649
56127,30540
56128,30201
56129,20438
56130,31648
56131,31646
56132,31647
56133,27145
56134,31653
56135,31632
56136,31654
56137,31382
56138,31651
56139,31647
56140,31477
56141,31379
56142,31379
56143,31659
56144,31159
56145,21522
56146,31389
56147,26753
56148,29987
56149,5
56150,16137
56151,4376
56152,31656
56153,29987
56154,29364
56155,31592
56156,6917
56157,3287
56158,919
56159,3287
56160,31505
56161,31505
56162,31505
56163,5829
56164,31648
56165,31505
56166,6920
56167,31505
56168,31669
56169,31669
56170,26665
56171,30494
56172,919
56173,7290
56174,31323
56175,25787
56176,31323
56177,31403
56178,31677
56179,27613
56180,31675
56181,31670
56183,31672
56184,31670
56185,31663
56186,31611
56187,16647
56188,31611
56189,25170
56190,31672
56191,31507
56192,12553
56193,13420
56194,31604
56195,31505
56196,31683
56197,14730
56198,31614
56199,31679
56200,3582
56201,27260
56202,31507
56203,31604
56204,28740
56205,25283
56206,31522
56207,20182
56208,31285
56209,29974
56210,28714
56211,31685
56212,7945
56213,31688
56214,31689
56215,31104
56216,31104
56217,22088
56218,31679
56219,31693
56220,10795
56221,31612
56222,11091
56223,31697
56224,31679
56225,737
56226,4307
56227,31699
56228,31285
56229,31427
56230,31701
56231,16360
56233,31702
56234,31701
56235,31703
56236,31693
56237,31702
56238,11032
56239,30652
56240,15978
56241,5003
56242,2294
56243,25692
56244,31710
56245,30838
56246,31710
56247,6961
56248,31711
56249,31563
56250,31657
56251,55
56252,30172
56253,26080
56254,31712
56255,31712
56256,16557
56257,30490
56258,31612
56259,31612
56261,31716
56262,31563
56263,6497
56264,31606
56265,31722
56266,31715
56267,31721
56268,31722
56269,31723
56270,29321
56271,31672
56272,31730
56273,31715
56274,31717
56275,31734
56276,31734
56277,31735
56278,2116
56279,31735
56280,29321
56281,27983
56282,31314
56283,31737
56284,12753
56286,20563
56287,179
56288,20370
56289,31741
56290,31563
56291,31742
56292,31740
56293,31434
56294,2116
56295,31743
56296,31744
56297,401
56298,31475
56299,31507
56300,31728
56301,25339
56302,20370
56303,31427
56304,31744
56305,13915
56306,31427
56307,1657
56308,31752
56309,30342
56310,7555
56311,31754
56312,31754
56313,4176
56314,31728
56315,31753
56316,31756
56317,25
56318,31563
56319,21272
56320,20370
56321,31132
56322,31685
56323,26753
56324,26753
56325,31668
56326,12815
56327,31761
56328,4147
56329,10010
56330,31763
56331,144
56332,31765
56333,11646
56334,27838
56335,29873
56336,28288
56338,31497
56339,31771
56340,4812
56341,6723
56342,31774
56343,30351
56344,31775
56345,30299
56346,87
56347,11899
56348,215
56349,31507
56350,6993
56351,14532
56352,30623
56353,3277
56354,31776
56355,13473
56356,31157
56357,215
56358,16134
56359,31743
56360,31659
56361,26338
56362,7071
56363,61
56364,27608
56365,31326
56366,61
56367,31564
56368,16137
56369,31757
56370,17230
56371,31645
56372,5764
56373,31743
56374,2294
56375,30540
56376,1670
56377,31757
56378,31126
56379,31126
56380,966
56381,25420
56382,17230
56383,29876
56384,31797
56385,31791
56386,31792
56387,31795
56388,4598
56389,31792
56390,31790
56391,31792
56392,31523
56393,219
56394,652
56395,1356
56396,1381
56397,4095
56398,4337
56399,4705
56400,4903
56401,9203
56402,11905
56403,14062
56404,31797
56405,26338
56406,11832
56407,31420
56408,11832
56409,23783
56410,31527
56411,31420
56412,31627
56413,18528
56414,31420
56415,9545
56416,31763
56417,31536
56419,31806
56420,29608
56421,31763
56422,9608
56423,24843
56424,31809
56425,31809
56426,31420
56427,31420
56428,30540
56429,5405
56430,22159
56431,5429
56432,31813
56433,31779
56434,31813
56435,31814
56436,31811
56437,31815
56438,31090
56439,4376
56440,4376
56441,27050
56442,1679
56443,23849
56444,31557
56445,31508
56446,31821
56447,31820
56448,31486
56449,31486
56450,31824
56451,28969
56452,31791
56453,31831
56454,31592
56455,31814
56456,16175
56457,31836
56458,2144
56459,31574
56460,31841
56461,21840
56462,28978
56463,31844
56464,31843
56465,31645
56466,7290
56467,31844
56468,31845
56469,31843
56470,31846
56471,11341
56472,31850
56473,31850
56474,1106
56475,28420
56476,28420
56477,27050
56479,4293
56480,31854
56481,12359
56482,21972
56483,31856
56484,20883
56485,31853
56486,31573
56487,31855
56488,31858
56489,31846
56490,31858
56491,12329
56492,7259
56493,17676
56494,31824
56495,31594
56496,31763
56497,28746
56498,31865
56499,5546
56500,31848
56501,31779
56502,22409
56503,31793
56504,31868
56505,24073
56506,25529
56507,25433
56508,31868
56509,31875
56510,31875
56511,31835
56512,31877
56513,14646
56514,31820
56515,13538
56516,31668
56517,31668
56518,31821
56519,25283
56520,31884
56521,31230
56522,31230
56523,2849
56524,31790
56525,183
56526,31821
56527,31821
56528,805
56529,9608
56530,14501
56531,31888
56532,27409
56533,30799
56534,30611
56535,31894
56536,31126
56537,31894
56538,21051
56539,23840
56540,6072
56541,27789
56542,31634
56543,2849
56545,31819
56546,14390
56547,6630
56548,12053
56549,1445
56550,279
56551,9589
56552,17322
56553,8373
56554,13752
56555,31814
56556,31821
56557,8373
56558,31889
56559,31904
56560,30201
56561,25962
56562,31904
56563,7835
56564,3652
56565,6633
56566,31907
56567,31909
56568,30960
56569,13580
56570,9425
56571,8402
56572,31908
56573,2958
56574,31891
56575,31913
56576,31592
56577,31917
56578,31917
56579,31915
56580,31916
56581,31918
56582,19853
56583,7092
56584,31904
56585,31231
56586,31919
56587,31895
56588,31895
56589,31844
56590,31898
56591,31923
56592,7290
56593,13138
56594,30523
56595,31925
56596,16859
56597,9007
56598,31926
56599,31323
56600,31923
56601,27400
56602,27400
56603,31604
56604,7515
56605,18076
56606,31934
56607,31934
56608,5282
56609,31935
56610,31935
56611,31932
56612,31922
56613,31534
56614,4422
56615,88
56616,31052
56617,20939
56618,28218
56619,24186
56620,18071
56622,24186
56623,1764
56624,7555
56625,7071
56626,10812
56627,10543
56628,2294
56629,31793
56630,31934
56631,5989
56632,31949
56634,16297
56636,8849
56637,31663
56638,31141
56639,9716
56640,4862
56641,28928
56642,31952
56643,31954
56644,5963
56645,26130
56646,26130
56647,7014
56648,31948
56649,31960
56650,31961
56651,11939
56652,31964
56653,31964
56654,28218
56656,333
56657,1216
56658,2126
56659,455
56660,28218
56661,13406
56662,31972
56663,13538
56664,12436
56665,31970
56666,7250
56667,31152
56668,5706
56669,31977
56670,16319
56671,31977
56672,31980
56673,31980
56674,10089
56675,14429
56676,31986
56677,19877
56678,30496
56679,11849
56680,114
56681,17639
56682,1329
56683,6369
56684,31915
56685,25339
56686,31992
56687,31748
56688,30834
56689,31948
56690,20353
56691,8847
56692,11621
56693,31996
56694,31998
56695,29851
56696,30834
56697,31978
56698,14125
56699,30557
56700,31989
56701,32004
56703,30557
56704,339
56705,31989
56706,21374
56707,9479
56708,2294
56709,1739
56710,12244
56711,27838
56712,29851
56713,10795
56714,31323
56715,7734
56716,29433
56717,1079
56719,2830
56720,2164
56721,183
56722,20227
56723,4555
56724,27838
56725,17812
56726,32017
56727,31314
56728,9247
56729,21988
56730,21988
56731,30367
56732,32021
56733,32018
56734,26189
56735,31979
56736,31980
56737,7224
56738,28608
56739,31310
56740,31037
56741,6633
56742,19676
56743,7746
56744,805
56745,31774
56746,11178
56747,32028
56748,31152
56749,31152
56750,3891
56751,32028
56752,21374
56753,31131
56754,32030
56755,32031
56756,31780
56757,31819
56758,32033
56759,966
56760,32034
56761,32033
56762,31774
56763,6054
56764,32034
56765,17676
56766,7972
56767,9811
56768,21374
56769,32028
56770,25443
56771,31774
56772,31853
56773,31853
56774,31627
56775,32023
56776,22311
56777,31991
56778,31668
56779,32038
56780,2116
56781,31627
56782,21061
56783,32042
56784,930
56785,32044
56786,930
56787,32039
56788,32045
56789,1716
56790,1080
56791,32047
56792,17072
56793,31651
56794,12436
56795,32056
56796,32055
56797,32049
56798,13223
56799,31990
56800,20006
56801,31141
56802,22403
56803,215
56804,159
56805,32065
56806,4898
56807,12436
56808,32055
56809,17812
56810,31310
56811,29608
56812,32060
56813,30844
56814,32069
56815,26130
56816,26283
56817,32072
56818,13339
56819,32069
56820,32075
56821,7918
56822,4426
56823,2860
56824,32081
56825,4344
56826,32083
56827,28218
56828,31611
56829,26569
56830,12417
56831,31872
56832,31611
56833,31821
56834,31017
56835,18164
56836,32087
56837,32086
56838,29600
56839,32087
56840,3432
56841,32089
56842,32091
56843,13085
56844,31231
56845,31231
56846,32061
56847,32061
56848,21532
56849,32072
56850,32052
56851,12678
56852,6649
56853,31774
56854,32093
56855,31852
56856,159
56857,315
56858,32096
56859,31697
56860,31702
56861,31941
56862,24728
56863,16856
56864,31905
56865,16856
56866,32095
56867,1862
56868,11281
56869,32099
56870,31975
56871,125
56872,32099
56873,2116
56874,32097
56875,32050
56876,23878
56877,31837
56878,9229
56879,14896
56880,28140
56881,13540
56882,31304
56883,32105
56884,26338
56885,29935
56886,32055
56887,32110
56888,19818
56889,31862
56890,16387
56891,1036
56892,9572
56893,31481
56894,26997
56895,1036
56896,27258
56897,32111
56898,10335
56899,10389
56900,30770
56901,31189
56902,7595
56903,31334
56904,32050
56905,805
56906,17023
56907,31975
56908,9228
56909,79
56910,32107
56911,22228
56912,32101
56913,25271
56914,31141
56915,23840
56916,32121
56917,32124
56918,32124
56919,32121
56920,32114
56921,30417
56922,31774
56923,31941
56924,21867
56925,31872
56926,1994
56927,31878
56928,31835
56929,31853
56930,154
56931,31481
56932,32099
56933,32124
56934,31941
56935,28218
56936,9782
56937,8076
56938,32135
56939,32132
56940,32138
56941,26748
56942,32138
56943,32139
56944,32138
56945,5503
56946,7459
56947,22314
56948,32150
56949,32150
56950,30490
56951,32112
56952,10924
56953,10675
56954,8924
56955,31334
56956,32157
56957,32124
56958,32151
56959,26756
56961,8101
56962,5739
56963,11032
56964,22228
56965,21033
56966,17679
56967,32124
56968,32089
56969,24357
56970,32160
56971,2817
56972,18076
56973,17590
56974,32164
56975,16544
56976,19813
56977,1636
56978,32103
56979,32171
56980,32171
56981,20980
56982,32172
56983,32089
56984,32171
56985,32172
56986,32172
56987,31906
56988,25843
56989,22047
56990,29433
56991,6642
56992,32124
56993,18429
56994,919
56995,32163
56996,28640
56997,31820
56998,31152
56999,32174
57000,32178
57001,8783
57002,25973
57003,9720
57004,32182
57005,32186
57006,14443
57007,32180
57008,11411
57009,32181
57010,32184
57011,32189
57012,32089
57013,31268
57014,31919
57015,24500
57016,25492
57017,31920
57018,14464
57019,32174
57020,23853
57021,16446
57022,32192
57023,7556
57024,29340
57025,1764
57026,14868
57027,32194
57028,7170
57029,229
57030,20486
57031,7172
57032,32103
57033,32195
57034,32197
57035,7482
57036,11405
57037,32201
57038,11756
57039,28928
57040,5503
57041,31521
57042,32177
57043,29336
57044,29336
57045,32180
57046,28218
57047,32180
57048,4246
57050,12359
57051,4576
57052,29433
57053,32213
57054,5729
57055,32217
57057,32208
57058,32213
57059,26569
57060,32222
57061,3277
57062,32222
57063,20980
57064,32220
57065,32072
57066,32036
57067,18402
57068,32227
57069,7555
57070,32229
57071,32229
57072,32229
57073,32228
57074,5989
57075,32228
57076,25291
57077,32236
57078,32237
57079,32236
57080,31481
57081,7555
57082,938
57083,32239
57084,12165
57085,32228
57086,25628
57087,32228
57088,32124
57089,32237
57090,32141
57091,29463
57092,32142
57093,31954
57094,32036
57095,32036
57096,32243
57097,29653
57098,32243
57099,603
57100,449
57101,32142
57102,30153
57104,14510
57105,9394
57106,14510
57107,32249
57108,28725
57109,32222
57110,32239
57111,32247
57112,32253
57113,31654
57114,32253
57115,32236
57116,7199
57117,20980
57118,20093
57119,303
57120,20783
57121,6720
57122,32087
57123,32226
57124,2635
57125,28218
57126,9426
57127,31969
57128,31800
57129,4358
57130,31971
57131,30438
57133,20525
57134,22435
57135,805
57136,251
57137,31977
57138,32271
57139,30454
57140,32274
57141,4337
57142,32231
57143,32256
57144,20679
57145,30755
57146,32280
57147,32167
57148,29187
57149,32239
57150,30701
57151,32270
57152,32285
57153,2434
57154,7555
57155,32289
57156,32290
57157,26008
57158,6497
57159,11849
57160,32142
57161,32004
57162,32142
57163,16450
57164,13458
57165,32184
57166,31515
57167,32297
57168,6497
57169,2101
57170,26356
57171,32124
57172,5429
57173,31800
57174,32297
57175,3693
57176,32301
57177,5647
57178,32304
57179,31800
57180,11317
57181,1808
57182,32016
57183,32305
57184,22314
57185,32124
57186,7702
57187,23812
57188,6957
57189,7555
57190,7555
57191,1381
57192,32312
57193,32317
57194,32317
57195,26945
57196,32322
57197,18493
57198,32324
57199,7224
57200,32323
57201,31835
57202,16823
57203,31841
57204,15978
57205,16542
57206,14346
57207,32330
57208,6082
57209,10416
57210,31515
57211,333
57212,18164
57213,5294
57214,18493
57215,31515
57216,12436
57217,32344
57218,32344
57219,7028
57220,7290
57221,32348
57222,5264
57223,32295
57224,32345
57225,23840
57226,32350
57227,32317
57228,31668
57229,30877
57230,32352
57231,930
57232,24097
57233,930
57234,7411
57235,16557
57236,3277
57237,32255
57238,32295
57239,28384
57240,29862
57241,20009
57242,13567
57243,3014
57244,32340
57245,32371
57246,32364
57247,32255
57248,32371
57249,24554
57250,686
57251,32372
57252,32372
57253,32376
57254,7
57255,9146
57256,21793
57257,32333
57258,13943
57259,32378
57260,253
57261,31979
57262,20107
57263,32270
57264,32359
57265,25433
57266,32386
57267,26569
57268,10776
57269,4497
57270,4872
57271,3077
57272,6961
57273,32345
57274,32384
57275,32375
57276,32356
57277,31323
57278,30622
57279,32393
57280,32395
57281,6966
57282,32396
57283,32397
57284,25325
57285,32393
57286,29849
57287,31837
57288,28420
57289,5509
57290,17714
57291,32402
57292,32089
57293,3310
57294,9322
57295,6017
57296,12481
57297,31243
57298,4497
57299,32408
57300,24554
57301,5706
57302,7250
57303,32410
57304,5706
57305,32409
57306,20395
57307,17812
57308,32186
57309,1381
57310,31243
57311,30822
57312,13567
57313,32415
57314,13567
57315,98
57316,7594
57317,31485
57318,32109
57319,25525
57320,30217
57321,805
57322,22251
57323,31534
57324,32378
57325,31986
57326,31264
57327,3512
57328,9195
57329,6579
57330,27838
57331,32379
57332,32432
57333,32432
57334,6634
57335,32427
57336,32118
57337,1643
57338,32440
57339,32440
57340,6990
57341,32257
57342,24814
57343,16596
57344,32379
57345,32394
57346,32394
57347,5397
57348,16557
57349,31833
57350,13935
57351,3705
57352,14397
57353,32444
57354,30201
57355,28703
57357,32134
57358,32448
57359,13799
57360,9405
57361,32445
57362,16931
57363,32425
57364,1893
57365,9719
57366,18005
57367,199
57368,31572
57369,32143
57370,22392
57371,4553
57372,13996
57373,13996
57374,16612
57375,32460
57376,39
57377,31843
57378,31843
57379,32456
57380,9142
57381,32447
57382,32157
57383,39
57384,32379
57385,32454
57386,6828
57387,812
57388,25973
57389,32468
57390,10026
57391,32157
57392,32463
57393,31991
57394,319
57395,32470
57396,32154
57397,32477
57398,32474
57399,21466
57400,32426
57401,601
57402,29590
57403,29537
57404,32483
57405,32483
57406,32162
57407,32472
57408,32487
57409,32490
57410,32494
57411,32494
57412,29935
57413,16640
57414,17062
57415,29935
57416,31853
57417,32455
57418,32481
57419,32480
57420,14134
57421,32502
57422,32502
57423,32502
57424,19649
57425,32498
57426,32085
57427,2544
57428,28451
57429,5546
57430,32454
57431,11984
57432,32513
57433,14510
57434,32507
57435,32510
57436,31914
57437,6497
57438,24987
57439,32513
57440,32514
57441,8196
57442,1909
57443,32369
57444,31428
57445,32518
57446,7644
57447,31428
57448,31147
57449,32521
57450,31147
57451,32191
57452,16663
57453,1913
57454,1560
57455,32527
57456,31661
57457,24258
57458,32518
57459,32532
57460,32376
57461,32255
57462,31837
57463,29238
57464,32481
57465,32528
57466,32530
57467,32534
57468,5187
57469,32536
57470,24258
57471,24258
57472,32472
57473,31749
57474,32540
57475,32541
57476,32539
57477,8706
57478,401
57479,32255
57480,28746
57481,13138
57482,32542
57483,11509
57484,2914
57485,2816
57486,5792
57487,523
57488,4253
57489,21168
57490,7290
57491,32547
57492,32549
57493,32549
57494,13138
57495,32551
57496,30487
57497,32552
57498,32157
57499,32504
57500,25495
57501,19671
57502,32556
57503,32530
57504,5003
57505,4862
57506,892
57507,6897
57508,32559
57509,795
57510,32387
58508,11118
58509,1934
58510,32387
58511,18370
58512,34566
58513,34565
58514,34564
58515,34570
58516,34573
58517,34564
58518,34564
58519,34573
58520,34571
58521,28345
58522,5836
58523,29935
58524,34574
58525,34575
58527,34576
58528,32552
58529,32542
58530,31761
58531,31264
58532,34577
58533,32544
58534,34580
58535,34578
58537,17023
58538,34560
58539,29238
58540,5224
58541,13473
58542,32504
58543,34574
58544,34587
58545,34582
58546,20939
58547,10619
58548,32387
58549,32519
58550,34581
58551,34578
58552,34595
58553,4572
58554,805
58555,805
58556,196
58557,32438
58558,32170
58559,34592
58560,12991
58561,34600
58562,32215
58563,1945
58564,31749
58565,34576
58566,34603
58567,30613
58568,34603
58569,25807
58570,34604
58571,34605
58572,34582
58573,28566
58574,34597
58575,17976
58576,26362
58577,34585
58578,34585
58579,7290
58580,34608
58581,7343
58582,919
58583,31753
58584,34612
58585,12752
58586,11691
58587,34615
58588,32539
58589,31697
58590,34619
58591,34589
58592,23658
58593,805
58594,12924
58595,23658
58596,8101
58597,34622
58598,27761
58599,31697
58600,31697
58601,34625
58602,34620
58603,32276
58604,12141
58605,17197
58606,34600
58607,2961
58608,34626
58609,34631
58610,28786
58611,32282
58612,16612
58613,26450
58614,34628
58615,34619
58616,31817
58617,34618
58618,34636
58619,34634
58620,10776
58621,34637
58622,7646
58623,25807
58624,25807
58625,333
58626,431
58627,32172
58628,34641
58629,4705
58630,32255
58631,29922
58632,32291
58633,11208
58634,13561
58635,25004
58636,34645
58637,2750
58638,3262
58639,32294
58640,4432
58641,20327
58643,34656
58644,34655
58645,16437
58646,34657
58647,20327
58648,26802
58649,32470
58650,32415
58651,2252
58652,887
58653,32177
58654,7907
58655,27761
58656,34645
58657,34609
58658,20961
58659,31843
58660,21114
58661,11553
58662,17549
58663,31800
58664,8207
58666,34665
58667,34656
58668,34656
58669,34661
58670,1833
58671,32308
58672,32432
58673,29314
58674,6312
58675,4763
58676,6312
58677,34650
58678,34636
58679,32314
58680,34658
58681,30951
58682,34671
58683,1124
58684,32423
58685,28511
58686,32216
58687,10331
58688,32477
58689,32477
58690,28566
58691,10331
58692,34674
58693,34674
58694,20868
58695,34677
58696,34675
58697,16750
58698,3077
58699,31440
58700,34658
58701,31627
58702,34682
58704,34688
58705,34657
58706,31819
58707,34692
58708,34690
58709,34690
58710,29758
58711,34694
58712,34694
58713,6920
58714,32255
58715,16022
58716,34560
58717,16765
58718,19895
58719,34694
58720,88
58721,25853
58722,34689
58723,31412
58724,8120
58725,25612
58726,31412
58727,21746
58728,34715
58729,32355
58730,34716
58731,11829
58732,32255
58733,9841
58734,34718
58735,8929
58736,11
58737,32423
58738,34724
58739,25853
58740,34726
58741,34724
58742,24428
58743,34725
58744,34609
58745,25461
58746,32255
58747,10500
58748,22047
58749,2141
58750,22047
58751,34718
58752,11664
58753,8415
58754,13519
58755,12704
58756,16222
58757,34732
58758,19918
58759,9716
58760,32299
58761,32299
58762,32299
58763,32299
58764,32377
58765,34741
58766,30799
58767,13976
58768,13985
58769,34738
58770,34738
58771,32432
58772,32432
58773,601
58774,27613
58775,29433
58776,34743
58777,4401
58778,34746
58779,31364
58780,34623
58781,919
58782,32036
58783,34748
58784,32423
58785,30929
58786,6920
58787,34752
58788,30658
58789,22518
58790,32377
58791,34753
58793,32397
58794,27412
58795,34757
58796,9940
58797,34690
58798,31266
58799,34744
58800,11405
58801,31806
58802,34747
58803,34673
58804,34765
58805,34765
58806,16811
58807,30570
58808,10077
58809,8927
58810,10776
58811,16812
58812,11893
58813,34756
58814,34769
58815,34768
58816,32407
58817,34770
58818,27106
58819,28658
58820,34774
58821,34771
58822,28835
58823,34768
58824,34645
58825,17955
58826,17955
58827,34775
58828,32542
58829,3017
58830,31235
58831,31046
58832,34764
58833,30433
58834,30433
58835,6143
58836,34758
58837,34734
58838,1445
58839,34777
58840,34645
58841,34778
58842,34734
58843,34778
58844,5464
58845,34636
58846,1397
58847,23888
58848,2191
58849,7907
58850,34772
58851,31412
58852,34618
58853,31534
58854,26276
58855,20790
58856,8112
58857,34790
58858,34768
58859,34758
58860,34758
58861,34748
58862,1977
58863,12342
58864,34789
58865,9568
58866,28746
58867,805
58868,34795
58869,32435
58870,805
58871,34792
58872,32439
58873,32316
58874,16837
58875,34790
58876,8560
58877,34799
58878,21031
58879,7365
58880,1979
58881,17025
58882,26335
58883,34808
58884,10172
58885,12885
58886,32449
58887,20898
58888,34792
58889,1909
58890,1909
58891,34809
58892,34809
58893,30392
58894,34815
58895,34811
58896,34658
58897,34817
58898,11091
58899,30392
58900,32186
58901,32186
58902,34811
58903,34792
58904,253
58905,12055
58906,2816
58907,34824
58908,34790
58909,3805
58910,34792
58911,3805
58912,34567
58913,32504
58914,26276
58915,34827
58916,22518
58917,34827
58918,9394
58919,22518
58920,34801
58921,34636
58922,34800
58923,34829
58924,16859
58925,32504
58926,31594
58927,26611
58928,29537
58929,34817
58930,34618
58931,8451
58932,13680
58933,17645
58934,52
58935,34658
58936,33560
58937,34835
58938,18593
58939,34834
58940,686
58941,32047
58942,34835
58943,12492
58944,25814
58945,29537
58946,32495
58947,30073
58948,34839
58949,5795
58950,18479
58951,32320
58952,6737
58953,16843
58954,34839
58955,17645
58956,34843
58957,34842
58958,2117
58959,34817
58960,34817
58961,34842
58962,5464
58963,31340
58964,34809
58965,34841
58966,3406
58967,4238
58968,32510
58969,34689
58970,7641
58971,2817
58972,12055
58973,25238
58974,4737
58975,34854
58976,17935
58977,34849
58978,27381
58979,2117
58980,34846
58981,1991
58982,31315
58983,28380
58984,34855
58985,34862
58986,34773
58987,34689
58988,12576
58989,9068
58990,3597
58991,34866
58992,34866
58993,30613
58994,20327
58995,13698
58996,919
58997,25973
58998,30205
58999,32124
59000,32396
59001,34872
59002,3077
59003,34689
59004,34872
59005,861
59006,7620
59007,919
59008,34801
59009,34869
59010,34869
59011,34876
59012,32454
59013,23853
59014,32490
59015,34881
59016,8
59017,7411
59018,28988
59019,9526
59020,28434
59021,34874
59022,34885
59023,8101
59024,20980
59025,364
59026,1098
59027,25004
59028,34886
59029,34857
59030,34894
59031,32115
59032,34872
59033,34873
59034,34756
59035,34894
59036,34894
59037,8757
59038,34878
59039,3019
59040,3019
59041,7411
59042,34883
59043,34883
59044,16666
59045,16666
59046,34884
59047,21998
59048,34575
59049,31978
59050,34903
59051,34711
59052,34904
59053,25133
59054,34898
59055,34677
59056,34908
59057,34907
59058,29963
59059,26056
59060,25909
59061,6434
59062,34849
59063,32184
59064,32170
59065,4746
59066,825
59067,28434
59068,31718
59069,34904
59070,30417
59071,7068
59072,24197
59073,34926
59074,34926
59075,12359
59076,20161
59077,32504
59078,31611
59079,20161
59080,10238
59081,7425
59082,34927
59083,29758
59084,2310
59085,26114
59086,20817
59087,20161
59088,34927
59089,29867
59090,34927
59091,2040
59092,32247
59093,29137
59094,31978
59095,8112
59096,21654
59097,34940
59098,34624
59099,34940
59100,34941
59101,11997
59102,31718
59103,28434
59104,34947
59105,34948
59106,5
59107,34950
59108,25004
59109,34653
59110,30693
59111,31989
59112,34942
59113,1205
59114,34695
59115,34953
59116,6096
59117,34695
59118,16225
59119,8745
59120,34636
59121,34636
59122,9343
59123,196
59124,27624
59125,28621
59126,34916
59127,9973
59128,2117
59129,862
59130,34959
59131,34961
59132,34959
59133,30876
59134,34962
59135,34965
59136,34653
59137,34966
59138,34652
59139,34955
59140,34969
59142,34965
59143,4505
59144,22468
59145,6538
59146,6538
59147,449
59148,34966
59149,22518
59150,6538
59151,34974
59152,34971
59153,34663
59154,449
59155,7411
59156,34972
59157,16974
59158,14649
59159,20735
59160,9097
59161,25004
59162,7828
59163,23840
59164,2817
59165,34669
59166,25292
59167,25697
59168,34984
59169,34989
59170,34785
59171,6087
59172,34672
59173,25697
59174,20735
59175,2921
59176,34995
59177,34992
59178,34998
59179,24097
59180,35002
59181,35002
59182,31214
59183,34995
59184,142
59185,28529
59186,34960
59187,35004
59188,14188
59189,34910
59190,11032
59191,34960
59193,28309
59194,31987
59195,35010
59196,35010
59197,34985
59198,16496
59199,28937
59200,14562
59201,32050
59202,32511
59203,32091
59204,7170
59205,34971
59206,25898
59207,35010
59208,35010
59209,35019
59210,18546
59211,12223
59212,16052
59213,34721
59214,27381
59215,6884
59216,16131
59217,2589
59218,14519
59219,13360
59220,35019
59221,31547
59222,35027
59223,35026
59224,35000
59225,35029
59226,35028
59227,31547
59228,34994
59229,35021
59230,32377
59231,14653
59232,27589
59233,35026
59234,4862
59235,34739
59236,31594
59237,31594
59238,31400
59239,35036
59240,6720
59241,24990
59242,1154
59243,35036
59244,34743
59245,34746
59246,35047
59247,14300
59248,35055
59249,32451
59250,25898
59251,559
59252,25898
59253,3406
59254,35028
59255,35054
59256,919
59257,7795
59258,35004
59259,16049
59260,35040
59261,35063
59262,34955
59263,88
59264,26802
59265,6082
59266,34739
59267,7486
59268,25898
59269,24097
59270,25898
59271,30611
59272,27201
59273,30611
59274,1445
59275,35067
59276,74
59277,34739
59278,35057
59279,31333
59280,31379
59281,31333
59282,34763
59283,30490
59284,5892
59285,35077
59286,35077
59287,35078
59288,11832
59289,35079
59290,31400
59291,28134
59292,35083
59293,35083
59294,25325
59295,28134
59296,25325
59297,14263
59298,17042
59299,30611
59300,4559
59301,35085
59302,2073
59303,4949
59304,35088
59305,35090
59306,32087
59307,35059
59308,35094
59309,35080
59310,35095
59311,8402
59312,31334
59313,29363
59314,28309
59315,12603
59316,805
59317,34786
59318,35098
59319,35101
59320,35097
59321,35099
59322,30699
59323,35102
59324,13680
59325,686
59326,35076
59327,28285
59328,34995
59329,28134
59330,13360
59331,7983
59332,35090
59333,13680
59334,35105
59335,32554
59336,32157
59337,32554
59338,32554
59339,12518
59340,34774
59341,7497
59342,25739
59343,32167
59344,35064
59346,28260
59347,5193
59348,19675
59349,11060
59350,35093
59351,7661
59352,35111
59353,31341
59354,34965
59355,28916
59356,25199
59357,25898
59358,16402
59359,5913
59360,26279
59361,7787
59362,35122
59363,34819
59364,5921
59365,35126
59366,35126
59367,35124
59368,32157
59369,35129
59370,9142
59371,32157
59372,35128
59373,12926
59374,34821
59375,32167
59376,21745
59377,29187
59378,34941
59379,14350
59380,6554
59381,35125
59382,35136
59383,35137
59384,686
59385,35140
59386,35140
59387,10402
59388,35139
59389,35142
59390,35139
59391,28255
59392,9570
59393,17072
59394,35148
59395,35148
59396,35139
59397,35151
59398,2824
59399,28309
59400,35142
59401,32554
59402,35152
59403,8760
59404,35131
59405,34994
59406,35152
59407,35158
59408,34994
59409,1600
59410,31952
59411,35159
59412,35160
59413,32554
59414,32554
59415,35066
59416,35161
59417,35161
59418,31977
59419,14434
59420,35165
59421,35165
59422,16585
59423,14434
59424,16585
59425,35166
59426,35163
59427,35117
59428,2795
59429,16585
59430,12603
59431,35160
59432,25024
59433,35001
59434,34846
59435,35125
59436,34848
59437,35094
59438,29568
59439,32167
59440,19744
59441,7858
59442,19744
59443,19744
59444,31076
59445,5280
59446,35131
59447,6977
59448,7508
59449,35179
59450,5767
59451,29655
59452,34858
59453,17096
59454,6720
59455,35180
59456,35158
59457,35131
59458,34848
59459,32380
59460,35158
59462,26041
59463,35185
59464,35184
59465,35176
59466,35176
59467,35176
59468,12258
59469,35188
59470,35188
59471,29655
59472,35192
59473,35193
59474,35197
59475,7555
59476,27653
59477,11947
59478,17112
59479,3468
59480,35202
59481,29255
59482,9526
59483,35203
59484,28260
59485,35206
59486,35132
59487,35207
59488,990
59489,34857
59490,2817
59491,34889
59492,35213
59493,32554
59494,32157
59495,31412
59496,32157
59497,24097
59498,32036
59499,32157
59500,35105
59501,4810
59502,35219
59503,32157
59504,17124
59505,35067
59506,35216
59507,32380
59508,35219
59509,26221
59510,35201
59511,34896
59512,35198
59513,35220
59514,12492
59515,35223
59516,32157
59517,35223
59518,35224
59519,35224
59520,31243
59521,8336
59522,34884
59523,7746
59524,7746
59525,34899
59526,16832
59527,2111
59528,32398
59529,35198
59530,34811
59531,21953
59532,8173
59533,32405
59534,35234
59535,35234
59536,2116
59537,35234
59538,35234
59539,1795
59540,34907
59542,34658
59543,2392
59544,2116
59545,32248
59546,35240
59547,35240
59548,34811
59549,1934
59550,35241
59551,35241
59552,35242
59553,25433
59554,35245
59555,31017
59556,35245
59557,686
59558,35250
59559,25986
59560,35250
59561,35250
59562,32554
59563,35248
59564,35251
59565,35250
59566,4304
59567,35238
59568,34922
59569,32554
59570,35254
59571,35237
59572,35256
59573,34658
59574,35258
59575,35241
59576,29758
59577,35255
59578,35256
59579,35258
59580,18268
59581,25249
59582,5913
59583,2126
59585,27492
59586,26708
59587,4226
59588,7127
59589,35261
59590,12551
59591,27657
59592,35264
59593,13075
59594,35266
59595,35267
59596,2129
59597,26192
59598,35267
59599,28309
59600,35273
59601,6624
59602,26640
59603,14137
59604,35274
59605,35256
59606,35274
59607,16843
59608,14741
59609,35277
59610,35278
59611,35255
59612,35227
59613,27657
59614,35215
59615,35288
59616,35288
59617,11867
59618,9975
59619,11867
59620,29137
59621,35286
59622,31774
59623,18284
59624,25034
59625,14856
59626,12834
59627,25370
59628,25034
59629,35295
59630,9399
59631,35219
59632,35295
59633,35298
59634,1279
59635,35227
59636,18447
59637,35057
59638,35301
59639,35303
59640,35303
59641,35298
59642,17230
59643,35300
59644,35073
59645,25809
59646,30701
59647,7961
59648,35131
59649,7127
59650,35307
59651,35309
59652,35311
59653,22468
59654,35308
59655,35312
59656,35314
59657,30701
59658,35313
59659,32392
59660,35265
59661,35314
59662,1347
59663,35315
59664,35306
59665,29662
59666,29576
59667,21793
59668,35129
59669,16843
59670,35322
59671,35322
59672,8696
59673,35323
59674,35323
59675,10619
59676,21030
59677,35324
59678,919
59679,3382
59680,31152
59681,5495
59682,7127
59683,23840
59684,7620
59685,12647
59686,35277
59687,8
59688,14134
59689,32089
59690,196
59691,35205
59692,35286
59693,35227
59694,10764
59695,29070
59696,34827
59697,34827
59698,34855
59699,35334
59700,6295
59701,13559
59702,35335
59703,35335
59704,34842
59705,35336
59706,1623
59707,35132
59708,29758
59709,11811
59710,35011
59711,35335
59712,3579
59713,2150
59714,35322
59715,28732
59716,3040
59717,24893
59718,35189
59719,35340
59720,15934
59721,32392
59722,31973
59723,9363
59724,31973
59725,35343
59726,3125
59727,35014
59728,35347
59729,10683
59730,5862
59731,35343
59732,35347
59733,7127
59734,35329
59735,32554
59736,35354
59737,35353
59738,27672
59739,29255
59740,29210
59741,12436
59742,887
59743,5739
59744,35347
59745,11917
59746,35347
59747,8622
59748,35347
59749,35355
59750,31124
59751,35329
59752,30074
59753,25867
59754,10515
59755,22367
59756,12647
59757,34827
59758,7556
59759,35075
59760,26792
59761,17503
59762,29107
59763,35360
59764,1105
59765,5836
59766,183
59767,14753
59768,32377
59769,34636
59770,9445
59771,30230
59772,35358
59773,12481
59774,16140
59775,10515
59776,35369
59777,35369
59778,34636
59779,31420
59780,805
59781,8343
59782,35366
59783,35366
59784,28732
59785,28732
59786,35286
59787,35355
59788,24894
59789,16640
59790,16640
59791,31828
59792,35351
59793,35379
59794,35381
59795,35382
59796,35382
59797,35383
59798,2392
59799,17230
59800,27657
59801,31152
59802,25814
59803,35286
59804,30186
59805,34842
59806,35061
59807,21374
59808,16049
59809,35388
59810,35099
59811,35388
59812,35389
59813,35099
59814,28978
59815,35135
59816,35135
59817,35060
59818,29062
59819,35060
59820,35361
59821,35392
59822,23915
59823,35074
59824,35073
59825,24163
59826,8
59827,29040
59828,16049
59829,4246
59830,35220
59831,35391
59833,30438
59834,22197
59835,35080
59836,35081
59837,35404
59838,32061
59839,35406
59840,35395
59841,35399
59842,35398
59843,34994
59844,34994
59845,2164
59846,35411
59847,29874
59848,35265
59849,7837
59850,35087
59851,35091
59852,35267
59853,35060
59854,35267
59855,7644
59856,31160
59857,32005
59858,7290
59859,17748
59860,24163
59861,2252
59862,7647
59863,12117
59864,32279
59865,29600
59866,20344
59867,31811
59868,34864
59869,35425
59870,35418
59871,15978
59872,35431
59873,35431
59874,35436
59875,919
59876,10768
59877,35422
59878,30409
59879,35442
59880,35439
59881,34948
59882,35435
59883,24163
59884,35447
59885,26792
59886,26792
59887,31428
59888,30395
59889,35395
59890,6329
59891,35120
59892,1036
59893,588
59894,2878
59895,17286
59896,32377
59897,35453
59898,35453
59899,29904
59900,35053
59901,20112
59902,32061
59903,18118
59904,35457
59905,35457
59906,35395
59907,35053
59909,35462
59911,35445
59912,29904
59913,19891
59914,35418
59915,35150
59916,28309
59917,35154
59918,29874
59919,5509
59920,29787
59921,35162
59922,34694
59923,35400
59924,10675
59925,35465
59926,34864
59927,20763
59928,24566
59929,12943
59930,24515
59931,35471
59932,5180
59933,13709
59934,29433
59935,35465
59936,35426
59937,686
59938,17112
59939,7800
59940,35227
59941,35227
59942,12257
59943,14346
59944,3406
59945,31152
59946,35474
59947,35394
59948,18462
59949,20763
59950,26563
59951,35395
59952,13989
59953,35351
59954,28380
59955,24515
59956,7620
59957,35398
59958,17023
59959,32061
59960,1496
59961,10069
59962,9394
59963,22047
59964,18076
59965,5829
59966,35480
59967,14674
59969,28380
59970,24617
59971,4496
59972,35483
59973,9699
59974,28978
59975,17488
59976,7690
59977,3262
59978,401
59979,5686
59980,20763
59981,439
59982,4387
59983,5597
59984,12353
59985,35480
59986,35488
59987,35199
59988,26792
59989,34864
59990,35394
59991,8165
59992,11756
59993,8165
59994,35490
59995,35496
59996,35479
59997,35394
59998,35492
59999,32392
60000,449
60001,29985
60002,32365
60003,35209
60004,18177
60005,31685
60006,35489
60007,132
60008,34710
60009,35509
60010,30174
60011,23747
60012,35501
60013,35217
60014,10398
60015,402
60016,35511
60017,35219
60018,7127
60019,30926
60020,35233
60021,35489
60022,35479
60023,7033
60024,253
60025,6666
60026,1643
60027,35509
60028,35512
60029,35505
60030,8337
60031,17359
60032,9649
60033,35517
60034,2986
60035,8696
60036,35513
60037,35518
60038,35519
60039,394
60040,29590
60041,12805
60042,179
60043,35265
60044,6783
60045,32504
60046,35519
60047,14031
60048,35527
60049,35237
60050,35522
60051,27020
60052,35521
60053,34632
60054,35507
60055,19744
60056,35515
60057,10227
60058,35532
60059,31334
60060,35286
60061,10508
60062,35530
60063,4150
60064,19744
60065,919
60066,35487
60067,1390
60068,5836
60069,919
60070,1390
60071,977
60072,7666
60073,35536
60074,35533
60075,9944
60076,7733
60077,35534
60078,35544
60079,35544
60080,8477
60081,26192
60082,35243
60083,35268
60084,23801
60085,23801
60086,35507
60087,31334
60088,35536
60089,27102
60090,27102
60091,8076
60092,29404
60093,805
60094,32132
60095,2116
60096,31632
60097,2074
60098,35552
60099,35518
60100,2074
60101,11469
60102,35434
60103,35518
60104,35535
60105,1351
60106,35554
60107,7744
60108,35059
60109,35554
60110,26272
60111,35285
60112,35555
60113,35555
60114,20112
60115,35556
60116,35557
60117,35554
60118,30205
60119,31611
60120,35559
60121,3098
60122,261
60123,35544
60124,5405
60125,30570
60126,35561
60127,35292
60128,35294
60129,30570
60130,35564
60131,35563
60132,35545
60133,35295
60134,27102
60135,30625
60136,35571
60137,364
60138,35571
60139,35559
60140,14506
60141,35557
60142,35501
60143,35405
60144,35573
60145,35572
60146,35567
60147,400
60148,1215
60149,400
60150,1215
60151,14396
60152,35573
60153,35574
60154,919
60155,30792
60156,5242
60157,35574
60158,35575
60159,11415
60160,7290
60161,35454
60162,35452
60163,35128
60164,21478
60165,35577
60166,35574
60167,35581
60168,228
60169,35128
60170,35514
60171,24515
60172,35582
60173,35583
60174,8924
60175,12521
60176,30205
60177,35313
60178,24515
60179,35586
60180,28786
60181,35537
60182,22159
60183,35574
60184,35591
60185,32010
60186,34963
60187,35593
60188,1390
60189,11633
60190,35593
60191,11633
60192,34928
60193,35594
60194,862
60195,35595
60196,1114
60197,7127
60198,12359
60199,17857
60200,29898
60201,5836
60202,1973
60203,6096
60204,35600
60205,9649
60206,21793
60207,35571
60208,35400
60209,35605
60210,35600
60211,30351
60212,35597
60213,35616
60214,35614
60215,35435
60216,1436
60217,13378
60218,35617
60219,35617
60220,35621
60221,35620
60222,35621
60223,29758
60224,7486
60225,35535
60226,31474
60227,19939
60228,22311
60229,35616
60230,9845
60231,7344
60232,35624
60233,35626
60234,24163
60235,35603
60236,30409
60237,30313
60238,35053
60239,442
60240,35474
60241,35628
60242,35632
60243,28978
60244,159
60245,28281
60246,35629
60247,17983
60248,7496
60249,35586
60250,35629
60251,35618
60252,679
60253,34643
60254,35635
60255,35292
60256,4916
60257,183
60258,35636
60259,9845
60260,22577
60261,31466
60262,7482
60263,23810
60264,31076
60265,19744
60266,35468
60267,35019
60268,35557
60269,32145
60270,35026
60271,23810
60272,27102
60273,805
60274,10266
60275,439
60276,2407
60277,4733
60278,35642
60279,8871
60280,35638
60281,10661
60282,35652
60283,9511
60284,34906
60285,1077
60286,35645
60287,4054
60288,8803
60289,35654
60290,749
60291,35374
60292,27020
60293,7209
60294,35650
60295,29424
60296,35650
60297,1514
60298,6723
60299,4496
60300,7209
60301,3465
60302,35263
60303,35664
60304,35663
60305,32461
60306,35662
60307,29386
60308,17463
60309,31774
60310,6601
60311,4147
60312,35662
60313,35074
60314,30540
60315,6178
60316,35657
60317,25495
60318,35672
60319,1513
60320,7788
60321,28864
60322,13212
60323,35396
60324,35679
60325,35679
60326,35521
60327,35672
60328,35521
60329,35683
60330,5836
60331,35684
60332,35682
60333,20850
60334,35682
60335,17475
60336,2063
60337,35657
60338,35663
60339,3681
60340,35663
60341,21149
60342,35672
60343,35693
60344,7795
60345,27495
60346,28955
60347,35694
60348,16534
60349,10295
60350,35639
60351,35639
60352,16113
60353,16113
60354,35694
60355,30987
60356,35646
60357,20374
60358,32495
60359,7071
60360,31160
60361,32467
60362,35702
60363,1977
60364,35705
60365,2849
60366,9705
60367,11852
60368,25528
60369,35704
60370,35419
60371,13561
60372,26092
60373,27102
60374,17493
60375,475
60376,870
60377,35160
60378,35707
60379,9705
60380,35478
60381,2116
60382,858
60383,27102
60384,20245
60385,22047
60386,27102
60387,8927
60388,14860
60389,12147
60390,35425
60391,35715
60392,32097
60393,35715
60394,28864
60395,35716
60396,365
60397,32461
60398,9394
60399,16693
60400,26743
60401,35198
60402,30840
60403,30840
60404,35713
60405,34811
60406,35690
60407,35720
60408,5594
60409,35728
60410,35728
60411,35295
60412,11704
60413,31152
60414,35726
60415,3725
60416,35678
60417,17037
60418,35723
60419,28168
60420,35678
60421,10849
60422,12710
60423,8461
60424,5351
60425,10849
60426,18566
60427,35723
60428,13197
60429,439
60430,559
60431,1727
60432,2875
60433,4569
60434,9007
60435,17714
60436,24238
60437,14621
60438,4797
60439,22387
60440,15961
60441,1513
60442,2970
60443,12258
60444,15961
60445,35736
60446,35733
60447,35223
60448,32474
60449,35739
60450,767
60451,26342
60452,35744
60453,862
60454,35599
60455,35698
60456,35464
60457,31632
60458,25529
60459,35746
60460,25529
60461,10832
60462,101
60463,179
60464,8401
60465,29787
60466,253
60467,6946
60468,35757
60469,34985
60470,32242
60471,35751
60472,35756
60473,35757
60474,30834
60475,12752
60476,35734
60477,13973
60478,35716
60479,7828
60480,35761
60481,35400
60482,35426
60483,8844
60484,35159
60485,442
60486,35764
60487,1553
60488,20580
60489,35764
60490,22387
60491,29070
60492,26267
60493,24712
60494,2800
60495,35772
60496,22387
60497,35772
60498,35772
60499,35736
60500,7837
60501,28281
60502,35474
60503,34953
60504,127
60505,35776
60506,31428
60507,35775
60508,34817
60509,26276
60510,35763
60511,35751
60512,35782
60513,35658
60514,35774
60516,25901
60517,26276
60518,35791
60519,35795
60520,4862
60521,35791
60522,35796
60523,12307
60524,35457
60525,26338
60526,35800
60527,6497
60528,29825
60529,18268
60530,12752
60531,990
60532,17304
60533,17304
60534,35803
60535,35766
60536,35804
60537,35766
60538,34638
60539,10771
60540,12359
60541,3984
60542,35786
60543,5893
60544,7290
60545,4290
60546,34915
60547,805
60548,21983
60549,17037
60550,20425
60551,20425
60552,22387
60553,31152
60554,22387
60555,805
60556,35809
60557,35811
60558,27854
60559,35501
60560,35810
60561,30269
60562,22137
60563,2067
60564,8832
60565,35810
60566,28304
60567,5405
60568,28086
60569,35821
60571,3984
60572,35828
60573,9975
60574,28086
60575,25433
60576,31668
60577,35831
60578,35822
60579,35822
60580,35344
60581,26094
60582,28552
60583,35833
60584,10172
60585,7952
60586,32504
60587,35463
60588,285
60589,35834
60590,35834
60591,3984
60592,35642
60593,6920
60594,35826
60595,35837
60596,32442
60597,1261
60598,805
60599,20932
60600,34875
60601,35842
60602,11510
60603,12737
60604,22403
60605,1381
60606,1381
60607,35452
60608,35822
60609,34894
60610,273
60611,27061
60612,4253
60613,34856
60614,26500
60615,1389
60616,27086
60617,27086
60618,17918
60619,35849
60620,5405
60621,21373
60622,35822
60623,34856
60624,35160
60625,35833
60626,14730
60627,35833
60628,22262
60629,35854
60630,35849
60631,35521
60632,35855
60633,32074
60634,35855
60635,35828
60636,8121
60637,589
60638,23801
60639,35864
60640,1036
60641,35866
60642,22262
60643,35863
60644,31243
60645,35872
60646,1538
60647,34826
60648,12612
60649,32397
60650,20589
60651,35876
60652,35878
60653,35878
60654,21497
60655,35872
60656,35879
60657,35854
60658,35863
60659,19788
60660,35883
60661,562
60662,12359
60663,12949
60664,795
60665,1909
60666,5186
60667,6884
60668,287
60669,12786
60670,29325
60671,35328
60672,35889
60673,35548
60674,2310
60675,35891
60676,35891
60677,9378
60678,16897
60679,12612
60680,17112
60681,18268
60682,35895
60683,35757
60684,35896
60685,17812
60686,28864
60687,35553
60688,3310
60689,13799
60690,35842
60691,35328
60692,32247
60693,28498
60694,35394
60695,35874
60696,9845
60697,35901
60698,35879
60699,35556
60700,9383
60701,261
60702,35904
60703,22478
60704,31379
60705,35901
60706,35679
60707,30125
60708,333
60709,22478
60710,35811
60711,29911
60712,35910
60713,805
60714,4253
60715,25692
60716,24139
60717,5323
60718,5323
60719,31891
60720,35916
60721,35918
60722,35909
60723,8790
60724,10776
60725,35263
60726,35922
60727,35916
60728,16949
60729,35918
60730,35845
60731,9136
60732,35917
60733,31718
60734,35872
60735,35578
60736,4862
60737,35924
60738,12612
60739,12612
60740,35915
60741,35845
60742,35845
60743,35842
60744,35932
60745,35931
60746,3601
60747,29911
60748,35935
60749,35936
60750,240
60751,35918
60752,35937
60753,35879
60754,35463
60755,35937
60756,31152
60757,35879
60758,35483
60759,35483
60760,223
60761,24293
60762,35597
60763,24293
60764,31364
60765,2817
60766,3744
60767,2083
60768,24293
60769,24293
60770,31331
60771,35917
60772,8783
60773,35943
60774,35944
60775,35940
60776,3591
60777,82
60778,386
60779,795
60780,3582
60781,4079
60782,28928
60783,35905
60784,686
60785,35943
60786,686
60787,28154
60788,9845
60789,17661
60790,3125
60791,31160
60792,35026
60793,35026
60795,10518
60796,4598
60797,17308
60798,35951
60799,35952
60800,35952
60801,10452
60802,35949
60803,8293
60804,24968
60805,20112
60806,26814
60807,21054
60808,25660
60809,919
60810,35059
60811,35956
60812,35263
60813,35611
60814,5509
60815,16454
60816,31261
60817,12359
60818,35965
60819,7290
60820,19960
60821,35944
60822,32036
60823,32036
60824,35973
60825,4673
60826,35970
60827,32299
60828,35956
60829,35976
60830,35971
60831,858
60832,29911
60833,30624
60834,25969
60835,35965
60836,24968
60837,31243
60838,17679
60839,35977
60840,35907
60841,35978
60842,27589
60843,9007
60844,27589
60845,11233
60846,35943
60847,35979
60848,34856
60849,35961
60850,35830
60851,35979
60852,30557
60853,13585
60854,35829
60855,34872
60856,31019
60858,2425
60859,35984
60860,24414
60861,28957
60862,20200
60863,24327
60864,12615
60865,13585
60866,9845
60867,14737
60868,35988
60869,35393
60870,35993
60871,35830
60872,8212
60873,35990
60874,14529
60875,35998
60876,29466
60877,35998
60878,29456
60879,28957
60880,35736
60881,4701
60882,11799
60883,12359
60884,36000
60885,30726
60886,20060
60887,14808
60888,35932
60889,36003
60890,77
60891,26094
60892,36006
60893,35872
60894,32377
60895,36009
60896,36006
60897,11005
60898,36013
60899,36014
60900,179
60901,183
60902,2817
60903,2817
60904,35907
60905,686
60906,28172
60907,35029
60908,35454
60909,35454
60910,30701
60911,35165
60912,36004
60913,36023
60914,24371
60915,36006
60916,35905
60917,36031
60918,36009
60919,36032
60920,10622
60921,36035
60922,31243
60923,36035
60924,36021
60925,36021
60926,35969
60927,29911
60928,8626
60929,36040
60930,35990
60931,8401
60932,9007
60933,36038
60934,24207
60935,36032
60936,35969
60937,35999
60938,14508
60939,22201
60940,35677
60941,35999
60942,1352
60943,35909
60944,35572
60945,27816
60946,36051
60947,36035
60948,36006
60949,10524
60950,35680
60951,183
60952,35984
60953,34927
60954,36042
60955,31844
60956,36055
60957,24515
60958,36058
60959,22088
60960,36056
60961,36056
60962,36059
60963,35999
60964,36040
60965,35696
60966,29107
60967,12647
60968,35454
60969,36065
60970,11954
60971,2719
60972,16113
60973,930
60974,36067
60975,25538
60976,34864
60977,20793
60978,8289
60979,11907
60980,35343
60981,183
60982,26407
60983,36074
60984,35705
60985,13948
60986,36077
60987,25443
60988,36072
60989,36055
60990,36078
60991,31774
60992,686
60993,28538
60994,22536
60995,35969
60996,11408
60997,19918
60998,7667
60999,686
61000,5429
61001,36088
61002,28315
61003,28566
61004,36090
61005,7290
61006,14767
61007,28640
61008,36090
61009,28092
61010,36090
61011,29459
61012,36099
61013,13388
61014,26545
61015,36101
61016,36040
61017,9424
61018,36101
61019,36101
61020,16496
61021,7555
61022,22047
61023,1150
61024,34856
61025,1963
61026,10028
61027,28500
61028,601
61029,36072
61030,13474
61031,36106
61032,17262
61033,36106
61034,36095
61035,36106
61036,36067
61037,36107
61038,35733
61039,36107
61040,36108
61041,36101
61042,35737
61043,25433
61044,6547
61045,36113
61046,7891
61047,4496
61048,3019
61049,31650
61050,36110
61051,16489
61052,36029
61053,36124
61054,4916
61055,7972
61056,23597
61057,23880
61058,36127
61059,35749
61060,805
61061,601
61062,74
61063,6854
61064,36128
61065,35463
61066,36068
61067,36131
61068,6206
61069,1994
61070,36131
61071,36131
61072,36131
61073,31152
61074,35757
61075,36006
61076,14346
61077,36142
61078,36142
61079,17230
61080,31560
61081,11522
61082,439
61083,3301
61084,4319
61085,13531
61086,36110
61087,35664
61088,20926
61089,35664
61090,35664
61091,36135
61092,36155
61093,24469
61094,7189
61095,17801
61096,812
61097,19883
61098,36153
61099,8289
61100,3794
61101,36138
61102,36148
61103,31455
61104,35263
61105,4253
61106,3744
61107,16765
61108,30436
61109,35777
61110,28740
61111,29868
61112,29868
61113,90
61114,31459
61115,31656
61116,36158
61117,36108
61118,36068
61119,36163
61120,36160
61121,36166
61122,26919
61123,2019
61124,36068
61125,17812
61126,1387
61127,21684
61128,36040
61129,36171
61130,36173
61131,36174
61132,36163
61133,1387
61134,36158
61135,28566
61136,35793
61137,36172
61138,36112
61139,2164
61140,36176
61141,22257
61142,36163
61143,31650
61144,36100
61145,36158
61146,36167
61147,36179
61148,36180
61149,36180
61150,36181
61151,2310
61152,35805
61153,34658
61154,10619
61155,183
61156,36183
61157,32157
61158,35521
61159,28403
61160,22387
61161,29070
61162,589
61163,36192
61164,8006
61165,36105
61166,36164
61167,26338
61168,28109
61169,36138
61170,36173
61171,35533
61172,5836
61173,5836
61174,36195
61175,36195
61176,24790
61177,34874
61178,36196
61179,35820
61180,36193
61181,217
61182,34768
61183,34768
61184,36199
61185,36203
61186,26916
61187,179
61188,36040
61189,36205
61190,21213
61191,8013
61192,14767
61193,36208
61194,36210
61195,26094
61196,36212
61197,21599
61198,36214
61199,36214
61200,35160
61201,24938
61202,31418
61203,31418
61204,21599
61205,18009
61206,35845
61207,34745
61208,36040
61209,36040
61210,36040
61211,35846
61212,36040
61213,2392
61214,7787
61215,27099
61216,35848
61217,13267
61218,36222
61219,3310
61220,36217
61221,36217
61222,36207
61223,36209
61224,36227
61225,2849
61226,36226
61227,36214
61228,36214
61229,32036
61230,32036
61231,12750
61232,27086
61233,27086
61234,24097
61235,36234
61236,36233
61237,36216
61238,589
61239,589
61240,589
61241,35917
61242,31972
61244,36200
61245,36216
61246,32237
61247,25184
61248,36240
61249,31418
61250,34658
61251,35893
61252,35885
61253,36163
61254,36163
61255,8844
61256,10659
61257,36243
61258,35844
61259,17112
61261,30192
61262,12931
61263,36251
61264,35898
61265,36229
61266,36229
61267,35572
61268,8603
61269,26998
61270,805
61271,805
61272,7034
61273,2798
61274,36257
61275,32131
61276,9447
61277,7112
61278,16732
61279,36260
61280,20344
61281,11195
61282,35565
61283,36261
61284,35002
61285,88
61286,36265
61287,36263
61288,36257
61289,35917
61290,35907
61291,35908
61292,35912
61293,28719
61294,20980
61295,35002
61296,36264
61297,35774
61298,36115
61299,35774
61300,36264
61301,20587
61302,12359
61303,36206
61304,36206
61305,30125
61306,35923
61307,35131
61308,36273
61309,16113
61310,16113
61311,28053
61312,36172
61313,36278
61314,36283
61315,17749
61316,35922
61317,34903
61318,36280
61319,17882
61320,36278
61321,21261
61322,35917
61323,36287
61324,1709
61325,29325
61326,21967
61327,36279
61328,36280
61329,4290
61330,36288
61331,7555
61332,35218
61333,805
61334,26611
61335,9394
61336,7555
61337,35829
61338,13561
61339,4286
61340,34874
61341,10723
61342,36302
61343,8511
61344,36303
61345,5351
61346,805
61347,24148
61348,35953
61349,5
61350,20304
61351,36259
61352,35958
61353,32100
61354,31065
61355,36312
61356,36313
61357,3310
61358,31474
61359,35968
61360,36321
61361,27812
61362,31065
61363,31065
61364,17908
61365,2040
61366,2750
61367,29381
61368,20438
61369,35969
61370,35842
61371,31065
61372,36324
61373,4842
61374,4842
61375,36325
61376,36325
61377,35944
61378,13328
61379,36306
61380,16765
61381,15959
61382,9485
61383,11352
61384,36317
61385,36317
61386,1124
61387,36276
61388,36319
61389,4320
61390,36306
61391,36332
61392,2425
61393,36328
61394,36339
61395,36293
61396,36329
61397,17749
61398,34903
61399,805
61400,36344
61401,36238
61402,36342
61403,35990
61404,35990
61405,36342
61406,10723
61407,36293
61408,27798
61409,36349
61410,36302
61411,27669
61412,35985
61413,36350
61414,36349
61415,29466
61416,36352
61417,36354
61418,9174
61419,24949
61420,32257
61421,35985
61422,1929
61423,26426
61424,36357
61425,14054
61427,252
61428,17754
61429,9454
61430,36343
61431,36316
61432,31261
61433,36307
61434,16765
61435,36366
61436,36015
61437,25526
61438,36368
61439,27494
61440,32036
61441,21462
61442,36372
61444,36368
61445,36372
61446,13526
61447,36343
61448,18343
61449,8874
61450,12947
61451,36027
61452,8076
61453,36033
61454,36371
61455,30438
61456,23739
61457,36373
61458,36353
61459,20778
61460,36368
61461,29109
61462,36037
61463,36375
61464,573
61465,6096
61466,21674
61467,9571
61468,36377
61469,35531
61470,36380
61471,36380
61472,36045
61473,600
61474,36379
61475,35531
61476,36372
61477,27382
61478,13138
61479,24626
61480,17749
61481,36386
61482,36386
61483,23853
61484,36388
61485,36388
61486,36163
61487,30602
61488,36382
61489,35531
61490,600
61491,36381
61492,36389
61493,5212
61494,919
61495,36329
61496,30682
61497,36381
61498,36058
61499,34961
61500,30438
61501,36381
61502,8027
61503,36360
61504,36394
61505,36063
61506,6329
61507,36303
61508,34714
61509,36397
61510,17030
61511,27382
61512,35060
61513,35698
61514,35176
61515,36404
61516,36403
61517,36403
61518,36381
61519,36379
61520,35917
61521,4598
61522,36405
61523,34907
61524,12895
61525,7
61526,35099
61527,36081
61528,14188
61529,13403
61530,35572
61531,31605
61532,36316
61533,7064
61534,36399
61535,36415
61536,23853
61537,36408
61538,36421
61539,14803
61540,34714
61541,36420
61542,4187
61543,36420
61544,25708
61545,10443
61546,36415
61547,36423
61548,36425
61549,36414
61550,26401
61551,28380
61552,1934
61553,36423
61554,9416
61555,26435
61556,35575
61557,18192
61558,8204
61559,3693
61560,35842
61561,36426
61562,36432
61563,6310
61564,32429
61565,36315
61566,22353
61567,35811
61568,36403
61569,36229
61570,8101
61571,35736
61572,36438
61573,21972
61574,35646
61575,36315
61576,4837
61577,10876
61578,609
61579,34778
61580,17987
61581,12947
61582,36440
61583,34588
61584,2775
61585,36423
61586,34856
61587,36446
61588,35736
61589,36446
61590,34658
61591,36451
61592,9397
61593,9721
61594,8401
61595,26401
61596,36046
61597,159
61598,17304
61599,34588
61600,34588
61601,36455
61602,1154
61603,36444
61604,36457
61605,32005
61606,273
61607,36388
61608,36455
61609,36388
61610,28637
61611,36460
61612,28637
61613,32091
61614,26259
61615,3280
61616,36462
61617,36464
61618,35774
61619,7406
61620,12041
61621,35959
61622,36466
61623,29109
61624,22520
61625,35575
61626,36468
61627,35575
61628,35575
61629,12814
61630,14556
61631,36466
61634,34588
61635,8112
61636,8114
61637,36471
61638,27325
61639,36473
61640,13472
61641,36474
61642,16880
61643,36475
61644,36476
61645,36479
61646,7008
61647,36162
61648,36479
61649,27342
61650,9742
61651,12257
61652,1977
61653,1004
61654,36168
61655,30951
61656,36381
61657,24626
61658,34792
61659,36482
61660,32134
61661,21462
61662,36482
61663,18009
61664,36175
61665,28746
61666,8120
61667,36303
61668,686
61669,686
61670,32405
61671,36472
61672,2230
61673,29707
61674,36489
61675,36411
61676,36482
61677,36482
61678,36490
61679,8676
61680,30438
61681,36490
61682,35917
61683,22569
61684,36186
61685,4705
61686,8451
61687,26338
61688,12165
61689,36496
61690,35398
61691,26338
61692,23918
61693,428
61694,26471
61695,8137
61696,8141
61697,13609
61698,36500
61699,36500
61700,36495
61702,36501
61703,36381
61704,35237
61705,26338
61706,36505
61707,1977
61708,22452
61709,25713
61710,2101
61711,36058
61712,34962
61713,28509
61714,34962
61715,35037
61716,805
61717,7667
61718,36504
61719,36510
61720,36510
61721,36422
61722,36058
61723,8580
61724,35842
61725,35842
61726,36495
61727,2392
61728,30672
61729,2485
61730,8141
61731,589
61732,25734
61733,26223
61734,36223
61735,36342
61736,8165
61737,10323
61739,36516
61740,10119
61741,36520
61742,36486
61743,24341
61744,36521
61745,36491
61746,26223
61747,34962
61748,10123
61749,7127
61750,18547
61751,16859
61752,5829
61753,6606
61754,36249
61755,36528
61756,588
61757,36058
61758,9394
61759,15983
61760,11349
61761,12983
61762,273
61763,36491
61764,34856
61765,36162
61766,36229
61767,36462
61768,36223
61769,3242
61770,36535
61771,28520
61772,24816
61773,36538
61774,28916
61775,25433
61776,2586
61777,36542
61778,8226
61779,1106
61780,34761
61781,103
61782,35743
61783,36381
61784,8451
61785,14283
61786,31774
61787,18528
61788,36526
61789,36205
61790,15949
61791,24730
61792,26190
61793,36551
61794,36532
61795,36305
61796,36550
61797,31904
61798,3856
61799,36554
61801,36510
61802,6534
61803,36516
61804,36535
61805,36303
61806,36311
61807,36546
61808,20556
61809,26338
61810,919
61811,14499
61812,36549
61813,4842
61814,32397
61815,32397
61816,36545
61817,31702
61818,36545
61819,36561
61820,36545
61821,36336
61822,34968
61823,17670
61824,36559
61825,614
61826,36563
61827,805
61828,805
61829,805
61830,805
61831,805
61832,805
61833,24993
61834,805
61835,805
61836,36565
61837,22545
61838,30876
61839,17717
61840,36557
61841,858
61842,25761
61843,35099
61844,36539
61845,25138
61846,32057
61847,36572
61848,35099
61849,5594
61850,253
61851,36564
61852,36539
61853,6000
61854,36367
61855,36462
61856,36369
61857,36559
61858,36374
61859,36579
61860,36573
61861,36579
61862,118
61863,27070
61864,7420
61865,36565
61866,36583
61867,36582
61868,35743
61869,36396
61870,35698
61871,36401
61872,36582
61873,36587
61874,36130
61875,36588
61876,21030
61877,36130
61878,4498
61879,36405
61880,36554
61881,35811
61882,36414
61883,2860
61884,29500
61885,36471
61886,36471
61887,35053
61888,36596
61889,4286
61890,10196
61891,26925
61892,14421
61893,557
61894,10619
61895,11852
61896,36601
61897,36599
61898,36600
61899,36602
61900,36602
61901,36602
61902,36602
61903,36603
61904,34817
61905,3651
61906,14125
61907,28529
61908,36597
61909,36607
61910,36608
61911,36606
61912,273
61913,31445
61914,36047
61915,36047
61916,35895
61917,36438
61918,11314
61919,36478
61920,36614
61921,36610
61922,1205
61923,35099
61924,17017
61925,36388
61926,36388
61927,36535
61928,36535
61929,36617
61930,36617
61931,36616
61932,36618
61933,13138
61934,36619
61935,892
61936,36619
61937,8207
61938,36130
61939,18128
61940,36130
61941,36462
61942,24982
61943,9126
61944,10500
61945,36462
61946,36276
61947,36539
61948,23943
61949,28592
61950,36055
61951,36559
61952,36622
61953,16097
61954,686
61955,36582
61956,8141
61957,13902
61958,13902
61959,34694
61960,36594
61961,30712
61962,1004
61963,36628
61964,36631
61965,22409
61966,36545
61967,25
61968,36634
61969,18152
61970,36636
61971,6945
61972,36638
61973,36622
61974,36632
61975,36646
61976,23823
61977,23823
61978,36622
61979,34777
61980,2546
61981,36577
61982,36649
61983,24726
61984,36652
61985,36655
61986,36655
61987,21114
61988,36654
61989,36656
61990,36656
61991,16097
61992,36659
61993,36659
61994,36660
61995,36660
61996,22409
61997,36565
61998,13594
61999,36545
62000,36656
62001,36545
62002,36656
62003,21958
62004,21958
62005,12807
62006,36209
62007,6877
62008,8242
62009,7828
62010,686
62011,36670
62013,16097
62014,35757
62015,16750
62017,36559
62018,18231
62019,12621
62020,36569
62021,29644
62022,36569
62025,8059
62026,20078
62027,16097
62028,11852
62029,9248
62030,36223
62031,36678
62032,36673
62033,36682
62034,36679
62035,36684
62036,36682
62037,273
62038,28746
62039,5907
62040,16097
62041,16128
62042,36646
62043,16128
62044,16097
62045,36059
62046,16097
62047,36660
62048,36660
62049,27151
62050,36682
62051,36673
62052,1005
62053,36686
62054,36654
62055,7365
62056,36674
62057,36656
62058,35176
62059,36686
62060,36661
62061,26245
62062,36539
62063,18567
62064,36689
62065,36688
62066,36238
62067,2645
62068,36462
62069,36695
62070,36522
62071,36696
62072,21958
62073,36697
62074,36656
62075,36689
62076,36689
62077,7127
62078,36701
62079,36701
62080,847
62081,36689
62082,32472
62083,7644
62084,36527
62085,36661
62086,26263
62087,36685
62088,36714
62089,24772
62090,24772
62091,28637
62092,35131
62093,11667
62094,36719
62095,36716
62096,35124
62097,35124
62098,36713
62099,36718
62100,36721
62101,29893
62102,5186
62103,36688
62104,35894
62105,19692
62106,36706
62107,36716
62108,28566
62109,27158
62110,5805
62111,35917
62112,36626
62113,35572
62114,36695
62115,36726
62116,23635
62117,36725
62118,36303
62119,36695
62120,28566
62122,36727
62123,14519
62124,36731
62125,24028
62126,2820
62127,635
62128,26181
62129,36422
62130,36738
62131,3019
62132,11867
62133,7949
62134,3019
62135,2817
62136,30351
62137,36743
62138,20966
62139,36745
62140,8200
62141,30299
62142,3994
62143,30351
62144,32005
62146,16097
62147,30351
62148,36661
62149,36661
62150,36751
62151,29600
62152,32091
62153,13270
62154,36713
62155,36746
62156,34963
62157,32036
62158,7033
62160,36746
62161,36751
62162,30351
62163,10619
62164,36650
62165,18215
62166,36743
62167,2592
62168,36712
62169,36712
62170,34774
62171,8141
62172,35478
62173,17128
62174,36381
62175,36758
62176,36755
62177,36761
62178,27971
62179,36626
62180,30545
62181,30545
62182,36617
62183,36617
62184,36617
62185,23649
62186,36765
62187,36765
62188,7066
62189,36564
62190,36768
62191,26441
62192,36743
62193,26628
62194,7828
62195,26190
62196,30351
62197,36540
62198,36540
62199,36772
62200,36772
62201,36772
62202,6725
62203,36577
62204,17398
62205,30964
62206,36775
62207,36777
62208,36774
62209,8289
62210,12560
62211,36569
62212,36778
62213,36773
62214,36773
62215,16709
62216,5387
62217,10809
62218,28304
62219,36781
62220,28520
62221,36422
62222,36768
62223,11277
62224,17398
62225,17398
62226,12267
62227,36769
62228,36539
62229,32005
62230,9219
62231,36751
62232,14188
62233,805
62234,5464
62235,36636
62236,1265
62237,36789
62238,28746
62239,7068
62240,1515
62241,28916
62242,74
62243,36768
62244,32181
62245,2592
62246,3579
62247,16675
62248,1497
62249,36758
62250,9125
62251,18134
62252,36381
62253,21471
62254,36787
62255,31243
62256,36795
62257,30904
62258,27409
62259,35288
62260,36569
62261,36039
62262,189
62263,36540
62264,1106
62265,36695
62266,27409
62267,27034
62268,31455
62269,36797
62270,32472
62271,16204
62272,36804
62273,16709
62274,36636
62275,9253
62276,6965
62277,22412
62278,36743
62279,264
62280,23606
62281,36811
62282,9671
62284,18274
62285,36816
62286,29536
62287,29536
62288,36822
62289,23853
62290,29600
62291,26330
62292,36818
62293,36811
62294,36825
62295,36820
62296,36422
62297,27779
62298,36826
62299,17398
62300,30545
62301,25
62302,9733
62303,30336
62304,36818
62305,36793
62306,36830
62307,27779
62308,36206
62309,34849
62310,36833
62311,36820
62312,608
62313,35842
62314,333
62315,36834
62316,36833
62317,36628
62318,36155
62319,36757
62320,36836
62321,36835
62322,2956
62323,10413
62324,36629
62325,36828
62326,17398
62327,20959
62329,17567
62330,13799
62331,36844
62332,36844
62333,273
62334,28746
62335,183
62336,8320
62337,36796
62338,36816
62339,36816
62340,36816
62341,36846
62342,36847
62343,6724
62344,9378
62345,29052
62346,36540
62347,28707
62348,17190
62349,36851
62350,35292
62351,36852
62352,36822
62353,5275
62354,21599
62355,36751
62356,32036
62357,36854
62358,36854
62359,6867
62360,8141
62361,30192
62362,32036
62363,36858
62364,35842
62365,36857
62366,36860
62367,1945
62368,36229
62369,8013
62370,36382
62371,36382
62372,36332
62373,36858
62374,36793
62375,36793
62376,24097
62377,36651
62378,36865
62379,36865
62380,36842
62381,36866
62382,13702
62383,2669
62384,36751
62385,36868
62386,36869
62387,36869
62388,2645
62389,36873
62390,36850
62391,36876
62392,36876
62393,27779
62394,36875
62395,36875
62396,36878
62397,36875
62398,36875
62399,1191
62400,36870
62401,34882
62402,17141
62403,36816
62404,36880
62405,36861
62406,36881
62407,28007
62408,4290
62409,8932
62410,32036
62411,36883
62412,36884
62413,36773
62414,36886
62415,36857
62416,25292
62417,36312
62418,36853
62419,36312
62420,36861
62421,10683
62422,36894
62423,29600
62424,29600
62425,36894
62426,6857
62427,36892
62428,87
62429,36886
62430,31166
62431,29676
62432,1036
62433,21200
62434,21200
62435,36898
62436,36900
62437,31987
62438,36835
62439,36901
62440,2129
62441,28007
62442,36835
62444,4072
62445,35873
62446,36903
62447,2970
62448,36904
62449,9394
62450,32036
62451,4045
62452,930
62453,805
62454,36641
62455,36641
62456,16997
62457,35176
62458,29600
62459,30677
62460,23606
62461,35131
62462,36898
62463,36825
62464,36825
62465,25628
62466,36912
62467,36625
62468,36625
62469,11438
62470,28285
62471,36674
62472,36898
62473,273
62474,36914
62475,7138
62476,20657
62477,31077
62478,36915
62479,35657
62480,10524
62481,30052
62482,32036
62483,8373
62484,3330
62485,36915
62486,36828
62487,21471
62488,17543
62489,36923
62490,36922
62491,19699
62492,36862
62493,36862
62494,36926
62495,4045
62496,14163
62497,36927
62498,36927
62499,7828
62500,35572
62501,32472
62502,36930
62503,10416
62504,34612
62505,17567
62506,87
62507,24289
62508,36760
62509,36646
62510,10064
62511,29707
62512,36932
62513,36932
62514,11926
62515,36862
62516,36862
62517,36938
62518,35197
62519,36941
62520,21654
62521,36910
62522,36940
62523,35544
62524,36930
62525,12923
62526,24289
62527,5739
62528,8946
62529,21657
62530,36945
62531,36945
62532,36915
62533,9997
62534,22095
62535,887
62536,17315
62537,28746
62538,28511
62539,34787
62540,35842
62541,36958
62542,36896
62543,36961
62544,4862
62545,36964
62546,25392
62547,36609
62548,36968
62549,25209
62550,28520
62551,14803
62552,36738
62553,36971
62554,179
62555,36860
62556,36973
62557,36976
62558,36976
62559,36975
62560,34787
62561,36981
62562,36979
62563,36975
62564,9694
62565,36979
62566,28732
62567,36973
62568,9694
62569,9997
62570,17128
62571,36985
62572,36988
62573,36986
62574,36987
62575,36942
62576,8207
62577,36986
62578,36415
62579,17481
62580,6377
62581,36952
62582,34787
62583,12409
62584,36971
62585,919
62586,36844
62587,36317
62588,36835
62589,28520
62590,8932
62591,287
62592,36861
62593,36861
62594,13378
62595,36880
62596,35099
62597,37000
62598,36381
62599,644
62600,36999
62601,31016
62602,31016
62603,919
62604,13818
62605,32553
62606,31160
62607,307
62608,37008
62609,36954
62610,9007
62611,35885
62612,37012
62613,12540
62614,37014
62615,37016
62616,26088
62617,26088
62618,37016
62619,1871
62620,28246
62621,32276
62622,17481
62623,17192
62624,37017
62625,36987
62626,21773
62627,8402
62628,8374
62629,37021
62630,37019
62631,37019
62632,36824
62633,36415
62634,36415
62635,12202
62636,26566
62637,18459
62638,13799
62639,776
62640,37019
62641,17481
62642,13532
62643,36971
62644,12172
62645,37008
62646,37033
62647,37035
62648,28520
62649,37033
62650,35736
62651,37000
62652,37036
62653,37036
62654,12947
62655,37033
62656,34677
62657,37041
62658,37040
62659,36987
62660,37044
62661,13864
62662,1378
62663,930
62664,35862
62665,30160
62666,36979
62667,25697
62668,37030
62669,307
62670,36880
62671,37041
62672,37048
62673,307
62674,37052
62675,14560
62676,37053
62677,34612
62678,28181
62679,37051
62680,37053
62681,8413
62682,36854
62683,3146
62684,190
62685,1720
62686,1513
62687,37061
62688,37052
62689,37052
62690,4505
62691,37036
62692,3984
62693,34588
62694,8200
62695,9656
62696,37062
62697,37064
62698,20529
62699,27080
62700,12851
62701,37067
62702,37057
62703,37067
62704,2325
62705,28520
62706,11867
62707,37053
62708,36462
62709,4908
62710,37068
62711,28864
62712,13133
62713,37071
62714,23853
62715,9060
62716,36656
62717,36934
62718,25174
62719,36738
62720,36444
62721,37074
62722,37030
62723,37075
62724,28705
62725,3468
62726,35430
62727,36886
62728,30904
62729,36824
62730,37019
62731,30657
62732,930
62733,36738
62734,37061
62735,3874
62736,37083
62737,1934
62738,37078
62739,36646
62740,37051
62741,14803
62742,4856
62744,19999
62745,10266
62746,54
62747,4856
62748,29062
62749,32398
62750,37051
62751,37041
62752,19999
62753,37089
62754,36033
62755,35906
62756,37091
62757,32036
62758,34817
62759,37048
62760,34846
62761,37093
62762,32036
62763,37101
62764,21559
62765,36958
62766,36958
62767,37105
62768,29153
62770,37057
62771,37106
62772,37057
62773,37093
62774,36444
62775,5864
62776,6967
62777,31289
62778,3700
62779,37107
62780,29153
62781,37109
62782,28405
62783,37109
62784,16441
62785,37040
62786,37078
62787,31364
62788,6329
62789,35099
62790,37096
62791,31166
62792,37114
62793,37115
62794,37078
62795,12983
62796,37099
62797,25174
62798,27051
62799,2719
62800,27051
62801,37119
62802,18528
62803,36465
62804,36894
62805,27051
62806,36465
62807,36894
62808,36465
62809,1224
62810,17358
62811,30546
62812,37107
62813,32181
62814,28705
62815,37123
62816,7365
62817,37099
62818,37094
62819,28864
62820,1250
62821,36465
62822,36465
62823,37121
62824,9890
62825,37091
62826,9235
62827,37128
62828,8451
62829,37136
62830,37136
62831,37138
62832,37141
62833,183
62834,37121
62835,37143
62836,3014
62837,37143
62838,37145
62839,37143
62840,18549
62841,37144
62842,37151
62843,37152
62844,2116
62845,37155
62846,273
62847,35998
62848,36484
62849,37155
62850,8141
62851,37160
62852,35430
62853,37146
62854,37158
62855,32398
62856,35977
62857,14188
62858,2728
62859,37164
62860,29153
62861,36610
62862,36610
62863,37167
62864,37167
62865,37172
62866,805
62867,11748
62868,37169
62869,805
62870,17230
62871,35295
62872,18563
62873,37175
62874,21846
62875,36999
62876,35295
62877,36825
62878,37176
62879,37176
62880,9738
62881,11065
62882,36985
62883,37179
62884,30295
62885,35295
62886,37180
62887,37036
62888,37183
62889,35873
62890,35873
62891,11032
62892,37036
62893,37180
62894,31557
62895,37141
62896,37178
62897,37191
62898,36682
62899,35295
62900,37191
62901,37191
62902,7513
62903,17230
62904,12737
62905,37192
62906,20713
62907,35873
62908,20713
62909,35284
62910,35284
62911,37171
62912,2116
62913,37194
62914,37194
62915,4751
62916,35873
62917,142
62918,36604
62919,36868
62920,37195
62921,35537
62922,36901
62923,37190
62924,37162
62925,37198
62926,36901
62927,7290
62928,37198
62929,17481
62930,17481
62931,2040
62932,35099
62933,36958
62934,37203
62935,35945
62936,37190
62937,35977
62938,30693
62939,30693
62940,20517
62941,37209
62942,37209
62943,26173
62945,5234
62946,37210
62947,36462
62948,37188
62949,37190
62950,5739
62951,37210
62952,37210
62953,37155
62954,14413
62955,37188
62956,37201
62957,36891
62958,37211
62959,26552
62960,37188
62961,8949
62962,27289
62963,37185
62964,4598
62965,26552
62966,26552
62967,37215
62968,2750
62969,37209
62970,37213
62971,31420
62972,36985
62973,7138
62974,37217
62975,37221
62976,37222
62977,36979
62978,35099
62979,37201
62980,37223
62981,37224
62982,35284
62983,35284
62984,37213
62985,12719
62986,37058
62987,23732
62988,37058
62989,23732
62990,23732
62991,23732
62992,27434
62993,8207
62994,36462
62995,37226
62996,34787
62997,37233
62998,37226
62999,37222
63000,35916
63001,37235
63002,37188
63003,37191
63004,37191
63005,11032
63006,4505
63007,3327
63008,4505
63009,37241
63010,37243
63011,37144
63012,37167
63013,37245
63014,1739
63015,37247
63016,26776
63017,8507
63018,37238
63019,37243
63020,26876
63021,37084
63022,37249
63023,7102
63024,37022
63025,34689
63026,805
63027,29367
63028,36913
63029,35842
63030,919
63031,37254
63032,36619
63033,27761
63034,37255
63035,23812
63036,339
63037,37255
63038,339
63039,37256
63040,24331
63041,37250
63042,37096
63043,14803
63044,37262
63045,28520
63046,37262
63047,37218
63048,9064
63049,37263
63050,37257
63051,37167
63052,9853
63053,28520
63054,28520
63055,37243
63056,20713
63057,37266
63058,37148
63059,13317
63060,37255
63061,37267
63062,4856
63063,37266
63064,37263
63065,37267
63066,37270
63067,37270
63068,37269
63069,30471
63070,37148
63071,36636
63072,37091
63073,5240
63074,1934
63075,29500
63076,10827
63077,34889
63078,1934
63079,37238
63080,30471
63081,34643
63082,7463
63083,7463
63084,37282
63085,35873
63086,28451
63087,37094
63088,30
63089,15978
63090,37276
63091,37276
63092,36712
63093,37285
63094,18644
63095,37288
63096,37287
63097,2775
63098,37288
63099,37289
63100,37211
63101,31304
63102,37138
63103,31451
63104,37022
63105,37293
63106,37293
63107,2073
63108,37209
63109,29085
63110,2111
63111,37294
63112,29085
63113,29085
63114,29742
63115,29085
63116,20710
63117,2111
63118,20836
63119,919
63120,37296
63121,20836
63122,8137
63123,9125
63124,17865
63125,7947
63126,36967
63127,3277
63128,9125
63129,21064
63130,37022
63131,35001
63132,3277
63133,20563
63134,8114
63135,37300
63136,36880
63137,2838
63138,37286
63139,37303
63140,16709
63141,24423
63143,16709
63144,36462
63145,36901
63146,2842
63147,5836
63148,2838
63149,37094
63150,378
63151,37308
63152,35263
63153,20279
63154,37308
63155,930
63156,37304
63157,35977
63158,37314
63159,37314
63160,37314
63161,8956
63162,30150
63163,37138
63164,4368
63165,37311
63166,37311
63167,37318
63168,37310
63169,5740
63170,37320
63171,37321
63172,20227
63173,215
63174,12218
63175,5820
63176,32036
63177,37314
63178,37306
63179,3017
63180,14125
63181,686
63182,16623
63183,11609
63184,37327
63185,21076
63186,36317
63187,13603
63188,366
63189,37307
63190,31960
63191,36880
63192,31530
63193,21817
63194,14645
63197,8539
63198,1996
63199,19667
63200,6192
63202,37344
63203,37345
63204,36558
63205,37301
63206,24725
63207,37282
63208,7290
63209,21071
63210,23972
63211,27541
63212,36540
63213,10619
63214,30310
63215,8394
63216,37353
63217,36784
63218,36835
63219,31315
63220,8394
63221,36908
63222,37032
63223,18543
63224,5137
63225,37341
63226,17373
63227,10636
63228,37341
63229,36835
63230,31315
63231,37187
63232,37359
63233,35830
63234,19960
63235,28786
63236,37361
63237,37046
63238,37310
63239,37363
63240,37347
63241,19895
63242,13632
63243,37364
63244,37364
63245,14296
63246,4856
63247,4856
63248,20874
63249,37367
63250,36068
63251,35842
63252,23788
63253,37369
63254,37055
63255,25223
63256,28298
63257,23939
63258,37369
63259,37372
63260,37373
63261,29928
63262,37375
63263,37374
63264,307
63265,30310
63266,37308
63267,37376
63268,37376
63269,36405
63270,37376
63271,26007
63272,2798
63273,2970
63274,36908
63275,34588
63276,1102
63277,35842
63278,32099
63279,37020
63280,17377
63281,36804
63282,36540
63283,37388
63284,22411
63285,27204
63286,36535
63287,37253
63288,27204
63289,23946
63290,25392
63291,32036
63292,27204
63293,37392
63294,37392
63295,36908
63296,13525
63297,37393
63298,12161
63299,27541
63300,9249
63301,37397
63302,35657
63303,28218
63304,36785
63305,36785
63306,1803
63307,6920
63308,37213
63309,37148
63310,35657
63311,439
63312,24423
63313,37399
63314,23972
63315,37400
63316,28732
63317,37082
63318,37404
63319,24423
63320,12537
63321,5679
63322,5405
63323,12707
63324,35919
63325,253
63326,4376
63327,4376
63328,88
63329,2775
63330,37406
63331,28378
63332,2728
63333,37412
63334,32331
63335,37399
63336,29707
63337,37412
63338,37412
63339,34895
63340,3671
63341,37418
63342,37423
63343,37418
63344,37423
63345,37093
63346,3293
63347,35917
63348,28904
63349,37421
63350,28904
63351,36535
63352,21959
63353,37426
63354,37429
63355,37403
63356,20009
63357,36938
63358,36938
63359,37433
63360,28216
63361,35119
63362,35119
63363,36206
63364,37435
63365,13987
63366,37434
63367,30310
63368,30310
63369,37213
63370,19984
63371,37282
63373,36706
63374,37413
63375,302
63376,37188
63377,4505
63378,37435
63379,28520
63380,37443
63381,37345
63382,37148
63383,12714
63384,36612
63385,32181
63386,37447
63387,5509
63388,191
63389,37447
63390,4505
63391,37449
63392,37448
63393,36612
63394,12409
63395,6440
63396,3019
63397,36206
63398,30676
63399,30676
63400,37429
63401,919
63402,858
63403,37050
63404,37141
63405,37441
63406,21720
63407,37431
63408,30192
63409,13838
63410,8053
63411,37429
63412,37439
63413,32331
63414,2676
63415,37457
63416,8401
63417,16290
63418,37033
63419,2970
63420,25335
63421,8580
63422,37393
63423,18528
63424,37393
63425,37455
63426,3468
63427,7250
63428,7250
63429,37462
63430,28791
63431,601
63432,37461
63433,22570
63434,279
63435,37454
63436,37376
63437,37376
63438,13138
63439,18152
63440,3919
63441,37466
63442,27763
63443,37466
63444,37466
63445,2817
63446,37173
63447,7329
63448,14631
63449,21152
63450,36682
63451,37466
63452,19960
63453,37286
63454,37466
63455,37376
63456,37215
63457,9336
63458,35515
63459,25
63460,4045
63461,37483
63462,17422
63463,22047
63464,37485
63465,37473
63466,29672
63467,2838
63468,37487
63469,36564
63470,16227
63471,37413
63472,16724
63473,37437
63474,8605
63475,29742
63476,36
63477,37481
63478,37488
63479,37479
63480,17304
63481,37491
63482,16955
63483,26094
63484,31310
63485,11758
63486,11758
63487,37497
63488,4426
63489,11758
63490,19960
63491,25636
63492,35092
63493,37499
63494,37500
63495,14104
63496,37500
63497,31475
63498,37499
63499,26471
63500,1150
63501,7339
63502,37464
63503,11529
63504,11529
63505,28791
63506,37507
63507,37504
63508,37213
63509,37179
63510,37322
63511,22047
63512,37509
63513,25636
63514,31109
63515,27307
63516,28791
63517,5546
63518,4446
63519,9497
63520,2956
63521,5174
63522,35265
63523,37179
63524,37514
63525,17492
63526,37517
63527,36303
63528,37521
63529,5023
63530,37420
63531,37517
63532,32018
63533,7615
63534,37524
63535,37525
63536,37518
63538,37515
63539,37513
63540,261
63541,14465
63542,37526
63543,37461
63544,37461
63545,29874
63546,35068
63547,32397
63550,35265
63551,14492
63552,37532
63553,4598
63554,29137
63555,25419
63556,37238
63557,37533
63558,37535
63559,26567
63560,37179
63561,35842
63562,37499
63563,37539
63564,26776
63565,19848
63566,919
63567,37179
63568,37545
63569,29578
63570,37545
63571,11440
63572,37546
63573,3601
63574,557
63575,36428
63576,36682
63577,6920
63578,37539
63579,26178
63580,24331
63581,37047
63582,20796
63583,37266
63584,37553
63585,37553
63586,37259
63587,37553
63588,37554
63589,37555
63590,37224
63591,7556
63592,37554
63593,19931
63594,27779
63595,37558
63596,37559
63597,37558
63598,37561
63599,36824
63600,2970
63601,37564
63602,37561
63603,2079
63604,13317
63605,36428
63606,37566
63607,4110
63608,37567
63609,37568
63610,37047
63611,37569
63612,977
63613,14447
63614,35396
63615,37571
63616,37568
63617,37571
63618,31972
63619,31972
63620,37282
63621,24080
63622,37561
63623,37561
63624,37575
63625,12973
63626,37577
63627,34779
63628,37584
63629,24999
63630,37583
63631,37582
63632,21052
63633,37583
63634,20009
63635,11821
63636,36771
63637,35396
63638,36462
63639,37549
63640,17304
63641,25564
63642,37552
63643,37552
63644,37552
63645,22387
63646,37148
63647,37587
63648,37298
63649,32181
63650,37596
63651,37603
63652,37300
63653,4916
63654,37592
63655,19879
63656,37594
63657,37188
63658,261
63659,3137
63660,36115
63661,16047
63662,3269
63663,8632
63664,2860
63665,31718
63666,37607
63667,37615
63668,37464
63669,37464
63670,37608
63671,26474
63672,37607
63673,37614
63674,12924
63675,6666
63676,12924
63677,2310
63678,25212
63679,37619
63680,37603
63681,35522
63682,6111
63683,14572
63684,28410
63685,32369
63686,37577
63687,37616
63688,37625
63689,36732
63690,37630
63691,37626
63692,36732
63693,37045
63694,3376
63695,22407
63696,5387
63697,37618
63698,17869
63699,7488
63700,37636
63701,7828
63702,35093
63703,37636
63704,37636
63705,6440
63706,28666
63707,37641
63708,3567
63709,37633
63710,37041
63711,31289
63712,24515
63713,10042
63714,37577
63715,24779
63716,24779
63717,37644
63718,36542
63719,19901
63720,29552
63721,364
63722,37552
63723,4351
63724,37608
63725,17329
63726,7290
63727,37653
63728,36625
63729,37653
63730,159
63731,35917
63732,37605
63733,37596
63734,37636
63735,35917
63736,1005
63737,37655
63738,36732
63739,35670
63740,28666
63741,686
63742,37662
63743,9887
63744,37657
63745,37660
63746,37665
63747,37342
63748,36987
63749,25743
63750,27652
63751,34623
63752,37656
63753,37616
63754,28658
63755,37667
63756,37188
63757,37572
63758,930
63759,1320
63760,9699
63761,37572
63762,37662
63763,37466
63764,1146
63765,31289
63766,887
63767,24462
63768,24462
63769,14073
63770,37572
63771,37616
63772,37676
63773,35977
63774,37358
63775,37680
63776,36154
63777,22387
63778,23625
63780,21720
63781,29526
63782,13744
63783,189
63784,24649
63785,37367
63786,10623
63787,8676
63788,37413
63789,37682
63790,37667
63791,37682
63792,37688
63793,28440
63794,37075
63795,37689
63796,37689
63797,28378
63798,29374
63799,37432
63800,10976
63801,37689
63802,16203
63803,37693
63804,37075
63805,36816
63806,5536
63807,16203
63808,37592
63809,34623
63810,37697
63811,2126
63812,22311
63813,10771
63814,24154
63815,5536
63816,37703
63817,37367
63818,32099
63819,24148
63820,37677
63821,37706
63822,887
63823,37709
63824,37483
63825,37542
63826,37710
63827,20112
63828,37253
63829,34944
63830,34944
63831,34944
63832,29655
63833,37394
63834,34944
63835,37705
63836,16246
63837,37715
63838,29342
63839,36154
63840,27652
63841,35956
63842,10091
63843,31474
63844,37710
63845,27182
63846,30755
63847,11887
63848,7290
63849,37100
63850,27026
63851,37718
63852,29109
63853,6961
63854,573
63855,32036
63856,10286
63857,27855
63858,27855
63859,37725
63860,37729
63861,37726
63862,37729
63863,37464
63864,37733
63865,37733
63866,35932
63867,37728
63868,37734
63869,34944
63870,35169
63871,37729
63872,32018
63873,6460
63874,37736
63875,37412
63876,37738
63877,10810
63878,29597
63879,37682
63880,30750
63881,812
63882,37741
63883,37739
63884,8207
63885,37742
63886,12347
63887,37744
63888,37741
63889,2116
63890,37745
63891,37737
63892,2126
63893,37733
63894,37749
63895,37741
63896,4319
63897,37748
63898,37749
63899,37741
63900,37750
63901,37741
63902,37753
63903,37729
63904,37413
63905,2116
63906,37729
63907,8402
63908,37750
63909,37754
63910,29
63911,37756
63912,37758
63913,37747
63914,17459
63915,17459
63916,16837
63917,37754
63918,36351
63919,34944
63920,37464
63921,197
63922,16955
63923,17459
63924,37729
63925,9731
63926,11192
63927,37769
63928,872
63929,37767
63930,26133
63931,28666
63932,37765
63933,37772
63934,37768
63935,36655
63936,37772
63937,37740
63938,37688
63939,37773
63940,27763
63941,37693
63942,805
63943,37729
63944,37720
63945,12131
63946,24205
63947,5829
63948,11674
63949,449
63950,2902
63951,17936
63952,37741
63953,37783
63954,37783
63955,21720
63956,37785
63957,37786
63958,37741
63959,36322
63960,37483
63961,37729
63962,24311
63963,27199
63964,37797
63965,37797
63966,30755
63967,25138
63968,32181
63969,36322
63970,37708
63971,27434
63972,37799
63973,37776
63974,37736
63975,8837
63976,2116
63977,37804
63978,32005
63979,37734
63980,37796
63981,37805
63982,24000
63983,7650
63984,37806
63985,35448
63986,5025
63987,37791
63988,37774
63989,37729
63990,37788
63991,30086
63992,37809
63993,36785
63994,37809
63995,35956
63996,37812
63997,37741
63998,37812
63999,37813
64000,37814
64001,37814
64002,37800
64003,37736
64004,37817
64005,37818
64006,37819
64007,37734
64008,4843
64009,37821
64010,2164
64011,37823
64012,90
64013,37827
64014,37799
64015,36088
64016,37820
64017,37820
64018,37736
64019,36772
64020,37736
64021,609
64022,36088
64023,36772
64024,36465
64025,30503
64026,17279
64027,37836
64028,36088
64029,36224
64030,37837
64031,37119
64032,37119
64033,37456
64034,37767
64035,37839
64036,37835
64037,37835
64038,37796
64039,13187
64040,37840
64041,31387
64042,37843
64043,35678
64044,5836
64045,37846
64046,37846
64047,14841
64048,37847
64049,18615
64050,37848
64051,37848
64052,37842
64053,2898
64054,28876
64055,37853
64056,37828
64057,10354
64058,8724
64059,37851
64060,37856
64061,37856
64062,37851
64063,8984
64064,29560
64065,37851
64066,37859
64067,37860
64068,10598
64069,23815
64070,37861
64071,30503
64072,37862
64073,37864
64074,37864
64075,13070
64076,5546
64077,23972
64078,37866
64079,5434
64080,13070
64081,37845
64082,37868
64083,6233
64084,17493
64085,35060
64086,37845
64087,37870
64088,37870
64089,2902
64090,37767
64091,37689
64092,5836
64093,37876
64094,37878
64095,37729
64096,37472
64098,35791
64099,35791
64100,17935
64101,37873
64102,37885
64104,37800
64105,37837
64106,6547
64107,37886
64110,961
64111,37890
64112,37890
64113,37891
64114,37891
64115,37891
64116,37895
64117,37896
64118,37896
64119,10984
64120,9323
64121,37900
64122,37838
64124,37902
64125,37828
64126,37819
64127,37873
64128,6781
64129,37873
64130,37480
64131,25
64132,37729
64133,37904
64134,37905
64135,4610
64136,20085
64137,6153
64138,37908
64139,37908
64141,37874
64142,25138
64143,37910
64144,37911
64145,37911
64146,37483
64147,37729
64148,37912
64149,704
64150,37912
64151,24857
64152,9738
64153,37729
64154,2970
64155,9949
64156,22407
64157,37914
64158,37838
64159,9975
64160,37461
64161,2970
64162,37923
64163,23888
64164,37925
64165,37926
64166,2970
64167,2921
64168,37927
64169,29321
64170,7071
64171,37767
64172,37929
64173,37928
64174,7071
64175,37054
64176,37931
64177,37928
64178,37892
64179,37879
64180,37901
64181,37934
64182,37936
64183,3277
64184,37934
64185,37943
64186,31320
64187,37483
64188,2970
64189,37948
64190,919
64191,919
64192,919
64193,919
64194,37950
64195,37889
64196,2513
64198,37928
64199,37928
64200,22462
64201,37952
64202,37928
64203,9526
64204,37951
64205,9526
64206,14362
64207,30052
64208,19974
64209,37953
64210,37948
64211,37957
64212,28791
64213,30710
64214,14362
64215,29321
64218,14464
64219,25395
64220,29321
64221,14362
64222,26174
64223,25170
64224,37692
64225,34944
64226,37968
64227,17868
64228,37932
64229,21563
64230,29425
64231,8763
64232,8762
64233,37948
64234,6742
64235,37975
64236,37977
64237,36540
64238,7952
64239,17493
64240,37793
64241,37605
64242,37977
64243,17868
64244,37976
64245,25175
64246,37968
64247,37119
64248,37984
64249,14362
64250,11852
64251,5836
64252,36540
64253,37987
64254,37990
64255,199
64256,37386
64257,442
64258,24084
64259,17868
64260,17868
64261,37863
64262,37616
64263,3125
64264,37994
64265,37976
64266,37976
64267,1437
64268,3465
64269,37999
64270,36344
64271,10926
64272,14417
64273,38003
64274,37188
64275,25615
64276,38004
64277,38004
64278,38002
64279,38002
64280,38004
64281,1329
64282,38003
64283,37729
64284,36031
64285,8717
64286,35374
64287,37976
64288,37789
64289,38008
64290,38009
64291,37789
64292,37820
64293,37838
64294,37820
64295,14417
64296,38009
64297,13038
64298,18615
64299,35326
64300,37127
64301,36115
64302,8627
64303,5785
64304,38000
64305,38013
64306,25373
64307,37551
64308,38016
64309,38016
64310,25
64311,38018
64312,25605
64313,38020
64314,38021
64315,190
64316,38025
64317,1381
64318,38026
64319,35637
64320,38014
64321,28666
64322,38028
64323,8783
64324,4670
64325,8991
64326,36515
64327,35326
64328,5836
64329,38031
64330,38035
64331,38034
64332,38037
64333,25275
64334,38032
64335,17119
64336,16225
64337,38038
64338,38031
64339,32094
64340,38040
64341,38041
64342,38038
64343,23823
64344,10488
64345,38037
64346,38044
64347,38044
64348,32397
64349,38046
64350,37928
64351,37991
64352,11116
64353,38050
64354,230
64355,6327
64356,11770
64357,28276
64358,37873
64359,24805
64360,30035
64361,37695
64362,38030
64363,2912
64364,5744
64365,38055
64366,32061
64367,29461
64368,38030
64369,37863
64370,38057
64371,38056
64372,38058
64373,37485
64374,6169
64375,38047
64376,36229
64377,36229
64378,37418
64379,37754
64380,38065
64381,38065
64382,25212
64383,31687
64384,5405
64385,38070
64386,38069
64387,38069
64388,37451
64389,38072
64390,31672
64391,36945
64392,35959
64393,2116
64394,38056
64395,2958
64396,656
64397,31212
64398,38076
64399,38081
64400,26069
64401,38049
64402,38075
64403,21031
64404,30670
64405,29666
64406,38086
64407,38079
64408,38075
64409,37526
64410,38086
64411,38086
64412,183
64413,37729
64414,37729
64415,38086
64416,28992
64417,142
64418,5836
64419,38086
64420,38088
64421,38082
64422,16554
64423,38002
64425,38088
64426,38082
64427,686
64428,38090
64429,37599
64430,190
64431,38088
64432,38088
64433,38094
64434,5967
64435,29277
64436,38095
64437,38095
64438,18177
64439,25
64440,38097
64441,38097
64442,5405
64443,32036
64444,21666
64445,37188
64446,8984
64447,38003
64448,38090
64449,38100
64450,38047
64451,38100
64452,38080
64453,38049
64454,25252
64455,38080
64456,38080
64457,38103
64458,28698
64459,38102
64460,6828
64461,38038
64462,776
64463,26027
64464,18164
64465,38103
64466,26027
64467,37311
64469,2328
64470,23823
64471,5931
64472,34675
64473,38102
64474,13317
64475,1195
64476,38042
64477,4257
64478,2252
64479,3262
64480,38117
64481,16997
64482,38110
64483,38111
64484,38116
64485,1689
64486,38116
64487,38117
64488,1108
64489,11687
64490,38042
64491,38116
64492,38116
64493,13902
64494,34571
64495,38082
64496,38124
64497,5837
64498,38124
64499,36785
64500,38118
64501,38130
64502,2252
64503,32450
64504,37759
64505,12805
64506,38131
64507,28556
64508,172
64509,20112
64510,38133
64511,36403
64512,438
64513,9394
64514,38098
64515,38076
64516,38138
64517,36785
64518,38116
64519,5736
64520,38149
64521,38143
64522,28496
64523,38148
64524,38080
64525,38101
64526,38152
64527,30655
64528,25623
64529,38155
64531,27901
64532,919
64533,11981
64534,38156
64535,17965
64536,62
64537,90
64538,37390
64539,38170
64540,38165
64541,37188
64542,24587
64543,38173
64544,30356
64545,30356
64546,17541
64547,38090
64548,887
64549,38133
64550,21829
64551,24848
64552,5764
64553,26380
64554,38181
64555,38176
64556,37306
64557,27901
64558,637
64559,38117
64560,38184
64561,6617
64562,38160
64563,28049
64564,28049
64565,38190
64566,38190
64567,26105
64568,38009
64569,32035
64570,38187
64571,38194
64572,38194
64573,38193
64574,38009
64575,38186
64576,38192
64577,887
64578,6663
64579,38117
64580,38138
64581,37674
64582,38138
64583,10999
64584,38196
64585,38196
64586,24848
64587,307
64588,38193
64589,38167
64590,38185
64591,38102
64592,10188
64593,29863
64594,24848
64595,13752
64596,37306
64597,37306
64598,919
64599,36991
64600,38136
64601,27400
64602,38201
64603,38204
64604,2970
64605,38080
64606,38090
64607,38202
64608,21578
64609,38076
64610,36991
64611,38102
64612,38156
64613,38211
64614,38156
64615,1272
64616,38156
64617,29640
64618,5771
64619,37291
64620,38220
64621,36766
64622,27881
64624,37706
64625,26875
64626,37886
64627,28007
64628,26875
64629,31571
64630,38181
64631,5795
64632,38206
64633,38185
64634,38219
64635,88
64636,38176
64637,24669
64638,31558
64639,307
64640,38235
64641,38176
64642,38082
64643,38082
64644,36266
64645,31558
64646,919
64647,38223
64648,14640
64649,22094
64650,24848
64651,28746
64652,38234
64653,12924
64654,17965
64655,38235
64656,37715
64657,38238
64658,37723
64659,13212
64660,2981
64661,29612
64662,38124
64663,38186
64664,38240
64665,31420
64666,3948
64667,38240
64668,38186
64669,29264
64670,20380
64671,10747
64672,9334
64673,25433
64674,25859
64675,12941
64676,38009
64677,38076
64678,38244
64679,37729
64680,16640
64681,38252
64682,25859
64683,25859
64684,30875
64685,28746
64686,22468
64687,1084
64688,38167
64689,38167
64690,37743
64691,559
64692,38255
64693,29318
64694,38206
64695,38243
64696,3489
64697,38256
64698,38258
64699,37740
64700,9568
64701,4481
64702,264
64703,919
64704,38264
64705,8311
64706,38206
64707,4598
64708,24243
64709,38266
64710,14666
64711,36771
64712,10696
64713,5754
64714,2728
64715,38136
64716,38269
64717,38272
64718,2970
64719,2970
64720,2970
64721,31160
64722,37765
64723,37765
64724,7290
64725,38176
64726,22546
64727,24371
64728,21374
64729,29716
64730,38279
64731,2970
64732,38279
64733,6906
64734,38279
64735,30314
64736,38280
64737,25133
64738,37275
64739,37802
64740,37483
64741,37275
64742,3293
64743,27026
64744,4337
64745,38284
64746,36903
64747,38283
64748,30409
64749,38276
64750,7425
64751,38280
64752,24371
64753,1600
64754,7344
64755,38293
64756,38024
64757,4426
64758,16612
64759,38291
64760,805
64761,7906
64762,10339
64763,3019
64764,38285
64765,38301
64766,805
64767,38305
64768,38299
64769,4376
64770,38301
64771,38299
64772,8549
64773,38307
64774,38306
64775,20331
64776,11030
64777,2116
64778,38307
64779,919
64780,32058
64781,38301
64782,38301
64783,24616
64784,21532
64785,27737
64786,38319
64787,21356
64788,37994
64789,37800
64790,3364
64791,38321
64792,30284
64793,38322
64794,1445
64795,10924
64796,20344
64797,28698
64798,1349
64799,38318
64800,38312
64801,37767
64802,8289
64803,36514
64804,11981
64805,30875
64806,34738
64807,88
64808,5
64809,3269
64810,37877
64811,38272
64812,38272
64813,11102
64814,38334
64815,25358
64816,38334
64817,34600
64818,38319
64819,24848
64820,38312
64821,38338
64822,38338
64823,38338
64824,28746
64825,17359
64826,38343
64827,17603
64828,31466
64829,38343
64830,17955
64831,38348
64832,38344
64833,37188
64834,27901
64835,38341
64836,38342
64837,32047
64838,37903
64839,8927
64840,18303
64841,38360
64842,5429
64843,38341
64844,37906
64845,31672
64846,36899
64847,3269
64848,28791
64849,38318
64850,36265
64851,805
64852,561
64853,686
64854,35620
64855,38361
64856,17230
64857,37648
64858,18292
64859,38364
64860,179
64861,15997
64862,22407
64863,25142
64864,38366
64865,38362
64866,28791
64867,930
64868,37648
64869,38368
64870,38368
64871,2970
64872,2970
64873,2970
64874,2970
64875,28791
64876,2970
64877,1005
64878,919
64879,919
64880,2970
64881,919
64882,38344
64883,28791
64884,38370
64885,919
64886,919
64887,919
64888,9394
64889,38368
64890,930
64891,930
64892,930
64893,38371
64894,930
64895,930
64896,9394
64897,9008
64898,5503
64899,217
64900,5503
64901,9568
64902,11639
64903,930
64904,930
64905,930
64906,9394
64907,38373
64908,686
64909,20381
64910,6489
64911,38357
64912,14362
64913,5398
64914,38219
64915,38381
64917,20307
64918,28791
64920,30932
64921,38385
64922,38386
64923,36465
64924,38384
64925,38391
64926,1679
64927,38391
64928,31019
64929,38389
64930,31019
64931,16868
64932,16868
64933,38384
64934,6861
64935,36985
64936,7900
64937,38398
64938,37975
64939,8212
64940,8926
64941,38393
64942,183
64943,3025
64944,24993
64945,38400
64946,31383
64947,28136
64948,3019
64949,17868
64950,266
64952,22468
64953,8927
64954,38407
64955,26640
64957,1005
64958,38400
64959,30030
64960,38410
64961,38412
64962,36306
64963,28666
64964,38416
64965,38411
64966,38393
64967,38416
64968,38193
64969,31229
64970,25319
64971,29137
64972,38272
64973,25066
64974,38418
64975,37382
64976,25066
64977,38420
64978,37460
64979,11852
64980,3026
64981,37632
64982,29374
64983,4856
64984,25319
64985,37632
64986,11013
64987,38348
64988,2860
64989,3347
64990,3347
64991,38400
64992,38424
64993,12754
64994,36575
64995,9405
64996,38425
64997,36575
64998,38420
64999,38426
65000,5946
65001,31093
65002,18256
65003,37636
65004,37741
65005,38431
65006,38431
65007,38429
65008,29431
65009,38434
65010,38435
65011,38435
65012,37842
65013,37842
65014,38437
65015,38308
65016,37626
65017,29431
65018,38437
65019,38433
65020,5561
65021,32005
65023,22311
65024,7282
65025,5775
65026,38420
65027,31699
65028,38448
65029,37399
65030,38373
65031,38373
65032,38373
65033,38318
65034,38206
65036,38026
65037,38452
65038,26564
65039,5480
65040,37094
65041,24616
65042,35345
65043,11051
65044,37632
65045,37460
65046,38308
65047,29946
65048,12086
65049,8807
65050,38468
65051,38462
65052,131
65053,686
65054,21563
65055,4048
65056,38462
65057,38471
65058,38473
65059,29825
65060,38474
65061,29689
65062,6520
65063,38444
65064,31188
65065,31188
65066,35370
65067,7290
65068,38322
65069,7290
65070,4754
65071,7290
65072,35931
65073,38478
65074,16849
65075,31188
65076,5594
65077,38245
65078,38483
65079,38467
65080,38485
65081,5321
65082,21104
65083,449
65084,1764
65085,930
65086,2798
65087,930
65088,1764
65089,3595
65090,38487
65091,38488
66089,37418
66090,1764
66091,3595
66092,8960
66093,17384
66094,36910
66095,37141
66096,36903
66097,4856
66098,38456
66099,38077
66100,38078
66101,4856
66102,427
66103,38489
66104,27901
66105,39503
66106,38478
66107,12365
66108,2981
66109,39494
66110,39507
66111,19895
66112,37626
66113,27174
66114,29666
66115,38102
66116,7224
66117,427
66118,36769
66119,39511
66120,1739
66121,4677
66122,887
66123,30059
66124,38206
66125,39510
66126,14392
66127,39510
66128,38206
66129,39510
66130,39510
66131,39510
66132,38206
66133,39516
66134,16198
66135,32524
66136,3897
66137,21104
66138,39517
66139,38485
66140,6015
66141,35842
66142,38105
66143,881
66144,16989
66145,2072
66146,881
66147,36682
66148,4110
66149,39517
66150,35093
66151,38473
66152,39517
66153,39506
66154,38108
66155,38109
66156,4740
66157,22047
66158,39523
66159,22047
66160,38452
66161,38480
66162,4505
66163,39525
66164,39526
66165,38480
66166,32094
66167,6920
66168,17481
66169,39529
66170,11848
66171,39529
66172,38120
66173,38121
66174,26640
66175,20457
66176,26950
66177,31188
66178,21840
66179,39536
66181,39535
66182,12405
66183,39534
66184,39538
66185,27058
66186,39531
66187,38452
66188,2820
66189,9200
66190,38102
66191,39540
66192,38129
66193,39537
66194,38328
66195,11988
66196,38457
66197,39531
66198,38457
66199,39540
66200,39538
66201,39546
66202,38274
66203,26490
66204,37382
66205,37372
66206,37372
66207,28746
66208,8141
66209,36403
66210,36068
66211,5264
66212,588
66213,4426
66214,3058
66215,8425
66216,2824
66217,38144
66218,14836
66219,36682
66220,7795
66221,38457
66222,38012
66223,29062
66224,6003
66225,16709
66226,39535
66227,39559
66228,39553
66229,919
66230,38281
66231,37592
66232,38175
66233,38178
66234,588
66235,22047
66236,39528
66237,34600
66238,26007
66239,36732
66240,35286
66241,25443
66242,39567
66243,39564
66244,39568
66245,39568
66246,36154
66247,39568
66248,39571
66249,511
66250,2696
66251,39572
66252,37494
66253,39563
66254,39574
66255,39574
66256,1124
66257,4505
66258,17908
66259,38206
66260,39582
66261,39564
66262,35895
66263,28007
66264,38082
66265,38082
66267,37483
66268,35895
66269,1747
66270,27779
66271,4586
66272,31740
66273,39589
66274,17503
66275,39590
66276,39569
66277,36766
66278,9486
66279,39592
66280,39540
66281,21916
66282,39596
66283,36038
66284,686
66285,39601
66286,35694
66287,20200
66288,13432
66289,38348
66290,38348
66291,38012
66292,4780
66293,39601
66294,1219
66295,1950
66296,38480
66297,38311
66298,39605
66299,39606
66300,25843
66301,25843
66302,8991
66303,39609
66304,38076
66305,39610
66306,39595
66307,39610
66308,39611
66309,9248
66310,39612
66311,39611
66312,38228
66313,39612
66314,39613
66315,39612
66316,35694
66317,39563
66318,38281
66319,38227
66320,11883
66321,39580
66322,38230
66323,39595
66324,13323
66325,159
66326,17935
66327,36593
66328,11639
66329,39580
66330,11639
66331,36854
66332,39615
66333,37074
66334,38005
66335,38206
66336,7432
66337,39617
66338,39621
66339,38227
66340,39570
66341,39622
66342,38176
66343,39619
66344,38483
66345,26272
66346,13183
66347,35243
66348,22308
66349,39525
66350,36680
66351,12005
66352,6861
66353,39627
66354,25
66355,39630
66356,39630
66357,39601
66358,39612
66359,39633
66360,20639
66361,38420
66362,39633
66363,20556
66364,17230
66365,27400
66367,39632
66368,38480
66369,39639
66370,39623
66371,16097
66372,39632
66373,38480
66374,38227
66375,39642
66376,38480
66377,39579
66378,36465
66379,961
66380,35243
66381,35243
66382,9007
66383,29183
66384,39584
66385,39644
66386,28746
66387,13626
66388,39648
66389,39647
66390,39651
66391,27342
66392,34738
66393,39649
66394,39647
66395,39647
66396,36381
66397,37211
66398,39655
66399,17230
66400,16709
66401,31901
66402,9007
66403,3058
66404,14413
66405,31420
66406,39663
66407,39655
66408,39663
66409,29898
66410,27559
66411,39663
66412,35133
66413,35370
66414,8411
66415,8924
66416,223
66417,8411
66418,39657
66419,27418
66420,30231
66422,39606
66423,31901
66424,38268
66425,32379
66426,36130
66427,8109
66428,39664
66429,39664
66430,4531
66431,38480
66432,30677
66433,38082
66434,39672
66435,38449
66436,38227
66437,39675
66438,4376
66439,19939
66440,16198
66441,183
66442,39606
66443,11462
66444,39679
66445,16128
66446,38232
66447,6454
66448,39678
66449,6454
66450,6454
66451,39684
66452,39684
66453,38483
66454,9013
66455,38111
66456,39685
66457,31474
66458,13158
66459,39685
66460,38090
66461,39601
66462,39687
66463,38308
66464,39687
66465,39691
66466,22387
66467,28835
66468,39686
66469,38388
66470,20603
66471,39687
66472,31014
66473,10354
66474,36732
66475,10354
66476,36732
66477,39683
66478,36732
66479,37678
66480,39544
66481,25420
66482,27884
66483,39580
66484,38300
66485,199
66486,27418
66487,3591
66488,4505
66489,39589
66490,38281
66491,38240
66492,37483
66493,39682
66494,39697
66495,38311
66496,17230
66497,28856
66498,20978
66499,39702
66500,39702
66501,24616
66502,35736
66503,34895
66504,39704
66505,39700
66506,39704
66507,39698
66508,7555
66509,7555
66510,36575
66511,39707
66512,36575
66513,25
66514,2392
66515,37826
66516,39589
66517,39707
66518,39707
66519,35842
66520,39717
66521,21278
66522,39716
66523,38480
66524,39718
66525,188
66526,39718
66527,39718
66528,6169
66529,14138
66530,19879
66531,19879
66532,39717
66533,39682
66534,4505
66535,7837
66536,3277
66537,39526
66538,38388
66539,39718
66540,39722
66541,39722
66542,5837
66543,30503
66544,8433
66545,38080
66546,39698
66547,18110
66548,11438
66549,25180
66550,39594
66551,39716
66553,1248
66554,27956
66555,10602
66556,27901
66557,27901
66558,38353
66559,39694
66560,38356
66561,39727
66562,35973
66563,39740
66564,39741
66565,39737
66566,25553
66567,39741
66568,1909
66569,36846
66570,36846
66571,38398
66572,20650
66573,8560
66574,39748
66575,39750
66576,39752
66577,39741
66578,39722
66579,39753
66580,25186
66581,39754
66582,9584
66583,36381
66584,6610
66585,10829
66586,11748
66587,39733
66588,31730
66589,34674
66590,39687
66591,35099
66592,35973
66593,11564
66594,919
66595,39661
66596,887
66597,35440
66598,18265
66599,37188
66600,37743
66601,38375
66602,38376
66603,39734
66604,39762
66605,39759
66606,30143
66607,39760
66608,39759
66609,14009
66610,20381
66611,2425
66612,20381
66613,30761
66614,39767
66615,37255
66616,39764
66617,31420
66618,8889
66619,7290
66620,39770
66621,37499
66622,39773
66623,39772
66624,20666
66625,38206
66626,37255
66627,17230
66628,39781
66629,28904
66630,28913
66631,36306
66632,39784
66633,1963
66634,25675
66635,17683
66636,168
66637,11878
66638,39787
66639,36306
66640,39790
66641,39762
66642,39791
66643,25952
66644,18265
66645,17046
66646,32094
66647,32094
66648,32094
66649,23790
66650,32094
66651,24243
66652,7787
66653,24243
66654,39792
66655,17046
66656,11981
66657,2817
66658,1352
66659,24243
66660,8413
66661,37418
66662,39797
66663,2817
66664,805
66665,38421
66666,39797
66667,30317
66668,10044
66669,30290
66670,30290
66671,39663
66672,39663
66673,39814
66674,39755
66675,39814
66677,39797
66678,13933
66679,39798
66680,10389
66681,35917
66682,39817
66683,39817
66684,38080
66685,37765
66686,37418
66687,39822
66688,39823
66689,39816
66690,39821
66691,6987
66692,39824
66693,37418
66694,39825
66695,28304
66696,36324
66697,39827
66698,5646
66699,35917
66700,39829
66701,39754
66702,39830
66703,10044
66704,39830
66705,27099
66706,35227
66707,31221
66708,1108
66709,39799
66710,39745
66711,36491
66712,38310
66713,39834
66714,26962
66715,37549
66716,16695
66717,39834
66718,3735
66719,39839
66720,39797
66721,39839
66722,39840
66723,37549
66724,39698
66725,39841
66726,39841
66727,37418
66728,36558
66729,37677
66730,1764
66731,35917
66732,31221
66733,39845
66734,39840
66735,39845
66736,5464
66737,12853
66738,39848
66739,35123
66740,39834
66741,39797
66742,39851
66743,39834
66744,39851
66745,39838
66746,39853
66747,39853
66748,39853
66749,39854
66750,29183
66751,39846
66752,28746
66753,5595
66754,39847
66755,39856
66756,39857
66757,8101
66758,39857
66759,39858
66760,351
66761,39855
66762,17679
66763,39846
66764,36144
66765,37418
66766,20093
66767,39859
66768,39863
66769,39863
66770,39861
66771,39797
66772,39864
66773,39625
66774,27028
66775,39869
66776,39872
66777,39859
66778,39745
66779,39875
66780,39874
66781,39876
66782,39879
66783,20569
66784,39875
66785,11917
66786,39887
66787,39891
66788,39894
66789,39894
66790,39893
66791,39896
66792,39899
66793,37803
66794,1036
66795,39901
66796,39902
66797,38021
66798,39903
66799,39903
66800,35976
66801,39908
66802,39908
66803,16557
66804,39910
66805,39911
66806,37418
66807,144
66808,39912
66809,39816
66810,39913
66811,16596
66812,37294
66813,39865
66814,39915
66815,5412
66816,919
66817,32376
66818,39918
66819,32376
66820,39918
66821,9546
66822,39916
66823,39919
66824,39922
66825,21650
66826,39926
66827,39926
66828,39927
66829,39836
66830,32065
66831,39935
66832,22356
66833,39936
66834,39936
66835,32047
66836,39937
66837,28666
66838,31607
66839,39937
66840,930
66841,9709
66842,39946
66843,39946
66844,39948
66845,4678
66846,39952
66847,39950
66848,39947
66849,38475
66850,39954
66851,39942
66852,36351
66853,28666
66854,39792
66855,39792
66856,39962
66857,39939
66858,39953
66859,31770
66860,29874
66861,39960
66862,39967
66863,39966
66864,37650
66865,28345
66866,39968
66867,6867
66868,14188
66869,39970
66870,3479
66871,36676
66872,39970
66873,39931
66874,36676
66875,34670
66876,29568
66877,39959
66878,29568
66879,4895
66880,39976
66881,11583
66882,39755
66883,25327
66884,39979
66885,12615
66886,39979
66887,39986
66888,37751
66889,39755
66890,4598
66891,37418
66892,36453
66893,39988
66894,39988
66895,39990
66896,7972
66897,39989
66898,39989
66899,39992
66900,27485
66901,35440
66902,37418
66903,39997
66904,38079
66905,1636
66906,39850
66907,39996
66908,40000
66909,40002
66910,39850
66911,6146
66912,39821
66913,40003
66914,10529
66915,23915
66916,40004
66917,38274
66918,38426
66919,40007
66920,40013
66921,40005
66922,39816
66923,40016
66924,39840
66925,4322
66926,13519
66927,20964
66928,8793
66929,40027
66930,21054
66931,40028
66932,22161
66933,159
66934,8013
66935,13765
66936,40031
66937,40032
66938,38026
66939,23664
66940,40034
66941,5619
66942,17125
66943,39862
66944,39900
66945,40036
66946,2970
66947,40037
66948,2970
66949,12615
66950,12565
66951,4559
66952,29568
66953,34949
66954,23664
66955,28624
66956,40046
66957,39521
66958,972
66959,13387
66960,40048
66961,25169
66962,38420
66963,40005
66964,40035
66965,39798
66966,4015
66967,20920
66968,27433
66969,39904
66970,8062
66971,30351
66972,36284
66973,39939
66974,30351
66975,18462
66976,35413
66977,39625
66978,40056
66979,25986
66980,40059
66981,35917
66982,25316
66983,14839
66984,667
66985,21636
66986,27433
66987,13047
66988,36
66989,27433
66990,27239
66991,8013
66992,40063
66993,40062
66994,39722
66995,11141
66996,24808
66997,40062
66998,40062
66999,7037
67000,40067
67001,24808
67002,6867
67003,4253
67004,18113
67005,40072
67006,28345
67007,26959
67008,6967
67009,40077
67010,24798
67011,40073
67012,40077
67013,40082
67014,31668
67015,32247
67016,40077
67017,40077
67018,12583
67019,40086
67020,5829
67021,12583
67022,36284
67023,40041
67024,40088
67025,83
67026,18056
67027,39816
67028,39889
67029,11060
67030,5429
67031,23664
67032,40095
67033,37253
67034,23956
67035,35918
67036,7290
67037,26959
67038,34842
67039,40087
67040,40097
67041,40041
67042,40099
67043,40098
67044,24896
67045,39554
67046,36540
67047,40102
67048,38274
67049,38274
67050,38274
67051,31231
67052,2164
67053,39705
67054,39520
67055,39517
67056,39517
67057,6599
67058,40080
67059,40062
67060,32065
67061,32065
67062,686
67063,39592
67064,16015
67065,38080
67066,18450
67067,22408
67069,40076
67070,26007
67071,20763
67072,39678
67073,40114
67074,40115
67075,40114
67076,39867
67077,32065
67078,29500
67079,26221
67080,8402
67081,31019
67082,40116
67083,40125
67084,39670
67085,40122
67086,8402
67087,20017
67088,37541
67089,40124
67090,40129
67091,12902
67092,11820
67093,40130
67094,6835
67095,40128
67096,40128
67097,22
67098,5880
67099,40135
67100,40137
67101,38216
67102,6068
67103,12565
67104,35309
67105,20776
67106,6446
67107,40141
67108,20009
67109,4238
67110,40145
67111,39959
67112,334
67113,20148
67114,22109
67115,9013
67116,5880
67117,9013
67118,32404
67119,3019
67120,40155
67121,6961
67122,40152
67123,40139
67124,34958
67125,12615
67126,12883
67127,28756
67128,40160
67129,40163
67130,40161
67131,40165
67132,40167
67133,27719
67134,40164
67135,5254
67136,9486
67137,39678
67138,40115
67139,15997
67140,40170
67141,34826
67142,40164
67143,40164
67144,9162
67145,4916
67146,39531
67147,2040
67148,35736
67149,7365
67150,23637
67151,23637
67152,23637
67153,40175
67154,39797
67155,40178
67156,21599
67157,37208
67158,36535
67159,37541
67160,30356
67161,38276
67162,16049
67163,2018
67164,40087
67165,40188
67166,38147
67167,40037
67168,26008
67169,10202
67170,35918
67171,5405
67172,23594
67173,13047
67174,40195
67175,7557
67176,40196
67177,2645
67178,4340
67179,34843
67180,40199
67181,23739
67182,40126
67183,30796
67184,39628
67185,1720
67186,40199
67187,30796
67188,17000
67189,39875
67190,35091
67191,27489
67192,37399
67193,40207
67194,9174
67195,37439
67196,37276
67197,32072
67198,40210
67199,34695
67200,40212
67201,40215
67202,40104
67203,40214
67204,32036
67205,10017
67206,28199
67207,35091
67208,20918
67209,37167
67210,40216
67211,39645
67212,37167
67213,39644
67214,2418
67215,40216
67216,26311
67217,26311
67218,40122
67219,7616
67220,40220
67221,8013
67222,805
67223,35388
67224,28666
67225,40076
67226,40216
67227,805
67228,18482
67229,39664
67230,138
67231,40228
67232,40228
67233,37140
67234,40077
67235,31632
67236,40077
67237,39764
67238,35099
67239,40215
67240,40215
67241,39672
67242,40104
67243,40104
67244,40236
67245,40222
67246,17277
67247,40199
67248,29672
67249,40239
67250,40240
67251,40238
67252,39680
67253,18056
67254,40244
67255,40244
67256,686
67257,40246
67258,40247
67259,40242
67260,3748
67261,40248
67262,40250
67263,40250
67264,22047
67265,10963
67266,21916
67267,40010
67268,40255
67269,38237
67270,39691
67271,2902
67272,37414
67273,18388
67274,40261
67275,40035
67276,37674
67277,25390
67278,40189
67279,40267
67280,40266
67281,35426
67282,36682
67283,40252
67284,6637
67285,40269
67286,40252
67287,16732
67288,634
67289,10081
67290,40265
67291,3488
67292,40104
67293,29652
67294,4496
67295,40274
67296,40270
67297,12518
67298,40273
67299,40276
67300,9816
67301,29137
67302,21737
67303,40278
67304,21356
67305,40183
67306,8013
67307,4505
67308,39705
67309,8013
67310,40183
67311,40183
67312,40275
67313,40284
67314,39797
67315,40288
67316,39868
67317,29652
67318,10826
67319,18392
67320,15978
67321,20154
67322,40213
67323,40295
67324,10826
67325,37253
67326,36475
67327,5864
67328,36475
67329,40297
67330,603
67331,805
67332,40283
67333,38269
67334,40256
67335,40300
67336,8789
67337,19960
67338,39727
67339,40256
67340,40306
67341,40307
67342,38217
67343,34962
67344,40104
67345,40312
67346,40312
67347,29130
67348,919
67349,13020
67351,251
67352,40313
67353,40313
67354,28791
67355,39729
67356,7108
67357,40315
67358,2676
67359,35973
67360,251
67361,13586
67362,9973
67363,39727
67364,7135
67365,8626
67366,29689
67367,40324
67368,40311
67369,25690
67370,40320
67371,40328
67372,7972
67373,603
67374,39742
67375,17357
67376,3262
67377,31418
67378,24808
67379,603
67380,14163
67381,14170
67382,887
67383,40276
67384,40333
67385,8333
67386,3488
67387,39751
67388,40335
67389,8964
67390,40336
67391,20884
67392,40337
67393,17359
67394,40337
67395,35789
67396,3265
67397,40339
67398,7398
67399,40338
67400,25403
67401,36455
67402,40340
67403,14707
67404,11602
67405,30005
67406,30005
67407,26755
67408,40342
67409,40341
67410,40342
67411,40342
67412,9249
67413,40341
67414,2544
67415,3269
67416,40346
67417,221
67418,40349
67419,40346
67420,35537
67421,40354
67422,14102
67423,40354
67424,13077
67425,40307
67426,29689
67427,1909
67428,38480
67429,9253
67430,14839
67431,40359
67432,40359
67433,40361
67434,40360
67435,29629
67436,39657
67437,22452
67438,28791
67439,12710
67440,40360
67441,39768
67442,40366
67443,37951
67444,28438
67445,40368
67446,12492
67447,37951
67448,603
67449,4238
67450,40378
67451,39775
67452,21918
67453,40328
67454,39496
67455,40381
67456,28746
67457,40384
67458,40333
67459,27826
67460,40369
67461,40383
67462,3277
67463,11217
67464,16049
67465,10286
67466,20915
67467,9118
67468,40385
67469,5836
67470,40387
67471,40387
67472,16557
67473,8433
67474,40369
67475,31158
67476,36849
67477,36849
67478,6284
67479,40363
67480,40390
67481,31158
67482,273
67483,7525
67484,37625
67485,37625
67486,40350
67490,8200
67492,40389
67493,25259
67494,4253
67495,8076
67496,40397
67497,35263
67498,40401
67499,30201
67500,40104
67501,26171
67502,38160
67503,8590
67504,40404
67505,40404
67506,38281
67507,37509
67508,40356
67509,39837
67510,26655
67511,2824
67512,37951
67513,28746
67514,229
67515,805
67516,1352
67517,30420
67518,20778
67519,17672
67520,31158
67521,40336
67522,40417
67523,40124
67524,31221
67525,40407
67526,23739
67527,23739
67528,12100
67529,9125
67530,40322
67531,40420
67532,9125
67533,40322
67534,40424
67535,40429
67536,7290
67537,40350
67538,39939
67539,40432
67540,40431
67541,37483
67542,40435
67543,40418
67544,31158
67545,29320
67546,29320
67547,40429
67548,40406
67549,27277
67550,40357
67551,40357
67552,40436
67553,29320
67554,37306
67555,35789
67556,29072
67557,11050
67558,40429
67559,32036
67560,10017
67561,36680
67562,40430
67563,7588
67564,39968
67565,40447
67566,40449
67567,4862
67568,40444
67569,40403
67570,1390
67571,28151
67572,40454
67574,28309
67575,40454
67576,5766
67578,40454
67579,40458
67580,40458
67581,26189
67582,17519
67583,37976
67584,40466
67585,6659
67586,40437
67587,40437
67588,40469
67589,40451
67590,12853
67591,40436
67592,40472
67593,12100
67594,4598
67595,40472
67596,38450
67597,40471
67598,38160
67599,40476
67600,40474
67601,39728
67602,40476
67603,14417
67604,40481
67605,3305
67606,40479
67607,40466
67608,20875
67609,40476
67610,40476
67611,40483
67612,40486
67613,40486
67614,31221
67615,2221
67616,38080
67617,40485
67618,35147
67619,40476
67620,2669
67621,40115
67622,12427
67623,805
67624,805
67625,40494
67626,22161
67627,35917
67628,2958
67629,25167
67630,40497
67631,40499
67632,40498
67633,37616
67634,2958
67635,23694
67636,40503
67637,40500
67638,27433
67639,557
67640,40504
67641,6081
67642,40363
67643,39525
67644,37515
67645,39525
67646,37515
67647,40507
67648,20875
67649,40509
67650,37632
67651,36975
67652,40469
67653,20995
67654,40514
67655,40514
67656,40513
67657,37638
67658,40511
67659,21479
67660,40515
67661,40520
67662,919
67663,8871
67664,40523
67665,40521
67666,40511
67667,3310
67668,37638
67669,36766
67670,40508
67671,20875
67672,36766
67673,37638
67674,40507
67675,40403
67676,40449
67677,38480
67678,40508
67679,31711
67680,36771
67681,35370
67682,35370
67683,40484
67684,12411
67685,16336
67686,9495
67687,21423
67688,7828
67689,21423
67690,8101
67691,40413
67692,27806
67693,13770
67694,36975
67695,40092
67696,36766
67697,40095
67698,13267
67699,40440
67700,24710
67701,38237
67702,40506
67703,40506
67704,35243
67705,40546
67706,40507
67707,22161
67708,40407
67709,40407
67710,22161
67711,14803
67712,39691
67713,8451
67714,8451
67715,40547
67716,31991
67717,35243
67718,25303
67719,39601
67720,16534
67721,40541
67722,190
67723,35243
67724,4598
67725,40554
67726,20020
67727,38358
67728,20387
67729,6744
67730,40556
67731,26007
67732,40557
67733,40127
67734,8401
67735,23739
67736,40545
67737,40561
67738,1670
67739,39625
67740,23642
67741,39799
67742,31112
67743,485
67744,40564
67745,2392
67746,40568
67747,39968
67748,5837
67749,2849
67750,40523
67751,40523
67752,40439
67753,40564
67754,7037
67755,17296
67756,40572
67757,4666
67758,40570
67759,40573
67760,40124
67761,28151
67762,40506
67763,37414
67764,4598
67765,37196
67766,22271
67767,24853
67768,25
67769,40575
67770,40569
67771,40578
67772,1036
67773,40577
67774,6517
67775,40577
67776,13818
67777,8525
67778,40580
67779,8602
67780,40436
67781,40583
67782,830
67783,6552
67784,14803
67785,40589
67786,1835
67789,16239
67790,38052
67791,40593
67792,40593
67793,39669
67794,5177
67795,9342
67796,10598
67797,40594
67798,6552
67799,37148
67800,21421
67801,21421
67802,40597
67803,37483
67804,4045
67805,250
67806,9619
67807,38348
67808,40594
67809,760
67810,40596
67811,14649
67812,21054
67813,16508
67814,15921
67815,40602
67816,40556
67817,40556
67818,39672
67819,40604
67820,14376
67821,40604
67822,40104
67823,29689
67824,40255
67825,1270
67826,31420
67827,31603
67828,40613
67829,37636
67830,40614
67831,40539
67832,442
67833,40554
67835,9146
67836,40609
67837,16508
67838,13818
67839,10598
67840,36284
67841,40582
67842,40617
67843,5836
67844,25433
67845,40539
67846,40620
67847,30510
67848,40620
67849,34950
67850,18218
67851,7258
67852,14803
67853,40605
67854,40621
67855,40493
67856,3331
67857,40619
67858,32181
67859,40608
67860,40605
67861,31901
67862,40622
67863,40605
67864,36081
67865,38473
67866,40624
67867,40625
67868,40539
67869,40211
67870,27319
67871,40629
67872,21072
67873,40551
67874,40624
67875,40629
67876,40632
67877,35280
67878,40633
67879,39601
67880,39601
67881,39871
67882,805
67883,40122
67884,40471
67885,40622
67886,40637
67887,38480
67888,40633
67889,39683
67890,40639
67891,40596
67892,40638
67893,40632
67894,40633
67895,22306
67896,7685
67897,30640
67898,1637
67899,19788
67900,31112
67902,40631
67903,40631
67905,34828
67906,36771
67908,40624
67909,40633
67910,39991
67911,34828
67912,35163
67913,40608
67914,40653
67915,31304
67916,40335
67917,31304
67918,2126
67919,40655
67920,40558
67921,179
67922,18528
67923,12859
67924,9343
67925,2046
67926,1270
67927,18276
67928,40233
67929,18402
67930,16765
67931,6854
67932,8686
67933,35907
67934,35907
67935,26887
67936,40659
67937,40659
67938,24710
67939,40183
67940,31261
67941,20793
67942,40124
67943,40104
67944,22008
67945,40658
67946,1574
67947,40666
67948,13913
67949,40666
67950,40666
67951,40666
67952,40023
67953,23642
67954,39991
67955,40668
67956,27366
67957,27366
67958,40577
67959,40669
67960,36
67961,226
67962,40128
67963,16837
67964,40672
67965,40672
67966,40663
67967,34828
67968,40124
67969,40661
67970,11030
67971,40335
67972,17010
67973,17010
67974,26037
67975,32299
67976,40683
67977,39799
67979,35116
67981,5607
67982,40677
67983,40684
67984,31304
67985,5739
67986,32036
67987,35907
67988,40685
67989,9394
67990,40689
67991,22022
67992,25186
67993,40690
67994,32036
67995,8580
67996,37886
67997,40694
67998,40693
67999,37221
68000,40688
68001,40530
68002,39849
68003,32036
68004,32036
68005,5339
68006,40702
68007,40295
68008,40300
68009,40702
68010,40703
68011,30792
68012,40706
68013,14860
68014,40660
68015,3567
68016,40707
68017,40708
68018,35265
68019,40688
68020,40714
68021,40714
68022,40677
68023,223
68024,1255
68025,40716
68026,40717
68027,8653
68028,7783
68029,9200
68030,40719
68031,14525
68032,32036
68033,40316
68034,5137
68035,28666
68036,40494
68037,9394
68038,17994
68039,40494
68040,12540
68041,16694
68042,12259
68043,16694
68044,40339
68045,16694
68046,40339
68047,16694
68048,40638
68049,16047
68050,6639
68051,3369
68052,39691
68053,40700
68054,14519
68055,40334
68056,2488
68057,2488
68058,36172
68059,21168
68060,18063
68061,40733
68062,40732
68063,40732
68064,37483
68065,3748
68066,39721
68067,307
68068,40736
68069,183
68070,31208
68071,22531
68072,20929
68073,40345
68074,32420
68075,37181
68076,37181
68077,37181
68078,13403
68079,3376
68080,40355
68081,40739
68082,36564
68083,36564
68084,29707
68085,40741
68086,39654
68087,29707
68088,17072
68089,40729
68090,40729
68091,40729
68092,40729
68093,40729
68094,40729
68095,40729
68096,40367
68097,3671
68098,3382
68099,10017
68100,37947
68101,40494
68103,40751
68104,40755
68105,40744
68106,39721
68107,40752
68108,40756
68109,3525
68110,32420
68112,40759
68113,40759
68114,7497
68115,40710
68116,40760
68117,28666
68118,139
68119,32377
68120,40763
68121,40624
68122,40763
68123,8800
68124,9394
68125,40770
68126,36769
68127,6552
68128,40386
68129,29919
68130,35526
68131,32420
68132,27615
68133,32420
68134,28556
68135,40767
68136,25335
68137,40322
68138,5498
68139,253
68140,13047
68141,8446
68142,35526
68143,40774
68144,7290
68145,40774
68146,17230
68147,22062
68148,40777
68149,3903
68150,10832
68151,36619
68152,2929
68153,40660
68154,40783
68155,14631
68156,40709
68157,40784
68158,40783
68159,40746
68160,40786
68161,22030
68162,5387
68163,35413
68164,36619
68165,40788
68166,7180
68167,18411
68168,805
68169,40792
68170,14188
68172,40794
68173,40407
68174,40794
68175,26338
68176,40795
68177,40761
68178,40761
68179,805
68180,40797
68181,40799
68182,25
68183,1191
68184,35572
68185,588
68186,40724
68187,38234
68188,9251
68189,39871
68190,29929
68191,2040
68192,40765
68193,20755
68194,39871
68195,28746
68196,40807
68197,5828
68198,37477
68199,28556
68200,40808
68201,27274
68202,21746
68203,36515
68204,25335
68205,3411
68206,40812
68207,40812
68208,38062
68209,29068
68210,40814
68211,40778
68212,12603
68213,31668
68214,561
68216,40817
68217,40818
68219,40693
68220,7037
68221,402
68222,40629
68223,40629
68224,36609
68225,20428
68226,38227
68227,40821
68228,37313
68229,5836
68230,8783
68231,40824
68232,1764
68233,40827
68234,16694
68235,37477
68236,30016
68237,40829
68238,24539
68239,40445
68240,17046
68241,39520
68242,37865
68243,40834
68244,1036
68245,16107
68246,805
68247,40824
68248,35526
68249,40835
68250,40835
68251,40832
68252,7290
68253,35526
68254,805
68255,6673
68256,40837
68257,40837
68258,40837
68259,40842
68260,40458
68261,40843
68262,40845
68263,40761
68264,40846
68265,2842
68266,40848
68267,17017
68268,805
68269,40847
68270,85
68271,36090
68272,40849
68273,36090
68274,14741
68275,24905
68276,11790
68277,40847
68278,40853
68279,40854
68280,40858
68281,40858
68282,14289
68283,40850
68284,4505
68285,21240
68286,40479
68287,40860
68288,36816
68289,37477
68290,14749
68291,1390
68292,40863
68293,40870
68294,40870
68295,40853
68296,13158
68297,31261
68298,3432
68299,40863
68300,29149
68301,7290
68302,24710
68303,28183
68304,12536
68305,40489
68306,40495
68307,40582
68308,40877
68309,40878
68310,40884
68311,28986
68312,40582
68313,40885
68314,40884
68315,4173
68316,28986
68317,37707
68318,30674
68319,40889
68320,40889
68321,40889
68322,24778
68323,30005
68324,7250
68325,16124
68326,31632
68327,6552
68328,40893
68329,40894
68330,40724
68331,601
68332,1739
68333,601
68334,40714
68335,40824
68336,40519
68337,3619
68338,21260
68339,8196
68340,40896
68341,31221
68342,40896
68343,40898
68344,40899
68345,40899
68346,40764
68347,28646
68348,37535
68349,40904
68350,40904
68351,40904
68352,40903
68353,40899
68354,4376
68355,40821
68356,805
68357,22251
68358,37210
68359,3125
68360,25
68361,26579
68362,1637
68363,25892
68364,40908
68365,4376
68366,28309
68367,25892
68368,9266
68369,40881
68370,28042
68371,40903
68372,805
68373,7290
68374,28986
68375,12837
68376,24778
68377,5836
68378,40911
68379,40912
68380,40908
68381,6096
68382,40912
68383,3305
68384,2221
68385,40914
68386,6178
68387,40885
68388,40920
68389,40023
68390,40921
68391,40307
68392,40540
68393,18392
68394,39745
68395,40877
68396,40608
68397,36771
68398,40928
68399,40023
68400,30420
68401,40931
68402,39691
68403,39691
68404,40926
68405,40812
68406,7151
68407,40926
68408,6562
68409,40942
68410,35001
68411,36925
68412,9444
68413,40582
68414,36041
68415,401
68416,40946
68417,16534
68418,40023
68419,9577
68420,40877
68421,40939
68422,40949
68423,9170
68424,40945
68425,40950
68426,40952
68427,40945
68428,40934
68429,805
68430,40935
68431,40954
68432,40957
68433,40957
68434,10539
68435,16859
68436,40840
68437,40959
68438,36041
68439,32036
68440,36557
68441,40956
68442,16859
68443,40955
68444,37419
68445,2050
68446,35789
68447,40934
68448,40834
68449,20516
68450,40967
68451,25736
68452,40965
68453,29072
68454,40963
68455,40946
68456,9170
68457,37742
68458,333
68459,37742
68460,40968
68461,35728
68462,24155
68463,11830
68464,27557
68465,40322
68466,25420
68467,40114
68468,40579
68469,14299
68470,9583
68471,37413
68472,10389
68473,40975
68474,10524
68475,35728
68476,37191
68477,40976
68478,40976
68479,40977
68480,17359
68481,40977
68482,4054
68483,36451
68484,36451
68485,31208
68486,18539
68487,40979
68488,16473
68489,11878
68490,40723
68491,686
68492,40981
68493,40982
68494,13516
68495,39595
68496,805
68497,805
68498,40849
68499,31208
68500,20622
68501,40983
68502,37531
68503,37531
68504,40986
68505,35200
68506,40987
68507,40987
68508,40383
68509,30102
68510,28183
68511,2759
68512,36451
68513,40714
68514,40598
68515,35572
68516,4559
68517,40955
68518,40996
68519,14376
68520,37883
68521,36451
68522,4253
68523,40999
68524,10069
68525,887
68526,38024
68527,40023
68528,5397
68529,36273
68530,4843
68531,4253
68532,10621
68533,9394
68534,41006
68535,41005
68536,28746
68537,41008
68538,41008
68539,36682
68540,37742
68541,41011
68542,41007
68543,39849
68544,36041
68545,41000
68546,805
68547,8125
68548,27658
68549,34658
68550,34872
68551,40101
68552,41015
68553,41018
68554,25133
68555,7172
68556,41015
68557,31901
68558,40984
68559,12031
68560,24175
68561,40750
68562,41023
68563,34826
68564,41017
68565,36763
68566,34826
68567,10074
68568,41023
68569,40998
68570,40998
68571,34792
68572,41017
68573,13561
68574,4722
68575,32036
68576,16041
68577,32036
68578,919
68579,41027
68580,39875
68581,41033
68582,16765
68583,21420
68584,11058
68585,16765
68586,40744
68587,40879
68588,36451
68589,40879
68590,40575
68591,4530
68592,41041
68593,9928
68594,5114
68595,34826
68596,3903
68597,41041
68598,41043
68599,37348
68600,795
68601,41044
68602,41044
68603,40879
68604,18591
68605,7620
68606,36763
68607,41047
68608,919
68609,7620
68610,2912
68611,41033
68612,41046
68613,28666
68614,36451
68615,41045
68616,919
68617,12207
68618,28276
68620,41047
68621,805
68622,21361
68623,8114
68624,29567
68625,41058
68626,41058
68627,307
68628,39996
68629,253
68630,40926
68631,40926
68632,41066
68633,1255
68634,27089
68635,41046
68636,41074
68637,41075
68638,41075
68639,35753
68640,30116
68641,40761
68642,41079
68643,41080
68644,41081
68645,36423
68646,2798
68647,41083
68648,41086
68649,41074
68650,4872
68651,13403
68652,41090
68653,41089
68654,41090
68655,41091
68656,41092
68657,28380
68658,8314
68659,41097
68660,41099
68661,40879
68662,41100
68663,10543
68664,3468
68665,41102
68666,41102
68667,22156
68668,41103
68669,41098
68670,41036
68671,41104
68672,41074
68673,24778
68674,20587
68675,41106
68676,39568
68677,41105
68678,29139
68679,41109
68680,41098
68681,7972
68682,41033
68683,41053
68684,41087
68685,3019
68686,40871
68687,40854
68688,40967
68689,31973
68690,40923
68691,41110
68692,41122
68693,41117
68694,41127
68695,41128
68696,8451
68697,41116
68698,29547
68699,41124
68700,41102
68701,37537
68702,40834
68703,26593
68704,41131
68705,20556
68706,10069
68707,41102
68708,40984
68709,41091
68710,40843
68711,41130
68712,26593
68713,2669
68714,8289
68715,40684
68716,41091
68717,16107
68718,16107
68719,41137
68720,30495
68721,35875
68722,41116
68723,4507
68724,12236
68725,35875
68726,41144
68727,41146
68728,30540
68729,3026
68730,23853
68731,41140
68732,41079
68733,41079
68734,40183
68735,40747
68736,41156
68737,40913
68738,40913
68739,10688
68740,41162
68741,40747
68742,8539
68743,23812
68744,41150
68745,2195
68746,41087
68747,41087
68748,3488
68749,40720
68750,35875
68751,41164
68752,21200
68753,41164
68754,41164
68755,41164
68756,36771
68757,41156
68758,41156
68759,41168
68760,18461
68761,41079
68762,41079
68763,17262
68764,4872
68765,13226
68766,41167
68767,41150
68768,41169
68769,16404
68770,40539
68771,41157
68772,41172
68773,40728
68774,19692
68775,41174
68776,41172
68777,40967
68778,34923
68779,41042
68780,41042
68781,41179
68782,41179
68783,40740
68784,41178
68785,41173
68786,7970
68787,26338
68789,6096
68790,26338
68791,41033
68792,10543
68793,40967
68794,40714
68795,41174
68796,41091
68797,41182
68798,40555
68799,7037
68800,1036
68801,41042
68802,39991
68803,40967
68804,9313
68805,41145
68806,40128
68807,40731
68808,41186
68809,21466
68810,32085
68811,28151
68812,35131
68813,41190
68814,41191
68815,41189
68816,41189
68817,1036
68818,41181
68819,41185
68820,40466
68821,13212
68822,34923
68823,3750
68824,21626
68825,8433
68826,39991
68827,40479
68828,24627
68829,20587
68830,41199
68831,4507
68832,41198
68833,1739
68834,41012
68835,10322
68836,273
68837,41015
68838,24627
68839,13587
68840,13587
68841,7071
68842,9568
68843,41205
68844,41192
68845,21654
68846,41181
68847,333
68848,6639
68849,41206
68850,41209
68851,41203
68852,30150
68853,41211
68854,41211
68855,30150
68856,36041
68857,40143
68858,16811
68859,41207
68860,19680
68861,41212
68862,37008
68863,1077
68864,41216
68865,6639
68866,41214
68867,36041
68868,41219
68869,41220
68870,41207
68871,41221
68872,31901
68873,41215
68874,37008
68875,41215
68876,41222
68877,2750
68878,41218
68879,24376
68880,4253
68881,34622
68882,34622
68883,41224
68884,6639
68886,8111
68887,3626
68888,41223
68889,40784
68890,41234
68891,40464
68892,37701
68893,1371
68894,41203
68895,41203
68896,41203
68897,5931
68898,9170
68899,30023
68900,30023
68901,8610
68902,30117
68903,30589
68904,41087
68905,28556
68906,41171
68907,40158
68908,315
68909,40158
68910,41242
68911,6633
68912,36441
68913,8207
68914,25433
68915,40688
68916,41246
68917,41246
68918,40879
68919,41245
68920,41248
68921,2392
68922,3864
68923,28411
68924,41251
68925,41242
68926,41249
68927,28746
68928,40158
68929,3525
68930,1496
68931,30152
68932,38420
68933,40336
68934,41240
68935,35115
68938,28746
68939,41254
68940,41257
68941,19680
68942,41259
68943,41260
68944,36515
68945,25759
68946,36515
68947,41206
68948,41260
68949,41206
68950,38312
68951,10976
68952,41263
68953,10998
68954,10998
68955,41256
68956,4496
68957,41260
68958,41264
68959,41012
68960,25986
68961,41268
68962,41268
68963,14843
68964,41272
68965,41268
68966,24805
68967,36680
68968,40831
68969,35895
68970,31158
68971,40678
68972,41277
68973,333
68974,23673
68975,41281
68976,4521
68977,39983
68978,41214
68979,3845
68980,103
68981,6783
68982,41284
68983,41277
68984,35967
68985,41232
68986,20587
68987,41286
68988,41286
68989,11917
68990,13810
68991,40189
68992,11032
68993,41265
68994,40855
68995,25792
68996,40654
68997,41287
68998,253
68999,36710
69000,11091
69001,40865
69002,40967
69003,41287
69004,22531
69005,40976
69006,5493
69007,12329
69008,41260
69009,35875
69010,41298
69011,35967
69012,666
69013,25986
69014,3262
69015,41297
69016,39991
69017,41302
69018,41036
69019,27700
69020,27213
69021,41301
69022,27700
69023,40976
69024,21423
69025,5267
69026,41036
69027,41304
69028,35053
69029,40444
69030,104
69032,41304
69033,41306
69034,41304
69035,35099
69036,2074
69037,40406
69038,41311
69039,41296
69040,41307
69041,41312
69042,34792
69043,35919
69044,2074
69045,4485
69046,40888
69047,9595
69048,220
69049,40479
69050,40608
69051,32181
69052,41307
69053,20587
69054,27213
69055,16457
69056,41323
69057,41324
69058,11032
69059,13047
69060,41296
69061,6547
69062,41304
69063,41052
69064,1215
69065,23915
69066,2658
69067,41304
69068,8580
69069,7012
69070,41331
69071,40440
69072,38336
69073,4598
69074,24391
69075,41316
69076,41332
69077,41316
69078,41329
69079,41316
69080,12603
69081,333
69082,35099
69083,28309
69084,8724
69085,17035
69086,32096
69087,22531
69088,22289
69089,30869
69090,23891
69091,41342
69092,37976
69093,13587
69094,41344
69095,3488
69096,41316
69097,29609
69098,31158
69099,34666
69100,41320
69101,16049
69102,23970
69103,28070
69104,20587
69105,29609
69106,20723
69107,9187
69109,29325
69110,7945
69111,41346
69112,1991
69113,40856
69114,41358
69115,41358
69116,12865
69117,12865
69118,40856
69119,28172
69120,174
69121,41359
69122,41295
69123,35010
69124,20312
69125,41367
69126,2860
69127,8451
69128,40183
69129,22047
69130,4820
69131,8451
69132,12865
69133,18541
69134,37473
69135,10598
69136,38480
69137,41370
69138,27620
69139,27620
69140,805
69141,17459
69142,38384
69143,6256
69144,41344
69145,20723
69146,1913
69147,35053
69148,40217
69149,36540
69150,4864
69151,41378
69152,41380
69153,41380
69154,18303
69155,29912
69156,29912
69157,31418
69158,13398
69159,41380
69160,41382
69161,41211
69162,40961
69163,38012
69164,1540
69165,39630
69166,17403
69167,41384
69168,40964
69169,2973
69170,23700
69171,41385
69172,14803
69173,14803
69174,36557
69175,36557
69176,41389
69177,40667
69178,10468
69179,41392
69180,41391
69181,17230
69182,5977
69183,41319
69184,41384
69185,41395
69186,40973
69187,41384
69188,41394
69189,36510
69190,26338
69191,41400
69192,22199
69193,4253
69194,41335
69195,41268
69196,41403
69197,3567
69198,29746
69199,41403
69200,7900
69201,39930
69202,41408
69203,41392
69204,41394
69205,41394
69206,41268
69207,41403
69208,41409
69209,24073
69210,805
69211,41323
69212,41323
69213,8770
69214,41411
69215,21599
69216,23607
69217,37420
69218,41413
69219,9484
69220,41390
69221,41414
69222,41367
69223,41367
69224,5689
69225,41358
69226,5689
69227,24510
69228,41412
69229,41375
69230,41418
69231,20312
69232,20312
69233,40867
69234,40992
69235,40994
69236,6519
69237,401
69238,40023
69239,40023
69240,37609
69241,39544
69242,1043
69243,183
69244,37609
69245,8605
69246,26338
69247,36195
69248,5862
69249,41003
69250,41431
69251,36557
69252,34923
69253,805
69254,253
69255,41430
69256,41430
69257,41429
69258,40667
69259,35243
69260,1709
69261,41426
69262,40556
69263,7086
69264,41395
69265,11037
69266,27416
69267,40378
69268,1149
69269,40378
69270,41404
69271,41437
69272,41438
69273,41438
69274,41439
69275,11037
69276,41439
69277,9394
69278,334
69279,36163
69280,11634
69281,236
69282,36515
69283,39930
69284,3919
69285,24808
69286,36515
69287,36419
69288,28545
69289,41081
69290,28545
69291,41442
69292,40750
69293,41444
69294,6329
69295,41443
69296,41426
69297,20929
69298,39930
69299,7290
69300,39930
69301,40750
69302,40750
69303,31573
69304,41450
69305,29868
69306,16751
69307,3577
69308,41452
69309,7968
69310,10633
69311,10900
69312,40667
69313,38293
69314,40529
69315,41401
69316,74
69317,41458
69318,41431
69319,41460
69320,41459
69321,40660
69322,41462
69323,24059
69324,22199
69325,41461
69326,41036
69327,41467
69328,26867
69329,28151
69330,40464
69331,7071
69332,5405
69333,31632
69334,41471
69335,3582
69336,41473
69337,41473
69338,29518
69339,21654
69340,41475
69341,6434
69342,28746
69343,22199
69344,28746
69345,20061
69346,28825
69347,41480
69348,41062
69349,36322
69350,27025
69351,41472
69352,36515
69353,36259
69354,41485
69355,41485
69356,41486
69357,183
69358,16462
69359,41481
69360,805
69361,805
69362,36515
69363,805
69364,41426
69365,41491
69366,41492
69367,41493
69368,41495
69369,41495
69370,1084
69371,2074
69372,4253
69373,36898
69374,40604
69375,41501
69376,41501
69377,41499
69378,40604
69379,41502
69380,41488
69381,805
69382,26867
69383,919
69384,24841
69385,24841
69386,1795
69387,13266
69388,25529
69389,8932
69390,7224
69391,3595
69392,41260
69393,9608
69394,41510
69395,20183
69396,41367
69397,919
69398,8013
69399,41510
69400,41507
69401,41507
69402,41513
69403,38293
69404,2817
69405,41517
69406,41521
69407,7043
69408,41522
69409,36335
69410,39601
69411,41523
69412,4150
69413,41519
69414,3601
69415,41527
69416,41525
69417,12035
69418,32096
69419,41272
69420,14843
69421,41527
69422,31135
69423,27418
69424,41528
69425,17956
69426,35526
69427,6885
69428,4290
69429,41533
69430,41535
69431,9608
69432,41535
69433,41536
69434,41175
69435,14188
69436,4147
69437,29500
69438,919
69439,40976
69440,22199
69441,12218
69442,41536
69443,31135
69444,28966
69445,36041
69446,41479
69447,41540
69448,30540
69449,41543
69450,805
69451,39683
69452,41544
69453,27645
69454,40937
69455,41542
69456,41544
69457,41527
69458,39834
69459,41499
69460,41499
69461,38237
69462,29320
69463,41548
69464,561
69465,2074
69466,41130
69467,26223
69468,41552
69469,9125
69470,41553
69471,41167
69472,4856
69473,35526
69474,887
69475,1007
69476,28498
69477,32102
69478,22468
69479,2952
69480,41548
69481,41560
69482,7429
69483,41564
69484,41564
69485,41558
69486,8
69487,159
69488,34826
69489,12426
69490,41565
69491,40940
69492,32096
69493,40894
69494,41568
69495,31978
69496,41557
69497,805
69498,41557
69499,41573
69500,41557
69501,41571
69502,41572
69503,41573
69504,8525
69505,13474
69506,11636
69507,41577
69508,41431
69509,41431
69510,12463
69511,12463
69512,41579
69513,41519
69514,41519
69515,24952
69516,2456
69517,40143
69518,858
69519,31661
69520,41270
69521,41270
69522,41576
69523,31661
69524,41270
69525,7532
69526,41585
69527,32400
69528,40728
69529,24290
69530,24587
69531,1934
69532,41581
69533,5003
69534,1934
69535,41585
69536,18044
69537,37210
69538,41590
69539,41197
69540,41260
69541,41581
69542,16596
69543,37802
69544,40322
69545,16763
69546,41593
69547,36510
69548,41593
69549,41594
69550,40393
69551,41593
69552,41593
69553,40393
69554,41593
69555,41591
69556,21022
69557,41208
69558,41197
69559,41599
69560,9738
69561,41600
69562,31828
69563,31828
69564,41600
69565,22199
69566,14089
69567,41557
69568,32433
69569,41296
69570,41460
69571,41604
69572,41585
69573,13989
69574,35417
69575,41579
69576,41583
69577,686
69578,41610
69579,11981
69580,41607
69581,41610
69582,41600
69583,41612
69584,37582
69585,41618
69586,16247
69587,41609
69588,40280
69589,40280
69590,14530
69591,41621
69592,7290
69593,41480
69594,14803
69595,40280
69596,21022
69597,38012
69598,24808
69599,28666
69600,41631
69601,7681
69602,16127
69603,41585
69604,41009
69605,2824
69606,41631
69607,41634
69608,24841
69609,41636
69610,38012
69611,12329
69612,29537
69613,22
69614,28472
69615,41638
69616,215
69617,7429
69618,9724
69619,8413
69620,35205
69621,39537
69622,9724
69623,41649
69624,10760
69625,17230
69626,41612
69627,10760
69628,41650
69629,41654
69630,41648
69631,13340
69632,41625
69633,41500
69634,23990
69635,41656
69636,4496
69637,41645
69638,41650
69639,17230
69640,41657
69641,41655
69642,29265
69643,39537
69644,41657
69645,3831
69646,41659
69647,41645
69648,41664
69649,41660
69650,41664
69651,41662
69652,39601
69653,10017
69654,25450
69655,41625
69656,41625
69657,25450
69658,41197
69659,2150
69660,14514
69661,38188
69662,34872
69663,37632
69664,24344
69665,30774
69666,41670
69668,41670
69669,34737
69670,41401
69671,20621
69672,9608
69673,41265
69674,41673
69675,39537
69676,41674
69677,41675
69678,3476
69679,7795
69680,41674
69681,41676
69682,23990
69683,805
69684,31547
69685,41677
69686,41678
69687,41677
69688,805
69689,5471
69690,41674
69691,31489
69692,41645
69693,41681
69694,41682
69695,39797
69696,26542
69697,41684
69698,5240
69699,41686
69700,5674
69701,7290
69702,35601
69703,4505
69704,25404
69705,114
69706,41691
69707,35918
69708,4856
69709,4856
69710,25278
69711,14843
69712,41614
69713,41697
69714,41607
69715,39775
69716,10760
69717,20793
69718,31661
69719,41480
69720,6637
69721,41480
69722,14174
69723,11148
69724,32458
69725,7224
69726,26355
69727,25392
69728,41480
69729,21846
69730,41629
69731,37712
69732,4253
69733,35053
69734,20491
69735,3589
69736,3589
69737,28092
69738,7681
69739,41704
69740,11867
69741,37008
69742,9608
69743,41706
69744,7250
69745,41708
69746,8
69747,11867
69748,41712
69749,31611
69750,26628
69751,41710
69752,31573
69753,31573
69754,40547
69755,5029
69756,41718
69757,10044
69758,26340
69759,41662
69760,21056
69761,41721
69762,41660
69763,41678
69764,11453
69765,41721
69766,523
69767,41726
69768,39721
69769,41727
69770,41320
69771,4173
69772,41728
69773,39721
69774,1764
69775,25757
69776,41736
69777,41129
69778,6900
69779,41741
69780,98
69781,21846
69782,41742
69783,39772
69784,40992
69785,41739
69786,679
69787,686
69788,28482
69789,41744
69790,2310
69791,41745
69792,41745
69793,686
69794,7555
69795,41752
69796,41752
69797,37689
69798,28729
69799,41749
69800,37689
69801,41758
69802,41759
69803,37443
69804,5744
69805,41761
69806,41349
69807,41760
69808,41691
69809,11969
69810,41728
69811,8425
69812,41763
69813,3488
69814,41765
69815,40926
69816,26338
69817,39721
69818,41765
69819,40047
69820,11621
69821,3898
69822,41774
69823,3077
69824,41000
69825,41618
69826,41779
69827,18164
69828,7180
69829,40992
69830,41782
69831,3488
69832,31960
69833,41704
69834,39775
69835,12410
69836,88
69837,88
69838,39721
69839,40747
69840,26340
69841,41784
69842,41745
69843,41788
69844,28482
69845,22228
69846,20065
69847,36163
69848,41795
69849,36680
69850,41145
69851,41796
69852,41798
69853,9281
69854,41375
69855,41426
69856,24390
69857,41789
69858,41799
69859,41801
69860,41797
69861,41426
69862,41719
69863,41804
69864,41806
69865,17910
69866,41805
69867,41536
69868,39721
69869,41808
69870,22100
69871,40255
69872,41792
69873,14803
69874,3984
69875,41804
69876,41809
69877,28078
69878,686
69879,24390
69880,41735
69881,28550
69882,24778
69883,41739
69884,41815
69885,9608
69886,41739
69887,24390
69888,41814
69889,41804
69890,41825
69891,34787
69892,2310
69893,41816
69894,41397
69895,41827
69896,29597
69897,35071
69898,858
69899,12490
69900,41769
69901,41829
69902,41819
69903,7290
69904,11314
69905,13987
69906,41811
69907,4598
69908,41832
69909,2669
69910,41834
69911,12043
69912,41811
69913,24778
69914,29325
69915,41751
69916,30475
69917,31135
69918,41838
69919,39611
69920,17418
69921,41804
69922,175
69923,36545
69924,37609
69925,41429
69926,7119
69927,41846
69928,41846
69929,41846
69930,41846
69931,4598
69932,4598
69933,41850
69934,12092
69935,41851
69936,41851
69937,14674
69938,10980
69939,21932
69940,24462
69941,4521
69942,29872
69943,13516
69944,41855
69945,2956
69946,41858
69947,3277
69948,41862
69949,41864
69950,41864
69951,41869
69952,41869
69953,36876
69954,41429
69955,17915
69956,25821
69957,41862
69958,41867
69959,39931
69960,41431
69961,41874
69962,41480
69963,41874
69964,41876
69965,41876
69966,776
69967,41876
69968,41870
69969,41871
69970,41877
69971,39597
69972,41880
69973,41879
69974,41683
69975,41882
69976,41856
69977,25525
69978,24921
69979,41883
69980,919
69981,41885
69982,35827
69983,41874
69984,919
69985,24808
69986,41844
69987,41887
69988,13748
69989,25936
69990,41886
69991,41887
69992,41888
69993,41888
69994,41889
69995,41891
69996,3025
69997,41888
69998,31235
69999,41854
70000,41889
70001,21972
70002,30834
70003,41893
70004,41893
70005,20221
70006,41895
70007,3025
70008,29568
70009,29568
70010,41898
70011,41901
70012,41902
70013,20247
70014,41903
70015,41899
70016,40660
70017,686
70018,41907
70019,41816
70020,15978
70021,12786
70022,41906
70023,35967
70024,41911
70025,41784
70026,41914
70027,601
70028,41915
70029,41911
70030,41915
70031,1146
70032,41767
70033,41890
70034,41495
70035,41497
70036,41903
70037,3025
70038,41922
70039,35559
70040,37411
70041,10697
70042,41767
70043,41767
70044,41878
70045,41767
70046,41923
70047,41784
70048,41876
70049,41925
70050,17977
70051,41928
70052,41926
70053,11032
70054,41930
70055,21998
70056,41903
70057,41931
70058,1785
70059,13270
70060,41910
70061,41939
70062,41800
70063,41936
70064,887
70065,30682
70066,41943
70067,25936
70068,21702
70069,6858
70070,41945
70071,41879
70072,4473
70073,37200
70074,21916
70075,26216
70076,41949
70077,13519
70078,22047
70079,41907
70080,25374
70081,41944
70082,41944
70083,825
70084,41952
70085,41929
70086,41956
70087,41887
70088,656
70089,41956
70090,41956
70091,22273
70093,41460
70094,41524
70095,41827
70096,3627
70097,41961
70098,41961
70099,41957
70100,15957
70101,32018
70102,41431
70103,25936
70104,41960
70105,41961
70106,41961
70107,41902
70108,25944
70109,40288
70110,7828
70111,41534
70112,41867
70113,22022
70114,41867
70115,686
70116,41767
70117,41966
70118,10233
70119,8622
70120,41532
70121,41950
70122,3382
70123,20179
70124,41940
70125,41975
70126,41788
70127,31788
70128,36
70129,27418
70130,40445
70131,38348
70132,39559
70133,805
70134,41547
70135,41307
70136,41982
70137,22067
70138,41901
70139,41788
70140,22047
70141,30530
70142,29018
70143,40717
70144,6863
70145,39721
70146,41974
70147,4933
70148,41990
70149,9608
70150,41991
70151,41655
70152,41991
70153,41307
70154,36985
70155,41559
70156,16595
70157,41993
70158,41996
70159,39544
70160,41990
70161,223
70162,10849
70163,10849
70164,9229
70165,223
70166,42000
70167,21720
70168,4253
70169,42002
70170,42006
70171,42002
70172,41694
70173,38360
70174,42008
70175,42009
70176,41975
70177,10259
70178,3591
70179,30540
70180,10259
70181,31477
70182,1766
70183,36559
70184,11462
70185,3025
70186,11462
70187,39775
70188,39775
70189,11462
70190,28658
70191,41081
70192,41998
70193,42015
70194,42013
70195,41623
70196,16694
70197,3392
70198,41892
70199,39775
70200,42020
70201,9649
70202,6155
70203,14803
70204,10980
70205,22088
70206,18394
70207,41950
70208,14514
70209,42029
70210,42031
70211,42031
70212,31231
70213,27691
70214,27691
70215,41814
70216,41181
70217,41197
70218,41197
70219,5397
70220,41181
70221,11926
70222,31901
70223,25060
70224,805
70225,22468
70226,3748
70227,42040
70228,805
70229,41893
70230,31901
70231,686
70232,7290
70233,13047
70234,32036
70235,1739
70236,37863
70237,42002
70238,34826
70239,30956
70240,10675
70241,13047
70242,2817
70243,42048
70244,805
70245,686
70246,42049
70247,41620
70248,41731
70249,41731
70250,41480
70251,40183
70252,42057
70253,40403
70254,37302
70255,15943
70256,41259
70258,42066
70259,42029
70260,42069
70261,42000
70262,4521
70263,3077
70264,41639
70265,42018
70266,42075
70267,42068
70268,31221
70269,41943
70270,24003
70271,41646
70272,31221
70273,27862
70274,42076
70275,42077
70276,41637
70277,42018
70278,41270
70279,42079
70280,41651
70281,41653
70282,42085
70283,42085
70284,42079
70285,42082
70286,42029
70287,40010
70288,42086
70289,41359
70290,42083
70291,42078
70292,9577
70293,14125
70294,42090
70295,42087
70296,42090
70297,42086
70298,40010
70299,42091
70300,42049
70301,42093
70302,840
70303,42083
70304,28172
70305,42086
70306,3277
70307,16175
70308,42044
70309,3277
70310,1934
70311,3468
70312,2669
70313,21961
70314,42094
70315,42078
70316,1005
70317,41929
70318,42025
70319,39997
70320,42079
70321,42049
70322,40037
70323,42044
70324,42086
70325,90
70326,37080
70327,26407
70328,40663
70329,32538
70330,42105
70331,42104
70332,42105
70333,40582
70334,42106
70335,13849
70336,42108
70337,42111
70338,31634
70339,42102
70340,42113
70341,7131
70342,42102
70343,36854
70344,42098
70345,11148
70346,42116
70347,179
70348,42118
70349,16542
70350,41687
70351,42118
70352,253
70353,41693
70354,41695
70355,42118
70356,42120
70357,42121
70358,42095
70359,42125
70360,27051
70361,39663
70362,16508
70363,42127
70364,18281
70365,36832
70366,42058
70367,42128
70368,42131
70369,42130
70370,42130
70371,41847
70372,2116
70373,42127
70374,27244
70375,42131
70376,38168
70377,28517
70378,2328
70379,37627
70380,40124
70381,42127
70382,5429
70383,21006
70384,24728
70385,42141
70386,36503
70387,42102
70388,41429
70389,42109
70390,17046
70391,42137
70392,22236
70393,10339
70394,6547
70395,26800
70396,35425
70397,18003
70398,42140
70399,36503
70400,41916
70401,18391
70402,41623
70403,42148
70404,588
70405,12552
70406,3786
70407,42149
70408,15999
70409,13849
70410,16623
70411,13849
70412,8111
70413,41715
70414,16083
70415,42149
70416,37863
70417,9562
70418,41899
70419,11055
70420,11609
70421,24841
70422,42127
70423,31634
70424,6054
70425,42153
70426,196
70427,42158
70428,35588
70429,42159
70430,887
70431,41724
70432,42163
70433,827
70434,39544
70435,16131
70436,27271
70437,41916
70438,40252
70439,42152
70440,39676
70441,42152
70442,22456
70443,41836
70444,40144
70446,42094
70447,42171
70448,8398
70449,42172
70450,40663
70451,40663
70452,42171
70453,40663
70454,3277
70455,4907
70456,41737
70457,31372
70458,8111
70459,32125
70460,29087
70461,31372
70462,41805
70463,6248
70464,11753
70465,39806
70466,42175
70467,39806
70468,37764
70469,42109
70470,42109
70471,42106
70472,42117
70473,42117
70474,27292
70475,9085
70476,27400
70477,16111
70478,14845
70479,28999
70480,29670
70481,1106
70482,31135
70483,42182
70484,26493
70485,40464
70486,20329
70487,38284
70488,30161
70489,37593
70490,42187
70491,27025
70492,31956
70493,42188
70494,41768
70495,13522
70496,41765
70497,42117
70498,8692
70499,42062
70500,42062
70501,41728
70502,41783
70503,17714
70504,41975
70505,41975
70506,27292
70507,8762
70508,37863
70509,42201
70510,42174
70511,35115
70512,42174
70513,957
70514,41649
70515,42174
70516,42164
70517,13038
70518,40084
70519,42164
70520,42198
70521,13130
70522,36171
70523,22228
70524,41903
70525,42173
70526,41618
70527,41903
70528,41856
70529,3794
70530,42207
70531,42208
70532,42206
70533,12287
70534,41786
70535,40242
70536,1036
70537,4253
70538,42212
70539,41796
70540,42212
70541,42213
70542,667
70543,36307
70544,42215
70545,40255
70546,40719
70547,7556
70548,36661
70549,30433
70550,42174
70551,42174
70552,1036
70553,42217
70554,42218
70555,42108
70556,42164
70557,41856
70558,26355
70559,35559
70560,17046
70561,9964
70562,41295
70563,18268
70564,30621
70565,20654
70566,42223
70567,39997
70568,41820
70569,14650
70570,41856
70571,38172
70572,42224
70573,42226
70574,945
70575,42029
70576,8632
70577,23984
70578,919
70579,23984
70580,42228
70581,9975
70582,21298
70583,35026
70584,919
70585,37928
70586,4461
70587,42225
70588,41623
70589,41765
70590,5789
70591,42232
70592,7120
70593,42226
70594,41429
70595,273
70596,41840
70597,42234
70598,41765
70599,42233
70600,4494
70601,35595
70602,1005
70603,28074
70604,28074
70605,6082
70606,42173
70607,31304
70608,41847
70609,41856
70610,25
70611,42248
70612,26950
70613,42246
70614,42198
70615,42251
70616,18392
70617,6358
70618,3805
70619,26220
70620,42255
70621,42256
70622,27028
70623,9368
70624,21932
70625,2040
70626,42264
70627,41856
70628,42262
70629,29746
70630,42264
70631,27534
70632,42267
70633,42173
70634,42074
70635,25936
70636,11832
70637,8076
70638,2126
70639,42074
70640,42275
70641,27142
70642,805
70643,40832
70644,42158
70645,42170
70646,42263
70647,40761
70648,24243
70649,42109
70650,6633
70651,42239
70652,6358
70653,12492
70654,40449
70655,30621
70656,41561
70657,40128
70658,10914
70659,42287
70660,28791
70661,41657
70662,42251
70663,42251
70664,42295
70665,24076
70666,28509
70667,24076
70668,24076
70669,7234
70670,12209
70671,22311
70672,41828
70673,11279
70674,22314
70675,42299
70676,42299
70677,40494
70678,42302
70679,41941
70680,42304
70681,40334
70682,42306
70683,41367
70684,42311
70685,42312
70686,42315
70687,42106
70688,42074
70689,41906
70690,42228
70691,41765
70692,42263
70693,42263
70694,42320
70695,35967
70696,42269
70697,3586
70698,35588
70699,28588
70700,42238
70701,42323
70702,42324
70703,29783
70704,42325
70705,12494
70706,30342
70707,42068
70708,18276
70709,42323
70710,42331
70711,31536
70712,919
70713,42309
70714,2652
70715,28402
70716,42331
70717,42335
70718,28402
70719,42329
70720,42332
70721,42334
70722,30621
70723,42337
70724,42336
70725,14076
70726,10061
70727,29890
70728,5618
70729,41270
70730,666
70731,42344
70732,32211
70733,3826
70734,26338
70735,42164
70736,42164
70737,20950
70738,20950
70739,20950
70740,25296
70741,39997
70742,8580
70743,42346
70744,4253
70745,42337
70746,42349
70747,2485
70748,42350
70749,42349
70750,40286
70751,41052
70752,42350
70753,36131
70754,25525
70755,10026
70756,18391
70757,26945
70758,42350
70759,42350
70760,7883
70761,42359
70762,1118
70763,42310
70764,22356
70765,42228
70766,12552
70767,42363
70768,26018
70769,32154
70770,9342
70771,12602
70772,3835
70773,42370
70774,42372
70775,24808
70776,9394
70777,42314
70778,42314
70779,42314
70780,41940
70781,41958
70782,41002
70783,41002
70784,40630
70785,12494
70786,41002
70787,41982
70788,42029
70789,36755
70790,42376
70791,253
70792,42376
70793,22387
70794,29018
70795,41986
70796,42372
70797,42354
70798,42331
70799,1191
70800,42381
70801,35854
70802,6547
70803,42383
70804,42383
70805,42365
70806,887
70807,42385
70808,13526
70809,42173
70810,42387
70811,6636
70812,42389
70813,42389
70814,22468
70815,28462
70816,40767
70817,42389
70818,12287
70819,35753
70820,25936
70821,15978
70822,42397
70823,42329
70824,40431
70825,42397
70826,41997
70827,3911
70828,5509
70829,7744
70830,5275
70831,42285
70832,42400
70833,42400
70834,42401
70835,39997
70836,32036
70837,39997
70838,41696
70839,42404
70840,11386
70841,31587
70842,20048
70843,10064
70844,42029
70845,42404
70846,12423
70847,26569
70848,10065
70849,13455
70850,42404
70851,10123
70852,10069
70853,42410
70854,41650
70855,28666
70856,42404
70857,42413
70858,42402
70859,31587
70860,42414
70861,40889
70862,42415
70863,2170
70864,41146
70865,42026
70866,42056
70867,41146
70868,42424
70869,32036
70870,42427
70871,31152
70872,21958
70873,42425
70874,42426
70875,42380
70876,42246
70877,27271
70878,28402
70879,2860
70880,4290
70881,42430
70882,42400
70883,42420
70884,42393
70885,35753
70886,3874
70887,42436
70888,6248
70889,42424
70890,42424
70891,42425
70892,42436
70893,9808
70894,9808
70895,42425
70896,26
70897,1108
70898,42433
70899,22587
70900,25
70901,253
70902,42444
70903,9174
70904,13455
70905,9950
70906,27187
70907,9174
70908,29742
70909,861
70910,861
70911,887
70912,42447
70913,31822
70914,12141
70915,42447
70916,30342
70917,42455
70918,42447
70919,42447
70920,4764
70921,38185
70922,198
70923,42456
70924,26640
70925,42454
70926,42450
70927,42075
70928,42461
70929,12329
70930,42461
70931,42269
70932,42461
70933,21104
70934,42076
70935,42463
70936,42462
70937,42452
70938,8180
70939,9007
70940,31587
70941,7667
70942,42457
70943,42466
70944,22452
70945,40719
70946,40719
70947,17913
70948,42461
70949,25435
70950,196
70951,38130
70952,41907
70954,35909
70955,28221
70956,14323
70957,41053
70958,42430
70959,7474
70960,919
70961,4253
70962,41212
70963,6015
70964,42482
70965,14839
70966,42477
70967,28462
70968,35150
70969,14640
70970,39849
70971,42483
70972,42485
70973,42127
70974,41594
70975,27187
70976,42338
70977,42454
70978,38327
70979,28462
70980,42110
70981,10389
70982,28545
70984,24865
70985,22468
70986,32490
70987,3468
70988,42488
70989,32490
70991,42490
70992,42490
70993,7039
70994,36515
70995,8590
70996,42492
70997,42494
70998,1909
70999,42431
71000,42498
71001,10905
71002,6493
71003,32036
71004,41989
71005,9993
71006,42501
71007,805
71008,42502
71009,18086
71010,42504
71011,16557
71012,28529
71013,42504
71014,3943
71015,42500
71016,41359
71017,18504
71018,26105
71019,42139
71020,42513
71021,42514
71022,41764
71023,42514
71024,17915
71025,42145
71026,42515
71027,24073
71028,42520
71029,42481
71030,42523
71031,38138
71032,30621
71033,16859
71034,42375
71035,40761
71036,42479
71037,4253
71038,40420
71039,20647
71040,41196
71041,42127
71042,42531
71043,3812
71044,39849
71045,36306
71046,42534
71047,42535
71048,9838
71049,11639
71050,41635
71051,36100
71052,40241
71053,42536
71054,16337
71055,4856
71056,42538
71057,16175
71058,41307
71059,28655
71060,42543
71061,3843
71062,42515
71063,28092
71064,42543
71065,28221
71066,11732
71067,42547
71068,42551
71069,42167
71070,40378
71071,42166
71072,32036
71073,22508
71074,4505
71075,9146
71076,7290
71077,42543
71078,42543
71079,35091
71080,42543
71081,7290
71082,11251
71083,3333
71084,31828
71085,42557
71086,159
71087,42556
71088,42558
71089,42558
71090,42556
71091,5111
71092,42547
71093,11458
71094,28462
71095,13378
71096,42431
71097,42558
71098,23848
71099,42556
71100,42563
71101,42562
71102,42556
71103,42180
71104,42405
71105,25084
71106,589
71107,5892
71108,6029
71109,42185
71110,42185
71111,11623
71112,40217
71113,26493
71114,41536
71115,42569
71116,40656
71117,3903
71118,27051
71119,42551
71120,5
71121,22518
71122,9162
71123,41281
71124,41281
71125,42575
71126,40241
71127,35764
71128,42153
71129,42574
71130,42574
71131,42153
71132,28529
71133,42577
71134,8076
71135,42577
71136,42545
71137,40115
71138,42454
71139,11412
71140,42500
71141,42534
71142,27025
71143,5491
71144,42579
71145,16664
71146,28529
71147,42582
71148,42582
71149,42454
71150,41429
71151,19744
71152,42573
71153,14465
71154,42202
71155,42498
71156,30655
71157,40889
71158,41903
71159,42585
71160,7976
71161,22414
71162,27342
71163,34855
71164,38104
71165,41250
71166,42590
71167,42471
71168,9608
71169,35067
71170,42471
71171,36540
71172,22543
71173,42488
71174,3572
71175,2535
71176,42569
71177,159
71178,9042
71179,38403
71180,1005
71181,42596
71183,42569
71184,40582
71185,42473
71186,10623
71187,13882
71188,36540
71189,42600
71190,29868
71191,42558
71192,28807
71193,42415
71194,21096
71195,40252
71196,221
71197,42218
71198,27342
71199,805
71200,4278
71201,22311
71202,7420
71203,42606
71204,3911
71205,42605
71206,4344
71207,35026
71208,42610
71209,8662
71210,42609
71211,42601
71212,42615
71213,42611
71214,42618
71215,26315
71216,10961
71217,39684
71218,29194
71219,747
71220,40808
71221,35150
71222,27855
71223,8411
71224,42387
71225,16850
71226,805
71227,6633
71228,42622
71229,3262
71230,41309
71231,42624
71232,42233
71233,42234
71234,32036
71235,22088
71236,9998
71237,42504
71238,42605
71239,42628
71240,42627
71241,2310
71242,10069
71243,42243
71244,7788
71245,42632
71246,10776
71247,3837
71248,21998
71249,42619
71250,40761
71251,42635
71252,42545
71253,35332
71254,42638
71255,42218
71256,42218
71257,42260
71258,14730
71259,6358
71260,30057
71261,5536
71262,805
71263,9419
71264,42643
71265,17230
71266,20316
71267,42646
71268,28052
71269,10963
71270,3919
71271,42644
71272,16709
71273,31609
71274,31609
71275,42645
71276,37666
71277,42653
71278,41510
71279,36172
71280,2772
71281,42657
71282,42647
71283,17908
71284,38037
71285,29868
71286,40449
71287,40165
71288,42660
71289,17840
71290,36381
71291,37041
71292,28959
71293,28509
71294,36172
71295,26190
71296,26190
71297,10172
71298,42179
71299,1118
71300,25084
71301,42668
71302,42670
71303,25936
71304,28587
71305,32036
71306,37998
71307,42673
71308,21203
71309,42673
71310,42673
71311,39684
71312,40577
71313,54
71314,42678
71315,30755
71316,42677
71317,42677
71318,42678
71319,30570
71320,42058
71321,42313
71322,17035
71323,26382
71324,7291
71325,35011
71326,42577
71327,42614
71328,25041
71329,27637
71330,42685
71331,30623
71332,42321
71333,42545
71334,42690
71335,31188
71336,42456
71337,42456
71338,25936
71339,22114
71340,38308
71341,42695
71342,35984
71343,1739
71344,42698
71345,42698
71346,16174
71347,5597
71348,42698
71349,42700
71350,42704
71351,12100
71352,42704
71353,42697
71354,42705
71355,31877
71356,42703
71357,34905
71358,42706
71359,25936
71360,12100
71361,28060
71362,42700
71363,8527
71364,42712
71365,42352
71366,17420
71367,12715
71368,11075
71369,42715
71370,20048
71371,25369
71372,42697
71373,10747
71374,17186
71375,42718
71376,42719
71377,42721
71378,25392
71379,9928
71380,41887
71381,16799
71382,42723
71383,41952
71384,41683
71385,5196
71386,196
71387,41606
71388,1496
71389,42728
71390,42728
71391,42366
71392,40832
71393,20307
71394,7329
71395,42729
71396,11867
71397,8713
71398,31664
71399,42732
71400,29877
71401,29877
71402,40680
71403,42668
71404,42691
71405,42374
71406,31475
71407,5795
71408,42745
71409,42746
71410,13385
71411,42750
71412,42237
71413,42737
71414,42751
71415,35786
71416,42454
71417,42743
71418,42754
71419,10217
71420,42454
71421,42454
71422,13587
71423,42757
71424,42754
71425,41309
71426,40684
71427,30695
71428,25488
71429,42759
71430,42394
71431,42759
71432,40009
71433,21026
71434,42399
71435,42761
71436,18409
71437,39969
71438,13976
71439,30695
71440,40976
71441,11462
71442,41533
71443,4334
71444,1150
71445,42766
71446,2649
71447,42768
71448,40832
71449,42743
71450,42769
71451,42769
71452,42672
71453,42737
71454,42755
71455,40931
71456,42411
71457,40663
71458,12562
71459,805
71460,37596
71461,27434
71462,40938
71463,40938
71464,7290
71465,32490
71466,42778
71467,42779
71468,42703
71469,42778
71470,4479
71471,11051
71472,39684
71473,40755
71474,42784
71475,42785
71476,42787
71477,42786
71478,104
71479,42674
71480,8943
71481,42790
71482,154
71483,26500
71484,42795
71485,10749
71486,2513
71487,29514
71488,42792
71489,104
71490,40899
71491,42438
71492,199
71493,12181
71494,41830
71495,21846
71496,1118
71497,2293
71498,17237
71499,276
71500,805
71501,42776
71502,42803
71503,41812
71504,21737
71505,42804
71506,42805
71507,41696
71508,8007
71509,1084
71510,42806
71511,14653
71512,42778
71513,37103
71514,42320
71515,919
71516,42812
71517,214
71518,42238
71519,40444
71520,8398
71521,42700
71522,13818
71523,40861
71524,42813
71525,38104
71526,39801
71527,253
71528,42813
71529,42817
71530,24472
71531,37695
71532,38284
71533,14831
71534,42775
71535,40680
71536,40680
71537,42816
71538,42821
71539,42818
71540,37953
71541,42821
71542,12492
71543,42823
71544,42823
71545,42818
71546,42198
71547,42818
71548,6625
71549,19801
71550,42826
71551,42094
71552,42805
71553,42823
71554,31991
71555,41146
71556,12106
71557,42833
71558,31412
71559,28590
71560,35854
71561,7638
71562,22452
71563,38474
71564,42479
71565,3382
71566,5666
71567,13188
71568,24295
71569,333
71570,6378
71571,9465
71572,42842
71573,42839
71574,16709
71575,3382
71576,42845
71577,10358
71578,35526
71579,42484
71580,20647
71581,42847
71582,1666
71583,42848
71584,36189
71585,28746
71586,20048
71587,42850
71588,42849
71589,42851
71590,42850
71591,42843
71592,42852
71593,3269
71594,42848
71595,42745
71596,42854
71597,7497
71598,26542
71599,42855
71600,42483
71601,21737
71602,42003
71603,42858
71604,42859
71605,42860
71606,42860
71607,40755
71608,42863
71609,5647
71610,6015
71611,17348
71612,20486
71613,42503
71614,42816
71615,9162
71616,36755
71617,42868
71618,24157
71619,42685
71620,41238
71621,17998
71622,26008
71623,36306
71624,42746
71625,42746
71626,3488
71627,38284
71628,23770
71629,13616
71630,42776
71631,41156
71632,364
71633,42882
71634,42865
71635,42884
71636,6633
71637,24414
71638,8982
71639,27854
71640,14771
71641,42885
71642,41510
71643,41820
71644,11475
71645,25969
71646,42890
71647,40755
71648,25761
71649,25663
71650,42853
71651,40946
71652,4521
71653,42896
71654,42596
71655,16008
71656,40858
71657,42902
71658,39523
71659,6927
71660,42880
71661,25663
71662,38102
71663,8410
71664,23790
71665,10346
71666,42548
71667,3700
71668,32490
71669,7972
71670,8180
71671,42910
71672,42909
71673,32190
71674,12548
71675,42838
71676,990
71677,5764
71678,21298
71679,858
71680,28823
71681,42926
71682,23801
71683,42923
71684,42924
71685,42921
71686,42925
71687,2832
71688,42849
71689,42866
71690,26155
71691,23658
71692,5635
71693,42866
71694,32036
71695,42931
71696,42185
71697,19676
71698,5829
71699,10947
71700,9065
71701,42916
71702,21998
71703,14390
71704,42880
71705,42769
71706,42880
71707,8990
71708,42883
71709,42936
71710,9731
71711,40115
71712,4337
71713,42941
71714,42912
71715,42414
71716,25598
71717,37696
71718,7795
71719,42545
71720,42579
71721,42397
71722,42951
71723,805
71724,12492
71725,805
71726,24539
71727,30900
71728,16859
71729,9997
71730,805
71731,42946
71732,42955
71733,38427
71734,42955
71735,29688
71736,3345
71737,42956
71738,38102
71739,42954
71740,27218
71741,42958
71742,42594
71743,42963
71744,42969
71745,42967
71746,9890
71747,42596
71748,42967
71749,42956
71750,1909
71751,42972
71752,34863
71753,40680
71754,1909
71755,887
71756,42941
71757,42728
71758,14679
71759,13526
71760,42974
71761,42978
71762,42607
71763,42975
71764,42968
71765,26338
71766,37715
71767,2660
71768,32373
71769,21922
71770,42627
71771,11253
71772,42603
71773,10322
71774,34863
71775,42974
71776,42980
71777,17935
71778,25653
71779,42983
71780,42982
71781,12008
71782,42987
71783,42985
71784,42985
71785,13177
71786,42984
71787,31947
71788,35536
71789,30951
71790,16243
71791,31947
71792,42989
71793,42610
71794,74
71795,42990
71796,42977
71797,42977
71798,2665
71799,42992
71800,42876
71801,42989
71802,42993
71803,38427
71804,21599
71805,42994
71806,42003
71807,887
71808,42999
71809,43001
71810,2126
71811,41902
71812,30220
71813,21098
71814,43001
71815,18469
71816,43005
71817,43006
71818,43001
71819,39838
71820,43005
71821,29330
71822,43008
71823,43008
71824,42977
71825,43010
71826,43001
71827,42959
71828,27608
71829,27534
71830,7486
71831,27608
71832,31077
71833,43013
71834,42705
71835,43012
71836,42855
71837,32036
71838,23853
71839,43016
71840,42569
71841,42634
71842,36804
71843,36804
71844,42949
71845,24370
71846,43018
71847,19814
71848,43020
71849,41856
71850,43022
71851,41011
71852,30755
71853,6096
71854,41354
71855,42594
71856,41211
71857,42636
71858,42638
71859,43026
71860,43026
71861,32467
71862,42639
71863,43020
71864,25814
71865,42594
71866,41856
71867,10829
71868,43037
71869,24669
71870,42993
71871,8053
71872,43039
71873,43044
71874,601
71875,43050
71876,35988
71877,43046
71878,35988
71879,11284
71880,5032
71881,12427
71882,43039
71883,42925
71884,42545
71885,41830
71886,19680
71887,43059
71888,42835
71889,43001
71890,43065
71891,887
71892,26105
71893,31077
71894,42218
71895,35566
71896,35145
71897,19680
71898,43039
71899,20710
71900,40744
71901,10278
71902,42666
71903,30613
71904,805
71905,3172
71906,1352
71907,36449
71908,32036
71909,805
71910,43064
71911,23891
71912,29630
71913,43068
71914,42949
71915,18528
71916,4505
71918,43076
71919,40067
71920,43022
71921,43079
71922,43075
71923,5836
71924,27744
71925,13361
71926,10354
71927,36564
71928,42624
71929,43085
71930,43084
71931,7071
71932,43088
71933,42680
71934,43093
71935,37701
71936,37701
71937,11511
71938,38171
71939,38075
71940,36516
71941,37275
71942,42683
71943,42237
71944,22008
71945,42686
71946,42594
71947,43103
71948,43108
71949,43108
71950,43112
71951,42594
71952,43114
71953,43114
71954,43112
71955,32036
71956,43119
71957,42551
71958,43120
71959,32036
71960,39684
71961,6920
71962,43121
71963,26362
71964,31975
71965,29908
71966,887
71967,40067
71968,43123
71969,14728
71970,28514
71971,42702
71972,43125
71973,966
71974,42577
71975,43126
71976,43127
71977,14506
71978,43127
71979,3681
71980,17230
71981,42628
71982,7828
71983,43122
71984,1106
71985,10380
71986,24848
71987,43135
71988,34711
71989,1720
71990,34711
71991,43131
71992,20048
71993,43129
71994,27608
71995,2849
71996,43140
71997,23681
71998,42714
71999,26501
72000,43142
72001,37765
72002,19680
72003,43142
72004,9217
72005,35019
72006,43139
72007,35019
72008,20710
72009,43147
72010,41696
72011,42221
72012,10389
72013,42722
72014,35019
72015,42494
72016,42494
72017,22158
72018,4150
72019,14051
72020,43154
72021,43084
72022,13600
72023,42730
72024,40138
72025,175
72026,42741
72027,42056
72028,40138
72029,42717
72030,7649
72031,42717
72032,900
72033,12339
72034,8193
72035,43022
72036,42807
72037,16694
72038,41501
72039,7290
72040,43058
72041,43051
72042,43169
72043,43169
72044,43170
72045,43162
72046,5829
72047,42603
72048,43001
72049,887
72050,43174
72051,42498
72052,5887
72053,6265
72054,36785
72055,43163
72056,7787
72057,43129
72058,42760
72059,43175
72060,42609
72061,38230
72063,43176
72064,43177
72065,43169
72066,43178
72067,35570
72068,43178
72069,16955
72070,13562
72071,74
72072,7071
72073,43180
72074,43181
72075,43177
72076,42910
72077,4769
72078,37460
72079,43187
72080,43185
72081,805
72082,10289
72083,38427
72084,42795
72085,18591
72086,25551
72087,38230
72088,40680
72089,887
72090,5344
72091,364
72092,41243
72093,16912
72094,4426
72095,1970
72096,42743
72097,9769
72098,31497
72099,6579
72100,38230
72101,43197
72102,43198
72103,30211
72104,4783
72105,42714
72106,43153
72107,8132
72108,43185
72109,6517
72110,24000
72111,43207
72112,43206
72113,43207
72114,43208
72115,43206
72116,43198
72117,6517
72118,43211
72119,9728
72120,10435
72121,2046
72122,16709
72123,10675
72124,43217
72125,43217
72126,43216
72127,31152
72128,253
72129,9394
72130,13818
72131,43218
72132,9863
72133,43165
72134,43222
72135,31712
72136,43226
72137,42868
72138,42868
72139,32420
72140,43227
72141,43228
72142,26808
72143,175
72144,4916
72145,43119
72146,1466
72147,43232
72148,42680
72149,43183
72150,43183
72151,43183
72152,43235
72153,21840
72154,6153
72155,34949
72156,4737
72157,582
72158,25166
72159,12106
72160,43203
72161,1005
72162,11032
72163,42883
72164,42883
72165,40161
72166,42883
72167,39768
72168,26267
72169,39680
72170,21749
72171,30542
72172,41474
72173,43238
72174,24765
72175,42062
72176,42062
72177,43240
72178,24765
72179,16709
72180,43216
72181,42814
72182,41650
72183,1841
72184,31428
72185,42815
72186,42815
72187,16571
72188,1841
72189,42336
72190,1841
72191,43244
72192,29911
72193,10501
72194,1764
72195,41650
72196,43250
72197,42821
72198,8881
72199,43251
72200,14187
72201,16694
72202,21493
72203,38353
72204,21728
72205,9266
72206,21998
72207,11748
72208,6828
72209,43257
72210,2750
72211,38353
72212,43258
72213,43261
72214,43278
72215,43273
72216,43280
72219,43267
72220,43280
72221,43284
72222,43285
72223,43289
72224,12492
72225,43288
72226,43291
72227,43140
72228,43282
72229,43293
72230,36804
72231,43289
72232,42575
72233,42406
72234,43238
72235,43298
72236,43299
72237,19676
72238,43293
72239,8917
72240,4376
72241,43300
72242,4253
72243,43302
72244,7879
72245,43240
72246,43301
72247,14771
72248,13567
72249,43301
72250,43306
72251,42844
72252,43313
72253,43314
72254,43267
72255,43311
72256,43267
72257,2617
72258,43232
72259,43315
72260,43226
72261,7787
72262,4263
72263,25358
72264,43320
72265,43153
72266,43153
72267,42910
72268,22330
72269,34619
72270,6378
72271,43323
72272,43323
72273,30557
72274,12492
72275,43326
72276,43152
72277,7216
72278,43327
72279,43206
72280,36135
72281,4376
72282,8173
72283,339
72284,42864
72285,42868
72286,20486
72287,42865
72288,1542
72289,43335
72290,43180
72291,43337
72292,38284
72293,43339
72294,43332
72295,43339
72296,43261
72297,43338
72298,43341
72299,24669
72300,6281
72301,21840
72302,43333
72303,43342
72304,7365
72305,7732
72306,27106
72307,41800
72308,27106
72309,43342
72310,43314
72311,43007
72312,43350
72313,43021
72314,9150
72315,42945
72316,43359
72317,43362
72318,43362
72319,43126
72320,43360
72321,43355
72322,42877
72323,43364
72324,12275
72325,43197
72326,24056
72327,40861
72328,43367
72329,43371
72330,25167
72331,43207
72332,43365
72333,43275
72334,40036
72335,43375
72336,43375
72337,43371
72338,43067
72339,42945
72340,43387
72341,43346
72342,43386
72343,43169
72344,31400
72345,25089
72346,38102
72347,42949
72348,14156
72349,13899
72350,253
72351,34863
72352,8599
72353,27708
72354,43250
72355,43405
72356,43402
72357,17455
72358,24073
72359,43401
72360,22309
72361,38125
72362,22133
72363,39768
72364,26960
72365,28940
72366,43342
72367,43342
72368,43414
72369,24080
72370,43414
72371,43146
72372,7018
72373,43416
72374,43206
72375,42728
72376,253
72377,43418
72378,43055
72379,43328
72380,43422
72381,11511
72382,17455
72383,7945
72384,1381
72385,1381
72386,2166
72387,43427
72388,2312
72389,43386
72390,17230
72391,43228
72392,43429
72393,31324
72394,43431
72395,28746
72396,23840
72397,43194
72398,42932
72399,632
72400,43418
72401,43442
72402,43261
72403,42945
72404,43257
72405,43455
72406,6479
72407,18462
72408,43449
72409,1381
72410,43449
72411,42717
72412,43449
72413,9619
72414,21257
72415,42940
72416,42943
72417,42709
72418,42198
72419,43400
72420,24097
72421,2116
72422,41618
72423,8982
72424,42946
72425,230
72426,35001
72427,12492
72428,27342
72429,4829
72430,43464
72431,12329
72432,43472
72433,43475
72434,38427
72435,37589
72436,43472
72437,43289
72438,43423
72439,26698
72440,17107
72441,43479
72442,1841
72443,43480
72444,43480
72445,7365
72446,11560
72447,43482
72448,38125
72449,40252
72450,42174
72451,43484
72452,43487
72453,43419
72454,31400
72455,43480
72456,10479
72457,43489
72458,43492
72459,42973
72460,9013
72461,686
72462,29884
72463,42162
72464,43293
72465,7365
72466,4705
72467,43495
72468,43067
72469,43494
72470,43494
72471,26658
72472,43499
72473,26640
72474,43495
72475,43289
72476,38130
72477,43505
72478,43505
72479,26041
72480,42985
72481,43502
72482,43507
72483,43506
72484,43507
72485,54
72486,43506
72487,29337
72488,2540
72489,42848
72490,42848
72491,4398
72492,40967
72493,21998
72494,11405
72495,43511
72496,43519
72497,43518
72498,42941
72499,42995
72500,43221
72501,43522
72502,43361
72503,36990
72504,36080
72505,13203
72506,43522
72507,4900
72508,43528
72509,36316
72510,42609
72511,32154
72512,19890
72513,4253
72514,31324
72515,11583
72516,17714
72517,43459
72518,42610
72519,32484
72520,43247
72521,13564
72522,43540
72523,27433
72524,29171
72525,43539
72526,43487
72527,10500
72528,43545
72529,41163
72530,43543
72531,43546
72532,25166
72533,35753
72534,43065
72535,10675
72536,43534
72537,43548
72538,43551
72539,43555
72540,43554
72541,28237
72542,42673
72543,43304
72544,43558
72545,43558
72546,43557
72547,43559
72548,43559
72549,215
72550,43556
72551,43557
72552,43554
72553,43561
72554,43562
72555,2192
72556,4253
72557,43565
72558,12355
72559,11748
72560,41309
72561,29032
72562,4445
72563,43570
72564,41706
72565,28556
72566,1250
72567,43496
72568,43273
72569,36285
72570,43564
72571,43571
72572,43553
72573,43071
72574,20447
72575,43573
72576,43414
72577,43221
72578,215
72579,42381
72580,43579
72581,43577
72582,43511
72583,43583
72584,32154
72585,14049
72586,34738
72587,43332
72588,32154
72589,175
72590,43589
72591,43586
72592,43592
72593,43594
72594,43595
72595,3310
72596,12097
72597,27213
72598,29597
72599,24808
72600,42941
72601,43442
72602,40992
72603,40992
72604,24197
72605,43592
72606,43093
72607,43600
72608,43592
72609,7744
72610,43564
72611,1005
72612,43602
72613,43586
72614,10524
72615,42813
72616,41591
72617,43288
72618,3277
72619,43623
72620,43621
72621,43623
72622,3693
72623,22022
72624,6945
72625,43122
72626,12380
72627,43622
72628,14771
72629,43560
72630,930
72631,42732
72632,35988
72633,43628
72634,43629
72635,35726
72636,43289
72637,13336
72638,43633
72639,30613
72640,43371
72641,43633
72642,43634
72643,43630
72645,17672
72647,24073
72648,36041
72649,43624
72650,5536
72651,14554
72652,35130
72653,27025
72654,20093
72655,36738
72656,24669
72657,5536
72658,43641
72659,43642
72660,43641
72661,10543
72662,43304
72663,17675
72664,42206
72665,43644
72666,43644
72667,25392
72668,42132
72669,40998
72670,42132
72671,4727
72672,43624
72673,43624
72674,18141
72675,4742
72676,28746
72677,2973
72678,18497
72679,43651
72680,21654
72681,24669
72682,43652
72683,6633
72684,43654
72685,43653
72686,31418
72687,14554
72688,34960
72689,11997
72690,43666
72691,43546
72692,43666
72693,43664
72694,12858
72695,43667
72696,42228
72697,43668
72698,43165
72699,43667
72700,43637
72701,43670
72702,43671
72703,8402
72704,43670
72705,43670
72706,38237
72707,24289
72708,6245
72709,6245
72710,43674
72711,43679
72712,24295
72713,43671
72714,32036
72715,3786
72716,36475
72717,31634
72718,42983
72719,42795
72720,27464
72721,41887
72722,38130
72723,805
72724,43681
72725,17672
72726,7715
72727,43681
72728,43689
72729,27464
72730,16515
72731,38457
72732,38457
72733,2171
72734,28746
72735,35876
72736,43177
72737,43702
72738,28825
72739,43706
72740,7071
72741,41243
72742,5419
72743,43696
72744,43600
72745,43704
72746,31324
72747,11361
72748,43709
72749,43713
72750,5419
72751,9330
72752,43713
72753,36973
72754,43701
72755,31324
72756,16709
72757,27403
72758,42717
72759,3807
72760,42056
72761,43201
72762,42498
72763,27403
72764,43695
72765,1466
72766,43592
72767,37632
72768,43699
72769,43720
72770,21513
72771,43213
72772,41106
72773,42498
72774,13565
72775,32420
72776,42717
72777,43723
72778,43721
72779,43724
72780,42674
72781,43723
72782,43454
72783,43726
72784,43695
72785,43699
72786,25180
72787,43338
72788,43338
72789,805
72790,43219
72791,3262
72792,43730
72793,43338
72794,11398
72795,43732
72796,13477
72797,32490
72798,28462
72799,43228
72800,10598
72801,805
72802,41106
72803,43734
72804,1005
72805,42868
72806,7290
72807,5946
72808,43739
72809,42717
72810,17230
72811,805
72812,43183
72813,21378
72814,14826
72815,40023
72816,3262
72817,40998
72818,28929
72819,30630
72820,20676
72821,43165
72822,2046
72823,43736
72824,43634
72825,24419
72826,42831
72827,36804
72828,3401
72829,43754
72830,43165
72831,88
72832,4764
72833,6259
72834,43758
72835,43754
72836,43493
72837,32099
72838,42883
72839,43762
72840,2817
72841,23917
72842,43767
72843,13473
72844,17661
72845,42585
72846,43289
72847,43766
72848,24341
72849,43473
72850,18643
72851,43473
72852,43769
72853,43021
72854,42321
72855,43734
72856,25350
72857,17503
72858,10871
72859,43772
72860,43770
72861,615
72862,14196
72863,32239
72864,43561
72865,43561
72866,43774
72867,43774
72868,43775
72869,43776
72870,43776
72871,37155
72872,43780
72873,1894
72874,40294
72875,22294
72876,24175
72877,40365
72878,43782
72879,25
72880,27129
72881,8590
72882,43787
72883,16798
72884,31634
72885,43209
72886,28462
72887,43722
72888,8097
72889,6029
72890,43794
72891,7477
72892,43793
72893,43608
72894,43152
72895,43630
72896,20148
72897,16709
72898,11981
72899,7555
72900,7555
72901,43789
72902,43789
72903,11981
72904,43789
72905,21827
72906,35485
72907,40915
72908,8039
72909,24175
72910,24488
72911,43803
72912,43803
72913,27403
72914,42717
72915,3293
72916,3098
72917,36312
72918,43810
72919,26302
72920,13565
72921,24344
72922,24344
72923,43813
72924,24370
72925,42321
72926,43608
72927,42884
72928,16765
72929,43818
72930,43818
72931,41800
72932,43820
72933,43819
72934,43819
72935,28825
72936,43819
72937,42868
72938,12097
72939,42868
72940,42755
72941,12142
72942,43815
72943,42523
72944,43825
72945,35660
72946,43757
72947,21922
72948,41878
72949,43734
72950,36465
72951,43774
72952,43827
72953,43826
72954,43831
72955,43372
72956,8507
72957,11634
72958,966
72959,25901
72960,42474
72961,39684
72962,36923
72963,43835
72964,40120
72965,43838
72966,40120
72967,43827
72968,43837
72969,43835
72970,42474
72971,40829
72972,43827
72973,43827
72974,43782
72975,36285
72976,40829
72977,26960
72978,43834
72979,36475
72980,9651
72981,43674
72982,28141
72983,43845
72984,41855
72985,39770
72986,5509
72987,43850
72988,43840
72989,43842
72990,43843
72991,43846
72992,43850
72993,43165
72994,43209
72995,43046
72996,43851
72997,17702
72998,43851
72999,43851
73000,41878
73001,43852
73002,43409
73003,29642
73004,43834
73005,43736
73006,2028
73007,32397
73008,27142
73009,26239
73010,36312
73011,32413
73012,43856
73013,41996
73014,9233
73015,43857
73016,18268
73017,9534
73018,10630
73019,1390
73020,43860
73021,43821
73022,43240
73023,43840
73024,2798
73025,12142
73026,4598
73027,12142
73028,7907
73029,43869
73030,6082
73031,43870
73032,43870
73033,9233
73034,43863
73035,43169
73036,845
73037,32154
73038,39770
73039,43875
73040,43839
73041,37539
73042,43824
73043,43876
73044,6484
73045,43878
73046,36455
73047,42822
73048,25392
73049,25041
73050,14458
73051,36312
73052,43441
73053,42523
73054,16074
73055,31774
73056,43884
73057,43824
73058,43879
73059,43622
73060,42454
73061,31231
73062,14554
73063,4856
73064,40545
73065,43454
73066,43890
73067,43274
73068,32032
73069,43891
73070,43892
73071,27140
73072,43893
73073,43842
73074,43467
73075,43894
73076,704
73077,43067
73078,43475
73079,31634
73080,30139
73081,31634
73082,28746
73083,43897
73084,42755
73085,43896
73086,36804
73087,43782
73088,43653
73089,31188
73090,25386
73091,29363
73092,11448
73093,10823
73094,43902
73095,42077
73096,43906
73097,31188
73098,26946
73099,30139
73100,26946
73101,43905
73102,20486
73103,43912
73104,43912
73105,16269
73106,30765
73107,41327
73108,13964
73109,43914
73110,34718
73111,43914
73112,41327
73113,41327
73114,43902
73115,20587
73116,11845
73117,10849
73118,8507
73119,9700
73120,7762
73121,7762
73122,12142
73123,4820
73124,1329
73125,43641
73126,43414
73127,43504
73128,43844
73129,43670
73130,12326
73131,43400
73132,24521
73133,42927
73134,40490
73135,43932
73136,43923
73137,35926
73138,43934
73139,43936
73140,13139
73141,30765
73142,43939
73143,43939
73144,43937
73145,43940
73146,43937
73147,43942
73148,919
73149,43624
73150,30268
73151,43944
73152,43904
73153,43897
73154,41878
73155,8507
73156,43956
73157,9577
73158,43949
73159,43949
73160,18086
73161,42822
73162,43961
73163,43059
73164,43959
73165,7116
73166,40829
73167,43531
73168,43533
73169,43534
73170,42784
73171,42784
73172,24566
73173,42609
73174,43947
73175,26838
73176,43954
73177,13564
73178,12142
73179,42077
73180,42077
73181,43966
73182,20000
73183,9162
73184,43059
73185,43965
73186,43947
73187,43947
73188,43970
73189,10675
73190,43932
73191,43976
73192,43976
73193,29642
73194,12418
73195,43857
73196,43932
73197,9233
73198,4581
73199,43560
73200,1764
73201,43980
73202,43980
73203,7365
73204,43978
73205,22586
73206,2403
73207,43981
73208,43978
73209,16774
73210,16774
73211,41326
73212,43704
73213,43985
73214,16568
73215,29065
73216,43454
73217,43454
73218,43988
73219,2392
73220,43988
73221,27407
73222,43991
73223,42992
73224,37240
73225,43994
73226,1764
73227,43975
73228,43992
73229,11852
73230,43857
73231,43970
73232,43954
73233,43996
73234,43996
73235,10683
73236,2798
73237,3591
73238,12937
73239,39803
73240,41864
73241,37240
73242,919
73243,44002
73244,44003
73245,40120
73246,1212
73247,28746
73248,44000
73249,27213
73250,44005
73251,44006
73252,43754
73253,8807
73254,7290
73255,44009
73256,43940
73257,1119
73258,44011
73259,44011
73260,44009
73261,42769
73262,14650
73263,40208
73264,44011
73265,44015
73266,7290
73267,24133
73268,24612
73269,43328
73270,44018
73271,14120
73272,1119
73273,24498
73274,44020
73275,44021
73276,44016
73277,44021
73278,44023
73279,44000
73280,44021
73281,1764
73282,44026
73283,43608
73284,2585
73285,44022
73286,44027
73287,27504
73288,27504
73289,44029
73290,40208
73291,43897
73292,42784
73293,44028
73294,39684
73295,1381
73296,28746
73297,36377
73298,44030
73299,43994
73300,24515
73301,30139
73302,44033
73303,29783
73304,30139
73305,43988
73306,43970
73307,27745
73308,9233
73309,5836
73310,44045
73311,44045
73312,11958
73313,16612
73314,44043
73315,44046
73316,27433
73317,44047
73318,44047
73319,44048
73320,44050
73321,7306
73322,44043
73323,21216
73324,44051
73325,24414
73326,14434
73327,43750
73328,3347
73329,44054
73330,44055
73331,35148
73332,44043
73333,40634
73334,44057
73335,44009
73336,40634
73337,40634
73338,36610
73339,12120
73340,44059
73341,42784
73342,28746
73343,7064
73344,30503
73345,44063
73346,43574
73347,44058
73348,2392
73349,42754
73350,11678
73351,11678
73352,43656
73353,43807
73354,44070
73355,44073
73356,44072
73357,35148
73358,44068
73359,35148
73360,6504
73361,40242
73362,24543
73363,16282
73364,1913
73365,18179
73366,14289
73367,43757
73368,28746
73369,5441
73370,24269
73371,44086
73372,44086
73373,9196
73374,44087
73375,43669
73376,43924
73377,43889
73378,44058
73379,44061
73380,12233
73381,44061
73382,43637
73383,42382
73384,7557
73385,22047
73386,2020
73387,31582
73388,31582
73389,43929
73390,26501
73391,40311
73392,44092
73393,44073
73394,11314
73395,20854
73396,26746
73397,7641
73398,44028
73399,930
73400,6783
73401,930
73402,40429
73403,2392
73404,44105
73405,20048
73406,44112
73407,44019
73408,44114
73409,44113
73410,44117
73411,44080
73412,230
73413,44120
73414,43935
73415,43670
73416,44126
73417,31014
73418,43702
73419,44122
73420,31510
73421,44130
73422,44130
73423,4253
73424,2043
73425,44133
73426,44136
73427,27388
73428,4257
73429,44134
73430,44138
73431,44139
73432,44092
73433,44135
73434,44139
73435,44133
73436,44139
73437,6003
73438,44126
73439,3640
73440,37976
73441,44127
73442,26338
73443,44146
73444,16282
73445,44144
73446,44126
73447,44063
73448,43653
73449,44061
73450,42754
73451,7557
73452,44142
73453,41650
73454,44115
73455,20917
73456,44142
73457,44142
73458,44156
73459,44157
73460,44154
73461,44154
73462,44154
73463,44158
73464,21076
73465,44158
73466,43735
73467,43273
73468,44161
73469,44126
73470,44161
73471,44144
73472,44144
73473,44164
73474,44163
73475,8954
73476,36660
73477,37976
73478,44166
73479,44073
73480,44169
73481,24617
73482,13107
73483,43653
73484,24031
73485,44174
73486,17161
73487,34645
73488,44176
73489,44171
73490,44171
73491,43824
73492,44171
73493,43097
73494,26163
73495,44021
73496,43097
73497,44182
73498,44021
73499,26163
73500,44171
73501,44181
73502,44184
73503,8361
73504,9097
73505,44183
73506,40241
73507,44182
73508,28186
73509,14144
73510,17459
73511,29500
73512,23770
73513,44193
73514,44195
73515,5387
73516,5536
73517,4278
73518,44197
73519,43929
73520,834
73521,43165
73522,41828
73523,3077
73524,39890
73525,23770
73526,44198
73527,44193
73528,44200
73529,28906
73530,14144
73531,12142
73532,44206
73533,44206
73534,44203
73535,43641
73536,25212
73537,6096
73538,44208
73539,4856
73540,44211
73541,8783
73542,3077
73543,44215
73544,21961
73545,3262
73546,44213
73547,44212
73548,44217
73549,44219
73550,24370
73551,43790
73552,44223
73553,31542
73554,5020
73555,39611
73556,44225
73557,39611
73558,39531
73559,44227
73560,44229
73561,44231
73562,44227
73563,44230
73564,37582
73565,36041
73566,18244
73567,4498
73568,43273
73569,44233
73570,44233
73571,7334
73572,11899
73573,44021
73574,17637
73575,44236
73576,44237
73577,7437
73578,22228
73579,43954
73580,44023
73581,26931
73582,39556
73583,44247
73584,31382
73585,43816
73586,28705
73587,43817
73588,1573
73589,43970
73590,44251
73591,27779
73592,35130
73593,24669
73594,43820
73595,43822
73596,42987
73597,9608
73598,9618
73599,24671
73600,44258
73601,44241
73602,11375
73603,44105
73604,24097
73605,40221
73606,44262
73607,14902
73608,38474
73609,44230
73610,44262
73611,7290
73612,44266
73613,44105
73614,44267
73615,805
73616,44251
73617,44227
73618,44105
73619,44105
73620,44264
73621,13908
73622,805
73623,7290
73624,7690
73625,44151
73626,5808
73627,44213
73628,44151
73629,14104
73630,835
73631,35130
73632,1005
73633,17147
73634,11192
73635,36539
73636,919
73637,44267
73638,43908
73639,43908
73640,43908
73641,43908
73642,43908
73643,43908
73644,43908
73645,43908
73646,43908
73647,43908
73648,43908
73649,43908
73650,44276
73651,6783
73652,43630
73653,43046
73654,1583
73655,17672
73656,9348
73657,35372
73658,41211
73659,44278
73660,43630
73661,44278
73662,44193
73663,42644
73664,5758
73665,11719
73666,5758
73667,43929
73668,44196
73669,35588
73670,805
73671,44281
73672,39630
73673,43863
73674,16282
73675,44284
73676,23733
73677,43789
73678,44146
73679,7290
73680,44285
73681,44288
73682,4575
73683,1973
73684,2322
73685,23770
73686,44227
73687,8507
73688,44212
73689,26163
73690,27969
73691,44299
73692,44236
73693,9174
73694,43958
73695,43885
73696,44302
73697,42174
73698,20781
73699,4238
73700,44315
73701,88
73702,44311
73703,44315
73704,24669
73705,44316
73706,44308
73707,44318
73708,44319
73709,41317
73710,44320
73711,41317
73712,21216
73713,7616
73714,18192
73715,17672
73716,43534
73717,43959
73718,35130
73719,43014
73720,44324
73721,19952
73722,26474
73723,2586
73724,44324
73725,44325
73726,44326
73727,44322
73728,9249
73729,44121
73730,24721
73731,43877
73732,44245
73733,44326
73734,30860
73735,41317
73736,10459
73737,12714
73738,44330
73739,21462
73740,39770
73741,19688
73742,3269
73743,12128
73744,39684
73745,1645
73746,16318
73747,44331
73748,9249
73749,919
73750,43556
73751,31008
73752,44268
73753,44268
73754,24728
73755,43304
73756,14429
73757,44305
73758,37223
73759,37223
73760,42884
73761,44338
73762,42884
73763,44336
73764,42952
73765,40429
73766,44333
73767,44315
73768,44336
73769,10823
73770,43844
73771,44343
73772,44340
73773,44341
73774,44269
73775,44344
73776,44340
73777,44269
73778,25186
73779,44298
73780,14646
73781,44347
73782,13521
73783,30351
73784,44269
73785,43782
73786,7690
73787,44345
73788,44269
73789,183
73790,4716
73791,17115
73792,21361
73793,44340
73794,11656
73795,44269
73796,43921
73797,26338
73798,14671
73799,44358
73800,43473
73801,44352
73802,44362
73803,44347
73804,12754
73805,44291
73806,44347
73807,44362
73808,44355
73809,44336
73810,44364
73811,44367
73812,44269
73813,44346
73814,43908
73815,44269
73816,12260
73817,43932
73818,43932
73819,44369
73820,44372
73821,44372
73822,44369
73823,44373
73824,44368
73825,44372
73826,43729
73827,44375
73828,44376
73829,31008
73830,44269
73831,28942
73832,31258
73833,44342
73834,44311
73835,16709
73836,31651
73837,44384
73838,36045
73839,19917
73840,42910
73841,44393
73842,30417
73843,919
73844,8120
73845,43951
73846,17672
73847,11405
73848,44394
73849,36299
73850,30417
73851,26338
73852,919
73853,1091
73854,44404
73855,35448
73856,919
73857,44403
73858,39770
73859,41866
73860,44397
73861,43967
73862,44412
73863,41650
73864,44413
73865,253
73866,251
73867,17459
73868,11039
73869,43768
73870,251
73871,44294
73872,43922
73873,10496
73874,43674
73875,44344
73876,44269
73877,13973
73878,44397
73879,41866
73880,41866
73881,41650
73882,43543
73883,44337
73884,44420
73885,1106
73886,44344
73887,3419
73888,43954
73889,9731
73890,37503
73891,44418
73892,43304
73893,43338
73894,20666
73895,44129
73896,44435
73897,44397
73898,44397
73899,41846
73900,32036
73901,44431
73902,37255
73903,43985
73904,14104
73905,43987
73906,44439
73907,44438
73908,44436
73909,26658
73910,17230
73911,44440
73912,34993
73913,10849
73914,23918
73915,44439
73916,44320
73917,7828
73918,36041
73919,10515
73920,26598
73921,364
73922,44379
73923,44445
73924,41150
73925,7290
73926,39991
73927,36335
73928,43031
73929,44384
73930,32036
73931,44391
73932,15978
73933,16049
73934,43624
73935,44372
73936,44435
73937,44450
73938,44451
73939,36335
73940,24808
73941,44436
73942,44451
73943,44426
73944,43464
73945,44458
73946,42877
73947,44426
73948,44460
73949,42538
73950,36045
73951,44426
73952,18429
73953,44435
73954,44435
73955,42952
73956,5946
73957,2902
73958,42952
73959,24575
73960,8116
73961,44440
73962,1119
73963,31590
73964,9491
73965,43560
73966,44063
73967,44410
73968,44407
73969,3919
73970,44476
73971,44476
73972,30232
73973,29068
73974,16709
73975,30475
73976,44481
73977,6329
73978,44479
73979,44484
73980,44269
73981,44426
73982,35130
73983,42952
73984,42784
73985,1443
73986,44463
73987,13758
73988,29139
73989,44485
73990,44483
73991,29825
73992,24848
73993,24915
73994,44044
73995,35588
73996,919
73997,919
73998,25931
73999,1005
74000,19941
74001,9738
74002,9738
74003,44488
74004,13561
74005,44487
74006,21844
74007,944
74008,44492
74009,44494
74010,26516
74011,20587
74012,27224
74013,44269
74014,8013
74015,3693
74016,5946
74017,2817
74018,44499
74019,27271
74020,6967
74021,44499
74022,32036
74023,24743
74024,24900
74025,805
74026,44497
74027,21621
74028,36717
74029,35370
74030,6961
74031,4253
74032,43304
74033,28791
74034,43926
74035,7641
74036,43954
74037,44505
74038,44081
74039,44504
74040,44077
74041,17672
74042,21624
74043,17672
74044,32036
74045,44507
74046,29032
74047,44089
74048,44513
74049,24669
74050,42542
74051,44502
74052,44511
74053,44514
74054,353
74055,38063
74056,29068
74057,44090
74058,16811
74059,25095
74060,4337
74061,44269
74062,3277
74063,30540
74064,24905
74065,25166
74066,44520
74067,16909
74068,3277
74069,25533
74070,25533
74071,44451
74072,42649
74073,31998
74074,7258
74075,1195
74076,44095
74077,44526
74078,44527
74079,44528
74080,42987
74081,42496
74082,44526
74083,6783
74084,11467
74085,6783
74086,17717
74087,4269
74088,17717
74089,28746
74090,26501
74091,44440
74092,44532
74093,961
74094,44531
74095,28543
74096,686
74097,35885
74098,44536
74099,44531
74100,16175
74101,44535
74102,39533
74103,29032
74104,30490
74105,44118
74106,10908
74107,44537
74108,3541
74109,18152
74110,26302
74111,44541
74112,42728
74113,43546
74114,5836
74115,41799
74116,24025
74117,10914
74118,43880
74119,44497
74120,44548
74121,42668
74122,12820
74123,44550
74124,44544
74125,7959
74126,44553
74127,44554
74128,29783
74129,39630
74130,24551
74131,44450
74132,333
74133,18578
74134,8417
74135,27403
74136,28952
74137,44549
74138,26105
74139,5946
74140,28218
74141,44561
74142,24551
74143,24551
74144,36045
74145,41389
74146,43736
74147,7425
74148,26407
74149,26407
74150,1835
74151,37976
74152,44571
74153,29949
74154,44510
74155,44572
74156,44544
74157,44572
74158,44573
74159,16199
74160,44572
74161,42609
74162,44298
74163,37509
74164,1246
74165,21462
74166,14125
74167,13479
74168,11467
74169,44140
74170,44166
74171,44547
74172,24056
74173,44567
74174,42077
74175,43942
74176,919
74177,20980
74178,44451
74179,44576
74180,44582
74181,27403
74182,17159
74183,44554
74184,4274
74185,44469
74186,28246
74187,42128
74188,42952
74189,6547
74190,44559
74191,44180
74192,6519
74193,14462
74194,3262
74195,44569
74196,43653
74197,41367
74198,588
74199,40241
74200,41386
74201,43924
74202,27403
74203,44451
74204,44592
74205,44595
74206,44593
74207,39728
74208,44424
74209,44424
74210,22452
74211,14433
74212,44595
74213,28491
74214,37589
74215,44589
74216,39728
74217,22570
74218,43418
74219,4376
74220,42714
74221,44605
74222,44603
74223,44605
74224,44604
74225,44605
74226,44340
74227,21072
74228,44431
74229,44605
74230,44373
74231,44609
74232,44609
74233,22262
74234,28588
74235,28588
74236,44609
74238,44612
74239,44213
74240,29139
74241,44618
74242,44618
74243,43954
74244,44618
74245,34810
74246,44617
74247,22314
74248,44368
74249,44368
74250,44604
74251,34810
74252,30676
74253,30676
74254,44621
74255,44623
74256,36472
74257,44623
74258,44623
74259,44625
74260,41403
74261,44609
74262,44609
74263,32036
74264,44613
74265,2719
74266,27403
74267,44626
74268,31314
74269,44626
74270,17001
74271,10553
74272,44630
74273,43282
74274,44604
74275,17493
74276,44633
74277,14653
74278,43472
74279,44635
74280,29374
74281,40783
74282,44637
74283,44625
74284,31819
74285,42457
74286,21654
74287,44635
74288,14860
74289,17643
74290,44469
74291,44640
74292,44638
74293,7770
74294,28705
74295,44644
74296,1434
74297,27494
74298,27494
74299,44200
74300,37818
74301,11405
74302,44373
74303,59
74304,30356
74305,3835
74306,44654
74307,74
74308,40908
74309,40908
74310,44256
74311,44261
74312,44657
74313,44656
74314,9243
74315,44265
74316,43959
74317,24895
74318,26338
74319,44660
74320,30067
74321,44644
74322,28705
74323,13380
74324,44633
74325,44590
74326,13529
74327,22095
74328,44663
74329,44621
74330,42987
74331,44665
74332,44664
74333,44668
74334,44670
74335,44671
74336,1445
74337,14104
74338,9330
74339,8783
74340,44667
74341,26338
74342,44468
74343,44677
74344,44679
74345,44668
74346,44468
74347,9330
74348,44660
74349,44269
74350,8402
74351,6747
74352,7290
74353,44151
74354,29825
74355,44269
74356,44676
74357,44681
74358,44685
74359,44685
74360,7789
74361,44686
74362,44658
74363,44269
74364,44677
74365,14163
74366,36206
74367,44676
74368,44689
74369,44686
74370,22312
74371,17072
74372,44658
74373,44675
74374,34810
74375,44613
74376,43379
74378,44680
74379,44637
74380,44671
74381,12001
74382,9141
74383,9281
74384,44699
74385,44671
74386,741
74387,19760
74388,44671
74389,44705
74390,42276
74391,1005
74392,44704
74393,44699
74394,21074
74395,30352
74396,34619
74397,39630
74398,34619
74399,6133
74400,43880
74401,44699
74402,3392
74403,44576
74404,44708
74405,44708
74406,40797
74407,5084
74408,14556
74409,44711
74410,3107
74411,42952
74412,3941
74413,21958
74414,44304
74415,44711
74416,30204
74417,40010
74418,28740
74419,44310
74420,35797
74421,44719
74422,6178
74423,28655
74424,42810
74425,7925
74426,10309
74427,44005
74428,44723
74429,41023
74430,40740
74431,6355
74432,16163
74433,10354
74434,44729
74435,44724
74436,1124
74437,40740
74438,10354
74439,44717
74440,44717
74441,14653
74442,21958
74443,24669
74444,919
74445,44725
74446,44685
74447,44736
74448,2164
74449,35925
74450,41481
74451,44739
74452,44407
74453,3025
74454,27140
74455,34846
74456,44736
74457,37223
74458,22361
74459,183
74460,8116
74461,44338
74462,44685
74463,44685
74464,44685
74465,44369
74466,44742
74467,44743
74468,43473
74469,43844
74470,44745
74471,44746
74472,44746
74473,13561
74474,44348
74475,44683
74476,25074
74477,22312
74478,44685
74479,44665
74480,44749
74481,44749
74482,44751
74483,32036
74484,919
74485,44755
74486,32036
74487,24031
74488,25084
74490,34876
74491,44760
74492,44754
74493,3136
74494,44761
74495,1005
74496,44760
74497,44760
74498,43624
74499,6927
74500,44451
74501,43863
74502,30
74503,44378
74504,31634
74505,572
74506,22329
74507,44650
74508,23876
74509,44381
74510,30161
74511,11450
74512,44712
74513,41342
74514,20266
74515,44561
74516,44768
74517,44278
74518,44088
74519,44736
74520,22008
74521,5429
74522,5881
74523,44774
74524,44252
74525,27140
74526,10138
74527,44638
74528,43602
74529,44776
74530,44774
74531,14005
74532,44410
74533,44409
74534,44771
74535,26487
74536,44561
74537,25103
74538,4898
74539,44414
74540,24962
74541,43318
74542,44713
74543,16852
74544,44779
74545,44413
74546,36004
74547,44447
74548,44650
74549,44650
74550,44780
74551,36004
74552,44782
74553,44764
74554,44676
74555,43472
74556,44676
74557,44422
74558,30589
74559,35925
74560,44767
74561,4426
74562,44786
74563,44764
74564,43750
74565,44424
74567,7244
74568,26175
74569,44790
74570,44418
74571,12411
74572,44796
74573,10636
74574,44690
74575,44795
74576,44796
74577,44797
74578,32099
74579,44797
74580,44797
74581,43209
74582,27783
74583,27783
74584,43209
74585,10026
74586,44795
74587,42425
74588,44107
74589,42425
74590,44802
74591,41850
74592,7046
74593,44804
74594,44269
74595,44252
74596,44808
74597,44805
74598,44810
74599,36019
74600,44811
74601,44807
74602,20112
74603,20334
74604,44807
74605,43046
74606,43338
74607,44533
74608,44798
74609,44815
74610,44813
74611,5837
74612,44816
74613,919
74614,43400
74615,44454
74616,919
74617,9311
74618,39728
74619,44784
74620,44819
74621,43602
74622,35582
74623,44824
74624,44821
74625,44784
74626,44561
74627,44795
74628,44795
74629,44720
74630,44469
74631,25138
74632,42677
74633,44422
74634,44422
74635,44768
74636,41245
74637,13409
74638,21958
74639,22231
74640,44468
74641,44779
74642,14188
74643,40740
74644,10108
74645,35370
74646,44269
74647,11030
74648,44836
74649,44836
74650,36566
74651,25692
74652,11032
74653,44747
74654,44269
74655,44797
74656,805
74657,26027
74658,41631
74659,44107
74660,44107
74661,6633
74662,7259
74663,44849
74664,20836
74665,44848
74666,44107
74667,44847
74668,44848
74669,27271
74670,44845
74671,44854
74672,3693
74673,44856
74674,44848
74675,5739
74676,44846
74677,44864
74678,44865
74679,44431
74680,25171
74681,44864
74682,18073
74683,44051
74684,5739
74685,24031
74687,15972
74688,35224
74689,44870
74690,44870
74691,29657
74692,42668
74693,44495
74694,22409
74695,10669
74696,44873
74697,42728
74698,25184
74699,41827
74700,41827
74701,9394
74702,44879
74703,11052
74704,36575
74705,44884
74706,44885
74707,44888
74708,44503
74709,44504
74710,43972
74711,44339
74712,44339
74713,11060
74714,42556
74715,26943
74716,35010
74717,42668
74718,44893
74719,44870
74720,27490
74721,34792
74722,44894
74723,18192
74724,34792
74725,44603
74726,37253
74727,42365
74728,3140
74729,44635
74730,42365
74731,36401
74732,44269
74733,27403
74734,44144
74735,9426
74736,25212
74737,31983
74738,32424
74739,28288
74740,44905
74741,43959
74742,44903
74743,44895
74744,805
74745,44900
74746,44900
74747,44845
74748,31645
74749,31645
74750,22038
74751,40486
74752,42668
74753,805
74754,41186
74755,44213
74756,44533
74757,40899
74758,36041
74759,35507
74760,44902
74761,44914
74762,7290
74763,44917
74764,44922
74765,805
74766,44870
74767,44921
74768,44926
74769,44926
74770,44925
74771,44927
74772,44927
74773,44926
74774,44269
74775,44925
74776,44903
74777,43653
74778,44001
74779,27490
74780,9267
74781,16041
74782,10961
74783,44536
74784,44939
74785,2387
74786,44931
74787,39630
74788,44544
74789,44937
74790,44926
74791,521
74792,44269
74793,7616
74794,44943
74795,44944
74796,28705
74797,44946
74798,44950
74799,17147
74800,18528
74801,28963
74802,11091
74803,11090
74804,44023
74805,35010
74806,44921
74807,42987
74808,42987
74809,44556
74810,44951
74811,43014
74812,34792
74813,44902
74814,44958
74815,23774
74816,449
74817,333
74818,37223
74819,449
74820,39554
74821,39630
74822,44963
74823,44967
74824,44885
74825,44537
74826,44747
74827,44937
74828,44864
74829,15997
74830,37210
74831,7250
74832,36850
74833,44973
74834,44973
74835,44975
74836,44909
74837,3382
74838,805
74839,44934
74840,44981
74841,44981
74842,44570
74843,44980
74844,42810
74845,5946
74846,44931
74847,44570
74848,44962
74849,44962
74850,44931
74851,35264
74852,35264
74853,5739
74854,44734
74855,4505
74856,44989
74857,44820
74858,44584
74859,25259
74860,44990
74861,44990
74862,32467
74863,4513
74864,43877
74865,44993
74866,22478
74867,44400
74868,44583
74869,10259
74870,88
74871,44998
74872,8705
74873,44995
74874,44999
74875,44469
74876,45001
74877,44760
74878,45004
74879,27855
74880,45004
74881,45000
74882,4479
74883,45005
74884,40037
74885,42382
74886,44862
74887,9249
74888,44996
74889,38344
74890,44373
74891,44369
74892,44903
74893,45008
74894,45011
74895,35563
74896,44203
74897,44411
74898,37818
74899,45013
74900,45012
74901,44598
74902,7795
74903,28928
74904,44992
74905,45020
74906,805
74907,45022
74908,686
74909,26130
74910,44795
74911,226
74912,14650
74913,45027
74914,45023
74915,45028
74916,44205
74917,10619
74918,44760
74919,45029
74920,45018
74921,45030
74922,45031
74923,37216
74924,37216
74925,27783
74926,45031
74927,4485
74928,251
74929,8340
74930,1513
74931,38457
74932,8340
74933,45034
74934,24110
74935,45044
74936,6096
74937,45034
74938,4376
74939,45044
74940,45044
74941,45004
74942,27403
74943,4701
74944,14216
74945,27276
74946,45051
74947,2485
74948,26302
74949,45018
74950,40783
74951,7095
74952,45035
74953,290
74954,44973
74955,44741
74956,25212
74957,2645
74958,45018
74959,45005
74960,45005
74961,45055
74962,45056
74963,31872
74964,29722
74965,44169
74966,45059
74967,45038
74968,44862
74969,13554
74970,44647
74971,44983
74972,32467
74973,44648
74974,44417
74975,16852
74976,44417
74977,805
74978,30613
74979,45067
74980,45070
74981,16912
74982,45066
74983,930
74984,45067
74985,44839
74986,44678
74987,16912
74988,44783
74989,45073
74990,29722
74991,29722
74992,6116
74993,25212
74994,44661
74995,5740
74996,45077
74997,4495
74998,805
74999,28380
75000,45076
75001,25170
75002,44383
75003,44969
75004,27274
75005,24188
75006,4496
75007,24188
75008,45082
75009,43891
75010,26910
75011,44839
75012,41777
75013,45079
75014,44969
75015,45084
75016,45073
75017,45080
75018,45089
75019,4253
75020,42360
75021,45083
75022,45090
75023,45092
75024,22114
75025,43500
75026,43500
75027,35639
75028,36510
75029,26338
75030,7770
75031,44766
75032,45093
75033,45094
75034,40731
75035,7244
75036,40917
75037,37851
75038,37851
75039,3424
75040,45086
75041,44682
75042,44687
75043,42813
75044,45085
75045,17124
75046,45070
75047,9363
75048,44692
75049,37851
75050,45044
75051,44899
75052,44696
75053,45078
75054,23823
75055,15989
75056,15989
75057,15989
75058,15989
75059,15989
75060,25170
75061,43579
75062,44451
75063,45104
75064,44658
75065,44310
75066,686
75067,41403
75068,27965
75069,28354
75070,44899
75071,44713
75072,45055
75073,45109
75074,45070
75075,20662
75076,44662
75077,45109
75078,44400
75079,45086
75080,45086
75081,20556
75082,45114
75083,40009
75084,805
75085,44939
75086,4505
75087,43622
75088,14771
75089,2980
75090,42279
75091,42902
75092,45118
75093,43622
75094,43622
75095,4420
75096,24175
75097,2719
75098,26338
75099,43269
75100,14465
75101,42730
75102,40294
75103,6368
75104,39630
75105,45127
75106,45115
75107,45126
75108,32001
75109,43579
75110,45109
75111,45114
75112,9355
75113,4348
75114,45114
75115,45128
75116,45130
75117,44833
75118,10500
75119,45139
75120,9355
75121,45143
75122,196
75123,20995
75124,45141
75125,45142
75126,45138
75127,9808
75128,45138
75129,44845
75130,44744
75131,962
75132,4856
75133,17230
75134,603
75135,45149
75136,11523
75137,45135
75138,4856
75139,11523
75140,5836
75141,45147
75142,35588
75143,30765
75144,11314
75145,17661
75146,196
75147,12471
75148,88
75149,45135
75150,45156
75151,45156
75152,8137
75153,35905
75154,44870
75155,17941
75156,44757
75157,44972
75158,5927
75159,5509
75160,45169
75161,45172
75162,45171
75163,45172
75164,27961
75165,5927
75166,45173
75167,45170
75168,37886
75169,42740
75170,45140
75171,4701
75172,44965
75173,39496
75174,43880
75175,45180
75176,25292
75177,41777
75178,39728
75179,42865
75180,44895
75181,17192
75182,16548
75183,44773
75185,44833
75186,45179
75187,44965
75188,44895
75189,35588
75190,45195
75191,45140
75192,45140
75193,27403
75194,229
75195,45192
75196,44711
75197,44711
75198,45188
75199,45195
75200,45196
75201,35286
75202,31565
75203,37426
75204,44775
75205,45200
75206,36154
75207,25212
75208,2040
75209,45197
75210,45197
75211,3468
75212,12494
75213,45126
75214,42865
75215,45206
75216,45133
75217,17661
75218,45076
75219,45132
75220,25386
75221,45206
75222,45206
75223,45211
75224,44339
75225,44339
75226,44836
75227,45190
75228,45213
75229,45214
75230,45193
75231,17877
75232,37140
75233,45132
75234,12678
75235,45194
75236,44783
75237,44788
75238,45210
75239,45210
75240,45155
75241,44358
75242,44789
75243,45179
75244,44269
75245,45216
75246,45180
75247,26338
75248,26037
75249,24290
75250,17139
75251,26910
75252,44903
75253,45165
75254,11314
75255,45224
75256,45155
75257,42632
75258,45234
75259,45165
75260,45232
75261,31582
75262,44899
75263,196
75264,919
75265,31108
75266,32467
75267,45228
75268,14138
75269,24853
75270,45176
75271,45164
75272,45128
75273,13525
75274,43868
75275,25433
75276,34679
75277,3488
75278,42677
75279,45178
75280,45232
75281,45178
75282,45073
75283,1106
75284,15972
75285,43238
75286,39630
75287,1005
75288,45258
75289,25433
75290,45260
75291,45260
75292,17459
75293,44965
75294,44831
75295,45264
75296,198
75297,41650
75298,44860
75299,32467
75300,44837
75301,44046
75302,44650
75303,44892
75304,45261
75305,44046
75306,45266
75307,45271
75308,3762
75309,45269
75310,44816
75311,44816
75312,24660
75313,40917
75314,44269
75315,28705
75316,45268
75317,44760
75318,21344
75319,45266
75320,41453
75321,7690
75322,45280
75323,22227
75324,45258
75325,40917
75326,29547
75327,45282
75328,41404
75329,45286
75330,24323
75331,14079
75332,37601
75333,8692
75334,42336
75335,45108
75336,45289
75337,43564
75338,44839
75339,45291
75340,5189
75341,5793
75342,45292
75343,4351
75344,45293
75345,45294
75346,41453
75347,45296
75348,42170
75349,42170
75350,31587
75351,45280
75352,45297
75353,1818
75354,42170
75355,44204
75356,40280
75357,31587
75358,13690
75359,31418
75360,45140
75361,2817
75362,44046
75363,40067
75364,44965
75365,14138
75366,42170
75367,45309
75368,18291
75369,45307
75370,45310
75371,39526
75372,45308
75373,6281
75374,45315
75375,32438
75376,31936
75377,45296
75378,45317
75379,44939
75380,45321
75381,42143
75382,44887
75383,23622
75384,22387
75385,22387
75386,223
75387,45324
75388,45316
75389,35224
75390,45320
75391,36680
75392,919
75393,919
75394,28738
75395,44937
75396,45115
75397,45333
75398,45334
75399,45336
75400,45331
75401,45318
75402,43739
75403,45339
75404,45335
75405,45338
75406,45343
75407,10785
75408,45128
75409,21036
75410,29423
75411,45346
75412,45150
75413,40917
75414,28988
75415,13950
75416,32356
75417,11464
75418,45331
75419,45352
75420,45352
75421,24199
75422,44965
75423,44908
75424,4559
75425,36910
75426,45296
75427,45332
75428,45355
75429,45359
75430,45361
75431,20228
75432,45362
75433,28825
75434,14886
75435,16570
75436,7290
75437,45359
75438,45369
75439,7290
75440,29497
75441,45359
75442,35332
75443,44930
75444,45266
75445,2755
75446,44933
75447,2595
75448,45374
75449,45375
75450,45114
75451,45378
75452,21591
75453,45261
75454,45380
75455,44941
75456,840
75457,7734
75458,45359
75459,45385
75460,28276
75461,28276
75462,45086
75463,45086
75464,45371
75465,5705
75466,39962
75467,45389
75468,45389
75469,30589
75470,28236
75471,28393
75472,44952
75473,183
75474,36006
75475,45053
75476,36465
75477,45082
75478,28393
75479,28393
75480,887
75481,39592
75482,12097
75483,30765
75484,44840
75485,39741
75486,39592
75487,41918
75488,45362
75489,14856
75490,45139
75491,42753
75492,45394
75493,45072
75494,44967
75495,979
75496,45072
75497,45072
75498,45400
75499,1124
75500,42775
75501,45401
75502,31304
75503,45384
75504,12566
75505,45353
75506,44975
75507,45005
75508,45403
75509,44980
75510,17072
75511,45408
75512,45258
75513,25244
75514,45258
75515,29070
75516,45237
75517,45410
75518,36559
75519,45411
75520,35001
75521,45413
75522,25538
75523,45416
75524,44939
75525,42891
75526,45410
75527,28393
75528,45421
75529,45417
75530,4054
75531,26338
75532,11774
75533,36680
75534,24109
75535,31339
75536,42891
75537,42891
75538,4140
75539,44939
75540,45276
75541,45421
75542,45148
75543,45148
75544,45415
75545,45425
75546,41367
75547,4764
75548,27403
75549,24024
75550,4351
75551,24109
75552,7756
75553,45326
75554,45433
75555,20869
75556,45429
75557,45421
75558,43896
75559,31403
75560,45431
75561,37806
75562,45436
75563,44816
75564,919
75565,45325
75566,45082
75567,45420
75568,24612
75569,45438
75570,44024
75571,31398
75572,31398
75573,2631
75574,45441
75575,45439
75576,35832
75577,18268
75578,45442
75579,10275
75580,45442
75581,14826
75582,45445
75583,44431
75584,44905
75585,44543
75586,21771
75587,45439
75588,45053
75589,31632
75590,45449
75591,45450
75592,43750
75593,45448
75594,43750
75595,43750
75596,45429
75597,44451
75598,45452
75599,45224
75600,45296
75601,43750
75602,27330
75603,27575
75604,9884
75605,25106
75606,45456
75607,45456
75608,34658
75609,12097
75610,11691
75611,45381
75612,45021
75613,45343
75614,24024
75615,24024
75616,45051
75617,1036
75618,20395
75619,13561
75620,12218
75621,2631
75622,5931
75623,45466
75624,45468
75625,30386
75626,45439
75627,4598
75628,26339
75629,45076
75630,45406
75631,45472
75632,45271
75633,45271
75634,45480
75635,45482
75636,45482
75637,22468
75638,45482
75639,45460
75640,45479
75641,6675
75642,44720
75643,45066
75644,4351
75645,45489
75646,4764
75647,45490
75648,21562
75649,45004
75650,597
75651,1965
75652,36539
75653,45492
75654,597
75655,25793
75656,24432
75657,31379
75658,45491
75659,31418
75660,45072
75661,45476
75662,45343
75663,45476
75664,3262
75665,43674
75666,7515
75667,44520
75668,6285
75669,45436
75670,44942
75671,45289
75672,42454
75673,26037
75674,32354
75675,3172
75676,26040
75677,1119
75678,12733
75679,45500
75680,6508
75681,40206
75682,45507
75683,6897
75684,45506
75685,9141
75686,40206
75687,44942
75688,40206
75689,45509
75690,4705
75691,36766
75692,30414
75693,36251
75694,4705
75695,45511
75696,45512
75697,44417
75698,45498
75699,1871
75700,21054
75701,3269
75702,45515
75703,44281
75704,45518
75705,30536
75706,44764
75707,45102
75708,45521
75709,919
75710,44764
75711,9649
75712,45519
75713,88
75714,45523
75715,45520
75716,45520
75717,28345
75718,8783
75719,8514
75720,45528
75721,44814
75722,40784
75723,45516
75724,45486
75725,45526
75726,45518
75727,45528
75728,45529
75729,7802
75730,42891
75731,44163
75732,36769
75733,45532
75734,43674
75735,31986
75736,2631
75737,42730
75738,45535
75739,45535
75740,36769
75741,2728
75742,3172
75743,22114
75744,45411
75745,45540
75746,45540
75747,45540
75748,45303
75749,17192
75750,45193
75751,42335
75752,11887
75753,17672
75754,2631
75755,45542
75756,805
75757,8874
75758,45467
75759,45529
75760,45173
75761,41024
75762,44271
75763,45224
75764,29648
75765,17467
75766,44281
75767,5346
75768,45277
75769,9139
75770,45277
75771,11314
75772,16596
75773,17672
75774,21967
75775,44530
75776,597
75777,8022
75778,45547
75779,28836
75780,40206
75781,45124
75782,45277
75783,1354
75784,45547
75785,45556
75786,36825
75787,43970
75788,13495
75789,45338
75790,4701
75791,45240
75792,45558
75793,45558
75794,45518
75795,45561
75796,36041
75797,45560
75798,6295
75799,45563
75800,3807
75801,30331
75802,45131
75803,2958
75804,31261
75805,45539
75806,45131
75807,45520
75808,2488
75809,45512
75810,45460
75811,3172
75812,44281
75813,44939
75814,9224
75815,9330
75816,45568
75817,45567
75818,44096
75819,38231
75820,45567
75821,38231
75822,1005
75823,45572
75824,4253
75825,4253
75826,21478
75827,40486
75828,18636
75829,8198
75830,45576
75831,45162
75832,45577
75833,45519
75834,45577
75835,36609
75836,17940
75837,43739
75838,36796
75839,45235
75840,9342
75841,45235
75842,45577
75843,5018
75844,44451
75845,29497
75846,45131
75847,45131
75848,45352
75849,858
75850,45582
75851,45582
75852,1393
75853,31774
75854,45539
75855,44515
75856,14730
75857,45587
75858,16987
75859,31587
75860,45520
75861,28836
75862,28836
75863,45586
75864,4140
75865,1126
75866,43014
75867,20395
75868,45587
75869,43106
75870,8141
75871,45590
75872,42810
75873,35332
75874,42810
75875,43922
75876,43922
75877,25675
75878,12423
75879,45415
75880,24521
75881,45274
75882,4008
75883,45593
75884,45596
75885,45575
75886,45274
75887,45597
75888,45595
75889,36539
75890,45595
75891,45595
75892,45520
75893,45594
75894,45598
75895,2798
75896,42987
75897,36666
75898,45525
75899,4351
75900,45207
75901,45603
75902,8781
75903,44404
75904,45607
75905,4351
75906,45558
75907,43304
75908,45603
75909,45612
75910,34790
75911,45607
75912,686
75913,28464
75914,44654
75915,45093
75916,179
75917,179
75918,17757
75919,45615
75920,45132
75921,45568
75922,9394
75923,35873
75924,44654
75925,45620
75926,45518
75927,45621
75928,45618
75929,45518
75930,45602
75931,45617
75932,10826
75933,18291
75934,36979
75935,36068
75936,45628
75937,45093
75938,4045
75939,45605
75940,45631
75941,45605
75942,45629
75943,24097
75944,45587
75945,44269
75946,45226
75947,42424
75948,3594
75949,45578
75950,45578
75951,45587
75952,11511
75953,30026
75954,44968
75955,8605
75956,45624
75957,805
75958,45628
75959,13497
75960,45241
75961,41492
75962,6539
75963,36804
75964,45625
75965,45625
75966,31774
75967,20394
75968,44764
75969,37632
75970,45616
75971,23890
75972,4564
75973,45646
75974,45249
75975,11475
75976,45644
75977,31324
75978,45250
76978,45651
76979,16365
76980,44839
76981,44839
76982,45652
76983,45654
76984,10106
76985,45614
76986,38286
76987,45657
76988,9954
76989,26272
76990,45259
76991,45603
76992,38241
76993,38286
76994,45656
76995,45661
76996,17587
76997,45653
76998,38241
76999,38286
77000,45662
77001,38286
77002,45663
77003,45671
77004,919
77005,12512
77006,7292
77007,45669
77008,27891
77009,45658
77010,45674
77011,18291
77012,45658
77013,45675
77014,45653
77015,37313
77016,29139
77017,12371
77018,45656
77019,45678
77020,45679
77021,45460
77022,45676
77023,30269
77024,39953
77025,45678
77026,31261
77027,43454
77028,45215
77029,45664
77030,45674
77031,45674
77032,45677
77033,28377
77034,4060
77035,37873
77036,37288
77037,45689
77038,37288
77039,44451
77040,45677
77041,45625
77042,45689
77043,45689
77044,26338
77045,4564
77046,26205
77047,919
77048,45343
77049,18291
77050,20995
77051,45680
77052,795
77053,45699
77054,183
77055,39592
77056,44570
77057,45608
77058,28459
77059,45318
77060,28746
77061,26338
77062,28988
77063,28746
77064,1381
77065,45549
77066,43534
77067,44937
77068,28255
77069,45707
77070,35574
77071,40378
77072,45709
77073,40378
77074,43246
77075,11732
77076,4598
77077,1763
77078,29130
77079,12603
77080,45710
77081,45711
77082,45717
77083,17230
77084,45715
77085,22342
77086,40378
77087,45710
77088,32429
77089,24351
77090,7291
77091,45671
77092,45717
77093,35574
77094,45717
77095,45608
77096,45722
77097,45717
77098,4110
77099,40778
77100,43204
77101,88
77102,37288
77103,30191
77104,5739
77105,10064
77106,45732
77107,45732
77108,44451
77109,45732
77110,12106
77111,25441
77112,8137
77113,34738
77114,34738
77115,11849
77116,45710
77117,9968
77118,26276
77119,43246
77120,42567
77121,31011
77122,40539
77123,45739
77124,45739
77125,10892
77126,24660
77127,45605
77128,45739
77129,45739
77130,43546
77131,44515
77132,45741
77133,45512
77134,485
77135,339
77136,16989
77137,42865
77138,11405
77139,4598
77140,40917
77141,20015
77142,14860
77143,45745
77144,24351
77145,6508
77146,45746
77147,919
77148,20563
77149,45390
77150,44865
77151,9008
77152,25078
77153,45383
77154,45743
77155,45743
77156,6076
77157,45606
77158,45743
77159,44527
77160,30677
77161,45240
77162,45240
77163,25170
77164,9568
77165,41211
77166,45761
77167,45763
77168,110
77169,41047
77170,45339
77171,45765
77172,45768
77173,15978
77174,44760
77175,8041
77176,2817
77177,45769
77178,16765
77179,45770
77180,217
77181,1421
77182,45768
77183,45768
77184,45768
77185,40856
77186,8507
77187,13519
77188,13008
77189,31975
77190,27015
77191,45720
77192,45772
77193,2914
77194,43810
77195,10977
77196,45720
77197,45775
77198,45662
77199,1150
77200,45778
77201,35132
77202,37640
77203,45779
77204,29461
77205,31975
77206,37640
77207,22311
77208,44939
77209,13038
77210,41442
77211,2860
77212,45412
77213,45785
77214,42239
77215,42239
77216,45774
77217,45607
77218,45784
77219,45783
77220,37618
77221,41797
77222,45591
77223,45793
77224,44422
77225,45676
77226,45797
77227,45784
77228,16041
77229,31975
77230,45466
77231,20869
77232,45427
77233,10515
77234,31616
77235,17186
77236,45808
77237,35094
77238,7290
77239,7140
77240,7828
77241,253
77242,339
77243,45805
77244,37640
77245,45801
77246,45352
77247,24033
77248,45797
77249,45806
77250,45804
77251,45781
77252,45774
77253,45812
77254,44121
77255,45438
77256,37886
77257,4145
77258,43634
77259,2942
77260,36771
77261,41389
77262,3277
77263,45805
77264,45784
77265,45781
77266,45820
77267,45818
77268,45819
77269,29337
77270,31975
77271,22311
77272,30295
77273,45826
77274,45812
77275,30295
77276,30295
77277,45818
77278,1256
77279,45830
77280,45453
77281,36566
77282,45745
77283,45835
77284,805
77285,31324
77286,6142
77287,22311
77288,144
77289,1709
77290,45838
77291,17541
77292,45776
77293,31324
77294,45587
77295,805
77296,4060
77297,2860
77298,45157
77299,45157
77300,45841
77301,45841
77302,4164
77303,28042
77304,6633
77305,45780
77306,45843
77307,45826
77308,7828
77309,45844
77310,45472
77311,588
77312,45653
77313,36228
77314,2030
77315,14224
77316,17807
77317,28705
77318,41593
77319,45851
77320,31594
77321,45411
77322,43280
77323,36228
77324,45809
77325,45855
77326,45855
77327,45846
77328,45853
77329,3468
77330,9973
77331,39517
77332,14096
77333,31975
77334,21744
77335,45560
77336,13538
77338,45824
77339,45861
77340,45809
77341,45809
77342,4164
77343,45805
77344,18528
77345,43500
77346,45866
77347,45869
77348,45869
77349,45873
77350,45871
77351,45695
77352,21744
77353,26694
77354,26694
77355,45877
77356,110
77357,290
77358,14703
77359,45809
77360,34645
77361,45809
77362,10551
77363,45770
77364,43981
77365,290
77366,45870
77367,45885
77368,7127
77369,3040
77370,45826
77371,39541
77372,15997
77373,35094
77374,25180
77375,25180
77376,25944
77377,45882
77378,43007
77379,45523
77380,45896
77381,10295
77382,45899
77383,41389
77384,45895
77385,45900
77386,45898
77387,45843
77388,45843
77389,22146
77390,27089
77391,3277
77392,45872
77393,45901
77394,45867
77395,45531
77396,31975
77397,30356
77398,45904
77399,43031
77400,13409
77401,39541
77402,37392
77403,37392
77404,45536
77405,45909
77406,26338
77407,29987
77408,41593
77409,9864
77410,44847
77411,45913
77412,5144
77413,45866
77414,45915
77415,7365
77416,45916
77417,45917
77418,45917
77419,45266
77420,45920
77421,45903
77422,45917
77423,29264
77424,45549
77425,45923
77426,34645
77427,26338
77428,28740
77429,40311
77430,3395
77431,45921
77432,42362
77433,1963
77434,40183
77435,45925
77436,45825
77437,29550
77438,32180
77439,45825
77440,16765
77441,44760
77442,45823
77443,5647
77444,45928
77445,45929
77446,9424
77447,45926
77448,36245
77449,20845
77450,25287
77451,14665
77452,292
77453,45806
77454,8373
77455,45932
77456,13267
77457,183
77458,45331
77459,30201
77460,45932
77461,45934
77462,39953
77463,445
77464,45935
77465,1291
77466,45939
77467,45939
77468,5045
77469,7515
77470,45943
77471,45941
77472,45943
77473,45942
77474,45944
77475,25840
77476,36451
77477,45925
77478,40311
77479,45944
77480,25936
77481,38241
77482,5823
77483,45952
77484,45948
77485,45956
77486,10596
77487,45960
77488,5003
77489,25944
77490,45963
77491,45959
77492,32187
77493,45941
77494,45964
77495,44865
77496,45892
77497,13087
77498,24617
77499,14123
77500,4701
77501,45965
77502,45967
77503,45952
77504,45968
77505,28746
77506,3262
77507,25167
77508,7290
77509,45970
77510,45973
77511,45970
77512,9394
77513,45970
77514,45973
77515,45788
77516,45974
77517,3725
77518,45971
77519,3040
77520,45656
77521,45924
77522,45955
77523,27058
77524,22311
77525,17197
77526,41294
77527,9295
77528,16515
77529,23632
77530,26130
77531,23632
77532,45594
77533,45986
77534,28705
77535,25965
77536,7481
77537,14421
77538,6226
77539,45989
77540,45996
77541,45997
77542,45999
77543,45997
77544,25167
77545,39953
77546,2418
77547,9515
77548,42144
77549,45964
77550,25973
77551,46002
77552,46000
77553,25
77554,45827
77555,44001
77556,30224
77557,4060
77558,45889
77559,28377
77560,7417
77561,46009
77562,36499
77563,46011
77564,38452
77565,39953
77566,46016
77567,36462
77568,46016
77569,3293
77570,46013
77571,46015
77572,45961
77573,449
77574,8413
77575,28288
77576,2631
77577,46018
77578,46019
77579,43889
77580,8413
77581,46020
77582,14729
77583,27522
77584,603
77585,46022
77586,23632
77587,7880
77588,36733
77589,36979
77590,44434
77591,41003
77592,41003
77593,45965
77594,38290
77595,45953
77596,8461
77597,46031
77598,40114
77599,29987
77600,46015
77601,1124
77602,45965
77603,11748
77604,46031
77605,46019
77606,45884
77607,31567
77608,45640
77609,45884
77610,6895
77611,35452
77612,8007
77613,251
77614,41003
77615,18482
77616,4496
77617,46041
77618,46043
77619,919
77620,46044
77621,46042
77622,46044
77623,46045
77624,5927
77625,43868
77626,46046
77627,17046
77628,28876
77629,45644
77630,45998
77631,16663
77632,45647
77633,16663
77634,10065
77635,18462
77636,43889
77637,11954
77638,13409
77639,43889
77640,17886
77641,44163
77642,11954
77643,36589
77644,10072
77645,37226
77646,46053
77647,44654
77648,46054
77649,37226
77650,45903
77651,37186
77652,45382
77653,4278
77654,46056
77655,603
77656,24728
77657,46022
77658,46057
77659,46022
77660,13985
77661,9791
77662,46062
77663,45325
77664,46063
77665,7972
77666,5429
77667,805
77668,46059
77669,46061
77670,37313
77671,805
77672,37313
77673,46069
77674,45950
77675,46069
77676,7649
77677,14123
77678,46059
77679,6552
77680,12172
77681,37226
77682,686
77683,45382
77684,7290
77685,30451
77686,25392
77687,46074
77688,45843
77689,45843
77690,45913
77691,41593
77692,12804
77693,5536
77694,7555
77695,45224
77696,7555
77697,46059
77698,46075
77699,46083
77700,46080
77701,46081
77702,46082
77703,8137
77704,45823
77705,46085
77706,199
77707,45215
77708,44965
77709,6096
77710,46091
77711,18268
77712,41138
77713,37688
77714,41138
77715,46087
77716,42105
77717,41138
77718,46093
77719,45685
77720,11511
77721,25739
77722,46085
77723,5892
77724,1347
77725,14066
77726,1347
77727,24575
77728,805
77729,45693
77730,30540
77731,46099
77732,46098
77733,45589
77734,13177
77735,37661
77736,46051
77737,46102
77738,13177
77739,46098
77740,46098
77741,46102
77742,45854
77743,44795
77744,45704
77745,45674
77746,40114
77747,31612
77748,36315
77749,37661
77750,46101
77751,11523
77752,46099
77753,45708
77754,16436
77755,46110
77756,2059
77757,4733
77758,30989
77759,46110
77760,5429
77761,4253
77762,24423
77763,1005
77764,17493
77765,4737
77766,13473
77767,45721
77768,26779
77769,46118
77770,28288
77771,34860
77772,40856
77773,46111
77774,42105
77775,14154
77776,20682
77777,46111
77778,43221
77779,37751
77780,46126
77781,40931
77782,8960
77783,46132
77784,46129
77785,28746
77786,5
77787,44967
77788,805
77789,36769
77790,41346
77791,46134
77792,28786
77793,8102
77794,5252
77795,11669
77796,4504
77797,34860
77798,19700
77799,9694
77800,45325
77801,45325
77802,46134
77803,46142
77804,14154
77805,46134
77806,29025
77807,46143
77808,12177
77809,46142
77810,46128
77811,46126
77812,26130
77813,45745
77814,8686
77815,30201
77816,25294
77817,37609
77818,3019
77819,31661
77820,31314
77821,42212
77822,45794
77823,46102
77824,9914
77825,46150
77826,4754
77827,46125
77828,46157
77829,46156
77830,41185
77831,45756
77832,45794
77833,46129
77834,46102
77835,29025
77836,45935
77837,29025
77838,23890
77839,31090
77840,23785
77841,3732
77842,4991
77843,45362
77844,45359
77845,32018
77846,442
77847,16690
77848,1005
77849,46165
77850,2488
77851,44764
77852,42021
77853,36444
77854,46162
77855,46166
77856,46148
77857,45745
77858,16938
77859,13523
77860,3019
77861,20622
77862,1643
77863,20622
77864,9254
77865,45782
77866,230
77867,43924
77868,2750
77869,45787
77870,26140
77871,46175
77872,2849
77873,46181
77874,44760
77875,46181
77876,2644
77877,46184
77878,41513
77879,45192
77880,45553
77881,39588
77882,44860
77883,7071
77884,46186
77885,10308
77886,41138
77887,46178
77888,27403
77889,45803
77890,46188
77891,46192
77892,46189
77893,40944
77894,42021
77895,43594
77896,46196
77897,13818
77898,46198
77899,45568
77900,46141
77901,42380
77902,4426
77903,44760
77904,14154
77905,46193
77906,4812
77907,35224
77908,35224
77909,4322
77910,25295
77911,46174
77912,4322
77913,45794
77914,6000
77915,1443
77916,46194
77917,46169
77918,28545
77919,31243
77920,805
77921,8267
77922,4426
77923,46193
77924,45836
77925,46207
77926,11317
77927,3098
77928,31324
77929,14066
77930,46168
77931,46180
77932,46219
77933,46125
77934,43280
77935,43550
77936,46228
77937,46178
77938,46178
77939,2934
77940,31612
77941,43414
77942,46225
77943,46232
77944,20921
77945,46180
77946,30971
77947,43979
77948,686
77949,12106
77950,45797
77951,34860
77952,34860
77953,45490
77954,2074
77955,46237
77956,858
77957,46211
77958,4319
77959,18531
77960,39582
77961,44862
77962,45857
77963,9253
77964,46234
77965,17672
77966,17672
77967,11887
77968,1377
77969,39618
77970,40084
77971,46237
77972,39618
77973,6307
77974,46247
77975,37403
77976,46134
77977,45867
77978,46234
77979,46251
77980,17147
77981,46253
77982,46253
77983,44340
77984,686
77985,22047
77986,46254
77987,45788
77988,17672
77989,46234
77990,11941
77991,46256
77992,37360
77993,37416
77994,45148
77995,46087
77996,46261
77997,10776
77998,22435
77999,26173
78000,37360
78001,31803
78002,45561
78003,45874
78004,45876
78005,31803
78006,43780
78007,45797
78008,46252
78009,46134
78010,35595
78011,45839
78012,45261
78013,45756
78014,46270
78015,29550
78016,608
78017,45382
78018,28705
78019,45362
78020,1689
78021,31243
78022,46271
78023,805
78024,46185
78025,805
78026,2728
78027,46268
78028,46273
78029,46277
78030,41652
78031,45434
78032,46278
78033,46211
78034,46278
78035,31803
78036,14066
78037,13651
78038,46281
78039,19762
78040,23915
78041,46282
78042,46283
78043,46282
78044,17359
78045,46284
78046,45592
78047,17197
78048,46290
78049,45904
78050,7918
78051,704
78052,46234
78053,45784
78054,45784
78055,46289
78056,46087
78057,46289
78058,36499
78059,29978
78060,21493
78061,26206
78062,31612
78063,46302
78064,46304
78065,19809
78066,43163
78067,19762
78068,20093
78069,39618
78070,45907
78071,45907
78072,45917
78073,17672
78074,44469
78075,44469
78076,45913
78077,22468
78078,45745
78079,7947
78080,14566
78081,46013
78082,1381
78083,24198
78084,32036
78085,46312
78086,46168
78087,36006
78088,41354
78089,2260
78090,45591
78091,31612
78092,29672
78093,46295
78094,46297
78095,46299
78096,39953
78097,795
78098,2040
78099,20363
78100,3748
78101,20363
78102,12548
78103,37569
78104,29500
78105,46316
78106,8086
78107,17107
78108,14066
78109,46317
78110,46168
78111,46316
78112,4426
78113,18044
78114,35313
78115,46258
78116,25814
78117,1997
78118,46332
78119,46335
78120,2728
78121,46330
78122,46329
78123,46333
78124,7290
78125,7291
78126,22468
78127,46338
78128,9523
78129,46340
78130,45945
78131,1390
78132,46310
78133,42825
78134,805
78135,42825
78136,46329
78137,21738
78138,45599
78139,46342
78140,46315
78141,28545
78142,46348
78143,14066
78144,45693
78145,28746
78146,30385
78147,46349
78148,42920
78149,17072
78150,46327
78151,46349
78152,27495
78153,46353
78154,46357
78155,45595
78156,5
78157,46168
78159,20551
78160,45788
78161,24669
78162,46268
78163,42662
78164,37661
78165,46170
78166,45784
78167,45907
78168,46365
78169,39773
78170,46316
78171,919
78172,36395
78173,615
78174,46371
78175,46372
78176,46325
78177,46363
78178,14154
78179,41415
78180,35716
78181,45991
78182,11621
78183,26130
78184,45997
78185,3178
78186,45999
78187,43674
78188,35829
78189,20921
78190,46380
78191,46348
78193,8431
78194,2795
78195,8373
78196,46381
78197,29187
78198,13138
78199,11623
78200,17322
78201,14006
78202,46386
78203,46367
78204,39524
78206,46382
78207,476
78208,333
78209,25184
78210,8373
78211,13138
78212,29617
78213,582
78214,36462
78215,46092
78216,46391
78217,46380
78218,46386
78219,46392
78220,40294
78221,37613
78222,46367
78223,46367
78224,37613
78225,46399
78226,45941
78227,4623
78228,46367
78229,45823
78230,37613
78231,46401
78232,5739
78233,43780
78234,46405
78235,46391
78236,5547
78237,1737
78238,8065
78239,4426
78240,46407
78241,5137
78242,10675
78243,46403
78244,46409
78245,46034
78246,46413
78247,43780
78248,46414
78249,46411
78250,11634
78251,46417
78252,4278
78253,46376
78254,21710
78255,41680
78256,17760
78257,46194
78258,46047
78259,46403
78260,46423
78261,17935
78262,46423
78263,46424
78264,46425
78265,46427
78266,46427
78267,775
78268,24453
78269,44774
78270,11639
78271,5509
78272,46317
78273,46317
78274,46053
78275,45599
78276,20793
78277,11887
78278,46437
78279,46427
78280,41680
78281,46440
78282,46430
78283,30494
78284,46268
78285,46437
78286,46437
78287,4059
78288,37448
78289,37613
78290,12100
78291,3903
78292,46444
78293,46193
78294,46446
78295,28183
78296,42338
78297,27380
78298,46391
78299,46003
78300,31420
78301,45689
78303,46452
78304,42567
78305,34763
78306,46453
78307,44513
78308,46447
78309,39953
78310,46427
78311,46454
78312,3476
78313,28520
78314,11887
78315,45823
78316,46459
78317,221
78318,45192
78319,45192
78320,46456
78321,46462
78322,46454
78323,46376
78324,11511
78325,44513
78326,4812
78327,7828
78328,45157
78329,46469
78330,3277
78331,46473
78332,2704
78333,46470
78334,46469
78335,46104
78336,46379
78337,46412
78338,14171
78339,46105
78340,46106
78341,26338
78342,9342
78343,1287
78344,46478
78345,46448
78346,25862
78347,45745
78348,46175
78349,44431
78350,43414
78351,46482
78352,776
78353,43674
78354,18152
79352,37541
79353,46487
79354,31542
79355,46491
79356,46491
79357,46488
79358,45716
79359,4520
79360,43405
79361,26357
79362,46494
79363,43108
79364,45716
79365,2540
79366,10877
79367,46497
79368,14525
79369,27239
79370,37311
79371,20921
79372,40073
79373,46368
79374,18609
79375,42558
79376,6096
79377,40152
79378,46368
79379,21493
79380,21493
79381,46368
79382,46508
79383,44515
79384,46499
79385,36680
79386,45716
79387,30494
79388,46138
79389,46139
79390,46141
79391,46142
79392,26272
79393,46515
79394,12492
79395,46416
79396,46416
79397,46514
79398,35413
79399,46520
79400,46147
79401,46520
79402,46518
79403,46522
79404,10776
79405,44527
79406,26338
79407,45918
79408,4906
79409,19762
79410,46510
79411,46527
79412,46507
79413,4505
79414,9541
79415,31661
79416,11708
79417,44152
79418,37403
79419,11475
79420,46509
79421,46532
79422,46531
79423,7290
79424,2830
79425,46509
79426,41389
79427,46536
79428,46518
79429,72
79430,46391
79431,46529
79432,46529
79433,19692
79434,30294
79435,46507
79436,35588
79437,4523
79438,41281
79439,35223
79440,42057
79441,36322
79442,42057
79443,42057
79444,46167
79445,3807
79446,7071
79447,46542
79448,46542
79449,24109
79450,21493
79451,12036
79452,46543
79453,37403
79454,561
79455,28288
79456,46550
79457,46548
79458,46351
79459,46403
79460,2310
79461,11887
79462,35115
79463,46543
79464,7290
79465,46555
79466,46555
79467,45148
79468,4737
79469,24617
79470,45942
79471,36
79472,24722
79473,5618
79474,42556
79475,42057
79476,46550
79477,46187
79478,46556
79479,36851
79480,41762
79481,46557
79482,28796
79483,46531
79484,46554
79485,46554
79486,40946
79487,40946
79488,21743
79489,46553
79490,74
79491,27686
79492,39953
79493,46102
79494,45745
79495,4856
79496,767
79497,46574
79498,46576
79499,624
79500,46578
79501,46059
79502,46496
79503,46561
79504,46578
79505,21054
79506,45628
79507,46571
79508,46581
79509,40440
79510,21054
79511,46059
79512,46579
79513,46571
79514,46588
79515,40440
79516,35457
79517,46413
79518,46591
79519,11600
79520,44513
79521,46595
79522,46597
79523,21720
79524,31188
79525,46601
79526,12832
79527,46599
79528,46597
79529,46529
79530,46601
79531,31428
79532,46601
79533,30414
79534,46601
79535,43790
79536,46204
79537,46608
79538,45561
79539,46531
79540,17230
79541,14216
79542,46194
79543,46613
79544,4862
79545,46051
79546,1381
79547,46413
79548,46051
79549,10787
79550,46376
79551,46618
79552,24133
79553,46212
79554,11984
79555,46620
79556,46591
79557,46551
79558,46620
79559,7255
79560,4054
79561,45532
79562,46102
79563,1150
79564,46620
79565,46622
79566,28174
79567,7141
79568,46050
79569,23990
79570,46621
79571,26435
79572,46633
79573,41631
79574,14826
79575,46636
79576,46636
79577,46637
79578,37540
79579,46636
79580,10231
79581,45277
79582,14154
79583,14154
79584,46638
79585,37540
79586,46588
79587,3107
79588,8287
79589,46312
79590,42336
79591,46244
79592,46643
79593,46244
79594,46647
79595,35495
79596,46585
79597,1537
79598,18008
79599,9446
79600,10416
79601,9326
79602,46650
79603,46648
79604,46620
79605,28705
79606,46653
79607,13903
79608,21030
79609,46656
79610,26493
79611,27838
79612,27855
79613,46655
79614,46585
79615,221
79616,124
79617,46650
79618,46261
79619,18448
79620,35128
79621,46661
79622,20540
79623,45610
79624,46640
79625,21674
79626,46265
79627,29170
79628,40596
79629,4872
79630,46662
79631,35280
79632,13950
79633,13950
79634,45434
79635,46274
79636,7397
79637,805
79638,7290
79639,16127
79640,4505
79641,3186
79642,220
79643,41230
79644,1381
79645,20045
79646,44587
79647,30417
79648,27620
79649,46677
79650,3333
79651,40596
79652,30456
79653,4346
79654,46680
79655,46292
79656,46268
79657,40596
79658,46684
79659,46293
79660,8101
79661,21674
79662,45589
79663,16049
79664,46173
79665,46684
79666,46301
79667,46695
79668,27653
79669,44469
79670,5646
79671,46655
79672,46697
79673,840
79674,46700
79675,10416
79676,46700
79677,46668
79678,46697
79679,7397
79680,44840
79681,28183
79682,46688
79683,25741
79684,46676
79685,46703
79686,21674
79687,46655
79688,4903
79689,46688
79690,12815
79691,21674
79692,46703
79693,46707
79694,7916
79695,2310
79696,5014
79697,46668
79698,39953
79699,18448
79700,46715
79701,795
79702,38173
79703,32180
79704,919
79705,44077
79706,46711
79707,38367
79708,46711
79709,46711
79710,18528
79711,11748
79712,42607
79713,46322
79714,40956
79715,253
79716,46723
79717,46721
79718,46725
79719,3619
79720,19692
79721,46306
79722,5464
79723,46278
79724,32036
79725,46705
79726,46341
79727,46722
79728,18461
79729,46727
79730,46734
79731,5561
79732,2392
79733,364
79734,44760
79735,28070
79736,25
79737,1618
79738,4523
79739,46538
79740,32358
79741,7802
79742,46742
79743,46254
79744,14793
79745,45516
79746,46743
79747,26181
79748,42920
79749,32117
79750,46523
79751,46523
79752,46749
79753,46271
79754,46523
79755,46523
79756,1154
79757,46356
79758,41810
79759,46287
79760,22199
79761,46757
79762,46761
79763,46760
79764,46761
79765,44546
79766,44469
79767,2916
79768,46362
79769,11091
79770,43884
79771,46765
79772,29868
79773,32545
79774,43884
79775,14556
79776,4304
79777,1681
79778,25526
79779,46769
79780,43884
79781,17785
79782,9681
79783,41777
79784,46544
79785,46774
79786,25526
79787,46370
79788,46716
79789,7290
79790,46764
79791,46597
79792,46377
79793,46778
79794,13582
79795,46737
79796,46759
79797,25125
79798,44760
79799,45986
79800,686
79801,211
79802,46769
79803,46789
79804,30451
79805,43288
79806,46708
79807,46383
79808,46793
79809,43884
79810,6783
79811,46796
79812,46796
79813,25184
79814,46795
79815,2329
79816,41030
79817,25319
79818,3886
79819,46795
79820,805
79821,46329
79822,30764
79823,38300
79824,46777
79825,805
79826,46793
79827,41149
79828,46804
79829,46806
79830,24617
79831,45561
79832,46401
79833,29025
79834,46808
79835,46808
79836,45561
79837,46805
79838,46809
79839,46809
79840,44469
79841,44086
79842,44086
79843,20092
79844,46809
79845,44469
79846,46816
79847,46757
79848,5020
79849,28479
79850,5992
79851,5020
79852,26263
79853,19692
79854,46345
79855,46821
79856,46823
79857,46821
79858,13669
79859,25637
79860,1681
79861,42179
79862,4507
79863,30951
79864,46827
79865,10619
79866,12020
79867,46833
79868,46837
79869,253
79870,46762
79871,46834
79872,16111
79873,6633
79874,41165
79875,41165
79876,16057
79877,16149
79878,46426
79879,43884
79880,16843
79881,38300
79882,10861
79883,46434
79884,46435
79885,223
79886,13465
79887,223
79888,16609
79889,46290
79890,46855
79891,46855
79892,46744
79893,8402
79894,46848
79895,2244
79896,44527
79897,4360
79898,264
79899,5365
79900,23766
79901,46852
79902,46842
79903,5365
79904,40513
79905,12603
79906,27433
79907,46865
79908,43739
79909,31420
79910,46868
79911,45148
79912,40513
79913,31420
79914,8114
79915,38367
79916,11805
79917,4495
79918,46834
79919,36682
79920,46834
79921,13138
79922,37313
79923,46003
79924,21160
79925,42860
79926,46876
79927,46827
79928,46744
79929,43890
79930,27579
79931,46877
79932,30586
79933,455
79934,37613
79935,253
79936,46882
79937,21519
79938,8355
79939,4351
79940,27433
79941,46886
79942,4947
79943,190
79944,990
79945,36400
79946,36400
79947,1048
79948,46890
79949,46894
79950,46895
79951,24652
79952,46463
79953,1934
79954,46888
79955,46325
79956,46897
79957,2921
79958,253
79959,46203
79960,46203
79961,46902
79962,46903
79963,46900
79964,11867
79965,236
79966,46900
79967,21169
79968,37710
79969,46910
79970,46908
79971,46907
79972,46912
79973,46914
79974,46915
79975,5383
79976,46638
79977,46791
79978,25
79979,7259
79980,805
79981,46917
79982,42057
79983,42057
79984,46915
79985,46916
79986,20681
79987,46900
79988,5392
79989,46791
79990,46875
79991,11140
79992,46918
79993,46900
79994,46921
79995,46922
79996,24843
79997,29850
79998,29850
79999,6096
80000,46489
80001,46492
80002,40529
80003,44939
80004,46495
80005,43739
80006,46897
80007,46927
80008,43739
80009,45856
80010,805
80011,44644
80012,46502
80013,19998
80014,46936
80015,41067
80016,43353
80017,40931
80018,32036
80019,11849
80020,46938
80021,17915
80022,46915
80023,46942
80024,11852
80025,46941
80026,46915
80027,46943
80028,46943
80029,46945
80030,46941
80031,46937
80032,46938
80033,46942
80034,20385
80035,46948
80036,26640
80037,27433
80038,2817
80039,5864
80040,40086
80041,12861
80042,3017
80043,46954
80044,22228
80045,46945
80046,46956
80047,46957
80048,46957
80049,25252
80050,46958
80051,46957
81050,11867
81051,28940
81052,47958
81053,11867
81054,776
81055,45325
81056,30630
81057,46958
81058,46958
81059,46705
81060,21521
81061,44873
81062,44873
81063,47963
81064,18164
81065,46705
81066,46528
81067,47967
81068,11878
81069,46953
81070,1643
81072,46708
81073,46708
81074,3826
81075,3826
81076,11878
81077,47976
81078,46228
81079,46678
81080,47977
81081,36575
81082,47980
81083,8566
81084,805
81085,47978
81086,47978
81087,8179
81088,1319
81089,805
81090,47983
81091,31609
81092,47985
81093,47985
81094,47986
81095,7397
81096,7397
81097,44808
81098,46768
81099,12540
81100,16348
81101,47988
81102,17112
81103,46427
81104,47989
81105,47984
81106,14149
81107,21527
81108,46721
81109,8694
81110,47993
81111,46957
81112,42626
81113,47996
81114,290
81115,47992
81116,28746
81117,46179
81118,48001
81119,46549
81120,6256
81121,14188
81122,46789
81123,11878
81124,35963
81125,46957
81126,30295
81127,12164
81128,42626
81129,46958
81130,12164
81131,46853
81132,40572
81133,6096
81134,13165
81135,47984
81136,48008
81137,13165
81138,47989
81139,28705
81140,44451
81141,46504
81142,48012
81143,45504
81144,48013
81145,48013
81146,48014
81147,11878
81148,48015
81149,47981
81150,7795
81151,3301
81152,26014
81153,48010
81154,48010
81155,26014
81156,41762
81157,46560
81158,46562
81159,8882
81160,46380
81161,9364
81162,46330
81163,24404
81164,46845
81165,48025
81166,48025
81167,24626
81168,34792
81169,46567
81170,48027
81171,26330
81172,40242
81173,46643
81174,43805
81175,45628
81176,47976
81177,46814
81178,48029
81179,48026
81180,8749
81181,9853
81182,42494
81183,45326
81184,48033
81185,35091
81186,48033
81187,45693
81188,19998
81189,48030
81190,8864
81191,48036
81192,11930
81193,44210
81194,30475
81195,48038
81196,48044
81197,7363
81198,46665
81199,11878
81200,48044
81201,48047
81202,48044
81203,48044
81204,48045
81205,48038
81206,25211
81207,48038
81208,48052
81209,48052
81210,11887
81211,48055
81212,44114
81213,44764
81214,48027
81215,38243
81216,48057
81217,44845
81218,42353
81219,28746
81220,22047
81221,46958
81222,46958
81223,48059
81224,45971
81225,48059
81226,48056
81227,4856
81228,12223
81229,47984
81230,36462
81231,11591
81232,28740
81233,48064
81234,10997
81235,36657
81236,46643
81237,46368
81238,48061
81239,20030
81240,48073
81241,26654
81242,16318
81243,919
81244,46957
81245,2970
81246,48081
81247,48081
81248,48082
81249,48079
81250,48085
81251,48074
81252,29115
81253,919
81254,26069
81255,11289
81256,48086
81257,48087
81258,29068
81259,48094
81260,48095
81261,48092
81262,80
81263,48094
81264,46622
81265,48067
81266,48091
81267,48071
81268,2534
81269,46622
81270,48097
81271,48097
81272,48094
81273,48096
81274,48104
81275,37953
81276,45148
81277,48010
81278,4281
81279,48097
81280,47959
81281,46830
81282,46830
81283,24137
81284,48097
81285,34927
81286,48099
81287,22161
81288,48099
81289,48072
81290,48070
81291,47988
81292,37360
81293,48027
81294,48115
81295,46912
81296,35751
81297,13047
81298,48092
81299,46650
81300,6558
81301,48124
81302,48126
81303,34756
81304,48126
81305,48126
81306,48128
81307,45971
81308,48127
81309,46659
81310,25184
81311,45671
81312,14675
81313,32117
81314,48122
81315,44650
81316,21172
81317,48021
81318,2066
81319,12254
81320,48133
81321,43163
81322,21030
81323,45628
81324,24169
81325,48050
81326,48111
81327,16049
81328,46504
81329,46504
81330,48138
81331,4257
81332,48143
81333,48138
81334,48030
81335,48030
81336,43681
81337,48111
81338,46372
81339,48147
81340,48146
81341,45105
81342,48150
81343,24232
81344,266
81345,16049
81346,48152
81347,9162
81348,46945
81349,29464
81350,5443
81351,26008
81352,48067
81353,48161
81354,48021
81355,48149
81356,48084
81357,48092
81358,48142
81359,11055
81360,48147
81361,48143
81362,44469
81363,48164
81364,5931
81365,46059
81366,48163
81367,13519
81368,13519
81369,48166
81370,45266
81371,46689
81372,13968
81373,48164
81374,45720
81375,28705
81376,48107
81377,35337
81378,48174
81379,17190
81380,3330
81381,45466
81382,46698
81383,48176
81384,37286
81385,48176
81386,48092
81387,48181
81388,4337
81389,48010
81390,29528
81391,11915
81392,48184
81393,48185
81394,1036
81395,48186
81396,48188
81397,28620
81398,600
81399,5419
81400,26743
81401,7817
81402,2166
81403,48182
81404,10164
81405,48176
81406,48190
81407,47959
81408,48080
81409,48193
81410,40242
81411,3293
81412,48198
81413,43560
81414,47963
81415,48200
81416,46522
81417,48147
81418,48144
81419,48198
81420,21347
81421,48144
81422,26069
81423,36602
81424,48202
81425,46514
81426,14464
81427,6153
81428,40956
81429,48196
81430,686
81431,48203
81432,46717
81433,8744
81434,48196
81435,2817
81436,48142
81437,30475
81438,25231
81439,48210
81440,48213
81441,48211
81442,46726
81443,47988
81444,28214
81445,48215
81447,46735
81448,36303
81449,1381
81450,31227
81451,48218
81452,6633
81453,46879
81454,24722
81455,46538
81456,48154
81457,48219
81458,48216
81459,48197
81460,48207
81461,32151
81462,327
81463,48143
81464,30499
81465,24494
81466,48088
81467,48224
81468,48224
81469,48163
81470,46514
81471,28671
81472,2916
81473,40224
81474,43163
81475,27213
81476,17600
81477,48234
81478,48235
81479,48231
81480,31372
81481,28288
81482,48238
81483,48237
81484,44086
81485,48202
81486,40740
81487,36575
81488,46758
81489,47976
81490,48245
81491,39543
81492,29265
81493,38104
81494,48244
81495,29390
81496,43139
81497,46643
81498,48244
81499,46727
81500,48247
81501,47959
81502,48247
81503,48250
81504,40575
81505,48252
81506,30951
81507,47967
81508,48251
81509,2137
81510,46554
81511,29265
81512,46554
81513,48254
81514,48253
81515,17702
81516,48259
81517,35264
81518,24819
81519,38365
81520,48256
81521,48258
81522,13429
81523,48262
81524,14289
81525,48257
81526,439
81527,35751
81528,4559
81529,48256
81530,48087
81531,48087
81532,48265
81533,46622
81534,20943
81535,48259
81536,37953
81538,6637
81539,42494
81540,42494
81541,48272
81542,46777
81543,1347
81544,7947
81545,45958
81546,22360
81547,48284
81548,45648
81549,48285
81550,7339
81551,24169
81552,24169
81553,46810
81554,48225
81555,19762
81556,7798
81557,48279
81558,6434
81559,29911
81560,46818
81561,46824
81562,8086
81563,30351
81564,48289
81565,36771
81566,48293
81567,22161
81568,48294
81569,46830
81570,6101
81571,48182
81572,43368
81573,40183
81574,30540
81575,48291
81576,48211
81577,48211
81578,7290
81579,48291
81580,7290
81581,46835
81582,48148
81583,48295
81584,29617
81585,48303
81586,48278
81587,48289
81588,46841
81589,2392
81590,401
81591,25677
81592,46843
81593,27475
81594,48314
81595,48315
81596,39541
81597,9548
81598,28671
81599,6921
81600,48248
81601,28858
81602,13428
81603,2293
81604,2293
81605,48317
81606,48253
81607,48317
81608,22161
81609,45792
81610,35873
81611,48319
81612,13818
81613,39541
81614,45747
81615,48313
81616,48323
81617,48320
81618,48320
81619,45431
81620,48326
81621,48327
81622,2725
81623,44304
81624,5953
81625,40513
81626,21030
81627,46793
81628,48166
81629,36499
81630,46870
81631,9437
81632,48279
81633,840
81634,45998
81635,48288
81636,39541
81637,46872
81638,48333
81639,48335
81640,4110
81641,48334
81642,48339
81643,48339
81644,12603
81645,23667
81646,29617
81647,32504
81648,48340
81649,45497
81650,48281
81651,48340
81652,48086
81653,46201
81654,46880
81655,38125
81656,2063
81657,27380
81659,15961
81660,48331
81661,48281
81662,48257
81663,9221
81664,48349
81665,919
81666,9394
81667,48349
81668,805
81669,31661
81670,46891
81671,27475
81672,43162
81673,9394
81674,48350
81675,46201
81676,48352
81677,48351
81678,48351
81679,48353
81680,48353
81681,13568
81682,46881
81683,45836
81684,48358
81685,48353
81686,28746
81687,46901
81688,9019
81689,29882
81690,12329
81691,48358
81692,48361
81693,48364
81694,29882
81695,29882
81696,48360
81697,25572
81698,46793
81699,48364
81700,48365
81701,26886
81702,48346
81703,48370
81704,11981
81705,46542
81706,46542
81707,31475
81708,48371
81709,48371
81710,48331
81711,42602
81712,48372
81713,29850
81714,29265
81715,46403
81716,46908
81717,805
81718,48376
81719,46703
81720,11984
81721,48380
81722,30475
81723,46317
81724,48373
81725,21296
81726,42609
81727,46597
81728,40513
81729,46465
81730,48369
81731,48360
81732,48393
81733,46925
81734,48396
81735,46920
81736,6961
81737,48393
81738,48376
81739,48086
81740,48086
81741,48400
81742,48399
81743,45569
81744,5020
81745,45836
81746,34579
81747,5893
81748,48402
81749,44644
81750,4812
81751,48373
81752,31645
81753,46317
81754,48365
81755,48375
81756,25386
81757,48395
81758,46918
81759,5
81760,48397
81761,48397
81762,46134
81763,43449
81764,46608
81765,5025
81766,183
81767,46608
81768,46944
81769,48303
81770,46908
81771,46946
81772,27575
81773,48413
81774,48415
81775,48176
81776,8507
81777,48416
81778,48410
81779,41220
81780,29148
81781,930
81782,25185
81783,27613
81784,37715
81785,7290
81786,26440
81787,48419
81788,48419
81789,46925
81790,42170
81791,48423
81792,48092
81793,48366
81794,48426
81795,9976
81796,47968
81797,46597
81798,48370
81799,4856
81800,48148
81801,32036
81802,29321
81803,29065
81804,30016
81805,88
81806,12494
81807,39544
81808,34948
81809,4253
81810,805
81811,7290
81812,1709
81813,13950
81814,46427
81815,48426
81816,48426
81817,1347
81818,46608
81819,21114
81820,45720
81821,43997
81822,5893
81823,48432
81824,45833
81825,48410
81826,48433
81827,21971
81828,48432
81829,29447
81830,48410
81831,2425
81832,42541
81833,48432
81834,48435
81835,47998
81836,18493
81837,32450
81838,48439
81839,26443
81840,48442
81841,845
81842,12900
81843,48441
81844,48444
81845,48372
81846,27475
81847,28710
81848,48447
81849,48444
81850,615
81851,8825
81852,9024
81853,15997
81854,15997
81855,48449
81856,48449
81857,8515
81858,21720
81859,41330
81860,48450
81861,22436
81862,30127
81863,48452
81864,26950
81865,31563
81866,46523
81867,29060
81868,48436
81869,10452
81870,35264
81871,48453
81872,48456
81873,48456
81874,41260
81875,16444
81876,7397
81877,48456
81878,582
81879,46814
81880,35035
81881,29617
81882,38069
81883,48454
81884,48148
81885,48455
81886,43889
81887,1119
81888,13538
81889,20282
81890,48462
81891,48463
81892,3310
81893,45239
81894,48464
81895,2392
81896,48239
81897,48466
81898,48467
81899,27680
81900,43296
81901,8515
81902,48050
81903,48238
81904,10103
81905,48473
81906,5055
81907,805
81908,28746
81909,48197
81910,20647
81911,11878
81912,48474
81913,3392
81914,7290
81915,46469
81916,37582
81917,37582
81918,37704
81919,16908
81920,16111
81921,20898
81922,159
81923,26466
81924,2726
81925,9671
81926,18546
81927,48486
81928,48488
81929,48486
81930,46469
81931,44731
81932,12842
81933,37484
81934,48490
81935,48493
81936,46653
81937,2164
81938,26338
81939,48495
81940,48489
81941,48074
81942,3840
81943,48496
81944,48491
81945,48090
81946,46653
81947,21167
81948,48490
81949,48505
81950,46741
81951,48366
81952,48499
81953,48505
81954,17653
81955,40035
81956,2822
81957,2054
81958,290
81959,48500
81960,48244
81961,48416
81962,45561
81963,11127
81964,48113
81965,48524
81966,37226
81967,11409
81968,38125
81969,4872
81970,48526
81971,31718
81972,48018
81973,6096
81974,46645
81975,48529
81976,17062
81977,40547
81978,48493
81979,40547
81980,48088
81981,48534
81982,41749
81983,48535
81984,2728
81985,22390
81986,196
81987,25864
81988,22390
81989,48454
81990,27475
81991,3722
81992,48238
81993,10416
81994,11148
81995,12209
81996,13373
81997,28556
81998,8374
81999,46645
82000,40120
82001,26910
82002,48540
82003,48541
82004,279
82005,41386
82006,45816
82007,48537
82008,9162
82009,26490
82010,48137
82011,48547
82012,4908
82013,48536
82014,48503
82015,43681
82016,46342
82017,48552
82018,41763
82019,48469
82020,48537
82021,48554
82022,18442
82023,28961
82024,3443
82025,48554
82026,16596
82027,8267
82028,9055
82029,9055
82030,28666
82031,48166
82032,3827
82033,48490
82034,44422
82035,45930
82036,45656
82037,17496
82038,36535
82039,19762
82040,32183
82041,28961
82042,45520
82043,48177
82044,48574
82045,3306
82046,48580
82047,48578
82048,48582
82049,7064
82050,24809
82051,18163
82052,18163
82053,48572
82054,45907
82055,5226
82056,48550
82057,5509
82058,18351
82059,48587
82060,48239
82061,48467
82062,48595
82063,29742
82064,2488
82065,48467
82066,37236
82067,48596
82068,48595
82069,7172
82070,44746
82071,44639
82072,44746
82073,6720
82074,1352
82075,25564
82076,48239
82077,44746
82078,2798
82079,6861
82080,48586
82081,34
82082,36630
82083,48605
82084,48606
82085,48586
82086,48588
82087,48148
82088,26335
82089,31162
82090,48588
82091,48590
82092,37742
82093,4716
82094,31162
82095,37382
82096,48612
82097,10119
82098,40120
82099,39582
82100,2721
82101,39582
82102,3919
82103,3929
82104,1080
82105,24819
82106,2392
82107,46203
82108,43314
82109,3732
82110,48613
82111,48620
82112,36285
82113,48088
82114,48196
82115,48220
82116,1381
82117,35895
82118,48626
82119,919
82120,48221
82121,48630
82122,48630
82123,919
82124,37484
82125,48489
82126,48630
82127,48629
82128,7290
82129,42084
82130,42084
82131,48245
82132,48633
82133,48635
82134,48372
82135,48635
82136,48636
82137,9640
82138,48225
82139,48636
82140,31756
82141,48618
82142,48589
82143,48325
82144,48622
82145,48637
82146,28671
82147,48595
82148,48325
82149,35907
82150,48238
82151,48638
82152,48642
82153,48648
82154,48645
82155,42808
82156,48649
82157,4370
82158,42884
82159,48650
82160,35003
82161,48650
82162,48652
82163,29390
82164,46643
82165,10119
82166,22452
82167,43889
82168,48651
82169,35150
82170,48653
82171,48655
82172,45242
82173,48654
82174,48656
82175,48652
82176,48658
82177,25938
82178,48096
82179,48661
82180,589
82181,48653
82182,48578
82183,48664
82184,17192
82185,48618
82186,46645
82187,31973
82188,34790
82189,42025
82190,42884
82191,48659
82192,14616
82193,48667
82194,48666
82195,48669
82196,48669
82197,45978
82198,31523
82199,48270
82200,2072
82201,37236
82202,48584
82203,48629
82204,48651
82205,42848
82206,183
82207,13950
82208,16926
82209,48651
82210,48682
82211,48678
82212,48680
82213,14188
82214,48687
82215,48685
82216,35003
82217,37480
82218,48287
82219,7025
82220,43681
82221,48661
82222,22452
82223,48599
82224,48688
82225,2817
82226,18145
82227,28136
82228,34949
82229,48671
82230,18145
82231,18145
82232,3572
82233,48691
82234,48148
82235,48638
82236,48695
82237,32018
82238,48694
82239,22062
82240,48679
82241,48697
82242,46697
82243,48696
82244,48697
82245,48696
82246,28529
82247,48702
82248,7515
82249,37661
82250,5405
82251,3591
82252,48704
82253,27099
82254,23737
82255,48306
82256,48307
82257,16596
82258,28791
82259,48706
82260,48637
82261,48705
82262,48706
82263,48648
82264,48584
82265,48704
82266,4903
82267,27102
82268,48709
82269,167
82270,48688
82271,2816
82272,44645
82273,5773
82274,16538
82275,20637
82276,48712
82277,48711
82278,29327
82279,48707
82280,48654
82281,8226
82282,30815
82283,45747
82284,9760
82285,6096
82286,48722
82287,27813
82288,46321
82289,44746
82290,44746
82291,48372
82292,48324
82293,1443
82294,4470
82295,48727
82296,4829
82297,36771
82298,48332
82299,48730
82300,16832
82301,46523
82302,14305
82303,46169
82304,2970
82305,48679
82306,686
82307,28746
82308,48736
82309,24093
82310,1191
82311,48343
82312,17754
82313,43681
82314,48742
82315,183
82316,48743
82317,48741
82318,48729
82319,48742
82320,36771
82321,48724
82322,48741
82323,172
82324,48738
82325,48741
82326,930
82327,48729
82328,48729
82329,159
82330,42808
82331,48746
82332,48748
82333,44903
82334,44903
82335,48731
82336,48747
82337,43805
82338,48741
82339,3577
82340,11013
82341,48578
82342,28746
82343,48751
82344,43805
82345,48752
82346,48426
82347,48754
82348,48754
82349,46925
82350,46925
82351,48727
82352,36771
82353,34670
82354,13950
82355,37661
82356,261
82357,20616
82358,1307
82359,48696
82360,48487
82361,48277
82362,48277
82363,48762
82364,9483
82365,48755
82366,48368
82367,48751
82368,48325
82369,48763
82370,28746
82371,48766
82372,48372
82373,29288
82374,27142
82375,35003
82376,35003
82377,48764
82378,48755
82379,7215
82380,48769
82381,6861
82382,45605
82383,46134
82384,40946
82385,977
82386,48377
82387,48378
82388,4856
82389,4856
82390,48773
82391,26567
82392,48775
82393,27158
82394,48383
82395,315
82396,48777
82397,48777
82398,11958
82399,48386
82400,48062
82401,41800
82402,41800
82403,48731
82404,48757
82405,48725
82406,44821
82407,36229
82408,48780
82409,6479
82410,10044
82411,48781
82412,44458
82413,48769
82414,26567
82415,48778
82416,603
82417,8286
82418,603
82419,26121
82420,31275
82421,48370
82422,603
82423,48787
82424,11887
82425,46199
82426,48788
82427,48763
82428,44023
82429,48790
82430,48259
82431,48259
82432,37226
82433,12147
82434,20227
82435,48791
82436,48791
82437,9964
82438,32312
82439,25224
82440,7008
82441,48453
82442,6281
82443,9975
82444,48798
82445,40952
82446,27319
82447,46711
82448,46711
82449,44660
82450,48799
82451,6327
82452,35288
82453,43188
82454,45861
82455,919
82456,44077
82457,20775
82458,20775
82459,48639
82460,28746
82461,7224
82462,32346
82463,48639
82464,44764
82465,1540
82466,46489
82467,34993
82468,10996
82469,48803
82470,48581
82471,48581
82472,48426
82473,8580
82474,48808
82475,2704
82476,3277
82477,42288
82478,26054
82479,19676
82480,48538
82481,7918
82482,48809
82483,48538
82484,20775
82485,48806
82486,16939
82487,48814
82488,48430
82489,37866
82490,48581
82491,25675
82492,48820
82493,48493
82494,48821
82495,17186
82496,334
82497,1977
82498,48822
82499,48826
82500,7918
82501,48567
82502,45086
82503,48662
82504,48716
82505,48639
82506,1150
82507,43743
82508,48824
82509,13186
82510,48490
82511,48639
82512,9999
82513,6224
82514,46111
82515,46374
82516,46645
82517,48652
82518,48817
82519,1005
82520,8267
82521,48831
82522,686
82523,48444
82524,5750
82525,8515
82526,4716
82527,48619
82528,686
82529,1146
82530,20775
82531,48837
82532,25186
82533,21817
82534,48828
82535,4278
82536,17471
82537,5892
82538,28650
82539,48845
82540,48847
82541,45605
82542,48086
82543,48639
82544,17230
82545,42498
82546,48851
82547,48851
82548,48581
82549,48849
82550,48851
82551,44795
82552,46749
82553,39902
82554,48853
82555,7329
82556,26338
82557,3525
82558,10043
82559,48460
82560,9174
82561,14335
82562,17033
82563,48682
82564,48850
82565,30005
82566,30005
82567,48725
82568,48086
82569,48850
82570,919
82571,42813
82572,42813
82573,48858
82574,48853
82575,21167
82576,48682
82577,48849
82578,44458
82579,48863
82580,4705
82581,27680
82582,48267
82583,48468
82584,44965
82585,44965
82586,48639
82587,21167
82588,48739
82589,48871
82590,7290
82591,20131
82592,8076
82593,37743
82594,4454
82595,48871
82596,10930
82597,13107
82598,18075
82599,35099
82600,48879
82601,48883
82602,20775
82603,48142
82604,48067
82605,48885
82606,40946
82607,48825
82608,46368
82609,16765
82610,40188
82611,48280
82612,31524
82613,48469
82614,48892
82615,48309
82616,48492
82617,48559
82618,12482
82619,48896
82620,48899
82621,10872
82622,2339
82623,48894
82624,37686
82625,48894
82626,3762
82627,48903
82628,14640
82629,37188
82630,48905
82631,35873
82632,27779
82633,48739
82634,30623
82635,48711
82636,35332
82637,48811
82638,11863
82639,44063
82640,41781
82641,40946
82642,48811
82643,30586
82644,41020
82645,48436
82646,48893
82647,48916
82648,48916
82649,48511
82650,4087
82651,46522
82652,48885
82653,48885
82654,21928
82655,48916
82656,41847
82657,17195
82658,11522
82659,48925
82660,19762
82661,48925
82662,26701
82663,7411
82664,48931
82665,28415
82666,29617
82667,13317
82668,9246
82669,2293
82670,7556
82671,14125
82672,48932
82673,27779
82674,48893
82675,48932
82676,30091
82677,35076
82678,48932
82679,16922
82680,4608
82681,20820
82682,48921
82683,48927
82684,48787
82685,20370
82686,48937
82687,48766
82688,48944
82689,48944
82690,4505
82691,25864
82692,183
82693,48342
82694,48939
82695,27260
82696,48949
82697,6967
82698,19776
82699,32470
82700,46134
82701,4253
82702,14244
82703,37188
82704,44764
82705,6879
82706,41838
82707,48939
82708,48549
82709,48953
82710,27590
82711,37499
82712,13047
82713,30453
82714,48954
82715,48787
82716,16596
82717,48666
82718,48957
82719,48957
82720,32470
82721,4754
82722,46819
82723,48559
82724,48960
82725,2126
82726,48487
82727,48487
82728,12705
82729,5750
82730,37743
82731,14154
82732,39796
82733,48562
82734,48969
82735,48653
82736,5750
82737,48972
82738,48460
82739,48460
82740,37743
82741,27276
82742,48973
82743,48975
82744,30586
82745,46522
82746,48829
82747,48977
82748,40513
82749,23891
82750,48977
82751,39556
82752,13562
82753,48957
82754,48949
82755,656
82756,48961
82757,48983
82758,11887
82759,39570
82760,48924
82761,48086
82762,48985
82763,36229
82764,27779
82765,40952
82766,42134
82767,42134
82768,42134
82769,48990
82770,12565
82771,48342
82772,48979
82773,36630
82774,529
82775,14434
82776,48590
82777,48594
82778,2970
82779,46925
82780,48994
82781,1935
82782,19762
82783,48957
82784,28225
82785,805
82786,25495
82787,20817
82788,11944
82789,2040
82790,48996
82791,14557
82792,14529
82793,22318
82794,48559
82795,523
82796,48639
82797,83
82798,30351
82799,41953
82800,14640
82801,48746
82802,48746
82803,27779
82804,364
82805,19762
82806,48563
82807,19762
82808,21967
82809,20148
82810,44513
82811,48602
82812,48615
82813,5176
82814,2817
82815,45338
82816,48985
82817,11492
82818,37148
82819,26338
82820,49008
82821,49003
82822,3432
82823,49012
82824,27217
82825,27217
82826,48623
82827,8336
82828,24457
82829,46097
82830,48113
82831,49021
82832,46092
82833,49012
82834,25601
82835,24327
82836,48683
82837,49000
82838,13684
82839,49026
82840,49027
82841,49026
82842,49027
82843,29183
82844,49020
82845,48979
82846,19918
82847,49030
82848,7964
82849,48244
82850,46823
82851,12492
82852,3298
82853,49015
82854,49034
82855,49030
82856,42134
82857,32036
82858,179
82859,49037
82860,21167
82861,49035
82862,49032
82863,46115
82864,48894
82865,49034
82866,37480
82867,5419
82868,32217
82869,196
82870,32001
82871,49045
82872,36144
82873,16032
82874,36227
82875,48766
82876,49010
82877,49047
82878,49050
82879,29600
82880,12492
82881,15980
82882,4253
82883,49052
82884,4173
82885,46053
82886,46134
82887,36144
82888,49055
82889,13128
82890,11405
82891,45274
82892,48659
82893,27330
82894,19762
82895,8165
82896,42884
82897,49064
82898,48985
82899,49060
82900,49060
82901,48549
82902,44660
82903,48549
82904,41564
82905,48467
82906,6348
82907,48747
82908,8226
82909,7397
82910,956
82911,219
82912,49011
82913,49072
82914,956
82915,31052
82916,49072
82917,8226
82918,25212
82919,49075
82920,30206
82921,36229
82922,49075
82923,49077
82924,49084
82925,27342
82926,27779
82927,31052
82928,49076
82929,43721
82930,20929
82931,49093
82932,49090
82933,40268
82934,49086
82935,49097
82936,35288
82937,49095
82938,49097
82939,49092
82940,49088
82941,47963
82942,10776
82943,49066
82944,7555
82945,28746
82946,48728
82947,49030
82948,45274
82949,49103
82950,41386
82951,49030
82952,49034
82953,7339
82954,48751
82955,48984
82956,46768
82957,30050
82958,8676
82959,45412
82960,3897
82961,36144
82962,8676
82963,48710
82964,42410
82965,40242
82966,49072
82967,48775
82968,36447
82969,49122
82970,36447
82971,49093
82972,49115
82973,48973
82974,26490
82975,12265
82976,49121
82977,49093
82978,48907
82979,49093
82980,49125
82981,48766
82982,46726
82983,2485
82984,26384
82985,7397
82986,16887
82987,2392
82988,48073
82989,49130
82990,43365
82991,5536
82992,36797
82993,49085
82994,46749
82995,49132
82996,46749
82997,49132
82998,32049
82999,27381
83000,49085
83001,36229
83002,11522
83003,49133
83004,49134
83005,36755
83006,6428
83007,44949
83008,49114
83009,48288
83010,49137
83011,28080
83012,49105
83013,49138
83014,49135
83015,12147
83016,32018
83017,442
83018,40036
83019,16206
83020,6579
83021,49144
83022,26567
83023,46416
83024,48599
83025,49086
83026,49145
83027,1512
83028,49145
83029,49145
83030,28644
83031,49152
83032,49072
83033,41146
83034,1048
83035,27403
83036,48704
83037,49154
83038,49016
83039,28746
83040,49016
83041,49157
83042,12258
83043,14062
83044,49161
83045,6355
83046,29770
83047,29770
83048,36915
83049,37188
83050,48696
83051,48758
83052,49140
83053,28986
83054,8507
83055,48766
83056,49165
83057,42891
83058,49166
83059,17230
83060,49166
83061,17230
83062,48767
83063,49025
83064,11896
83065,49010
83066,22392
83067,29770
83068,28746
83069,28746
83070,27433
83071,919
83072,49171
83073,48855
83074,27435
83075,12603
83076,16663
83077,17028
83078,35733
83079,45720
83080,49173
83081,49173
83082,49166
83083,49174
83084,49176
83085,49174
83086,49176
83087,49177
83088,49177
83089,26205
83090,49105
83091,49182
83092,5755
83093,49152
83094,26041
83095,49171
83096,37673
83097,49161
83098,28986
83099,21361
83100,27403
83101,44269
83102,10675
83103,36428
83104,14188
83105,36428
83106,41564
83107,4238
83108,38227
83109,28746
83110,46768
83111,46768
83112,46097
83113,30658
83114,90
83115,49093
83116,930
83117,9440
83118,49195
83119,49195
83120,49202
83121,9397
83122,48790
83123,16244
83124,805
83125,919
83126,49157
83127,401
83128,12701
83129,46097
83130,42121
83131,49203
83132,49203
83133,11867
83134,45580
83135,49147
83136,36229
83137,19762
83138,48734
83139,49207
83140,49212
83141,31844
83142,49212
83143,6539
83144,49090
83145,49214
83146,10231
83147,49217
83148,49217
83149,28150
83150,48806
83151,49218
83152,46097
83153,49220
83154,49222
83155,2116
83156,49223
83157,12318
83158,805
83159,49224
83160,7290
83161,49193
83162,48814
83163,48812
83164,9789
83165,46199
83166,46457
83167,44478
83168,9789
83169,49231
83170,49232
83171,48757
83172,35394
83173,49220
83174,48820
83175,49246
83176,49246
83177,16709
83178,49247
83179,45372
83180,48932
83181,49174
83182,45372
83183,43487
83184,26338
83185,11887
83186,12307
83187,49246
83188,14501
83189,46648
83190,48982
83191,5234
83192,46749
83193,48654
83194,49208
83195,667
83196,1739
83197,49256
83198,49258
83199,49234
83200,44447
83201,49257
83202,49257
83203,49257
83204,30586
83205,12329
83206,8515
83207,10488
83208,4521
83209,49226
83210,49266
83211,26032
83212,49266
83213,45372
83214,48828
83215,49269
83216,45372
83217,28774
83218,48847
83219,45372
83220,48059
83221,8297
83222,41307
83223,49270
83224,14188
83225,49265
83226,17276
83227,49270
83228,22392
83229,737
83230,42541
83231,23801
83232,28218
83233,44269
83234,5323
83235,5323
83236,46416
83237,48309
83238,20943
83239,49212
83240,13889
83241,43106
83242,49282
83243,49279
83244,10227
83245,49241
83246,48766
83247,10210
83248,49212
83249,4812
83250,49286
83252,6664
83253,44949
83254,49290
83255,6594
83256,8770
83257,5325
83259,1739
83260,29690
83261,49287
83262,32472
83263,48876
83264,45372
83265,46609
83266,26018
83267,49296
83268,49296
83269,49293
83270,48880
83271,48881
83272,439
83273,14143
83274,7550
83275,45372
83276,3077
83277,48680
83278,805
83279,42062
83280,48094
83281,27495
83282,42632
83283,48887
83284,38227
83285,26338
83286,805
83287,49302
83288,49302
83289,48889
83290,4055
83291,38133
83292,805
83293,12483
83294,21842
83295,36713
83296,36229
83297,49306
83298,49309
83299,48897
83300,6968
83301,42952
83302,49305
83303,37686
83304,49312
83305,253
83306,49042
83307,49299
83308,609
83310,39582
83311,5387
83312,3604
83313,19744
83314,15979
83315,49286
83316,43163
83317,1422
83318,49322
83319,1106
83320,48831
83321,48309
83322,25032
83323,49325
83324,49090
83325,24169
83326,49327
83327,37542
83328,37533
83329,35881
83330,16152
83331,5631
83332,35881
83333,37542
83334,49277
83335,44969
83336,14154
83337,49287
83338,49325
83339,44969
83340,49327
83341,49335
83342,9007
83343,10322
83344,24617
83345,48924
83346,28746
83347,44969
83348,7910
83349,6558
83350,48563
83351,49017
83352,48994
83353,2126
83354,35881
83355,49338
83356,46830
83357,14640
83358,1118
83359,5256
83360,49212
83361,49342
83362,49343
83363,6971
83364,40390
83365,49343
83366,45157
83367,49343
83368,8114
83369,7248
83370,49316
83371,2091
83372,43790
83373,49316
83374,49350
83375,49354
83376,41810
83377,930
83378,25260
83379,49306
83380,37542
83381,49130
83382,41810
83383,30368
83384,49363
83385,49310
83386,49360
83387,253
83388,48968
83389,20449
83390,49205
83391,49366
83392,35881
83393,49368
83394,49290
83395,1011
83396,19691
83397,45802
83398,49370
83399,49364
83400,805
83401,30623
83402,49370
83403,49379
83404,49238
83405,29558
83406,46630
83407,45985
83408,44368
83409,40390
83410,24668
83411,20898
83412,24001
83413,49358
83414,49299
83415,2488
83416,4370
83417,30836
83418,30836
83419,5137
83420,7918
83421,8114
83422,46522
83423,5
83424,6
83425,8
83426,22
83427,25
83428,26
83429,30
83430,36
83431,52
83432,59
83433,71
83434,74
83435,82
83436,88
83437,101
83438,114
83439,144
83440,159
83441,168
83442,172
83443,175
83444,179
83445,183
83446,190
83447,196
83448,198
83449,199
83450,217
83451,221
83452,223
83453,226
83454,230
83455,253
83456,261
83457,264
83458,266
83459,273
83460,287
83461,315
83462,333
83463,339
83464,364
83465,386
83466,401
83467,439
83468,442
83469,511
83470,529
83471,539
83472,557
83473,559
83474,561
83475,569
83476,582
83477,588
83478,601
83479,603
83480,608
83481,609
83482,634
83483,666
83484,686
83485,704
83486,740
83487,741
83488,749
83489,776
83490,778
83491,795
83492,805
83493,827
83494,834
83495,840
83496,845
83497,847
83498,858
83499,862
83500,870
83501,887
83502,900
83503,930
83504,966
83505,976
83506,977
83507,988
83508,994
83509,996
83510,1005
83511,1007
83512,1026
83513,1036
83514,1048
83515,1084
83516,1098
83517,1106
83518,1118
83519,1124
83520,1126
83521,1144
83522,1146
83523,1150
83524,1154
83525,1195
83526,1205
83527,1219
83528,1224
83529,1250
83530,1291
83531,1307
83532,1320
83533,1327
83534,1329
83535,1347
83536,1351
83537,1356
83538,1371
83539,1378
83540,1381
83541,1390
83542,1393
83543,1434
83544,1443
83545,1445
83546,1496
83547,1513
83548,1514
83549,1531
83550,1540
83551,1569
83552,1636
83553,1643
83554,1663
83555,1679
83556,1709
83557,1720
83558,1737
83559,1763
83560,1764
83561,1818
83562,1831
83563,1834
83564,1871
83565,1913
83566,1973
83567,1977
83568,1991
83569,2025
83570,2040
83571,2046
83572,2063
83573,2073
83574,2091
83575,2113
83576,2116
83577,2148
83578,2164
83579,2170
83580,2221
83581,2251
83582,2252
83583,2260
83584,2294
83585,2310
83586,2322
83587,2325
83588,2387
83589,2392
83590,2403
83591,2405
83592,2407
83593,2425
83594,2485
83595,2488
83596,2513
83597,2526
83598,2566
83599,2635
83600,2660
83601,2665
83602,2669
83603,2676
83604,2704
83605,2719
83606,2728
83607,2750
83608,2772
83609,2798
83610,2817
83611,2820
83612,2824
83613,2830
83614,2849
83615,2860
83616,2885
83617,2912
83618,2914
83619,2921
83620,2942
83621,2956
83622,3014
83623,3019
83624,3025
83625,3026
83626,3040
83627,3052
83628,3077
83629,3098
83630,3125
83631,3136
83632,3172
83633,3184
83634,3262
83635,3269
83636,3270
83637,3277
83638,3280
83639,3301
83640,3309
83641,3310
83642,3333
83643,3376
83644,3401
83645,3406
83646,3432
83647,3443
83648,3485
83649,3488
83650,3525
83651,3541
83652,3567
83653,3572
83654,3577
83655,3591
83656,3671
83657,3693
83658,3699
83659,3700
83660,3722
83661,3748
83662,3794
83663,3812
83664,3826
83665,3830
83666,3835
83667,3856
83668,3897
83669,3899
83670,3903
83671,3984
83672,4011
83673,4045
83674,4048
83675,4054
83676,4083
83677,4110
83678,4127
83679,4238
83680,4278
83681,4286
83682,4290
83683,4319
83684,4337
83685,4370
83686,4426
83687,4496
83688,4498
83689,4556
83690,4559
83691,4564
83692,4581
83693,4673
83694,4679
83695,4701
83696,4705
83697,4733
83698,4751
83699,4754
83700,4764
83701,4769
83702,4810
83703,4812
83704,4829
83705,4843
83706,4856
83707,4862
83708,4864
83709,4872
83710,4903
83711,4916
83712,4955
83713,4966
83714,5027
83715,5111
83716,5176
83717,5191
83718,5221
83719,5226
83720,5264
83721,5280
83722,5321
83723,5339
83724,5351
83725,5404
83726,5405
83727,5407
83728,5429
83729,5464
83730,5471
83731,5480
83732,5509
83733,5536
83734,5546
83735,5618
83736,5635
83737,5676
83738,5738
83739,5739
83740,5754
83741,5755
83742,5781
83743,5795
83744,5836
83745,5837
83746,5864
83747,5902
83748,5946
83749,6000
83750,6003
83751,6015
83752,6056
83753,6072
83754,6082
83755,6096
83756,6103
83757,6146
83758,6169
83759,6178
83760,6245
83761,6281
83762,6329
83763,6355
83764,6412
83765,6432
83766,6434
83767,6446
83768,6479
83769,6489
83770,6534
83771,6547
83772,6552
83773,6577
83774,6624
83775,6637
83776,6649
83777,6666
83778,6720
83779,6723
83780,6834
83781,6844
83782,6867
83783,6877
83784,6884
83785,6897
83786,6920
83787,6946
83788,6961
83789,7025
83790,7064
83791,7071
83792,7194
83793,7244
83794,7259
83795,7290
83796,7329
83797,7339
83798,7344
83799,7365
83800,7397
83801,7411
83802,7417
83803,7420
83804,7421
83805,7482
83806,7486
83807,7534
83808,7556
83809,7616
83810,7667
83811,7734
83812,7787
83813,7795
83814,7802
83815,7870
83816,7883
83817,7918
83818,7928
83819,7945
83820,7964
83821,7968
83822,7972
83823,8006
83824,8013
83825,8067
83826,8086
83827,8089
83828,8101
83829,8109
83830,8112
83831,8114
83832,8116
83833,8137
83834,8196
83835,8207
83836,8287
83837,8289
83838,8320
83839,8333
83840,8361
83841,8402
83842,8469
83843,8515
83844,8562
83845,8590
83846,8595
83847,8605
83848,8653
83849,8662
83850,8686
83851,8694
83852,8724
83853,8807
83854,8809
83855,8849
83856,8881
83857,8927
83858,9007
83859,9013
83860,9141
83861,9146
83862,9162
83863,9169
83864,9171
83865,9174
83866,9201
83867,9203
83868,9216
83869,9217
83870,9244
83871,9251
83872,9253
83873,9326
83874,9342
83875,9343
83876,9405
83877,9426
83878,9437
83879,9495
83880,9546
83881,9571
83882,9576
83883,9649
83884,9671
83885,9677
83886,9680
83887,9728
83888,9816
83889,9887
83890,9973
83891,10017
83892,10026
83893,10028
83894,10064
83895,10069
83896,10106
83897,10117
83898,10119
83899,10164
83900,10217
83901,10227
83902,10266
83903,10322
83904,10354
83905,10389
83906,10416
83907,10488
83908,10507
83909,10515
83910,10598
83911,10669
83912,10675
83913,10688
83914,10747
83915,10749
83916,10760
83917,10767
83918,10776
83919,10829
83920,10841
83921,10849
83922,10876
83923,10914
83924,10963
83925,11013
83926,11030
83927,11060
83928,11090
83929,11091
83930,11116
83931,11192
83932,11242
83933,11272
83934,11279
83935,11314
83936,11342
83937,11355
83938,11384
83939,11405
83940,11408
83941,11409
83942,11411
83943,11475
83944,11496
83945,11511
83946,11623
83947,11634
83948,11691
83949,11697
83950,11700
83951,11748
83952,11832
83953,11867
83954,11875
83955,11941
83956,11944
83957,12005
83958,12083
83959,12086
83960,12096
83961,12106
83962,12147
83963,12245
83964,12275
83965,12287
83966,12347
83967,12365
83968,12446
83969,12481
83970,12486
83971,12492
83972,12540
83973,12551
83974,12566
83975,12603
83976,12626
83977,12647
83978,12737
83979,12750
83980,12786
83981,12923
83982,13002
83983,13022
83984,13038
83985,13090
83986,13107
83987,13154
83988,13177
83989,13212
83990,13378
83991,13389
83992,13402
83993,13432
83994,13467
83995,13516
83996,13525
83997,13526
83998,13538
83999,13561
84000,13565
84001,13587
84002,13624
84003,13634
84004,13636
84005,13690
84006,13702
84007,13799
84008,13902
84009,13915
84010,13955
84011,13987
84012,14104
84013,14125
84014,14131
84015,14137
84016,14156
84017,14163
84018,14188
84019,14216
84020,14284
84021,14289
84022,14346
84023,14434
84024,14525
84025,14556
84026,14650
84027,14653
84028,14699
84029,14730
84030,14731
84031,14803
84032,14826
84033,14836
84034,14843
84035,15921
84036,15949
84037,15978
84038,16049
84039,16127
84040,16175
84041,16204
84042,16319
84043,16362
84044,16496
84045,16527
84046,16534
84047,16542
84048,16557
84049,16574
84050,16596
84051,16612
84052,16811
84053,16837
84054,16843
84055,16859
84056,16949
84057,17017
84058,17025
84059,17042
84060,17046
84061,17072
84062,17107
84063,17112
84064,17124
84065,17140
84066,17192
84067,17296
84068,17359
84069,17459
84070,17590
84071,17661
84072,17748
84073,17801
84074,17812
84075,17858
84076,17913
84077,18098
84078,18202
84079,18244
84080,18268
84081,18334
84082,18492
84083,18493
84084,18615
84085,19657
84086,19744
84087,19788
84088,19814
84089,19848
84090,20009
84091,20015
84092,20016
84093,20093
84094,20112
84095,20148
84096,20211
84097,20327
84098,20344
84099,20363
84100,20395
84101,20556
84102,20563
84103,20598
84104,20709
84105,20735
84106,20778
84107,20780
84108,20793
84109,20898
84110,20980
84111,21031
84112,21054
84113,21071
84114,21072
84115,21104
84116,21186
84117,21471
84118,21521
84119,21720
84120,21840
84121,21919
84122,21971
84123,21998
84124,22022
84125,22048
84126,22088
84127,22100
84128,22119
84129,22314
84130,22356
84131,22392
84132,22407
84133,22452
84134,22518
84135,22571
84136,23681
84137,23783
84138,23840
84139,23891
84140,23956
84141,24097
84142,24230
84143,24238
84144,24423
84145,24515
84146,24566
84147,24848
84148,25074
84149,25133
84150,25184
84151,25259
84152,25316
84153,25386
84154,25392
84155,25672
84156,25675
84157,25739
84158,25814
84159,25944
84160,25973
84161,26105
84162,26140
84163,26267
84164,26323
84165,26352
84166,26435
84167,26471
84168,26564
84169,26640
84170,26658
84171,26802
84172,26886
84173,26950
84174,27158
84175,27213
84176,27383
84177,27400
84178,27418
84179,27433
84180,27588
84181,27779
84182,27813
84183,27838
84184,28053
84185,28183
84186,28218
84187,28309
84188,28315
84189,28363
84190,28472
84191,28524
84192,28666
84193,28740
84194,28746
84195,28835
84196,28940
84197,29021
84198,29068
84199,29109
84200,29137
84201,29171
84202,29183
84203,29537
84204,29600
84205,29612
84206,29640
84207,29825
84208,29911
84209,30192
84210,30201
84211,30308
84212,30331
84213,30356
84214,30438
84215,30490
84216,30494
84217,30503
84218,30540
84219,30557
84220,30589
84221,30613
84222,30623
84223,30701
84224,30761
84225,30951
84226,31104
84227,31152
84228,31160
84229,31188
84230,31221
84231,31231
84232,31334
84233,31420
84234,31466
84235,31474
84236,31611
84237,31632
84238,31661
84239,31672
84240,32047
84241,32089
84242,32115
84243,32181
84244,32397
84245,32504
84246,34817
84247,35001
84248,35026
84249,35286
84250,35370
84251,35572
84252,35575
84253,35736
84254,36303
84255,36462
84256,36465
84257,36540
84258,36564
84259,36575
84260,36680
84261,36738
84262,36804
84263,37439
84264,37632
84265,37743
84266,37976
84267,38348
84268,40023
84269,40104
84270,40114
84271,40120
84272,40124
84273,40183
84274,40575
84275,40761
84276,40946
84277,41307
84278,42029
84279,42170
84280,43163
84281,43338
84282,43560
84283,43653
84284,44023
84285,44086
84286,44163
84287,44269
84288,44760
84289,44795
84290,45005
84291,45941
84292,183
84293,196
84294,253
84295,364
84296,588
84297,603
84298,795
84299,1005
84300,1106
84301,1381
84302,2040
84303,2164
84304,2310
84305,2798
84306,2817
84307,3269
84308,3310
84309,3903
84310,4496
84311,5405
84312,5509
84313,5836
84314,6096
84315,8402
84316,9007
84317,9162
84318,12492
84319,12603
84320,13634
84321,31420
84322,1005
84323,49386
84324,36003
84325,159
84326,49335
84327,27556
84328,49389
84329,44027
84330,7459
84331,30836
84332,30836
84333,48995
84334,686
84335,45985
84336,4344
84337,44831
84338,49271
84339,42090
84340,45985
84341,4084
84342,49393
84343,49394
84344,12690
84345,40242
84346,30451
84347,49393
84348,442
84349,17033
84350,49130
84351,4703
84352,49368
84353,32438
84354,49397
84355,49004
84356,9342
84357,49394
84358,11192
84359,7244
84360,46925
84361,49403
84362,49400
84363,8800
84364,48931
84365,12359
84366,43106
84367,39609
84368,49015
84369,5264
84370,13438
84371,30310
84372,36229
84373,29770
84374,32438
84375,40785
84376,49410
84377,20917
84378,40252
84379,251
84380,40785
84381,48778
84382,26567
84383,48766
84384,49421
84385,11030
84386,49418
84387,48825
84388,29558
84389,13173
84390,49035
84391,49036
84392,32190
84393,5161
84394,29020
84395,37469
84396,49422
84397,49426
84398,23771
84399,46522
84400,29062
84401,46179
84402,49417
84403,48980
84404,49430
84405,28940
84406,25739
84407,45985
84408,49042
84409,34993
84410,34993
84411,27433
84412,49426
84413,37627
84414,49045
84415,46179
84416,27581
84417,5594
84418,253
84419,49427
84420,49418
84421,12562
84422,48973
84423,1939
84424,4703
84425,9281
84426,11302
84427,4600
84428,49437
84429,49424
84430,48973
84431,42810
84432,49410
84433,805
84434,46483
84435,30630
84436,1005
84437,4959
84438,38229
84439,27383
84440,49437
84441,7244
84442,49440
84443,49447
84444,49447
84445,49448
84446,48148
84447,31017
84448,46253
84449,40952
84450,49063
84451,30201
84452,49445
84453,49448
84454,49449
84455,49441
84456,44965
84457,46253
84458,8116
84459,46253
84460,49451
84461,44027
84462,48923
84463,44601
84464,46253
84465,196
84466,4754
84467,49468
84468,88
84469,49459
84470,49473
84471,49473
84472,49458
84473,49470
84474,45725
84475,49471
84476,28670
84477,49271
84478,49472
84479,49084
84480,49468
84481,5397
84482,20517
84483,49091
84484,49477
84485,37860
84486,12031
84487,49092
84488,49480
84489,49441
84490,40785
84491,2310
84492,19731
84493,9222
84494,48878
84495,442
84496,49486
84497,5331
84498,48148
84499,37998
84500,49487
84501,43889
84502,49493
84503,49491
84504,49491
84505,49491
84506,48548
84507,22452
84508,30244
84509,37540
84510,41
84511,43955
84512,37540
84513,49110
84514,48639
84515,43560
84516,49497
84517,49229
84518,49496
84519,48071
84520,88
84521,49500
84522,49494
84523,16098
84524,16098
84525,5280
84526,930
84527,16227
84528,5705
84529,49279
84530,39511
84531,48032
84532,4253
84533,37244
84534,46253
84535,3525
84536,32438
84537,1627
84538,29242
84539,49471
84540,49460
84541,49471
84542,49513
84543,603
84544,49458
84545,49458
84546,48773
84547,49513
84548,4862
84549,603
84550,49512
84551,49458
84552,49512
84553,12502
84554,49520
84555,48745
84556,49523
84557,20742
84558,10636
84559,48745
84560,49525
84561,8297
84562,9342
84563,49526
84564,26338
84565,46726
84566,36303
84567,48474
84568,10210
84569,49148
84570,31421
84571,49152
84572,49534
84573,5288
84574,49538
84575,38421
84576,49522
84577,805
84578,49534
84579,9224
84580,49541
84581,49543
84582,49491
84583,27658
84584,44731
84585,5487
84586,49534
84587,5289
84588,49539
84589,49538
84590,49548
84591,17446
84592,273
84593,22148
84594,22148
84595,49549
84596,49550
84597,4769
84598,49504
84599,327
84600,49555
84601,49504
84602,49548
84603,49541
84604,7397
84605,49504
84606,32061
84607,46753
84608,49427
84609,49358
84610,49560
84611,49560
84612,49554
84613,37975
84614,9344
84615,37723
84616,12431
84617,9887
84618,48629
84619,49567
84620,49554
84621,41810
84622,49183
84623,12436
84624,44969
84625,6907
84626,49190
84627,46925
84628,16623
84629,27693
84630,49567
84631,805
84632,13910
84633,41810
84634,221
84635,16623
84636,196
84637,49572
84638,49573
84639,49194
84640,44611
84641,6637
84642,49200
84643,42521
84644,49576
84645,49577
84646,49577
84647,49290
84648,45248
84649,569
84650,49581
84651,743
84652,49553
84653,49290
84654,29355
84655,49583
84656,21961
84657,20812
84658,41450
84659,49587
84660,919
84661,49590
84662,49591
84663,6793
84664,49593
84665,253
84666,919
84667,49214
84668,49583
84669,49583
84670,27418
84671,46228
84672,49600
84673,49598
84674,37975
84675,805
84676,49598
84677,49603
84678,2632
84679,49576
84680,49604
84681,49585
84682,5509
84683,30516
84684,49397
84685,41450
84686,24626
84687,49607
84688,49607
84689,11236
84690,22468
84691,41047
84692,21918
84693,40785
84694,52
84695,36229
84696,49193
84697,49227
84698,6248
84699,49613
84700,49587
84701,49603
84702,20839
84703,49100
84704,49100
84705,48084
84706,25962
84707,49583
84708,805
84709,49617
84710,49397
84711,49397
84712,44795
84713,48554
84714,48757
84715,49274
84716,49623
84717,1007
84718,10683
84719,13680
84720,49248
84721,24626
84722,49253
84723,1121
84724,49628
84725,49619
84726,20839
84727,48982
84728,49254
84729,805
84730,1700
84731,48636
84732,49585
84733,22468
84734,49638
84735,49626
84736,49638
84737,49471
84738,49643
84739,49638
84740,35753
84741,49644
84742,4507
84743,27949
84744,35753
84745,49637
84746,20845
84747,49260
84748,5121
84749,10100
84750,737
84751,8662
84752,737
84753,737
84754,1522
84755,49599
84756,31052
84757,49593
84758,49653
84759,46228
84760,48785
84761,42262
84762,588
84763,49660
84764,45561
84765,9657
84766,9746
84767,9746
84768,44965
84769,30018
84770,9400
84771,49671
84772,9244
84773,49550
84774,49619
84775,49674
84776,48490
84777,48880
84778,39663
84779,39663
84780,49655
84781,49678
84782,46609
84783,49229
84784,45933
84785,49678
84786,49687
84787,19719
84788,49678
84789,49686
84790,49690
84791,881
84792,15979
84793,49299
84794,46254
84795,45985
84796,49689
84797,45598
84798,49217
84799,49304
84800,49308
84801,49701
84802,8783
84803,49699
84804,307
84805,2645
84806,49699
84807,49704
84808,49203
84809,49306
84810,49709
84811,49705
84812,2252
84813,5244
84814,49709
84815,49711
84816,9466
84817,48785
84818,9671
84819,49719
84820,8078
84821,18086
84822,36447
84823,49716
84824,18566
84825,44458
84826,30925
84827,43926
84828,43926
84829,48653
84830,49720
84831,3269
84832,49720
84833,30557
84834,6597
84835,12540
84836,7151
84837,49726
84838,49726
84839,12536
84840,9336
84841,7835
84842,37929
84843,7785
84844,46925
84845,27765
84846,919
84847,333
84848,49630
84849,6597
84850,37231
84851,44939
84852,45796
84853,44514
84854,49722
84855,48785
84856,49646
84857,49739
84858,49739
84859,49738
84860,2329
84861,49743
84862,28537
84863,28537
84864,49646
84865,4253
84866,10410
84867,42923
84868,27779
84869,43947
84870,49535
84871,49535
84872,40036
84873,49745
84874,49745
84875,48999
84876,49747
84877,49643
84878,49643
84879,44340
84880,1118
84881,25433
84882,10410
84883,10410
84884,49754
84885,13306
84886,49755
84887,49269
84888,49704
84889,41638
84890,49360
84891,18575
84892,49251
84893,49759
84894,8724
84895,49752
84896,8525
84897,46945
84898,48977
84899,27852
84900,49038
84901,49764
84902,44261
84903,29068
84904,49279
84905,44635
84906,9466
84907,12798
84908,49699
84909,49773
84910,44939
84911,4505
84912,49716
84913,49764
84914,49716
84915,27949
84916,37540
84917,887
84918,2817
84919,49777
84920,49779
84921,32036
84922,49777
84923,36622
84924,49781
84925,49780
84926,49778
84927,45927
84928,27812
84929,49379
84930,49787
84931,48395
84932,22000
84933,7380
84934,3262
84935,49647
84936,49787
84937,30682
84938,994
84939,49787
84940,49790
84941,7290
84942,46890
84943,49382
84944,46890
84945,49778
84946,32018
84947,45109
84948,48775
84949,5339
84950,49794
84951,49792
84952,49799
84953,17023
84954,17023
84955,66
84956,28462
84957,49646
84958,66
84959,49804
84960,696
84961,4607
84962,49803
84963,48453
84964,48453
84965,49807
84966,36003
84967,12492
84968,11779
84969,7486
84970,49812
84971,3262
84972,12331
84973,49017
84974,49814
84975,29118
84976,49815
84977,31052
84978,2592
84979,49822
84980,10821
84981,49823
84982,27838
84983,49825
84984,49827
84985,4505
84986,43805
84987,49397
84988,42410
84989,49827
84990,49830
84991,32504
84992,27840
84993,49827
84994,46870
84995,49818
84996,1024
84997,43681
84998,49789
84999,49832
85000,42077
85001,49833
85002,1050
85003,49678
85004,49678
86002,50834
86003,11475
86004,46427
86005,30308
86006,49416
86007,49833
86008,24218
86009,44269
86010,51837
86011,48148
86012,37379
86013,51840
86014,48453
86015,4843
86016,43926
86017,3835
86018,49305
86019,51849
86020,49279
86021,41522
86022,319
86023,32182
86024,22151
86025,51840
86026,50835
86027,51849
86028,51853
86029,49777
86030,8207
86031,48661
86032,44795
86033,2773
86034,49122
86035,561
86036,49122
86037,7244
86038,3262
86039,51842
86040,45876
86041,49690
86042,7795
86043,45876
86044,29149
86045,5836
86046,5836
86047,49360
86048,9680
86049,46228
86050,48453
86051,49446
86052,13456
86053,49823
86054,8587
86055,49823
86056,34623
86057,12518
86058,51870
86059,12521
86060,51867
86061,51873
86062,49828
86063,35614
86064,49646
86065,13104
86066,49071
86067,51870
86068,24789
86069,7425
86070,49271
86071,51860
86072,49646
86073,51882
86074,4267
86075,21478
86076,49460
86077,226
86078,51885
86079,21861
86080,51883
86081,48880
86082,49440
86083,51883
86084,49440
86085,49599
86086,7290
86087,7497
86088,50836
86089,49647
86090,51888
86091,49647
86092,50834
86093,49173
86094,45837
86095,7616
86096,51893
86097,51894
86098,47992
86099,51879
86100,51895
86101,2495
86102,37379
86103,31187
86104,27261
86105,24457
86106,51900
86107,51900
86108,46820
86109,47992
86110,47992
86111,49492
86112,144
86113,11013
86114,49326
86115,51885
86116,40115
86117,51879
86118,51908
86119,49498
86120,603
86121,30784
86122,51902
86123,43926
86124,43926
86125,51909
86126,12540
86127,6856
86128,40036
86129,49507
86130,51886
86131,805
86133,49511
86134,8402
86135,8251
86136,51885
86137,45326
86138,51879
86139,28986
86140,51922
86141,48949
86142,49796
86143,43926
86144,51924
86145,51926
86146,51895
86147,49296
86148,51926
86149,51929
86150,10000
86151,51925
86152,51928
86153,12649
86154,11511
86155,46228
86156,49517
86157,42434
86158,31582
86159,51935
86160,51886
86161,51931
86162,27915
86163,40036
86164,10849
86165,51938
86166,45913
86167,45913
86168,51936
86169,12548
86170,44495
86171,38160
86172,196
86173,42003
86174,51929
86175,37141
86176,38160
86177,37141
86178,40036
86179,17359
86180,51939
86181,21054
86182,686
86183,49528
86184,9405
86185,40571
86186,1909
86187,8413
86188,51947
86189,39871
86190,9330
86191,1909
86192,49521
86193,21961
86194,10231
86195,48148
86196,51945
86197,51952
86198,51952
86199,26338
86200,10385
86201,44341
86202,28729
86203,49811
86204,49811
86205,10231
86206,11421
86207,51842
86208,9384
86209,27213
86210,51960
86211,51960
86212,21051
86213,51960
86214,51960
86215,48827
86216,51963
86217,51954
86218,48931
86219,42521
86220,32343
86221,18086
86222,51964
86223,51966
86224,51968
86225,51966
86226,12334
86227,51973
86228,12331
86229,51964
86230,27965
86231,25212
86232,51972
86233,1618
86234,51970
86235,25699
86236,37119
86237,49561
86238,51972
86239,51941
86240,22148
86241,36771
86242,51978
86243,11984
86244,42927
86245,51980
86246,48931
86247,51980
86248,39702
86249,805
86250,51982
86251,51982
86252,51971
86253,46835
86254,51971
86255,36979
86256,51987
86257,51935
86258,51993
86259,7071
86260,12583
86261,51992
86262,49230
86263,51981
86264,45322
86265,49690
86266,51981
86267,51999
86268,51998
86269,196
86270,49647
86271,52004
86272,52005
86273,49647
86274,45326
86275,52005
86276,43926
86277,43926
86278,43890
86279,42434
86280,46656
86281,46656
86282,32343
86283,51986
86284,8413
86285,52011
86286,9097
86287,52011
86288,52011
86289,7290
86290,36444
86291,49586
86292,2063
86293,28670
86294,52014
86295,52016
86296,49811
86297,49012
86298,51972
86299,22307
86300,41450
86301,39702
86302,7555
86303,39531
86304,6633
86305,41267
86306,52026
86307,52020
86308,52011
86309,48968
86310,49686
86311,42212
86312,52036
86313,48968
86314,51928
86315,45448
86316,52038
86317,10496
86318,41450
86319,48490
86320,52042
86321,12615
86322,52043
86323,52040
86324,42375
86325,42375
86326,48931
86327,52048
86328,52047
86329,49641
86330,20866
86331,8653
86332,25343
86333,13815
86334,26757
86335,52055
86336,52050
86337,12912
86338,12912
86339,17230
86340,20866
86341,52058
86342,52026
86343,52062
86344,24577
86345,52057
86346,49650
86347,52072
86348,42434
86349,52067
86350,442
86351,6961
86352,42567
86353,1939
86354,30446
86355,52073
86356,52063
86357,52073
86358,42434
86359,31403
86360,22390
86361,52077
86362,49660
86363,52060
86364,41810
86365,41810
86366,31304
86367,52080
86368,24514
86369,43750
86370,43569
86371,49666
86372,49744
86373,52085
86374,36922
86375,52089
86376,44603
86377,49398
86378,52022
86379,21736
86380,28893
86381,52072
86382,12258
86383,22311
86384,42434
86385,17661
86386,6206
86387,9428
86388,52026
86389,52092
86390,7138
86391,1436
86392,52088
86393,52088
86394,49677
86395,51947
86396,27693
86397,49628
86398,8226
86399,34738
86400,52024
86401,49296
86402,27658
86403,43750
86404,52022
86405,49494
86406,51992
86407,36312
86408,13879
86409,35269
86410,49195
86411,39543
86412,52057
86413,52105
86414,44727
86415,35398
86416,41420
86417,11148
86418,45876
86419,5228
86420,15979
86421,25360
86422,49311
86423,49691
86424,7570
86425,32139
86426,12536
86427,48661
86428,52060
86429,45876
86430,40501
86431,11325
86432,52107
86433,52120
86434,40501
86435,52117
86436,46039
86437,49712
86438,45598
86439,49714
86440,30630
86441,51931
86442,52122
86443,36312
86444,46638
86445,41583
86446,2921
86447,52022
86448,6072
86449,41583
86450,2669
86451,44027
86452,44635
86453,48494
86454,52129
86455,10619
86456,52132
86457,21551
86458,49446
86459,52073
86460,49722
86461,45939
86462,42923
86463,52063
86464,45939
86465,52137
86466,52138
86467,52007
86468,52069
86469,49726
86470,3277
86471,4805
86472,1077
86473,29740
86474,17749
86475,29740
86476,36922
86477,52022
86478,52145
86479,49611
86480,52007
86481,44618
86482,52149
86483,1739
86484,52151
86485,52151
86486,14896
86487,52050
86488,49334
86489,52101
86490,46890
86491,49742
86492,41988
86493,52139
86494,52154
86495,52151
86496,52151
86497,12061
86498,52155
86499,52133
86500,52020
86501,52086
86502,31582
86503,48745
86504,8091
86505,52157
86506,52159
86507,5291
86508,52073
86509,38228
86510,45745
86511,46522
86512,37140
86513,35269
86514,36850
86515,52164
86516,7246
86517,45469
86518,1443
86519,42434
86520,41638
86521,49611
86522,49611
86523,7311
86524,364
86525,11324
86526,37155
86527,26917
86528,52134
86529,44544
86530,37670
86531,49647
86532,11325
86533,183
86534,43188
86535,52183
86536,52183
86537,52184
86538,48636
86539,52184
86540,52187
86541,52193
86542,43706
86543,52188
86544,41988
86545,28090
86546,43706
86547,52196
86548,45876
86549,25995
86550,43706
86551,18530
86552,18530
86553,52182
86554,805
86555,29065
86556,52198
86557,21562
86558,49786
86559,52094
86560,36915
86561,48492
86562,52122
86563,52094
86564,49611
86565,49794
86566,6648
86567,9055
86568,18163
86569,52203
86570,47984
86572,13669
86573,35280
86574,6552
86575,44269
86576,1762
86577,52208
86578,26361
86579,14649
86580,919
86581,31065
86582,3019
86583,892
86584,21551
86585,31542
86586,52216
86587,5836
86588,52216
86589,4505
86590,31052
86591,52212
86592,49811
86593,51937
86594,8218
86595,42754
86596,52218
86597,5429
86598,52221
86599,52219
86600,52220
86601,24521
86602,52220
86603,20917
86604,32018
86605,39537
86606,43381
86607,52223
86608,26640
86609,35410
86610,43805
86611,45099
86612,52228
86613,40634
86614,52221
86615,49677
86616,49677
86617,52200
86618,39531
86619,52233
86620,11091
86621,45099
86622,4505
86623,52234
86624,52230
86625,52237
86626,52197
86627,52197
86628,51836
86629,52241
86630,35595
86631,35128
86632,52004
86633,37392
86634,14767
86635,12540
86636,17675
86637,28331
86638,52185
86639,22579
86640,27812
86641,51908
86642,51852
86643,51853
86644,52187
86645,46725
86646,52259
86647,36581
86648,52261
86649,52261
86650,52187
86651,52257
86652,49279
86653,51850
86654,48968
86655,52227
86656,52117
86657,52268
86658,49778
86659,36320
86660,51856
86661,30957
86662,52063
86663,52254
86664,11623
86665,52275
86666,6833
86667,52277
86668,52277
86669,52276
86670,43706
86671,52226
86672,52280
86673,52283
86674,52261
86675,41736
86676,3008
86677,52285
86678,49453
86679,13672
86680,31563
86681,13672
86682,52289
86683,52290
86684,51874
86685,10961
86686,52271
86687,52226
86688,43379
86689,52292
86690,52291
86691,51948
86692,52293
86693,52273
86694,36728
86695,51880
86696,48579
86697,52041
86698,52249
86699,42986
86700,52296
86701,49359
86702,43379
86703,52195
86704,52293
86705,52273
86706,52302
86707,36581
86708,2798
86709,52086
86710,51908
86711,43204
86712,43204
86713,48931
86714,46139
86715,52304
86716,43392
86717,52234
86718,52234
86719,49677
86720,23622
86721,35269
86722,52307
86723,46139
86724,43805
86726,52303
86727,51991
86728,17359
86729,19762
86730,29500
86731,43392
86732,52293
86733,49453
86734,49453
86735,35614
86737,51991
86738,21687
86739,52088
86740,52107
86741,41773
86742,49677
86743,39974
86744,52280
86745,48364
86746,48561
86747,52315
86748,48364
86749,48364
86750,52248
86751,52279
86752,52248
86753,13953
86754,25843
86755,52253
86756,27825
86757,52308
86758,52253
86759,10749
86760,10719
86761,30763
86762,52198
86763,51927
86764,24024
86765,52276
86766,51919
86767,52187
86769,1410
86770,32553
86771,52261
86772,51861
86773,52330
86774,51924
86775,7290
86776,23771
86777,51914
86778,19657
86779,52320
86780,5480
86781,10760
86782,13867
86783,5672
86784,42760
86785,28183
86786,52334
86787,30021
86788,42760
86789,52314
86790,48745
86791,52314
86792,51936
86793,52337
86794,29740
86795,52339
86796,52336
86797,52339
86798,52339
86799,28148
86800,52340
86801,51941
86802,52341
86803,52341
86804,52336
86805,40135
86806,52344
86807,43379
86808,11691
86809,38324
86810,9174
86811,38177
86812,48420
86813,16765
86814,16765
86815,52301
86816,18255
86817,52352
86818,9759
86819,52355
86820,13554
86821,24491
86822,5
86823,805
86824,51861
86825,805
86826,35802
86827,52359
86828,12710
86829,30063
86830,7290
86831,52363
86832,52365
86833,32553
86834,8091
86835,3406
86836,52367
86837,52343
86838,52339
86839,52371
86840,52371
86841,52371
86842,52371
86843,52371
86844,52367
86845,52367
86846,52367
86847,51967
86848,28218
86849,52367
86850,52367
86851,12719
86852,21003
86853,8165
86854,52382
86855,431
86856,52385
86857,52387
86858,52265
86859,5
86860,26
86861,8
86862,29
86863,30
86864,39
86865,36
86866,25
86867,13
86868,52
86869,81
86870,74
86871,61
86872,71
86873,88
86874,89
86875,52386
86876,29284
86877,795
86878,144
86880,24808
86881,52303
86882,52391
86883,159
86884,264
86885,27603
86886,16444
86887,27816
86888,52395
86889,52397
86890,179
86891,159
86892,21683
86893,183
86894,52399
86895,4598
86896,44269
86897,52402
86898,51989
86899,190
86900,52400
86901,42647
86902,196
86903,199
86904,198
86905,52366
86906,42647
86907,8218
86908,52230
86909,52054
86910,52274
86911,52408
86912,52407
86913,52408
86914,51995
86915,48766
86916,215
86917,52219
86918,52366
86919,40357
86920,805
86921,20597
86922,52367
86923,52219
86924,52413
86925,52415
86926,52225
86927,223
86928,52403
86929,226
86930,52407
86931,20152
86932,31466
86933,52406
86934,230
86935,9525
86936,40357
86937,52391
86938,41734
86939,52418
86940,52409
86941,52412
86942,38160
86943,7557
86944,28746
86945,52420
86946,21683
86947,48662
86948,52421
86949,48662
86950,247
86951,52391
86952,52408
86953,45876
86954,43188
86955,37095
86956,42647
86957,29920
86958,31833
86959,10308
86960,46490
86961,52428
86962,52391
86963,34874
86964,34874
86965,52427
86966,52429
86967,52115
86968,49326
86969,307
86970,52435
86971,48554
86972,28019
86973,52372
86974,8114
86975,48554
86976,35788
86977,52024
86978,27983
86979,7591
86980,52431
86981,4253
86982,52436
86983,14896
86984,52315
86985,251
86986,5494
86987,46741
86988,52240
86989,52432
86990,52427
86991,49726
86992,11133
86993,52444
86994,17908
86995,52383
86996,52440
86997,52440
86998,52260
86999,25134
87000,52261
87001,27352
87002,35788
87003,253
87004,16387
87005,51927
87006,51927
87007,52455
87008,52456
87009,52449
87010,52455
87011,159
87012,52449
87013,25063
87014,28411
87015,35841
87016,24730
87017,28281
87018,1973
87019,196
87020,8114
87021,51922
87022,9866
87023,52467
87024,6096
87025,13587
87026,52324
87027,49647
87028,52466
87029,52473
87030,46297
87031,28288
87032,42952
87033,49426
87034,2817
87035,805
87036,8694
87038,9171
87039,8101
87040,52054
87041,12786
87042,36229
87043,27620
87044,8413
87045,52480
87046,253
87047,52478
87048,48554
87049,52485
87050,52484
87051,52432
87052,52487
87053,28288
87054,43379
87055,41869
87056,20616
87057,7591
87058,6740
87059,52491
87060,52479
87061,52304
87062,25133
87063,48554
87064,9344
87065,52495
87066,52496
87067,28354
87068,52499
87069,52501
87070,28746
87071,40785
87072,52091
87073,52456
87074,46050
87075,49436
87076,52503
87077,52504
87078,52485
87079,1320
87080,52502
87081,48346
87082,3773
87083,52504
87084,12999
87085,21551
87086,5192
87087,28520
87088,29460
87089,29460
87090,49311
87091,37294
87092,52440
87093,52440
87094,52432
87095,37294
87096,52503
87097,52509
87098,20353
87099,264
87100,52513
87101,52513
87102,44269
87103,44269
87104,52253
87105,18604
87106,52253
87107,20626
87108,52484
87109,52243
87110,52106
87111,11
87112,266
87113,52521
87114,52111
87115,48554
87116,52484
87117,44575
87118,52114
87119,52530
87120,52530
87121,52113
87122,52115
87123,52518
87124,7290
87125,9249
87126,16901
87127,31420
87128,52533
87129,48746
87130,52344
87131,615
87132,52536
87133,52534
87134,10344
87135,7486
87136,49677
87137,12999
87138,13047
87139,22468
87140,52537
87141,442
87142,52540
87143,29342
87144,52526
87145,41810
87146,52537
87147,52541
87148,49677
87149,49677
87150,52549
87151,7290
87152,9249
87153,46522
87154,52550
87155,51922
87156,51922
87157,52553
87158,20605
87159,5931
87160,35189
87161,5509
87162,49677
87163,52554
87164,52555
87165,52551
87166,28746
87167,45941
87168,52562
87169,52562
87170,26356
87171,31403
87172,52561
87173,28659
87174,52565
87175,45876
87176,52572
87177,40501
87178,52546
87179,3624
87180,52550
87181,1720
87182,28637
87183,12647
87184,14888
87185,12786
87186,17054
87187,52576
87188,52574
87189,52577
87190,25133
87191,17054
87192,17054
87193,52579
87194,52574
87195,52574
87196,2798
87197,52579
87198,31289
87199,37531
87200,52546
87201,37531
87202,6250
87203,52581
87205,52588
87206,40138
87207,51935
87208,24211
87209,52590
87210,28345
87211,273
87212,52593
87213,41810
87214,52596
87215,52598
87216,52167
87217,16337
87218,17054
87219,52601
87220,52600
87221,40856
87222,40856
87223,28929
87224,29393
87225,13684
87226,31547
87227,42246
87228,37379
87229,52603
87230,52581
87231,52544
87232,16444
87233,46662
87234,1540
87235,52610
87236,36158
87237,46293
87238,52467
87239,805
87240,52617
87241,34560
87242,52620
87243,52620
87244,52620
87245,52619
87246,52000
87247,2568
87248,364
87249,3310
87250,9394
87251,27213
87252,52243
87253,52219
87254,52627
87255,35286
87256,52020
87257,52628
87258,52629
87259,45599
87260,52020
87261,12565
87262,52626
87263,11748
87264,52628
87265,52625
87266,3422
87267,52636
87268,52634
87270,45514
87271,52634
87272,52644
87273,52617
87274,52617
87275,40501
87276,28705
87277,52517
87278,52644
87279,52644
87280,52644
87281,52617
87282,52644
87283,52632
87284,48916
87285,40501
87286,52632
87287,40501
87288,52600
87289,805
87290,6593
87291,8763
87292,52201
87293,52202
87294,52650
87295,52577
87296,52577
87297,52649
87298,40501
87299,52652
87300,52485
87301,52654
87302,16101
87303,52554
87304,52658
87305,52655
87306,11634
87307,52260
87308,48493
87309,27774
87310,52653
87311,52554
87312,52659
87313,52614
87314,45971
87315,51947
87316,52659
87317,52661
87318,52647
87319,4485
87320,3691
87321,52187
87322,52667
87323,52577
87324,52669
87325,29949
87326,7741
87327,10633
87328,49458
87329,4559
87330,52671
87331,48679
87332,52672
87333,41810
87334,11767
87335,52594
87336,52517
87337,52673
87338,4505
87339,52614
87340,2111
87341,52676
87342,52677
87343,52673
87344,52677
87345,15913
87346,52504
87347,8871
87348,805
87349,4505
87350,31998
87351,25439
87352,2111
87353,52682
87354,42175
87355,49298
87356,37732
87357,2817
87358,49092
87359,87
87360,37188
87361,37188
87362,13366
87363,35891
87364,45469
87365,52691
87366,52691
87367,24323
87368,43534
87369,49638
87370,52250
87371,44269
87372,45469
87373,52693
87374,32036
87375,52694
87376,49609
87377,52185
87378,12410
87379,52259
87380,45274
87381,24868
87382,52697
87383,13516
87384,24254
87385,52704
87386,41561
87387,52001
87388,52001
87389,52706
87390,30351
87391,52708
87392,52709
87393,28077
87394,42452
87395,45448
87396,48151
87397,52708
87398,52712
87399,45240
87400,183
87401,52260
87402,52708
87403,52701
87404,30463
87405,12359
87406,52718
87407,52718
87408,51852
87409,1739
87410,52722
87411,25311
87412,34792
87413,52278
87414,52725
87415,42429
87416,44269
87417,52727
87418,52726
87419,52279
87420,52648
87421,6961
87422,44269
87423,44269
87424,2817
87425,52733
87426,52727
87427,52727
87428,32036
87429,2817
87430,52734
87431,52243
87432,52721
87433,48785
87434,52663
87435,52673
87436,2817
87437,52209
87438,30822
87439,52673
87440,52554
87441,1250
87442,14843
87443,5836
87444,48414
87445,52738
87446,40501
87447,52742
87448,42986
87449,52554
87450,52661
87451,52743
87452,52746
87453,52748
87454,52748
87455,52746
87456,52722
87457,52746
87458,52747
87459,52750
87460,52749
87461,52753
87462,52713
87463,52754
87464,5918
87465,52755
87466,52703
87467,52756
87468,43432
87469,43432
87470,52761
87471,35181
87472,52765
87473,8226
87474,12833
87475,52499
87476,52499
87477,9975
87478,44269
87479,45382
87480,4505
87481,9975
87482,44269
87483,3579
87484,46522
87485,2970
87486,52243
87487,16444
87488,51902
87489,8562
87490,29631
87491,30149
87492,8013
87493,51902
87494,26342
87495,27779
87496,24868
87497,52770
87498,49398
87499,36973
87500,49398
87501,52432
87502,42429
87503,48214
87504,9401
87505,52663
87506,52703
87507,29393
87508,48898
87509,12968
87510,52787
87511,27779
87512,52772
87513,52786
87514,52788
87515,52771
87516,52793
87517,20650
87518,37627
87519,52326
87520,52797
87521,42429
87522,52795
87523,52715
87524,48785
87525,52798
87526,43432
87527,37188
87528,51949
87529,52767
87530,27779
87531,49585
87532,13107
87533,52797
87534,20637
87535,44269
87536,52731
87537,1108
87538,52020
87539,52721
87540,52802
87541,52756
87542,27213
87543,28462
87544,215
87545,5289
87546,52802
87547,39662
87548,52811
87549,20487
87550,52808
87551,52740
87552,37627
87553,52740
87554,52813
87555,43805
87556,4376
87557,52814
87558,52818
87559,5509
87560,1005
87561,52673
87562,48420
87563,52806
87564,12333
87565,52818
87566,43967
87567,52822
87568,7897
87569,52820
87570,9140
87571,28120
87572,27213
87573,52351
87574,51949
87575,41336
87576,42429
87577,52827
87578,52827
87579,49398
87580,52740
87581,52740
87582,52432
87583,52760
87584,52756
87585,52761
87586,39853
87587,9162
87588,52735
87589,52760
87590,52800
87591,52812
87592,52841
87593,11908
87594,5544
87595,12868
87596,52823
87597,52795
87598,52820
87599,52838
87600,27213
87601,49024
87602,7290
87603,48414
87604,52850
87605,52846
87606,19762
87607,49585
87608,52851
87609,28500
87610,159
87611,52837
87612,52372
87613,52853
87614,45876
87615,52379
87616,28504
87617,41072
87618,45240
87619,27774
87620,8226
87621,52826
87622,279
87623,52858
87624,27213
87625,52384
87626,52859
87627,52386
87628,52387
87629,52849
87630,40252
87631,287
87632,52859
87633,37627
87634,307
87635,40252
87636,319
87637,919
87638,52867
87639,334
87640,333
87641,52868
87642,339
87643,52869
87644,23853
87645,41606
87646,37686
87647,52870
87648,28520
87649,364
87650,52870
87651,52432
87652,48766
87653,25212
87654,52760
87655,52393
87656,26272
87657,3014
87658,39721
87659,12895
87660,25212
87661,28524
87662,386
87663,52875
87664,36491
87665,4087
87666,52400
87667,41421
87668,401
87669,30697
87670,31503
87671,18642
87672,52878
87673,52672
87674,52243
87675,52844
87676,52882
87677,52884
87678,439
87679,438
87680,442
87681,447
87682,35150
87683,52455
87684,29558
87685,52692
87686,449
87687,48554
87688,52070
87689,52892
87690,52893
87691,52867
87692,52890
87693,52895
87694,52672
87695,52898
87696,52898
87697,485
87698,52368
87699,52368
87700,31681
87701,48786
87702,52901
87703,52902
87704,52902
87705,52902
87706,493
87707,52902
87708,495
87709,52885
87710,49235
87711,52903
87712,52908
87713,52554
87714,52425
87715,40252
87716,52670
87717,511
87718,52554
87719,52911
87720,45240
87721,11708
87722,4975
87723,11708
87724,52801
87725,6861
87726,48820
87727,521
87728,12923
87729,52916
87730,2040
87731,52918
87732,48820
87733,442
87734,52919
87735,442
87736,52442
87737,52925
87738,7102
87739,36682
87740,48820
87741,52731
87742,52786
87743,52846
87744,21288
87745,5027
87746,24894
87747,52935
87748,52936
87749,40183
87750,48166
87751,30462
87752,52943
87753,52462
87754,52429
87755,17729
87756,52945
87757,52946
87758,3396
87759,52944
87760,8137
87761,1643
87762,52944
87763,52952
87764,52890
87765,28556
87766,6593
87767,52958
87768,52959
87769,14134
87770,52874
87771,52874
87772,40390
87773,557
87774,12339
87775,6096
87776,36743
87777,44633
87778,52726
87779,52554
87780,16263
87781,16263
87782,52823
87783,52672
87784,603
87785,41267
87786,29714
87787,52965
87788,52963
87789,48843
87790,561
87791,52956
87792,52966
87793,52557
87794,4778
87795,52861
87796,44269
87797,48820
87798,52972
87799,52957
87800,52394
87801,7534
87802,48414
87803,52974
87804,52974
87805,52970
87806,52982
87807,52979
87808,52977
87809,52975
87810,52982
87811,16596
87812,609
87813,52961
87814,438
87815,52802
87816,52983
87817,52490
87818,52978
87819,40357
87820,52979
87821,52977
87822,28566
87823,52966
87824,12615
87825,42429
87826,8226
87827,52429
87828,27346
87829,52993
87830,46041
87831,52820
87832,18006
87833,24868
87834,5394
87835,45939
87836,48464
87837,25538
87838,52594
87839,14465
87840,52230
87841,8226
87842,43414
87843,5837
87844,53006
87845,52241
87846,582
87847,14848
87848,53012
87849,10767
87850,53011
87851,41627
87852,53016
87853,53015
87854,53019
87855,14300
87856,53014
87857,16047
87858,36520
87859,588
87860,52951
87861,53023
87862,43343
87863,52420
87864,53012
87865,42434
87866,14556
87867,53028
87868,39663
87869,16175
87870,18164
87871,40606
87872,53024
87873,53028
87874,4002
87875,53026
87876,52468
87877,52467
87878,12615
87879,52532
87880,46925
87881,53035
87882,7365
87883,2860
87884,53038
87885,53038
87886,53037
87887,52150
87888,53041
87889,10767
87890,601
87891,52820
87892,16736
87893,51945
87894,40277
87895,1643
87896,603
87897,5594
87898,4344
87899,53043
87900,805
87901,52070
87902,53045
87903,28055
87904,52897
87905,53045
87906,53043
87907,48785
87908,7290
87909,31264
87910,53050
87911,3617
87912,31418
87913,52802
87914,2116
87915,1390
87916,16915
87917,53000
87918,30409
87919,52554
87920,53054
87921,12615
87922,53055
87923,53057
87924,834
87925,3584
87926,53061
87927,53060
87928,778
87929,53062
87930,16915
87931,52740
87932,8207
87933,53062
87934,52394
87935,7290
87936,32036
87937,52999
87938,24814
87939,39663
87940,32036
87941,27301
87942,53012
87943,53054
87944,28746
87945,52585
87946,41810
87947,53068
87948,41267
87949,20556
87950,53064
87951,52592
87952,41267
87953,7616
87954,48628
87955,52771
87956,35131
87957,1640
87958,28746
87959,16137
87960,13684
87961,40606
87962,53078
87963,27028
87964,53082
87965,20637
87966,53012
87967,52534
87968,53084
87969,25585
87970,44923
87971,183
87972,40549
87973,53086
87974,49305
87975,5594
87976,52534
87977,22237
87978,52388
87979,49320
87980,53088
87981,52150
87982,22237
87983,53089
87984,53064
87985,3277
87986,18430
87987,18430
87988,52554
87989,53098
87990,53048
87991,52208
87992,53092
87993,53096
87994,53101
87995,52642
87996,29176
87997,9732
87998,31973
87999,13561
88000,52420
88001,49325
88002,53088
88003,5739
88004,11511
88005,2040
88006,53101
88007,20413
88008,53114
88009,52982
88010,43375
88011,45770
88012,52646
88013,5546
88014,53113
88015,42110
88016,2649
88017,53112
88018,53117
88019,53066
88020,52652
88021,53121
88022,31147
88023,53123
88024,30802
88025,40501
88026,30802
88027,40065
88028,52490
88029,53084
88030,49235
88031,49235
88032,40571
88033,53127
88034,30802
88035,53067
88036,52455
88037,53128
88038,53134
88039,53134
88040,53141
88041,53141
88042,53142
88043,45506
88044,18430
88045,53142
88046,49137
88047,49137
88048,5176
88049,53146
88050,52675
88051,52912
88052,8207
88053,52874
88054,53151
88055,53151
88056,25439
88057,14131
88058,42358
88059,40571
88060,21906
88061,805
88062,25212
88063,52874
88064,13107
88065,53152
88066,53094
88067,3052
88068,52335
88069,44715
88070,9330
88071,16811
88072,53135
88073,53128
88074,53135
88075,21998
88076,30755
88077,53154
88078,53096
88079,28937
88080,52054
88081,52461
88082,49320
88083,52555
88084,53135
88085,52669
88086,52700
88087,53157
88088,28666
88089,4253
88090,36520
88091,52669
88092,44339
88093,31160
88094,44339
88095,44339
88096,52000
88097,53165
88098,34707
88099,4048
88100,10633
88101,53165
88102,10633
88103,46490
88104,12618
88105,52649
88106,53174
88107,37188
88108,35413
88109,53175
88110,25816
88111,27241
88112,40252
88113,53179
88114,53181
88115,53183
88116,25816
88117,7365
88118,53164
88119,51924
88120,53007
88121,21074
88122,53098
88123,39662
88124,40065
88125,53185
88126,53189
88127,183
88128,53184
88129,2040
88130,53150
88131,52740
88132,42825
88133,53187
88134,27213
88135,53185
88136,36948
88137,53196
88138,53197
88139,53192
88140,52812
88141,53178
88142,53192
88143,53187
88144,53197
88145,34707
88146,52669
88147,48490
88148,11829
88149,49545
88150,49545
88151,53200
88152,53178
88153,53144
88154,10331
88155,53202
88156,53201
88157,52706
88158,53201
88159,53206
88160,53201
88161,52533
88162,52533
88163,5467
88164,53203
88165,52554
88166,53144
88167,52532
88168,53112
88169,53214
88170,53201
88171,7290
88172,52554
88173,53214
88174,53193
88175,53187
88176,53187
88177,53144
88178,53212
88179,53143
88180,27783
88181,36229
88182,49545
88183,8880
88184,53219
88185,53144
88186,53211
88187,25667
88188,34718
88189,40215
88190,49418
88191,8662
88192,25424
88193,12540
88194,14888
88195,53221
88196,53221
88197,39588
88198,53226
88199,48977
88200,53201
88201,27787
88202,53229
88203,53064
88204,53229
88205,53064
88206,25424
88207,52789
88208,53231
88209,28705
88210,25424
88211,53057
88212,40120
88213,52933
88214,53112
88215,53237
88216,45603
88217,48876
88218,37863
88219,53241
88220,52867
88221,53239
88222,8289
88223,53143
88224,45603
88225,53243
88226,28438
88227,171
88228,52989
88229,53143
88230,35413
88231,35413
88232,52989
88233,25928
88234,4733
88235,36247
88236,53215
88237,16111
88238,53193
88239,9378
88240,52867
88241,53211
88242,53243
88243,37627
88244,37627
88245,53263
88246,53265
88247,9677
88248,52568
88249,53264
88250,52933
88251,52933
88253,37155
88254,28462
88255,48629
88256,48629
88257,53269
88258,52568
88259,52546
88260,52249
88261,16843
88262,18356
88263,53258
88264,40252
88265,53274
88266,51954
88267,27658
88268,28732
88269,53276
88270,8414
88271,39588
88272,13594
88273,52845
88274,39588
88275,36163
88276,53277
88277,53276
88278,22161
88279,53277
88280,52955
88281,28740
88282,52672
88283,53283
88284,36575
88285,561
88286,48791
88287,28746
88288,43788
88289,11794
88290,36520
88291,805
88292,805
88293,53286
88294,5918
88295,656
88296,53289
88297,53286
88298,52856
88300,53290
88301,53290
88302,10593
88303,28978
88304,37673
88305,53292
88306,53264
88307,53291
88308,53287
88309,48411
88310,48453
88311,6096
88312,13047
88313,45240
88314,53296
88315,52864
88316,53296
88317,14188
88318,2817
88319,666
88320,52869
88321,37222
88322,53301
88323,35802
88324,217
88325,8109
88326,805
88327,53302
88328,53291
88329,44496
88330,53291
88331,43634
88332,48395
88333,53147
88334,52391
88335,44496
88336,10849
88337,32036
88338,52876
88339,53301
88340,53301
88341,49422
88342,14534
88343,44965
88344,53309
88345,53309
88346,52884
88347,52455
88348,53311
88349,53311
88350,439
88351,53017
88352,50835
88353,7832
88354,53311
88355,53313
88356,53316
88357,29558
88358,43046
88359,52207
88360,49458
88361,17301
88362,53319
88363,53320
88364,52862
88365,48455
88366,48455
88367,29137
88368,2566
88369,49398
88370,53321
88371,28746
88372,53321
88373,805
88374,53020
88375,53109
88376,53109
88377,52900
88378,50835
88379,7287
88380,45065
88381,28666
88382,36954
88383,53325
88384,686
88385,52977
88386,27519
88387,40761
88388,48467
88389,53330
88390,53330
88391,53154
88392,36954
88393,53332
88394,4598
88395,159
88396,183
88397,14730
88398,52977
88399,46238
88400,53333
88401,36229
88402,53332
88403,805
88404,805
88405,12359
88406,696
88407,53340
88408,53340
88409,4598
88410,52921
88411,4253
88412,805
88413,53345
88414,16444
88415,53336
88416,53327
88417,11849
88418,9394
88419,37886
88420,52929
88421,183
88422,46328
88423,53099
88424,28791
88425,23661
88426,23661
88427,5918
88428,48916
88429,26703
88430,1699
88431,12615
88432,52936
88433,2909
88434,53359
88435,2970
88436,10236
88437,52937
88438,53360
88439,2970
88440,53358
88441,53362
88442,53208
88443,53350
88444,52942
88445,53311
88446,53109
88447,53358
88448,53367
88449,53109
88450,53367
88451,45063
88452,44774
88453,20038
88454,5946
88455,52950
88456,4701
88457,4426
88458,1513
88459,53355
88460,20038
88461,53187
88462,53372
88463,27213
88464,53375
88465,28687
88466,37451
88467,53378
88468,27125
88469,53380
88470,28746
88471,52977
88472,3269
88473,53364
88474,49279
88475,28705
88476,53378
88477,43750
88478,4856
88479,9816
88480,53390
88481,21417
88482,53391
88483,52137
88484,52219
88485,19762
88486,9756
88487,52985
88488,44569
88489,9162
88490,48395
88491,53393
88492,52957
88493,44269
88494,53311
88495,686
88496,5836
88497,6120
88498,7290
88499,2669
88500,5348
88501,9394
88502,10833
88503,28986
88504,43805
88505,45971
88506,52219
88507,53403
88508,52861
88509,45428
88510,52995
88511,7411
88512,53390
88513,11090
88514,53403
88515,53380
88516,48871
88517,28864
88518,52092
88519,53418
88520,53004
88521,53419
88522,53414
88523,53426
88524,53426
88525,53413
88526,53425
88527,53427
88528,53020
88529,52092
88530,53340
88531,35128
88532,53020
88533,919
88534,919
88535,28825
88536,40207
88537,53438
88538,48685
88539,53380
88540,16025
88541,53433
88542,53440
88543,40606
88544,53443
88545,53445
88546,53427
88547,21074
88548,35764
88549,41854
88550,53452
88551,45065
88552,53451
88553,2221
88554,38471
88555,30968
88556,53300
88557,53460
88558,25382
88559,3617
88560,48228
88561,53451
88562,37275
88563,14643
88564,38452
88565,49707
88566,53464
88567,8413
88568,52809
88569,27536
88570,12866
88571,53356
88572,2549
88573,53460
88574,52874
88575,53467
88576,36738
88577,2595
88578,53469
88579,53475
88580,53356
88581,53057
88582,5405
88583,805
88584,53477
88585,12626
88586,23658
88587,776
88588,48938
88589,805
88590,52092
88591,53404
88592,36229
88593,32524
88594,17455
88595,53474
88596,14534
88597,53480
88598,32524
88599,36825
88600,52663
88601,53364
88602,53397
88603,53435
88604,32524
88605,40279
88606,53486
88607,16664
88608,38130
88609,53211
88610,38130
88611,53487
88612,52388
88613,53490
88614,53490
88615,805
88616,12492
88617,52
88618,8136
88619,53485
88620,43615
88621,2669
88622,21961
88623,47989
88624,2830
88625,650
88626,42353
88627,805
88628,53496
88629,44451
88630,9577
88631,27900
88632,12627
88633,26041
88634,53499
88635,14817
88636,53502
88637,53452
88638,43464
88639,34764
88640,6699
88641,53485
88642,29331
88643,6476
88644,53080
88645,805
88646,53522
88647,1390
88648,5896
88649,53518
88650,42965
88651,53518
88652,49305
88653,53517
88654,6476
88655,24575
88656,179
88657,42134
88658,53518
88659,6476
88660,53538
88661,53539
88662,21400
88663,53527
88664,6476
88665,28666
88666,12521
88667,53541
88668,53453
88669,53543
88670,12521
88671,53544
88672,6476
88673,52151
88674,49138
88675,919
88676,2247
88677,17320
88678,53542
88679,53548
88680,26338
88681,40443
88682,27700
88683,53565
88684,14796
88685,53506
88686,53564
88687,53563
88688,28659
88689,4208
88690,44334
88691,53506
88692,53490
88693,46412
88694,42288
88695,53570
88696,41267
88697,39530
88698,6666
88699,39530
88700,834
88701,27691
88702,27669
88703,795
88704,13614
88705,53126
88706,53427
88707,5918
88708,53583
88709,9536
88710,53590
88711,53404
88712,53592
88713,53590
88714,17918
88715,52092
88716,49674
88717,53597
88718,42807
88719,49398
88720,52554
88721,28288
88722,53588
88723,42807
88724,44269
88725,53595
88726,43805
88727,52391
88728,49674
88729,49674
88730,52092
88731,53572
88732,46263
88733,19812
88734,52897
88735,49674
88736,46263
88737,53590
88738,51972
88739,53597
88740,18387
88741,53584
88742,53607
88743,53607
88744,53568
88745,53410
88746,42429
88747,20124
88748,4864
88749,1909
88750,7261
88751,52406
88752,4864
88753,3556
88754,53596
88755,3556
88756,46694
88757,53356
88758,805
88759,5864
88760,40976
88761,52694
88762,53099
88763,52554
88764,53617
88765,5837
88766,25392
88767,53617
88768,12290
88769,12290
88770,53157
88771,53161
88772,53163
88773,28975
88774,53340
88775,53623
88776,20025
88777,40215
88778,53099
88779,29321
88780,53625
88782,36520
88783,1102
88784,11887
88785,53099
88786,14836
88787,27936
88788,28903
88789,53593
88790,53594
88791,14534
88792,48099
88793,48099
88794,53621
88795,7647
88796,53631
88797,2725
88798,53356
88799,21074
88801,805
88802,42949
88803,53356
88804,12942
88805,53635
88806,13138
88807,16709
88808,53189
88809,46741
88810,32226
88811,28916
88812,17865
88813,14188
88814,9710
88815,6476
88816,49803
88817,53550
88818,53643
88819,53550
88820,42949
88821,32462
88822,10123
88823,37414
88824,803
88825,10377
88826,52910
88827,53622
88828,48144
88829,53652
88830,45770
88831,53646
88832,7141
88833,52120
88834,52554
88835,53057
88836,35199
88837,22062
88838,603
88839,53656
88840,53658
88841,38277
88842,53646
88843,53657
88844,53658
88845,53427
88846,30613
88847,3376
88848,53661
88849,53649
88850,11508
88851,35794
88852,6225
88853,53665
88854,9568
88855,35032
88856,53660
88857,31324
88858,52874
88859,53218
88860,53219
88861,20793
88862,10438
88863,44269
88864,53670
88865,7175
88866,53670
88867,53670
88868,28160
88869,53669
88870,53412
88871,53618
88872,49034
88873,53675
88874,14188
88875,53669
88876,53682
88877,7828
88878,27213
88879,3301
88880,5469
88881,9560
88882,44021
88883,52974
88884,53227
88885,49123
88886,11253
88887,53593
88888,53681
88889,53230
88890,53550
88891,53694
88892,26553
88893,35032
88894,53622
88895,42632
88896,53232
88897,52705
88898,13158
88899,13041
88900,53233
88901,53098
88902,22356
88903,887
88904,39697
88905,53098
88906,53098
88907,53704
88908,6476
88909,48622
88910,6476
88911,28940
88912,53704
88913,53704
88914,53689
88915,53659
88916,37483
88917,53659
88918,53712
88919,46603
88920,28740
88921,53712
88922,20811
88923,53714
88924,53716
88925,53716
88926,53714
88927,53098
88928,17428
88929,7290
88930,53589
88931,7290
88932,36144
88933,18163
88934,53484
88935,5739
88936,14333
88937,37627
88938,53720
88939,53689
88940,53721
88941,7175
88942,53714
88943,29740
88944,53697
88945,53728
88946,53697
88947,25755
88948,53252
88949,53579
88950,4862
88951,53253
88952,53732
88953,42686
88954,53734
88955,52702
88956,53484
88957,28490
88958,53735
88959,25997
88960,53266
88961,2116
88962,48798
88963,53741
88964,53741
88965,26041
88966,3019
88967,53742
88968,20235
88969,53739
88970,52388
88971,1795
88972,53419
88973,13516
88974,52020
88975,31819
88976,3903
88977,1351
88978,6768
88979,805
88980,26272
88981,830
88982,53746
88983,42149
88985,53532
88986,53748
88988,53707
88989,46945
88990,53280
88991,1564
88992,48756
88993,53748
88994,53561
88995,4559
88996,53717
88997,53752
88998,17590
88999,53755
89000,53755
89001,805
89002,16362
89003,53756
89004,53610
89005,53758
89006,52058
89007,9366
89008,21754
89009,41596
89010,53294
89011,919
89012,53763
89013,53763
89014,53532
89015,48365
89016,42737
89017,53767
89018,44082
89019,12470
89020,53767
89021,53741
89022,53741
89023,53297
89024,28988
89025,53635
89026,38130
89027,20334
89028,52746
89029,26945
89030,53736
89031,887
89032,1739
89033,31466
89034,30268
89035,53775
89036,14529
89037,53610
89038,851
89039,6577
89040,53778
89041,32524
89042,53780
89043,44082
89045,53787
89046,29792
89047,53788
89048,53788
89049,38146
89050,10312
89051,46873
89052,53312
89053,12616
89054,53318
89055,53795
89056,52406
89057,37743
89058,53795
89059,53798
89060,53610
89061,53782
89062,686
89063,53803
89064,686
89065,26338
89066,53703
89067,53679
89068,6932
89069,53800
89070,53808
89071,10507
89072,696
89073,53810
89074,53809
89075,53810
89076,25758
89077,53809
89078,53679
89079,28218
89080,6932
89081,53523
89082,53679
89083,18592
89084,35280
89085,53327
89086,53793
89087,53703
89088,53793
89089,41749
89090,11849
89091,858
89092,53819
89093,53819
89094,53819
89095,53819
89096,53819
89097,53820
89098,53820
89099,53793
89100,52315
89101,13636
89102,53338
89103,48420
89104,53342
89105,53827
89106,53332
89107,53830
89108,37060
89109,48633
89110,11496
89111,37728
89112,37728
89113,4054
89114,29020
89115,49398
89116,53099
89117,53099
89118,38175
89119,53764
89120,11274
89121,11855
89122,53817
89123,25936
89124,53354
89125,49034
89126,30982
89127,49746
89128,53361
89129,53836
89130,12401
89131,46175
89132,53786
89133,16584
89134,29876
89135,805
89136,438
89137,35921
89138,53842
89139,32462
89140,53259
89141,19914
89142,46175
89143,13321
89144,35488
89145,53847
89146,53786
89147,53670
89148,8490
89149,34859
89150,21475
89151,582
89152,25390
89153,34859
89154,13516
89155,9162
89156,53846
89157,53851
89158,49674
89159,53860
89160,52120
89161,20799
89162,38294
89163,53373
89164,53856
89165,37627
89166,12932
89167,53865
89168,52546
89169,38294
89170,53867
89171,53868
89172,49452
89173,5829
89174,28077
89175,1724
89176,18552
89177,8033
89178,53873
89179,53875
89180,41307
89181,53868
89182,48795
89183,52660
89184,49398
89185,53881
89186,53874
89187,34944
89188,34944
89189,45948
89190,881
89191,32462
89192,49217
89193,17017
89194,53663
89195,44536
89196,1195
89197,35091
89198,38130
89199,52001
89200,686
89201,41810
89202,37379
89203,28112
89204,53889
89205,25428
89206,53332
89207,53332
89208,20016
89209,23918
89210,51893
89211,53410
89212,13554
89213,5739
89214,53422
89215,53099
89216,887
89217,53429
89218,35111
89219,53432
89220,53433
89221,53909
89222,333
89223,34623
89224,53372
89225,53911
89226,10810
89227,53439
89228,7290
89229,22022
89230,892
89231,2407
89232,53913
89233,10669
89234,43106
89235,52841
89236,53908
89237,25816
89238,14289
89239,53449
89240,30865
89241,364
89242,43046
89243,26352
89244,53922
89245,7787
89246,27900
89247,215
89248,3786
89249,51872
89250,53473
89251,17119
89252,53924
89253,39530
89254,53544
89255,53856
89256,53911
89257,35091
89258,42348
89259,53465
89260,44163
89261,49452
89262,53606
89263,53934
89264,29068
89265,19758
89266,53466
89267,52058
89268,12539
89269,52120
89270,53937
89271,26757
89272,29070
89273,26757
89274,26757
89275,3125
89276,53941
89277,52416
89278,35715
89279,53663
89280,49334
89281,52533
89282,3601
89283,1080
89284,900
89285,53949
89286,36738
89287,44969
89288,53481
89289,53482
89290,18528
89291,53952
89292,29109
89293,17908
89294,1739
89295,53926
89296,53488
89297,52020
89298,18356
89299,53740
89300,53333
89301,5114
89302,25000
89303,21599
89304,53932
89305,48756
89306,53947
89307,53404
89308,53404
89309,53503
89310,32175
89311,53950
89312,53958
89313,32175
89314,52518
89315,10119
89316,29087
89317,7290
89318,7290
89319,30
89320,48151
89321,53969
89322,29187
89323,1566
89324,53973
89325,37395
89326,37395
89327,53975
89328,53973
89329,53911
89330,29187
89331,53621
89332,53979
89333,53975
89334,53984
89335,53985
89336,32462
89337,4498
89338,43464
89339,43464
89340,46263
89341,9244
89342,53537
89343,35305
89344,53985
89345,53541
89346,53993
89347,30997
89348,53990
89349,53939
89350,3262
89351,53986
89352,53997
89353,53892
89354,44108
89355,53937
89356,53552
89357,45352
89358,54003
89359,54004
89360,54006
89361,54007
89362,919
89363,21527
89364,37414
89365,53390
89366,38082
89367,52727
89368,29109
89369,29588
89370,6096
89371,40252
89372,53985
89373,28666
89374,7340
89375,53964
89376,48279
89377,53998
89378,54013
89379,53926
89380,25671
89381,42288
89382,46697
89383,48661
89384,54016
89385,53373
89386,54016
89387,24982
89388,35305
89389,805
89390,54019
89391,6649
89392,46119
89393,54025
89394,54021
89395,53280
89396,53280
89397,53280
89398,54021
89399,54019
89400,8013
89401,54015
89402,930
89403,54024
89404,41205
89405,53583
89406,54031
89407,53928
89408,53182
89409,53182
89410,54033
89411,54029
89412,53934
89413,53961
89414,1496
89415,4253
89416,10336
89417,54035
89418,54037
89419,54018
89420,23810
89421,54018
89422,42813
89423,6169
89424,54038
89425,42434
89426,54039
89427,29137
89428,805
89429,54042
89430,32175
89431,53926
89432,53815
89433,51908
89434,11915
89435,28746
89436,3903
89437,11236
89438,28345
89439,44298
89440,48745
89441,51908
89442,37484
89443,54028
89444,1636
89445,54051
89446,26330
89447,52645
89448,54056
89449,4253
89450,49647
89451,74
89452,183
89453,54063
89454,10539
89455,35351
89456,53614
89457,54023
89458,46050
89459,5946
89460,54055
89461,51957
89462,25886
89463,54070
89464,25886
89465,7411
89466,53158
89467,28746
89468,7290
89469,54038
89470,54078
89471,54080
89472,54024
89473,54076
89474,54056
89475,54056
89476,54056
89477,54076
89478,31032
89479,53629
89480,29432
89481,10939
89482,11830
89483,40838
89484,54091
89485,53926
89486,54089
89487,28746
89488,54026
89489,53866
89490,54091
89491,54082
89492,54082
89493,54091
89494,46175
89495,3189
89496,53866
89497,53628
89498,23681
89499,28666
89500,43805
89501,44108
89502,54078
89503,54018
89504,53639
89505,54055
89506,30692
89507,45065
89508,11357
89509,35842
89510,54073
89511,37509
89512,20279
89513,53641
89514,54042
89515,54091
89516,54099
89517,30630
89518,31837
89519,53954
89520,13764
89521,53644
89522,54102
89523,54105
89524,54105
89525,53594
89526,54087
89527,35280
89528,54103
89529,54028
89530,53998
89531,5829
89532,11763
89533,54099
89534,54042
89535,53469
89536,54114
89537,32175
89538,54115
89539,54112
89540,6096
89541,54112
89542,879
89543,54115
89544,54093
89545,28659
89546,45817
89547,25916
89548,53665
89549,54047
89550,41267
89551,53387
89552,54122
89554,54116
89555,27761
89556,2392
89557,32472
89558,54123
89559,54123
89560,54125
89561,6920
89562,54123
89563,46694
89564,53673
89565,54125
89566,54051
89567,48726
89568,48778
89569,54055
89570,54127
89571,21720
89572,54128
89573,53681
89574,5836
89575,27604
89576,53579
89577,52947
89578,54132
89579,51943
89580,53691
89581,13764
89582,29740
89583,54134
89584,5837
89585,8402
89586,29567
89587,53964
89588,36317
89589,54138
89590,48876
89591,54129
89592,54140
89593,54026
89594,54136
89595,54099
89596,54145
89597,18435
89598,52568
89599,54009
89600,29187
89601,54142
89602,13255
89603,54082
89604,48587
89605,52727
89606,49279
89607,52870
89608,45326
89609,25597
89610,35639
89611,26945
89612,30231
89613,54123
89614,54158
89615,54147
89616,561
89617,8724
89618,53825
89619,54147
89620,54161
89621,54099
89622,45817
89623,196
89624,53728
89625,54156
89626,46413
89627,54159
89628,54158
89629,7616
89630,17105
89631,30821
89632,54165
89633,32520
89634,54166
89635,54166
89636,26564
89637,54164
89638,53321
89639,54151
89640,26945
89641,53732
89642,9348
89643,32520
89644,48880
89645,54171
89646,6783
89647,45222
89648,45222
89649,54176
89650,52058
89651,53964
89652,36676
89653,9394
89654,54172
89655,10119
89656,54175
89657,14460
89658,54175
89659,54181
89660,54175
89661,23956
89662,54183
89663,46557
89664,54163
89665,49647
89666,54150
89667,54163
89668,805
89669,35400
89670,21985
89671,54186
89672,11456
89673,54183
89674,54189
89675,9976
89676,54176
89677,14833
89678,54190
89679,54187
89680,54187
89681,966
89682,1421
89683,52474
89684,22100
89685,3807
89686,3807
89687,54198
89688,4204
89689,9008
89690,53240
89691,51943
89692,46427
89693,54202
89694,53811
89695,54201
89696,36264
89697,28218
89698,10464
89699,5862
89700,13362
89701,54024
89702,10464
89703,54206
89704,53098
89705,54099
89706,1205
89707,54124
89708,11559
89709,22570
89710,10464
89711,9964
89712,54175
89713,54089
89714,25741
89715,54080
89716,54080
89717,3617
89718,26714
89719,54130
89720,42503
89721,21340
89722,24853
89723,37743
89724,49674
89725,18287
89726,46128
89727,41205
89728,21668
89729,41810
89732,53783
89733,51842
89734,53608
89735,46703
89736,28746
89737,46128
89738,53866
89739,54208
89740,49130
89741,10464
89742,6149
89743,6149
89744,46128
89745,53802
89746,35224
89747,54024
89748,31998
89749,12647
89750,54224
89751,7964
89752,42434
89753,54013
89754,54222
89755,54222
89756,54215
89757,54229
89758,46427
89759,43112
89760,4856
89761,199
89762,10464
89763,24778
89764,19788
89765,54236
89766,7071
89767,54239
89768,39588
89769,54240
89770,52334
89771,53818
89772,53333
89773,6149
89774,7290
89775,52332
89776,54244
89777,805
89778,48880
89779,52517
89780,5429
89781,48137
89782,54235
89783,12329
89784,48137
89785,8396
89786,54199
89787,13600
89788,11090
89789,54252
89790,54253
89791,2083
89792,7365
89793,54162
89794,54231
89795,54243
89796,54255
89797,53811
89798,54184
89799,14779
89800,54257
89801,53836
89802,919
89803,43534
89804,54258
89805,118
89806,919
89807,2717
89808,52332
89809,183
89810,46721
89811,54261
89812,54263
89813,13009
89814,21448
89815,54224
89816,54224
89817,48243
89818,53788
89819,20950
89820,183
89821,44417
89822,46633
89823,54271
89824,28746
89825,53941
89826,53941
89827,7902
89828,52040
89829,53852
89830,5880
89831,54246
89832,52756
89833,54099
89834,54268
89835,41810
89836,9545
89837,11829
89838,49793
89839,54223
89840,54252
89841,43360
89842,53844
89843,6103
89844,43805
89845,25741
89846,25741
89847,44638
89848,28231
89849,7340
89850,52649
89851,3277
89852,45603
89853,54284
89854,54277
89855,42434
89856,52811
89857,7290
89858,43163
89859,15973
89860,43360
89861,49722
89862,15997
89863,54289
89864,54289
89865,54290
89866,9887
89867,6096
89868,8402
89869,54293
89870,53883
89871,25741
89872,49793
89873,7292
89874,27838
89875,54297
89876,45192
89877,45817
89878,49793
89879,16934
89880,43805
89881,9595
89882,54299
89883,54300
89884,22311
89885,54303
89886,26252
89887,805
89888,4968
89889,30613
89890,919
89891,54306
89892,54246
89893,2126
89894,54320
89895,54279
89896,253
89897,17814
89898,21970
89899,45065
89900,53620
89901,49037
89902,53620
89903,54207
89904,5607
89905,42412
89906,53620
89907,54320
89908,26704
89909,16286
89910,5607
89911,29288
89912,1138
89913,3541
89914,10089
89915,54123
89916,30589
89917,54323
89918,20112
89919,46557
89920,54324
89921,43534
89922,54279
89924,49130
89925,16732
89926,53917
89927,48756
89928,53565
89930,21054
89932,29636
89933,54296
89934,45429
89935,45429
89936,45429
89937,45429
89938,6750
89939,26567
89940,54335
89941,18163
89942,54336
89943,53387
89944,48756
89945,36630
89946,53333
89947,37540
89948,54337
89949,54082
89950,1005
89951,53929
89952,48756
89953,53932
89954,53932
89955,805
89956,7261
89957,54342
89958,54210
89959,54343
89960,37531
89961,42434
89962,54315
89963,25276
89964,54300
89965,43860
89966,54345
89967,14120
89968,54351
89969,54300
89970,21248
89971,35715
89972,53942
89973,53579
89974,8175
89975,54351
89976,4889
89977,28109
89978,54285
89979,8175
89980,52375
89981,54264
89982,28529
89983,9529
89984,54300
89985,54300
89986,54357
89987,36947
89988,54361
89989,54361
89990,49398
89991,54360
89992,54324
89993,35999
89994,41228
89995,17359
89996,48603
89997,16709
89998,27581
89999,54368
90000,3074
90001,42021
90002,54371
90003,46721
90004,54355
90005,36022
90006,12521
90007,54374
90008,36022
90009,36022
90010,31611
90011,53489
90012,49042
90013,54380
90014,52035
90015,53377
90016,53538
90017,49793
90018,54181
90019,28218
90020,53968
90021,53970
90022,54386
90023,39588
90024,54376
90025,54381
90026,10026
90027,12989
90028,53788
90029,12989
90030,53788
90031,54318
90032,805
90033,46111
90034,51861
90035,54354
90036,53911
90037,54389
90038,54272
90039,42434
90040,54395
90041,52150
90042,53988
90043,53989
90044,54398
90045,54400
90046,54396
90047,54397
90048,54398
90049,54399
90050,4918
90051,53911
90052,54272
90053,53966
90054,54315
90055,54400
90056,54398
90057,3998
90058,54353
90059,919
90060,30997
90061,54135
90062,53333
90063,54353
90064,54405
90065,53892
90066,54409
90067,54325
90068,18332
90069,32065
90070,54099
90071,18163
90072,54338
90073,5891
90074,53333
90075,12989
90076,4769
90077,44952
90078,48756
90079,52150
90080,53788
90081,44952
90082,44952
90083,52022
90084,26863
90085,54014
90086,25692
90087,54419
90088,54388
90089,54017
90090,29342
90091,54411
90092,54422
90093,44952
90094,54411
90095,7744
90096,6446
90097,28746
90098,54422
90099,54424
90100,52117
90101,10507
90102,2040
90103,54426
90104,253
90105,54426
90106,1700
90107,54027
90108,54425
90109,53926
90110,29137
90111,7290
90112,53593
90113,54425
90114,41953
90115,9964
90116,53699
90117,54214
90118,805
90119,49437
90120,54035
90121,26780
90122,919
90123,3019
90124,54437
90125,18309
90126,54433
90127,18309
90128,54433
90129,48756
90130,49235
90131,8535
90132,54199
90133,1992
90134,54048
90135,54439
90136,28659
90137,30601
90138,54450
90139,48633
90140,44108
90141,53158
90142,29374
90143,2046
90144,54199
90145,54394
90146,52965
90147,54422
90148,54264
90149,3919
90150,10747
90151,54057
90152,13636
90153,20648
90154,22228
90155,54457
90156,7800
90157,54065
90158,21229
90159,54066
90160,54325
90161,54389
90162,5579
90163,54071
90164,54325
90165,30834
90167,20105
90168,7417
90169,54385
90170,54325
90171,44952
90172,8
90173,17246
90174,54079
90175,21971
90176,18163
90177,52898
90178,54325
90179,54466
90180,45986
90181,54417
90182,54099
90183,845
90184,54471
90185,54472
90186,41637
90187,31420
90188,54474
90189,21879
90190,21879
90191,54474
90192,54477
90193,28666
90194,54480
90195,54480
90196,54300
90197,42105
90198,53699
90199,53699
90200,52811
90201,48145
90202,53975
90203,54484
90204,12989
90205,54312
90206,54486
90207,54488
90208,35388
90209,49206
90210,11754
90211,54473
90212,54491
90213,49206
90214,2361
90215,54490
90216,54496
90217,35572
90218,36757
90219,54496
90220,53748
90221,54498
90222,54501
90223,27213
90224,39543
90225,52411
90226,30834
90227,1390
90228,22273
90229,52022
90230,54410
90231,53699
90232,1036
90233,43534
90234,36609
90235,2750
90236,54122
90237,54511
90238,44236
90239,17192
90240,54449
90241,3025
90242,54501
90243,54207
90244,20543
90245,23594
90246,54515
90247,54519
90248,11852
90249,4505
90250,54517
90251,5864
90252,32036
90253,14826
90254,54510
90255,54522
90256,4505
90257,11852
90258,54509
90259,16579
90260,16579
90261,42305
90262,36915
90263,1215
90264,54495
90265,37648
90266,45204
90267,54520
90268,54527
90269,52767
90270,48754
90271,54533
90272,54139
90273,54520
90274,53712
90275,29433
90276,54537
90277,54535
90278,54492
90279,7417
90280,54537
90281,54537
90282,52554
90283,37531
90284,31372
90285,40230
90286,35035
90287,52432
90288,6434
90289,54290
90290,31668
90291,54550
90292,29439
90293,31372
90294,39796
90295,44439
90296,44439
90297,54544
90298,8314
90299,54553
90300,54555
90301,54171
90302,13519
90303,54552
90304,30351
90305,44952
90306,54544
90307,54546
90308,805
90309,54177
90310,54199
90311,48162
90312,2750
90313,28746
90314,37793
90315,37793
90316,54528
90317,5256
90318,12893
90319,54183
90320,54546
90321,17876
90322,54561
90323,35513
90324,54566
90325,54566
90326,54566
90327,54192
90328,54571
90329,53137
90330,48754
90331,48483
90332,5405
90333,54574
90334,53815
90335,53137
90336,54561
90337,54569
90338,183
90339,49206
90340,46119
90341,46119
90342,28541
90343,48239
90344,54581
90345,5932
90346,5932
90347,2286
90348,22414
90349,54551
90350,1679
90351,54584
90352,28746
90353,54578
90354,54578
90355,805
90356,46427
90357,27187
90358,54207
90359,54588
90360,46954
90361,49674
90362,54587
90363,52360
90364,30613
90365,53926
90366,54593
90367,54585
90368,7287
90369,54214
90370,30494
90371,40357
90372,46540
90373,13555
90374,54601
90375,54580
90376,37483
90377,54600
90378,54605
90379,54532
90380,54606
90381,49090
90382,25292
90383,13561
90384,10017
90385,53866
90386,53866
90387,30494
90388,118
90389,54610
90390,54581
90391,1973
90392,7290
90393,7290
90394,54578
90395,118
90396,54611
90397,54616
90398,52111
90399,28644
90400,54622
90401,54617
90402,5946
90403,54597
90404,35270
90405,54626
90406,54626
90407,7169
90408,54438
90409,54627
90410,54630
90411,54633
90412,25741
90413,54247
90414,961
90415,1080
90416,54250
90417,54639
90418,4290
90419,54642
90420,22318
90421,46050
90422,54587
90423,14125
90424,54039
90425,16789
90426,38010
90427,48567
90428,6489
90429,52248
90430,54645
90431,54647
90432,3019
90433,54254
90434,20048
90435,54620
90436,54652
90437,54257
90438,54651
90439,3019
90440,54535
90441,54645
90442,54658
90443,54660
90444,54660
90445,53690
90446,54661
90447,25862
90448,54661
90449,54656
90450,26979
90451,14430
90452,1133
90453,51861
90454,44137
90455,54266
90456,27861
90457,48145
90458,54664
90459,30121
90460,44952
90461,54612
90462,7287
90463,20919
90464,11944
90465,37148
90466,7290
90467,54656
90468,49422
90469,54150
90470,54671
90471,54398
90472,3591
90473,52756
90474,54099
90475,52151
90476,54099
90477,41560
90478,25292
90479,54673
90480,7172
90481,48417
90482,12913
90483,52151
90484,54679
90485,48222
90486,54676
90487,54680
90488,51986
90489,54682
90490,24484
90491,54667
90492,54683
90493,54680
90494,32036
90495,27763
90496,54686
90497,54686
90498,54551
90499,919
90500,54667
90501,22311
90502,9907
90503,54620
90504,45817
90505,54617
90506,2669
90507,6161
90508,54680
90509,40899
90510,45032
90511,48417
90512,54697
90513,54207
90514,54207
90515,38311
90516,54683
90517,11832
90518,54309
90519,53690
90520,42514
90521,45263
90522,54711
90523,54700
90524,10210
90525,54566
90526,54692
90527,54319
90528,54715
90529,30834
90530,13587
90531,14519
90532,31874
90533,32175
90534,54718
90535,6000
90536,36948
90537,31874
90538,39588
90539,54715
90540,36948
90541,48918
90542,805
90543,39588
90544,18581
90545,36948
90546,52674
90547,54725
90548,29547
90549,48918
90550,9355
90551,54730
90552,53690
90553,21200
90554,41315
90555,54728
90556,919
90557,31874
90558,15952
90559,54734
90560,42760
90561,28746
90562,54734
90563,54733
90564,14031
90565,54336
90566,54736
90567,18643
90568,919
90569,40873
90570,54670
90571,39799
90572,21329
90573,54738
90574,54737
90575,39530
90576,32397
90577,54736
90578,54737
90579,2800
90580,9355
90581,54343
90582,18086
90583,11768
90584,54350
90585,15950
90586,54740
90587,52568
90588,41663
90589,42354
90590,54741
90591,42760
90592,1764
90593,54743
90594,54742
90595,7182
90596,1764
90597,36676
90598,36676
90599,54353
90600,54748
90601,54736
90602,18477
90603,54736
90604,53062
90605,19656
90606,8207
90607,54753
90608,54753
90609,25605
90610,31379
90611,30837
90612,17817
90613,28746
90614,54698
90615,54631
90616,48876
90617,919
90618,44695
90619,805
90620,45528
90621,52022
90622,45633
90623,44157
90624,48876
90625,16027
90626,26848
90627,54757
90628,54767
90629,36743
90630,54737
90631,54766
90632,54380
90633,3262
90634,41990
90635,10841
90636,24669
90637,2798
90638,43543
90639,48253
90640,42434
90641,5950
90642,54776
90643,49793
90644,54775
90645,54779
90646,2624
90647,54724
90648,54728
90649,54728
90650,12072
90651,54784
90652,54784
90653,24626
90654,44952
90655,40606
90656,54403
90657,21480
90658,54793
90659,12715
90660,54791
90661,54791
90662,45048
90663,54773
90664,54793
90665,28746
90666,54798
90667,1122
90668,1803
90669,44952
90670,54099
90671,4505
90672,54799
90673,54796
90674,54578
90675,54799
90676,54797
90677,54801
90678,31547
90679,54412
90680,54791
90681,28185
90682,4505
90683,13634
90684,54802
90685,54805
90686,54807
90687,32424
90688,54810
90689,16362
90690,39588
90691,54813
90692,13017
90693,11867
90694,29600
90695,54803
90696,54354
90697,54813
90698,54819
90699,54802
90700,54803
90701,1106
90702,54802
90703,46012
90704,8196
90705,36757
90706,11192
90707,54805
90708,54727
90709,6666
90710,54791
90711,11531
90712,46012
90713,13669
90714,12640
90715,54827
90716,54826
90717,87
90718,69
90719,54827
90720,26352
90721,54826
90722,87
90723,48162
90724,24318
90725,42362
90726,54724
90727,54279
90728,34591
90729,21701
90730,54831
90731,1108
90732,54724
90733,54443
90734,54445
90735,54775
90736,4403
90737,29617
90738,54840
90739,54451
90740,12492
90741,53740
90742,13881
90743,54840
90744,54840
90745,43519
90746,45521
90747,54843
90748,54836
90749,3748
90750,54836
90751,54836
90752,3898
90753,28025
90754,31271
90755,12072
90756,12072
90757,54837
90758,17679
90759,52522
90760,31104
90761,28746
90762,54851
90763,686
90764,16205
90765,48872
90766,521
90767,6129
90768,10843
90769,54539
90770,919
90771,42810
90772,53928
90773,29321
90774,52786
90775,52786
90776,4546
90777,2392
90778,37627
90779,37627
90780,52151
90781,54857
90782,54804
90783,54858
90784,13879
90785,45192
90786,25454
90787,54860
90788,54805
90789,54864
90790,38398
90791,26037
90792,54865
90793,42351
90794,45658
90795,54847
90796,42351
90797,54847
90798,54476
90799,27974
90800,54867
90801,54862
90802,29590
90803,54862
90804,8347
90805,31527
90806,27974
90807,54862
90808,54867
90809,54860
90810,54871
90811,54873
90812,2164
90813,54870
90814,54698
90815,54300
90816,54300
90817,54840
90818,54875
90819,54876
90820,54869
90821,54493
90822,24808
90823,54880
90824,54300
90825,54883
90826,53060
90827,26698
90828,54885
90829,54886
90830,13669
90831,54877
90832,6029
90833,54883
90834,52151
90835,54880
90836,54880
90837,54889
90838,11782
90839,54890
90840,54890
90841,8123
90842,54894
90843,43416
90844,43999
90845,54896
90846,54896
90847,54896
90848,54879
90849,54900
90850,54893
90851,4843
90852,54507
90853,13516
90854,7290
90855,54123
90856,54897
90857,53798
90858,6666
90859,54695
90860,6666
90861,9342
90862,54641
90863,6311
90864,54892
90865,54905
90866,19988
90867,54322
90868,9651
90869,54907
90870,28740
90871,7176
90872,54905
90873,54910
90874,13680
90875,54123
90876,28348
90877,54523
90878,26141
90879,10776
90880,41512
90881,10926
90882,13684
90883,54913
90884,1908
90885,54915
90886,54669
90887,54912
90888,54917
90889,14579
90890,54912
90891,8040
90892,43947
90893,28637
90894,54533
90895,17246
90896,54920
90897,54915
90898,13000
90899,13634
90900,48326
90901,16370
90902,53403
90903,6512
90904,1475
90905,54927
90906,34653
90907,54925
90908,21289
90909,19879
90910,11981
90911,11032
90912,1818
90913,54935
90914,54933
90915,5256
90916,1977
90917,54936
90918,11981
90919,54936
90920,54938
90921,54938
90922,44001
90923,20543
90924,20543
90925,54915
90926,20543
90927,37483
90928,54724
90929,37483
90930,41342
90931,49076
90932,54099
90933,7712
90934,54926
90935,54553
90936,805
90937,54942
90938,54879
90939,3745
90940,24993
90941,35224
90942,37188
90943,6446
90944,53193
90945,53418
90946,805
90947,42849
90948,54944
90949,2479
90950,54945
90951,28746
90952,1118
90953,54922
90955,28746
90956,9144
90957,29707
90958,40357
90959,9144
90960,54949
90961,28746
90962,48409
90963,54949
90964,307
90965,11700
90966,54840
90967,54567
90968,54568
90969,54957
90970,247
90971,18332
90972,53707
90973,54964
90974,54953
90975,54962
90976,54968
90977,284
90978,887
90979,54887
90980,54965
90981,52554
90982,54970
90983,45065
90984,54969
90985,19666
90986,19666
90987,81
90988,887
90989,34653
90990,43730
90991,54972
90992,54976
90993,1122
90994,35665
90995,603
90996,44425
90997,54593
90998,2392
90999,18187
91000,36564
91001,54981
91002,6082
91003,10688
91004,54163
91005,22468
91006,41879
91007,1124
91008,54981
91009,27464
91010,24730
91011,3040
91012,54985
91013,54985
91014,48032
91015,6096
91016,37541
91017,54987
91018,35451
91019,43065
91020,7025
91021,31121
91022,29171
91023,54990
91024,43999
91025,7800
91026,54995
91027,20783
91028,54994
91029,54999
91030,54999
91031,54616
91032,55000
91033,17140
91034,40743
91035,6920
91036,55000
91037,55001
91038,6633
91039,8040
91040,1970
91041,55003
91042,55005
91043,55002
91044,55003
91045,55003
91046,26757
91047,31542
91048,54896
91049,54896
91050,55008
91051,54871
91052,55011
91053,54903
91054,27658
91055,55010
91056,7482
91057,53740
91058,55009
91059,2116
91060,54631
91061,27658
91062,2116
91063,10112
91064,55005
91065,29770
91066,54643
91067,54993
91068,54404
91069,54647
91070,15983
91071,55021
91072,55015
91073,54657
91074,55018
91075,38367
91076,44881
91077,31914
91078,54659
91079,11667
91080,38367
91081,601
91082,55023
91083,4805
91084,55018
91085,8560
91086,11071
91087,35778
91088,42514
91089,55028
91090,55028
91091,42884
91092,27900
91093,21054
91094,54546
91095,21054
91096,8086
91097,54990
91098,23597
91099,12035
91100,54887
91101,43500
91102,54840
91103,54860
91104,21690
91105,40443
91106,55024
91107,34859
91108,40443
91109,44881
91110,25814
91111,6129
91112,2921
91113,55012
91114,28141
91115,46559
91116,972
91117,55012
91118,40743
91119,19999
91120,11051
91121,54675
91122,48758
91123,6869
91124,22452
91125,7673
91126,55047
91127,55033
91128,27779
91129,16118
91130,21690
91131,36300
91132,55052
91133,45065
91134,55052
91135,31668
91136,9576
91137,46559
91138,55053
91139,55055
91140,54724
91141,9077
91142,55041
91143,54620
91144,40447
91145,53973
91146,10707
91147,54691
91148,795
91149,74
91150,48876
91151,4253
91152,1146
91153,51908
91154,54632
91155,54632
91156,4253
91157,26352
91158,10598
91159,20387
91160,53561
91161,1389
91162,55021
91163,54713
91164,55049
91165,704
91166,53561
91167,13788
91168,46168
91169,24379
91170,20917
91171,55084
91172,8141
91173,7339
91174,55084
91175,55092
91176,55092
91177,46559
91178,8141
91179,55096
91180,55095
91181,11105
91182,54723
91183,55093
91184,4253
91185,12359
91186,2074
91187,55100
91188,54539
91189,54732
91190,54784
91191,17688
91192,2074
91193,53057
91194,183
91195,54711
91196,41684
91197,9589
91198,2310
91199,22196
91200,55108
91201,22054
91202,54669
91203,54289
91204,6630
91205,71
91206,1829
91207,54075
91208,55116
91209,54851
91210,55111
91211,55119
91212,21998
91213,44932
91214,55121
91215,55100
91216,55120
91217,55100
91218,55121
91219,1739
91220,55111
91221,41138
91222,4278
91223,24015
91224,12168
91225,54745
91226,55125
91227,55048
91228,55097
91229,55049
91230,55125
91231,44881
91232,55126
91233,55126
91234,55107
91235,55107
91236,11609
91237,55131
91238,54749
91239,54887
91240,41659
91241,42105
91242,26223
91243,88
91244,36229
91245,5862
91246,13083
91247,13352
91248,805
91249,805
91250,805
91251,2817
91252,805
91253,10849
91254,13879
91255,28082
91256,15978
91257,51838
91258,55144
91259,55097
91260,54765
91261,54075
91262,3074
91263,55086
91264,55151
91265,11364
91266,1381
91267,55138
91268,5401
91269,55154
91270,55154
91271,5401
91272,54772
91273,55155
91274,46022
91275,7972
91276,55158
91277,7972
91278,54724
91279,54778
91280,51993
91281,5126
91282,53989
91283,53561
91284,52018
91285,54724
91286,40215
91287,54782
91288,53630
91289,13804
91290,55164
91291,55169
91292,55167
91293,55169
91294,54099
91295,1670
91296,8783
91297,54669
91298,5646
91299,55174
91300,55174
91301,11279
91302,230
91303,55178
91304,55179
91305,55157
91306,49662
91307,55180
91308,36954
91309,55178
91310,55026
91311,55180
91312,55180
91313,54974
91314,667
91315,1191
91316,2660
91317,45941
91318,20580
91319,55185
91320,55185
91321,13310
91322,14731
91323,55135
91324,48159
91325,55188
91326,805
91327,55189
91328,5836
91329,49793
91330,7534
91331,16666
91332,6480
91333,9529
91334,7033
91335,52760
91336,55135
91337,55201
91338,55195
91339,3874
91340,4176
91341,4176
91342,55203
91343,35024
91344,55203
91345,3287
91346,12793
91347,55135
91348,13818
91349,55206
91350,55208
91351,22114
91352,55206
91353,36539
91354,36630
91355,17688
91356,18008
91357,20751
91358,51945
91359,55194
91360,51945
91361,52554
91362,55029
91363,29547
91364,54837
91365,36630
91366,36630
91367,48490
91368,53905
91369,55214
91370,55202
91371,55215
91372,55203
91373,55126
91374,55217
91375,55206
91376,55217
91377,54724
91378,55212
91379,55212
91380,54982
91381,55223
91382,55226
91383,55226
91384,55226
91385,25292
91386,35337
91387,52760
91388,55230
91389,34623
91390,977
91391,53905
91392,55231
91393,54845
91394,26008
91395,54846
91396,41422
91397,13614
91398,29123
91399,55235
91400,31372
91401,55237
91402,5509
91403,29911
91404,25087
91405,230
91406,55238
91407,29596
91408,29596
91409,48243
91410,30113
91411,49662
91412,10849
91413,54887
91414,45163
91415,55245
91416,55247
91417,7800
91418,7800
91419,20065
91420,37540
91421,55251
91422,24626
91423,47999
91424,55251
91425,54075
91426,55170
91427,30658
91428,54868
91429,54736
91430,55158
91431,45603
91432,55260
91433,43994
91434,55023
91435,20605
91436,53690
91437,55202
91438,55202
91439,54300
91440,42434
91441,13902
91442,25338
91443,55194
91444,55266
91445,55266
91446,55265
91447,46875
91448,24699
91449,9694
91450,55138
91451,55135
91452,24699
91453,55138
91454,43250
91455,55232
91456,55049
91457,55270
91458,55270
91459,55267
91460,55251
91461,55251
91462,54346
91463,52394
91464,22311
91465,27765
91466,55270
91467,55195
91468,41260
91469,16294
91470,805
91471,16294
91472,55241
91473,54902
91474,41422
91475,49764
91476,805
91477,55215
91478,41422
91479,805
91480,55274
91481,40834
91482,55218
91483,55274
91484,17661
91485,55279
91486,55279
91487,36546
91488,46554
91489,25062
91490,36546
91491,13581
91492,29943
91493,26276
91494,55158
91495,13173
91496,14764
91497,31135
91498,54159
91499,45129
91500,55284
91501,55290
91502,55144
91503,2875
91504,53866
91505,54914
91506,52527
91507,55290
91508,54159
91509,29872
91510,41793
91511,55297
91512,55297
91513,55300
91514,53928
91515,55285
91516,41294
91517,41481
91518,53928
91519,53709
91520,32541
91521,55294
91522,1739
91523,1739
91524,1739
91525,1739
91526,55284
91527,1739
91528,5618
91529,28671
91530,27974
91531,10266
91532,55303
91533,14465
91534,27196
91535,55291
91536,55303
91537,55305
91538,28494
91539,39537
91540,18386
91541,55298
91542,55308
91543,37028
91544,52024
91545,55308
91546,28671
91547,28940
91548,20188
91549,55310
91550,3712
91551,37269
91552,11234
91553,13948
91554,1514
91555,18386
91556,1934
91557,41974
91558,55318
91559,54784
91560,42878
91561,83
91562,26124
91563,55319
91564,55318
91565,43534
91566,41652
91567,805
91568,55323
91569,18386
91570,41652
91571,55325
91572,37541
91573,10416
91574,41652
91575,41652
91576,845
91577,52898
91578,31032
91579,31032
91580,6877
91581,23625
91582,55332
91583,45941
91584,39907
91585,13818
91586,55336
91587,55337
91588,42019
91589,42185
91590,54961
91591,45065
91592,41652
91593,41879
91594,54711
91595,54969
91596,26843
91597,55343
91598,55343
91599,26843
91600,3277
91601,55201
91602,35972
91603,44591
91604,44269
91605,1036
91606,919
91607,5862
91608,805
91609,4916
91610,13587
91611,41033
91612,805
91613,4319
91614,55355
91615,14230
91616,13902
91617,45044
91618,55362
91619,4559
91620,55362
91621,14230
91622,5
91623,35507
91624,21575
91625,55356
91626,159
91627,159
91628,21532
91629,52898
91630,55134
91631,55364
91632,55359
91633,55339
91634,55365
91635,2635
91636,22327
91637,28434
91638,55366
91639,1764
91640,55367
91641,42185
91642,54765
91643,28955
91644,14230
91645,11852
91646,26338
91647,40183
91648,55372
91649,13985
91650,55367
91651,17566
91652,54287
91653,54961
91654,12233
91655,55046
91656,55046
91657,55346
91658,26338
91659,55350
91660,48919
91661,55379
91662,49130
91665,55382
91666,159
91667,4598
91668,40014
91669,37541
91670,11385
91671,55008
91672,11385
91673,4959
91674,11385
91675,4598
91676,28746
91677,52898
91678,55390
91679,54961
91680,54991
91681,55386
91682,55394
91683,53621
91684,44063
91685,42434
91686,22
91687,55024
91688,37209
91690,601
91691,54217
91692,55395
91693,55405
91694,55407
91695,34859
91696,55408
91697,7056
91698,55402
91699,34859
91700,8588
91701,55231
91702,44269
91703,55231
91704,55231
91705,55220
91706,919
91707,31668
91708,55386
91710,53089
91711,55419
91712,54254
91713,55417
91714,55416
91715,36229
91716,14230
91717,55420
91718,54616
91719,55202
91720,7186
91721,14283
91722,10443
91723,55423
91724,54990
91725,54616
91726,55427
91727,55042
91728,21599
91729,54737
91730,55012
91731,52554
91732,54080
91733,54643
91734,55386
91735,55382
91736,8101
91737,54643
91738,37381
91739,25814
91740,19818
91741,55435
91742,27260
91743,55437
91744,30770
91745,55412
91746,55439
91747,44269
91748,55398
91749,48959
91750,55434
91751,230
91752,41033
91753,52200
91754,54217
91755,4774
91756,55365
91757,52200
91758,55427
91759,55365
91760,13950
91761,55382
91762,55217
91763,30495
91764,55447
91765,55365
91766,1973
91767,55449
91768,13445
91769,55451
91770,55456
91771,55453
91772,1720
91773,5075
91774,55420
91775,2071
91776,46199
91777,22295
91778,7891
91779,54928
91780,54833
91781,55074
91782,25316
91783,55459
91784,1808
91785,1808
91786,8267
91787,55465
91788,55466
91789,55470
91790,582
91791,686
91792,7779
91793,48661
91794,55084
91795,22047
91796,30403
91797,12652
91798,26674
91799,54919
91800,805
91801,22311
91802,55464
91803,55471
91804,25
91805,55478
91806,18528
91807,54692
91808,55099
91809,55477
91810,55435
91811,26959
91812,6434
91813,55482
91814,55484
91815,55397
91816,55475
91817,55484
91818,8694
91819,12853
91820,55487
91821,35467
91822,55105
91823,32559
91824,9871
91825,55451
91826,42878
91827,42878
91828,55302
91829,12233
91830,55435
91831,51945
91832,55484
91833,55433
91834,12870
91835,21154
91836,35467
91837,52065
91838,54915
91839,55435
91840,25
91841,20589
91842,2221
91843,55491
91844,55116
91845,51878
91846,55475
91847,28749
91848,55318
91849,48148
91850,31135
91851,49296
91852,55302
91853,24587
91854,45779
91855,52767
91856,28285
91857,55498
91858,31052
91859,7290
91860,22047
91861,40723
91862,6248
91863,28835
91864,1934
91865,1050
91866,55415
91867,55502
91868,54639
91869,38294
91870,55503
91871,11852
91872,54587
91873,55507
91874,2403
91875,31135
91876,55505
91877,27244
91878,55510
91879,13915
91880,3406
91881,55513
91882,5705
91883,2221
91884,55148
91885,1970
91886,6362
91887,45380
91888,26008
91889,55518
91890,31187
91891,7167
91892,51993
91893,805
91894,17246
91895,55423
91896,54315
91897,55160
91898,51878
91899,55519
91900,54315
91901,49456
91902,53630
91903,4496
91904,55527
91905,53630
91906,7647
91907,48584
91908,55415
91909,55527
91910,6206
91911,25444
91912,919
91913,55536
91914,1970
91915,26008
91916,18008
91917,55538
91918,46603
91919,36954
91920,53283
91921,4959
91922,55545
91923,54229
91924,24752
91925,8013
91927,54745
91928,18643
91929,55552
91930,44677
91931,3525
91932,881
91933,40527
91934,6272
91935,55558
91936,55558
91937,55560
91938,55559
91939,55556
91940,55494
91941,48059
91942,199
91943,334
91944,31359
91945,54990
91946,55111
91947,11058
91948,53663
91949,55561
91950,31547
91951,28820
91952,55564
91953,55556
91954,42730
91955,55566
91956,55557
91957,28373
91958,55545
91959,55545
91960,40527
91961,46287
91962,35802
91963,35469
91964,55572
91965,55578
91966,3084
91967,12331
91968,45226
91969,114
91970,956
91971,34860
91972,48059
91973,49209
91974,7290
91975,8402
91976,55582
91977,55582
91978,5871
91979,10696
91980,36634
91981,55588
91982,55527
91983,55586
91984,55228
91985,55557
91986,35366
91987,55591
91988,7722
91989,48278
91990,28671
91991,3040
91992,1389
91993,1090
91994,3125
91995,53283
91996,53561
91997,5686
91998,35660
91999,26508
92000,44037
92001,44615
92002,55595
92003,55600
92004,55602
92005,27142
92006,26471
92007,52
92008,8013
92009,55606
92010,55606
92011,45347
92012,55238
92013,686
92014,3541
92015,55609
92016,55603
92017,35467
92018,22012
92019,55607
92020,10278
92021,55410
92022,55612
92023,48244
92024,21026
92025,2074
92026,55410
92027,14137
92028,183
92029,29611
92030,11930
92031,55574
92032,49054
92033,55616
92034,55302
92035,55616
92036,55619
92037,3525
92038,55622
92039,55623
92040,25
92041,55258
92042,55619
92043,55625
92044,17514
92045,13145
92046,7961
92047,1970
92048,51945
92049,55484
92050,55629
92051,666
92052,410
92053,55601
92054,10017
92055,2247
92056,2247
92057,55635
92058,55637
92059,9517
92060,54406
92061,55637
92062,55638
92063,55633
92064,36172
92065,55635
92066,55635
92067,55642
92068,55642
92069,55640
92070,41749
92071,10665
92072,55138
92073,25
92074,55429
92075,14230
92076,28820
92077,55649
92078,55649
92079,7290
92080,55648
92081,52394
92082,28820
92083,25659
92084,55651
92085,55652
92086,11671
92087,21879
92088,43046
92089,51945
92090,11671
92091,26371
92092,55653
92093,54242
92094,14514
92095,5871
92096,10683
92097,55658
92098,1569
92099,29497
92100,38424
92101,30201
92102,53283
92103,7972
92104,55665
92105,30202
92106,3269
92107,55621
92108,55651
92109,15980
92110,55665
92111,4598
92112,25
92113,40152
92114,55460
92115,55675
92116,55673
92117,2040
92118,55599
92119,42134
92120,55657
92121,55683
92122,46670
92123,55599
92124,43565
92125,46938
92126,14803
92127,7471
92128,55684
92129,55684
92130,55682
92131,55685
92132,55673
92133,55686
92134,16827
92135,55429
92136,55687
92137,805
92138,55408
92139,16134
92140,805
92141,55691
92142,20344
92143,54257
92144,55692
92145,55693
92146,55694
92147,40894
92148,55296
92149,55689
92150,20980
92151,22577
92152,55689
92153,22406
92154,50835
92155,54516
92156,54516
92157,55699
92158,48804
92159,8455
92160,55702
92161,48622
92162,48622
92163,37540
92164,7534
92165,9973
92166,15978
92167,22119
92168,44037
92169,32093
92170,55704
92171,7018
92172,55658
92173,55640
92174,48197
92175,54582
92176,9568
92177,54516
92178,24587
92179,55714
92180,25034
92181,55713
92182,54966
92183,10612
92184,55715
92185,4598
92186,55682
92187,55374
92188,22159
92189,5837
92190,48197
92191,55657
92192,29183
92193,55718
92194,40152
92195,660
92196,55721
92197,52411
92198,55601
92199,7800
92200,23880
92201,3096
92202,55724
92203,40152
92204,6512
92205,55519
92206,27058
92207,52554
92208,41173
92209,41173
92210,55564
92211,55733
92212,43820
92213,7244
92214,55733
92215,52092
92216,55510
92217,7331
92218,53141
92219,10749
92220,55738
92221,55564
92222,36423
92223,35802
92224,4741
92225,12682
92226,4559
92227,55741
92228,55742
92229,54724
92230,52858
92231,55344
92232,36423
92233,35801
92234,35801
92235,6076
92236,55744
92237,1118
92238,1118
92239,55746
92240,12597
