src,dst
108,173
145,539
217,30
263,31
264,6
272,298
281,7
338,577
360,170
478,213
479,146
558,6
559,372
583,856
587,6
661,53
668,1289
681,1268
716,7
717,973
726,1142
737,1052
740,6
754,1583
776,1412
781,47
831,22
836,1444
837,1386
855,1149
875,1123
880,257
895,124
901,841
909,575
914,899
939,1815
955,1645
1006,920
1068,1687
1069,1112
1073,1709
1082,1961
1083,539
1095,1228
1131,880
1134,1169
1135,2024
1140,118
1143,7
1153,224
1154,216
1156,1963
1169,73
1210,1676
1211,2269
1224,490
1283,2374
1307,1289
8809,1292
10783,414
17469,118
18942,421
22399,369
23659,183
26940,1142
28839,859
28840,1324
29591,1799
30954,665
31174,1444
32441,577
33045,1812
34666,2516
34884,485
35150,534
36817,276
36818,166
36867,1352
36868,2770
38448,203
38449,10
38533,411
38800,2572
39025,2597
41963,1807
42256,2860
42257,2572
45213,2918
46450,414
46451,1761
48587,3062
48709,1826
49737,411
51512,1995
51513,2628
54696,2966
56446,257
56522,2639
59018,1848
59019,2689
59020,1
59021,2563
60212,305
60213,726
60286,2917
60919,36
62187,2957
63529,1001
64695,3287
65209,3286
65383,1906
65866,369
66354,2066
66575,10
67211,2777
67212,3331
67552,2956
67842,2768
68036,1576
68037,2742
68038,612
68409,1016
68410,3252
68438,2777
68439,3238
68816,2483
69573,3244
69793,3270
70012,3199
70711,3372
71072,3372
71553,75
72473,1385
74418,1980
74639,2306
74640,2410
74930,1045
76682,1133
78440,1430
79545,3561
80174,359
80535,3561
80633,328
80923,2067
81335,563
81650,22
82884,3158
83998,1015
83999,527
85270,2597
86097,499
86853,7
86903,30
87342,3685
87463,3200
87464,3252
87465,685
88210,213
88211,2493
89036,3661
89037,3539
90125,3556
90394,1015
91229,539
91230,548
91231,3653
92603,3115
92604,1881
92726,3752
92801,3708
94250,3672
95316,1595
95485,3460
95486,499
95584,3842
96141,423
96168,206
97223,643
97538,1611
98127,575
98128,1266
98157,3730
98752,3
98753,73
98754,1676
100255,652
100497,612
100498,2742
100499,3369
101352,3252
101476,3611
101669,2691
101936,665
102009,1015
102058,4017
104677,222
106296,4146
106602,899
112612,2401
116088,859
122839,4220
122840,3316
123791,4175
124142,4312
126543,4354
126569,4364
131345,1980
131371,4466
132522,3207
132523,2917
134924,4530
136400,4539
136426,939
137577,4298
142554,2492
142955,1576
143731,4267
148507,3270
149433,4272
149909,138
151785,834
151811,577
151812,3392
153113,4942
153839,354
154340,4766
156886,1521
156887,6
159238,1797
160039,5093
168040,5107
170516,5011
175642,5238
175668,5249
180594,3702
181695,5171
182821,1576
185122,1848
189248,5184
189774,4768
190875,2149
191901,152
193027,1
193228,5181
195354,3194
195380,3466
199681,1164
203933,2432
204934,527
206110,4334
208111,5747
208962,4830
213138,4220
214739,5808
217790,2234
218142,6
218418,2306
227119,5700
229245,5360
231296,6050
231322,4551
233298,2492
233299,2824
235025,421
240104,5750
240605,5504
242507,3921
246510,5686
246936,6039
247062,3158
247213,3006
248389,4211
248665,6096
255817,6268
255868,6127
256019,6337
258145,2619
258646,5171
259772,6308
260323,6314
261149,6358
261475,1883
262101,5347
263953,3652
265604,5617
266830,5443
267056,4030
268357,5782
269533,414
269759,2275
272210,5196
272286,155
272512,4517
273064,2182
273990,2356
274591,665
274592,5700
274968,168
276844,6493
277470,1525
277496,798
277572,5573
278798,2272
279749,1028
279950,6780
280001,6575
280202,6814
281653,2981
282204,6856
282255,5504
282331,6807
283507,3890
283783,6856
283784,1812
284385,1164
284411,6856
284887,1980
284963,6920
287515,7022
287591,2516
288492,3038
288619,6455
288670,7022
288671,2
288672,2492
290023,4239
290049,6478
290725,812
291076,1444
291077,213
291078,1444
291079,2770
291930,4023
291931,2245
292882,2121
294059,7209
295635,2615
295811,2547
295887,7115
295913,7313
296539,1412
297015,3532
297066,980
300143,7040
301369,6780
302320,2917
303321,4884
304047,7426
305448,7426
306149,5344
306175,6330
307227,3458
307478,2467
307729,3623
307880,3614
311781,4239
319107,6795
321258,7630
321259,6907
327210,3874
346836,7727
358039,4978
358590,6763
359916,7319
360117,256
360293,798
360294,4810
360495,7515
362647,7630
362648,6907
362974,203
362975,4612
365051,2516
365052,7815
365053,346
367429,7977
367530,1773
368081,5504
368157,5913
369233,3730
369759,3730
370960,7258
372637,5347
373613,2910
373864,5026
374090,7975
374316,2469
374517,8192
375168,7376
375344,7853
375745,8196
376121,138
376522,8232
376548,8239
376574,1761
377100,5534
377726,5135
379403,2828
379829,5750
380555,4099
380581,8237
381257,6364
381633,8340
382734,7996
382860,8187
383486,652
383512,170
383688,8021
383814,8358
385890,7772
386716,8419
387743,8419
387994,7542
388020,4220
388521,3386
389222,2906
389723,3559
390274,5171
390575,8513
390576,8236
392452,485
392478,841
392479,3400
392505,7813
392656,7238
392758,8358
393811,7630
393812,6907
394663,4832
398667,3947
398918,1708
399319,8718
400020,8797
400796,6498
401072,8104
401073,8477
404049,8846
404050,3634
410701,6195
419927,10
419928,8071
419929,3730
421655,8662
426956,1399
427407,8899
432659,1444
432660,298
434586,8955
435137,7467
435688,7419
435914,4364
437015,8502
442842,2086
443668,8370
447319,8370
447320,7419
447396,6890
448922,8774
450198,6601
457826,5918
458678,8742
458679,1521
461880,6127
462431,5092
462632,9131
465408,8570
465910,486
466386,8586
470738,9208
470789,8025
471390,9396
472091,8844
472617,4
472618,9311
474519,9040
474520,4220
476146,203
476672,4756
476698,9341
476724,9467
476875,6309
477351,3331
477352,2777
477353,3238
477629,8285
477630,1112
477681,9464
480132,5347
481283,9341
481659,7
482486,7531
482862,7200
483263,2492
483264,1386
483790,9508
487966,6275
488717,9629
489093,1133
489144,9685
491671,5344
491722,8689
493123,6005
494824,9398
495825,9809
496076,9797
496802,8918
498103,8000
498679,9590
500980,4009
502881,1149
505207,9573
505208,7155
505334,9358
506310,4030
506311,6487
508012,9398
508413,10005
508739,10055
510390,9068
511866,2597
513417,9016
513418,3685
513419,3713
514720,30
514746,40
514772,242
518398,10079
522676,9330
526352,8000
526353,9842
527254,9685
533130,5617
535831,8485
539957,2597
542008,10030
542934,9735
546285,2356
547886,2746
548137,9885
548163,9137
548164,9358
549065,3628
549066,8106
549067,6740
550493,5782
550794,3931
551145,6890
551421,7902
553347,2910
554848,8807
556099,10121
556850,8130
565551,7959
568302,10604
568303,8738
568529,3458
569905,10594
570006,277
571982,10363
573833,1676
576234,7815
577160,534
581836,5782
582488,10363
589789,8243
590190,6304
594018,5206
594369,10613
596723,2230
596974,6127
597275,10789
597776,9220
598127,5081
598853,10964
599604,10387
599830,2335
600456,213
600832,6731
602058,10510
603834,11113
605210,11123
605411,534
605412,3400
606663,8662
607589,8661
608391,2432
608842,9664
610218,6350
610219,1637
610220,6127
610221,10953
610322,173
611398,11256
612274,8300
614200,539
616126,11079
616127,11113
621328,11315
626704,4445
629780,11009
631306,4713
636657,3115
636758,11381
637384,8738
638585,9739
640787,11420
641013,6314
641039,11436
643290,10947
646416,11448
648842,3466
650193,9358
652144,2547
655545,11548
656121,3559
656747,11182
658798,6652
662224,2379
663025,11102
664051,10347
665177,7467
665328,6481
665929,577
666405,9671
666506,11182
667132,11595
667208,11628
668259,10407
668535,22
670586,8071
670587,3730
670988,11414
675664,22
684491,2691
684492,3650
687118,2356
694594,5502
694595,11372
694771,3006
694972,11713
695098,11436
700150,1576
701351,11717
701377,9605
703428,11887
703954,1562
704805,73
704806,11892
704857,12029
705158,8000
706634,11887
707560,11887
708412,4454
708563,9131
710264,8696
712115,11887
716366,10356
719792,12151
719868,2492
721969,11351
721995,5542
721996,1
722172,10981
725023,12164
725399,11609
725575,2272
728451,10251
729577,11812
732555,9131
733306,4689
734057,6599
734058,10387
734134,3539
737610,12134
738436,31
738437,9557
739413,7211
740189,7527
743665,1207
744591,9342
748943,12521
749044,1622
751270,1475
753046,10975
758823,12498
761924,9535
762500,3589
765701,5347
766227,2948
769130,575
769881,577
773132,6309
776033,2476
776084,9947
777610,8358
777636,11917
777637,8187
780588,9503
782214,213
784515,12587
784516,12453
784542,12453
789768,11149
790469,12814
791495,12748
791996,10079
793322,12864
797424,12495
798625,12712
799851,9807
800177,6181
800478,12222
801379,11650
802055,4211
809807,12410
811258,11209
811784,12993
811785,11209
813236,13011
813962,7853
814563,13022
814764,12955
817115,4356
818916,3967
819067,12993
820368,12797
824369,13056
829471,2002
830647,3947
831348,11368
831399,5747
831850,6358
832576,12960
832578,13220
833679,13166
834080,4884
834156,11209
834932,12797
834933,13112
835184,1475
835510,13206
836661,4220
836687,170
838113,13296
838164,1475
838840,12262
838891,11315
838892,11351
839118,2245
839119,534
839496,13266
840747,1047
841648,10608
842149,13054
842150,10387
844701,13314
846402,322
851503,2777
853105,726
853531,13352
853782,13259
854208,13433
854535,13446
858386,13306
858887,3640
860738,2691
860839,13152
861015,13259
861691,9898
865867,11018
868393,8485
868394,414
869320,13550
871421,3
875122,13636
876123,3294
876249,2272
881401,6652
881402,3911
881403,11609
881404,2356
882255,4551
882306,631
887683,13721
887684,13211
888660,10517
891561,12888
896288,10
896964,12461
898090,7200
898091,9501
898417,5750
900068,13166
900319,10382
900445,13757
901346,13757
901347,13805
904848,9801
905274,7357
905325,13518
906101,13757
906102,13805
906103,13833
906579,12495
912335,11516
912736,13902
913562,12137
920192,1444
921168,9429
921169,13636
921370,2492
925372,12873
925398,10001
927999,4551
931550,726
932201,7048
935202,14088
935403,7402
935529,575
935805,9477
936181,14078
938432,14158
941983,423
942159,12484
942560,14088
946861,1805
950037,10001
954388,2275
955289,3194
957290,7869
959366,14237
963142,2894
966719,4834
967395,14351
968496,2356
969297,14269
971098,14351
972349,3549
974601,11602
982881,13314
982882,2245
982933,124
984209,8662
985510,14480
986361,3559
986612,14634
986763,1385
988489,14449
989865,14643
992292,14546
992293,14721
994944,9859
995295,7308
995996,14355
997097,14691
999748,6
1000474,8505
1000750,2410
1001626,6225
1008428,14842
1011279,14219
1015005,8237
1015006,3549
1015132,14898
1015358,14916
1016459,14088
1018935,14500
1025486,13382
1026462,13902
1028013,14088
1030789,9735
1030815,22
1030816,6652
1030817,2272
1033743,124
1036469,14088
1036995,14072
1037471,13548
1037547,8019
1037623,15021
1043524,15076
1044750,13977
1049477,15160
1051903,15141
1051929,15202
1053330,13197
1053656,12546
1055432,961
1056008,14226
1060284,10001
1060735,12251
1060736,9071
1060837,13853
1062038,15266
1063764,15281
1065790,7208
1065791,3539
1065792,12415
1066793,5750
1069044,15197
1069270,13909
1069296,1844
1069422,15285
1072198,97
1073099,11887
1074475,1324
1080551,2121
1083852,15211
1093231,2748
1093782,10234
1096633,14088
1097084,6498
1098935,14500
1100286,11381
1100287,8844
1100288,11609
1101464,4756
1104065,13314
1104266,11659
1104492,7975
1104718,15597
1105119,9718
1107345,8148
1107396,15287
1108297,726
1108423,577
1109425,7975
1109576,15598
1109852,15322
1109853,15501
1110079,15021
1110855,138
1110856,75
1113057,13314
1116633,7308
1116984,15716
1117260,7004
1121761,11659
1121937,15104
1122688,298
1125314,8225
1125640,14399
1129641,8956
1130692,15168
1132243,4445
1132594,173
1134145,15770
1134596,5542
1137847,15809
1140098,3038
1142599,15427
1142950,4551
1143276,13810
1143277,5750
1143278,13810
1143279,8300
1144430,15913
1145456,15958
1152282,3412
1153233,884
1153384,11887
1153810,15361
1155386,2131
1157413,15805
1160564,10
1161115,16054
1167716,14500
1169542,1576
1170418,15526
1172294,16117
1173295,16194
1180547,16287
1180548,3395
1182024,6791
1190275,16247
1195277,6916
1196678,1576
1199505,16312
1201156,7785
1201532,14500
1203008,13314
1207559,16524
1208285,11289
1208386,4252
1208862,4551
1209188,9220
1209864,5504
1210040,5700
1210041,2432
1210367,3294
1210943,4713
1212546,16331
1213372,25
1215299,13673
1216375,16567
1216901,15991
1217227,396
1217228,13148
1217254,16631
1217605,396
1218856,16641
1219307,16611
1219483,16646
1221234,15052
1221235,9735
1221836,4544
1222063,11856
1222289,9751
1223015,5845
1224591,16602
1224942,16689
1234018,13858
1237119,16497
1237170,16742
1238346,16780
1241272,3879
1242948,1444
1246624,125
1250850,6920
1251301,16545
1252227,884
1253453,5591
1256579,6033
1257455,16822
1257631,7948
1259432,15157
1259433,15463
1260409,15979
1260810,4220
1261811,16305
1262087,17006
1265113,15257
1268139,17022
1268565,4081
1270241,258
1270242,5987
1271068,8117
1271369,16968
1274321,17098
1276798,16915
1279124,6513
1280600,16780
1281301,15984
1281302,15584
1281303,16235
1284829,12546
1285530,17216
1288831,15776
1292782,16611
1295108,10309
1295109,575
1297260,373
1298311,17320
1298937,17349
1299388,17354
1305014,17407
1305040,17413
1308142,1826
1312068,16235
1312094,17300
1318445,17407
1318921,17468
1319797,6538
1321498,16998
1321749,17510
1322725,1337
1323626,15739
1324652,17510
1325053,26
1326029,16381
1327480,14333
1327663,1601
1327664,11980
1328023,17405
1328314,17480
1328564,6916
1329607,267
1329757,17628
1330600,12907
1330755,9071
1331006,9334
1332190,7825
1332216,11653
1333301,8974
1333399,16708
1333520,17710
1333686,9913
1334079,485
1334324,124
1334325,15181
1334326,2476
1334327,14856
1334532,1337
1334562,10045
1335093,665
1335231,10727
1335232,9913
1335664,16008
1335750,2492
1336636,2086
1336637,7899
1337500,3038
1338066,17899
1338507,4551
1338508,7611
1338509,17480
1338510,577
1338878,614
1340035,17537
1340088,12140
1340508,12151
1340777,18058
1341182,8213
1341376,3943
1341561,4429
1341756,4451
1342623,2401
1342897,17243
1343004,15578
1343186,16437
1343352,13858
1343415,13797
1344590,4543
1344656,2504
1345192,9501
1345383,6314
1345435,18294
1346021,18300
1346126,12651
1346534,3559
1346923,7376
1347311,18215
1347685,13314
1348367,18375
1348798,7860
1348935,1495
1348955,13166
1349011,18378
1349398,5700
1350205,16921
1350206,18088
1350207,10905
1350208,14004
1350209,3539
1350210,4009
1350317,18330
1350544,18403
1351334,2181
1351371,5543
1351397,18550
1352899,18590
1353306,18615
1353564,18214
1353636,12651
1353637,18538
1353751,17068
1353994,7134
1354300,18668
1354398,18638
1355613,12398
1355614,8237
1355704,18657
1355730,18745
1356400,2007
1356502,577
1356574,18621
1356575,18336
1356654,18750
1356970,10001
1357140,6513
1357208,13086
1357623,298
1357624,10975
1358142,18848
1359000,18774
1359090,18693
1359271,15287
1359374,18864
1359854,8371
1360265,17545
1360611,18917
1360879,18975
1361106,18973
1361107,18911
1361441,577
1361582,18576
1361686,6
1362281,10079
1362707,9357
1363428,11385
1363429,8107
1363521,17825
1364126,4284
1364153,1826
1364253,9475
1364418,15979
1364444,9358
1364746,5444
1364768,19127
1365441,6865
1365725,17633
1365765,19014
1365801,2397
1366662,7959
1366663,7251
1367039,7112
1368198,18754
1368245,17785
1368527,19227
1369130,6538
1369131,18973
1369427,19300
1369517,18658
1369518,1856
1369611,11885
1369917,13056
1370081,19311
1370508,12386
1370621,13382
1370622,15011
1371276,7112
1371277,19216
1371495,17066
1371580,15585
1371581,577
1372313,14500
1372314,5747
1372315,13314
1373258,18434
1374190,539
1374304,10544
1374361,12029
1374566,19537
1375170,19265
1375513,16331
1375779,2358
1376188,9842
1376189,8000
1376691,19537
1376758,17229
1376759,17216
1377948,19675
1377974,19681
1378003,5344
1378004,15102
1378005,11209
1378006,4544
1378007,13166
1378008,14088
1378374,16219
1378852,1807
1379397,6619
1379877,10897
1379880,2352
1379997,12053
1380050,19470
1380201,16230
1380358,10728
1380359,3676
1380736,19779
1381173,8019
1381179,13447
1381180,17129
1381948,31
1382006,1519
1382053,577
1382482,14153
1382777,1595
1382778,4759
1382779,8817
1382780,130
1382897,11009
1383057,6181
1383974,19891
1384269,14914
1384305,423
1384403,19857
1384758,19120
1385519,17110
1386836,8071
1387185,18973
1387247,19311
1387358,18882
1387359,20039
1387502,16802
1388212,19954
1388213,15536
1388214,15497
1388745,5960
1388766,18058
1389549,18112
1389551,19932
1389641,16800
1389642,18896
1389935,3121
1390291,7542
1390755,5090
1390824,10276
1392105,18988
1392126,9918
1392597,12281
1392650,1970
1392651,2008
1392652,2379
1392653,9693
1392797,20014
1393680,6720
1393742,12562
1393935,10478
1394395,170
1394402,485
1395465,6513
1397229,18480
1397638,5746
1398628,20452
1398731,1580
1398995,14721
1399398,20537
1399514,6920
1399544,20537
1399658,6455
1399793,13126
1399794,18434
1399836,2275
1399837,1875
1399907,18058
1400276,346
1400415,3372
1400416,134
1400544,20534
1400606,20414
1401616,16921
1402191,20554
1402743,20583
1402883,3559
1404437,13275
1404691,2597
1404696,9016
1404977,10643
1405093,18222
1406292,10787
1406697,8511
1406860,577
1407575,19788
1407608,11009
1408552,19572
1408635,10975
1409611,213
1409617,1133
1409618,9685
1409619,3526
1410091,8689
1410245,20945
1410246,806
1410341,6067
1410596,20946
1410961,7727
1410962,19459
1411243,20806
1411248,17581
1411402,4187
1411640,8661
1411641,14634
1413596,20241
1413635,17595
1413951,21075
1414597,12069
1414630,19576
1414855,2932
1415566,19216
1416302,19403
1416372,3943
1416415,8433
1416663,15565
1416761,19911
1416808,1337
1416812,16567
1417028,21268
1417037,20988
1418421,2504
1418445,21075
1419240,18896
1419284,20079
1420560,269
1421071,17
1421121,3586
1421265,20416
1421989,12484
1422109,21439
1422121,21335
1422155,3921
1422227,19456
1423121,16390
1423122,17331
1423287,1337
1423344,3653
1423561,21139
1423685,10744
1423994,5808
1424008,21595
1424245,21040
1425748,21727
1425749,21658
1425750,21595
1426035,4700
1426083,15784
1426411,4708
1426439,11009
1426440,15713
1426496,20836
1427318,14108
1427699,21747
1428162,15958
1428700,20836
1428706,20295
1429007,21725
1429197,8689
1429198,11009
1429760,20988
1429761,20200
1429762,21268
1429763,20791
1430032,2691
1430091,21907
1430332,21946
1430580,18771
1431599,12558
1431971,21139
1431972,2272
1432310,2294
1432311,15670
1432312,138
1432509,22036
1432516,21271
1433221,16106
1434362,20452
1434363,20002
1434417,10963
1434418,21121
1435167,17320
1436000,15635
1436048,9342
1436058,12495
1436083,2467
1436084,5774
1436139,12262
1436140,11351
1436255,298
1437132,21350
1437525,22200
1437773,22258
1438032,21976
1438150,22288
1439492,19523
1439771,3713
1440150,7343
1440471,5502
1440472,11899
1441445,14500
1441575,20836
1441746,22322
1442002,7040
1442703,18058
1442853,1278
1444301,9131
1445105,22528
1445320,4284
1445321,19102
1445322,20295
1445381,2691
1445573,1998
1445875,22557
1445912,18896
1446216,14483
1446217,4220
1446510,22504
1446536,22620
1446947,5962
1447024,3911
1447178,1529
1447299,22648
1447417,22654
1448038,22464
1448039,22550
1448156,16631
1448292,22439
1448479,22627
1448506,22699
1449159,3730
1449206,20553
1449469,1173
1449676,298
1450264,17624
1450969,14226
1451019,22700
1452252,22783
1452413,15011
1452573,13758
1452644,15744
1452645,2910
1452893,19948
1452974,13314
1453371,20836
1454215,1142
1454736,4498
1455775,14721
1456101,21203
1456139,22955
1456308,213
1456548,2275
1456549,1875
1456736,22852
1457493,17186
1457740,23068
1458098,14078
1458099,575
1458469,20452
1458470,22066
1458737,20836
1458816,2691
1459424,9357
1459456,13496
1459457,3640
1459878,22955
1460042,23053
1460326,23193
1460329,7224
1460416,4544
1461427,138
1461894,23221
1461944,14742
1461977,23238
1462260,12651
1462678,23218
1462918,22955
1463050,14088
1464845,20010
1464849,23411
1465001,10088
1465002,9016
1465003,11175
1465033,21809
1465177,22
1465785,3947
1465786,23391
1465787,17039
1465788,3038
1466238,13597
1466498,6022
1466499,12397
1466500,12930
1468332,203
1468899,21752
1469271,22852
1469792,7134
1469813,18058
1470207,11096
1471230,7631
1471301,23700
1471438,138
1471682,7948
1472686,8135
1473136,4075
1473526,21896
1474593,16381
1474715,10905
1474771,23767
1475013,11985
1475070,7975
1475481,13784
1475484,1475
1475659,363
1475675,9085
1475676,3
1475712,23841
1475742,23833
1475768,23874
1476112,3331
1476143,1601
1476144,1444
1476145,7591
1476228,22189
1476272,23529
1476807,23921
1477158,23935
1477969,17300
1478390,7727
1478668,18603
1478855,21825
1479045,2591
1479053,15958
1479404,4517
1481074,9104
1482362,6455
1482865,17623
1483349,20052
1483512,10387
1483513,23779
1483569,6022
1483824,3438
1483887,24077
1484094,23617
1484095,18896
1484208,19590
1484209,8107
1484770,17623
1485174,13747
1485224,6067
1485304,18058
1485834,16480
1485847,24242
1486235,24046
1486398,13314
1486584,20836
1486980,18745
1486983,24298
1486986,24194
1487114,23860
1487368,21847
1487867,23900
1487902,23529
1488025,24362
1488044,24116
1488080,24211
1488355,24242
1488356,21282
1488383,21551
1489309,206
1489338,14961
1489339,7348
1489590,24439
1489691,24214
1490608,9918
1490621,18480
1490839,20836
1490859,24439
1490885,7860
1490895,20196
1491067,24331
1492018,14161
1492141,22209
1492142,3238
1492290,24437
1492458,13314
1492541,24214
1492629,11457
1492964,288
1493400,24568
1493418,24380
1493485,20553
1493611,11256
1493637,6498
1493770,5774
1493771,10059
1494297,9833
1494446,5304
1494955,7057
1495028,20452
1495029,22066
1495098,24380
1495542,24595
1496182,24681
1496186,24588
1496696,24416
1497119,3549
1497304,24516
1497696,423
1497880,16565
1499732,20836
1499733,298
1499769,12498
1500175,20452
1500176,22066
1500179,24772
1500622,20836
1500663,24820
1501331,17336
1502267,6920
1502268,23481
1502309,24772
1502570,213
1503531,24752
1503684,24942
1503696,1149
1504110,3352
1504111,24537
1504445,24605
1504446,7925
1504475,24978
1505023,24521
1505157,9334
1505763,6652
1506527,25055
1507211,21343
1507558,24588
1507736,3921
1507762,1963
1507774,1521
1507855,4258
1508043,13597
1508157,24441
1508490,15104
1508491,15713
1508668,9664
1508677,24720
1508678,20836
1509084,4220
1509085,14483
1509089,24962
1509168,3984
1509523,25094
1509560,25181
1510099,4298
1510846,25222
1511218,3466
1511219,15104
1511220,15713
1513145,15872
1513300,2306
1513326,4700
1514122,25306
1514264,25322
1515191,9220
1516478,20757
1516635,2504
1517079,18469
1517122,6728
1517436,562
1518166,4987
1518223,20534
1518421,3653
1518579,5680
1518877,6538
1518891,14004
1519264,25377
1519693,3787
1520036,25367
1520295,2492
1520331,6350
1520697,2151
1520877,24819
1521287,25604
1521807,25528
1521808,25389
1521925,1668
1521956,421
1521998,24662
1521999,25565
1522267,25605
1522989,24911
1523010,20514
1523328,1405
1523608,2492
1523792,1610
1523884,25521
1524168,25671
1524950,24911
1525047,10856
1525158,25738
1525192,20834
1525193,22731
1525194,25109
1525403,18375
1526477,10856
1527005,11659
1527006,6538
1527173,12810
1527199,25776
1527478,25211
1528349,1595
1528350,3392
1528351,25632
1528671,423
1528881,20439
1530128,14426
1530163,18112
1530615,10382
1531070,18745
1532040,2272
1532566,614
1532793,24077
1532997,11210
1533202,24853
1533512,13950
1533531,25972
1534210,19321
1534211,23704
1534634,11421
1534725,25632
1534861,26145
1534964,11142
1534965,20040
1534966,18973
1535223,4854
1535224,4832
1535450,26060
1535483,7357
1535841,25561
1535863,18119
1536116,6350
1536320,21257
1536744,12164
1536955,26041
1537123,26054
1537244,13687
1537254,21214
1537833,25946
1537867,26294
1537884,20945
1538361,25387
1538698,26329
1538724,26339
1538859,26060
1538919,15347
1539146,4023
1539244,2691
1539271,423
1539379,25381
1539381,19667
1539542,26110
1539543,25451
1539631,9240
1539774,220
1540132,1848
1540184,26396
1541116,13858
1541569,10
1541570,203
1541991,7
1542239,2356
1542548,26465
1542591,26431
1543050,26471
1544672,17724
1544700,11602
1544802,26352
1545072,2067
1545073,5135
1545076,3466
1546319,13984
1546402,24257
1546526,19538
1546619,26329
1546620,26339
1547983,18887
1548390,18576
1548815,26585
1548841,5235
1549317,2492
1549518,26247
1549605,19591
1549610,1149
1550011,20416
1550012,6353
1550013,539
1550014,2619
1550287,13873
1550478,125
1550646,14140
1551059,26402
1551342,18621
1551642,17215
1552433,18621
1552900,3466
1553948,2828
1554246,21875
1555561,2611
1555762,13382
1555881,3559
1556105,1324
1556215,13314
1556216,14585
1556470,13784
1556471,15526
1556519,12174
1556986,10719
1557128,24705
1557602,27030
1558277,1667
1558546,2492
1559082,2038
1559083,12869
1559453,26914
1559898,6619
1559960,19567
1560093,4551
1560285,23617
1560286,24061
1561306,24562
1561512,17800
1562186,3730
1562187,24222
1563452,17438
1563622,2628
1563680,27254
1564313,19590
1565654,27146
1565808,13478
1566249,6252
1566258,27033
1567168,27248
1568198,423
1568236,25611
1568499,3559
1569808,26842
1569873,27442
1570047,15971
1570373,24082
1570669,26650
1570680,27512
1570829,21429
1570843,421
1570844,25632
1570845,614
1570873,10532
1571051,5250
1571541,16921
1572725,27554
1572831,6067
1572832,11109
1573600,27622
1573924,11009
1574444,26537
1574707,11602
1575218,20452
1575219,22066
1575282,1692
1575283,8446
1575357,2492
1575379,10382
1575653,27589
1576022,22494
1576263,20825
1576473,16608
1576550,373
1577581,27786
1577903,5056
1577937,27908
1578063,17800
1578483,15979
1578927,4517
1579401,298
1579461,26924
1580276,23117
1580359,24244
1580360,6033
1580361,12498
1580677,11707
1580719,22718
1580729,16921
1580941,27833
1580944,26252
1580946,26054
1581021,21896
1581100,27958
1581907,9276
1582008,17495
1582012,16951
1582230,26972
1582441,12742
1582878,9667
1582879,6275
1582880,20514
1582885,24398
1582990,7357
1582991,26176
1583574,17696
1583603,27936
1583759,27946
1583910,1519
1584029,18030
1584569,16467
1584828,26858
1584909,28086
1584964,6
1585150,1519
1585181,28199
1585506,4220
1585569,16717
1585698,3559
1585699,13314
1586094,1818
1587105,12232
1587261,28029
1587587,20534
1587595,21164
1587649,28199
1587677,8844
1589143,21809
1589331,1576
1590448,14500
1590449,27257
1590696,53
1590786,10017
1591074,5250
1591704,19788
1592220,7620
1592525,27976
1592526,11707
1592790,20452
1592791,22066
1592828,24827
1592829,28011
1592890,15664
1593365,4360
1593659,14578
1593664,8817
1593734,26660
1593930,21298
1594083,28566
1594254,9220
1594255,2492
1594489,27313
1594588,16760
1595231,5278
1595232,2730
1595356,27976
1595503,26450
1595504,9751
1596121,22902
1596422,28161
1596581,9003
1597108,11009
1597109,27724
1597110,5450
1597214,28656
1597357,28474
1597533,15070
1597632,4901
1597633,4964
1597897,10095
1597898,11141
1597899,1266
1598912,11009
1598949,20836
1599203,7308
1599920,28787
1600395,28737
1601472,28474
1601785,28873
1603485,5015
1603486,28730
1603862,28688
1603863,5135
1605099,18603
1606752,2717
1607168,28942
1607205,22718
1607278,3463
1607323,26842
1607371,17167
1607612,28431
1607660,17537
1608162,29133
1608185,29133
1608619,28996
1608695,28658
1609342,18797
1609343,10433
1610052,13314
1610054,3685
1610055,11691
1610120,26624
1611073,17495
1611267,28338
1611376,29220
1611512,11887
1611538,12118
1613853,29052
1613913,8844
1614084,23210
1614182,1815
1614213,27212
1614405,14905
1614604,14226
1614806,29356
1614974,17537
1615046,114
1615732,25827
1615845,29038
1616464,11050
1616894,8242
1617154,25470
1617411,6021
1617791,5450
1617834,18004
1619051,4211
1620088,27873
1620165,23417
1620190,23417
1620248,27748
1620386,29563
1620622,22
1620648,27589
1620758,16665
1620776,26556
1620777,29617
1621907,16390
1622251,29612
1622435,18058
1622436,15102
1622636,18082
1622787,12053
1622788,29709
1622789,22468
1622790,12945
1622791,29636
1623008,29617
1623077,2492
1623154,22957
1623199,29563
1623637,29542
1624005,13494
1624077,13307
1624200,2957
1624201,13494
1624276,13267
1624469,19532
1624470,1459
1624471,8738
1624512,9931
1624982,21530
1625125,28852
1625133,20802
1625175,29611
1625341,19216
1625346,29682
1625797,22
1625798,20558
1626180,20836
1626326,7882
1626529,4364
1626629,12386
1627092,7200
1627093,9501
1627094,4220
1627104,26413
1627195,7004
1627250,7004
1627277,29905
1627279,29902
1627315,22945
1627637,29882
1628166,18819
1628384,3734
1629123,726
1629223,175
1629400,19761
1629424,7959
1629429,24047
1629457,29906
1629636,18905
1629674,29962
1629675,29889
1629971,16665
1630021,22718
1630119,3734
1630286,29876
1630736,4364
1630798,2715
1630936,13054
1631160,12645
1631161,17633
1631162,19173
1631163,10450
1631286,20613
1631717,22804
1631718,5457
1631753,29158
1631957,7815
1631958,6
1632085,25713
1632086,6538
1632103,27495
1632246,12842
1632274,29713
1632415,25890
1633136,30159
1633213,28730
1633214,5015
1633346,13784
1634201,13086
1634435,6022
1635459,29190
1635473,30275
1635801,23142
1635802,26300
1635803,23617
1635807,3734
1635880,11707
1635909,30043
1636028,29486
1636203,30294
1636433,26916
1636434,19576
1636591,29713
1636706,1447
1636744,6795
1637672,30343
1638140,6493
1638141,23692
1638224,14500
1638608,6127
1638836,30411
1638976,6187
1639345,1815
1639439,6989
1639510,1850
1639715,8774
1639716,9062
1640034,30448
1640257,29986
1640266,13690
1640446,14558
1640654,22184
1640655,30369
1640725,7774
1640726,6762
1641603,373
1641739,15307
1641916,29380
1641917,7165
1641918,421
1641919,223
1642029,29380
1642035,8135
1643194,29905
1643722,2628
1643723,27211
1644075,30236
1644076,6022
1644327,7977
1644532,12128
1645234,15011
1646071,11233
1646410,27288
1646411,6851
1646419,30075
1646646,26020
1646809,29713
1647562,16390
1647643,726
1647822,26950
1648021,22406
1648133,30763
1648159,30771
1648764,30490
1649171,30643
1649176,27803
1650012,726
1650332,30838
1650526,12251
1650554,25007
1651735,3947
1651755,11209
1652056,27033
1652057,9833
1652553,30835
1652683,18789
1652844,30877
1653186,30607
1653228,3024
1653229,11182
1653750,14059
1654590,7977
1654680,26994
1654708,20836
1655151,22212
1655152,15287
1655989,30842
1656274,17706
1657447,30970
1657753,1807
1658547,30720
1658791,12681
1658924,29364
1659918,30615
1660671,29690
1661749,97
1662728,14002
1663456,305
1663623,31177
1663721,29176
1664023,29781
1664120,30743
1664522,27724
1666131,31366
1666482,11009
1666546,27724
1666949,31442
1667261,29981
1667265,22572
1667318,14697
1667545,31366
1667729,29981
1667880,2492
1667927,31275
1667967,8021
1668117,27553
1668207,21896
1668972,31352
1669213,1807
1669275,27313
1670602,22842
1671001,22184
1671024,20553
1671270,13314
1671411,21809
1671460,97
1672016,25738
1672017,2492
1672706,298
1672803,20523
1672814,31190
1673431,8300
1673489,16121
1673522,1444
1673525,30728
1673725,4298
1673729,24681
1673791,7774
1674387,4551
1674526,18896
1674527,1194
1674795,31690
1674823,29731
1674824,2492
1675028,31597
1675672,28671
1675673,29190
1675961,30141
1676550,31771
1676621,4040
1676622,8225
1677150,5774
1677400,1580
1677419,11800
1677441,15776
1677477,25605
1677664,7357
1677935,26833
1679144,22569
1679499,4700
1679555,4997
1679556,20441
1679557,8557
1679586,26485
1679962,26833
1680077,15565
1680078,3810
1680079,31292
1680096,15979
1680130,11372
1680131,16331
1680201,8251
1680383,16390
1680572,31690
1680786,1848
1680787,1822
1681181,18873
1681509,5450
1681563,27724
1681564,11009
1681650,23399
1681840,28671
1681851,11609
1682174,1174
1682362,3200
1682363,20836
1683193,31679
1683264,3479
1683766,3730
1683804,32094
1683831,32087
1683899,32025
1683998,31984
1684025,17173
1684091,21152
1684338,30643
1684394,32133
1684832,30691
1684882,28199
1685004,11602
1685328,170
1685379,2691
1685788,16533
1685810,32106
1685826,26608
1686092,32056
1686258,32175
1686584,27798
1687097,3466
1687098,21736
1687697,2962
1688807,24022
1688808,20523
1689155,32272
1689156,8662
1689265,17109
1689385,30585
1689899,31366
1689974,8088
1690071,31036
1690338,4544
1690353,26623
1690644,631
1690661,9590
1690931,1576
1690965,10020
1691245,9315
1691404,32223
1691725,15505
1691797,27061
1691823,27061
1691897,20435
1691937,2492
1692145,27927
1692154,10
1692332,20523
1692541,7261
1692872,28251
1693132,3463
1693304,29563
1693313,22718
1693885,32389
1694202,32463
1694391,26176
1694412,8318
1694439,12715
1695127,18480
1695156,32531
1695360,27436
1695748,32498
1695764,5171
1695765,9062
1695791,539
1695972,7948
1696155,32575
1696189,32498
1696190,32564
1696346,16390
1696825,24365
1697597,32471
1697674,30565
1697959,26994
1698291,31948
1698327,19576
1698560,7948
1699141,32471
1699202,28671
1699247,23881
1699501,5450
1699665,32653
1700141,20295
1700142,22566
1700651,32285
1700783,18937
1701125,32696
1701638,31830
1702327,26454
1702571,24418
1702572,9918
1702661,206
1702664,20836
1702962,16390
1703098,16390
1703099,32419
1703119,3466
1703227,17331
1703449,21494
1703617,2748
1703668,10363
1704366,20523
1704367,32419
1704682,30361
1704691,23
1705006,31598
1705007,24077
1705627,8974
1705727,32528
1705728,32852
1705729,32742
1705846,27127
1706239,2125
1706272,20836
1706273,32795
1706316,26020
1706396,1447
1707435,30141
1707438,32893
1707621,31177
1707798,17371
1707889,75
1707976,1735
1708567,24607
1708725,32471
1709903,19891
1709904,22680
1709946,32864
1710110,33050
1710213,11009
1710214,27724
1710317,22718
1710455,6493
1710586,2492
1710613,3466
1710917,5015
1711188,9561
1711406,33142
1711494,17119
1711495,31150
1711578,22718
1711579,3685
1712252,20523
1712266,31755
1712267,30141
1712396,29731
1712475,17119
1712476,32419
1712562,5750
1712563,3200
1712696,33038
1712772,32471
1712826,28730
1712846,421
1712847,20040
1714430,22718
1714431,20553
1714485,33150
1714721,138
1714734,575
1715006,5015
1715017,15456
1716097,29017
1716509,33193
1716802,32246
1717132,32322
1717446,20452
1717447,22066
1717448,24827
1717449,28574
1717450,33059
1717828,30159
1717902,4364
1717956,414
1718505,5747
1718510,298
1719171,1459
1719181,32025
1719182,28671
1719708,6538
1720263,8276
1720324,33448
1720375,33450
1721056,12262
1721124,30387
1721217,17773
1721218,26702
1721219,9131
1721455,29367
1721500,15427
1721630,539
1721631,23200
1721879,3930
1722514,298
1722824,18603
1723024,20523
1723253,19261
1723995,298
1724023,12385
1724430,31934
1724802,20523
1724822,13340
1724866,33566
1724892,33639
1725407,33656
1725606,4543
1725612,21494
1725850,7057
1726172,32319
1726560,18746
1726970,32206
1727006,2352
1727160,15958
1727469,2691
1727844,28041
1728387,12262
1728396,16219
1728963,12262
1728964,33366
1729390,2072
1729421,33808
1730116,15664
1730153,16921
1730248,20523
1730294,14500
1731063,14500
1731222,4089
1731482,9283
1731674,10945
1731988,10346
1732711,4220
1732767,33638
1732952,32322
1733023,33674
1733498,4700
1734020,20166
1734046,24389
1734141,33736
1734660,20523
1734661,32419
1734841,2863
1735246,32489
1735259,32584
1735260,33141
1737364,33888
1737570,21896
1739140,17696
1739533,3921
1739617,25109
1739777,26176
1739778,24077
1739934,22718
1740086,26660
1740164,33078
1740617,16413
1740667,31597
1741376,34237
1741402,5462
1741734,13054
1741834,31849
1742122,11009
1742123,17111
1742199,15207
1742203,7429
1742214,19120
1743025,20124
1743521,8974
1743617,28156
1743841,26084
1744305,12262
1744876,20918
1745437,33709
1745769,26700
1746113,31849
1746114,34302
1746335,20836
1746978,3539
1746997,27662
1747005,26660
1747036,4700
1747519,33984
1748637,30886
1748761,555
1749326,34587
1750013,13572
1750408,10062
1750797,4700
1751005,20523
1751411,32377
1751626,34498
1751754,27495
1751955,9354
1752003,31532
1752226,32890
1752378,33923
1752482,34510
1752508,29932
1752609,4868
1752616,14226
1752716,1805
1752721,26537
1752954,27750
1752969,5448
1753234,27958
1754012,34753
1754123,33923
1754497,29731
1754930,24720
1754935,1781
1754956,13850
1754957,14500
1755087,34797
1755709,10141
1755722,15289
1755861,34698
1755953,34832
1756457,34107
1756571,34859
1756627,34652
1756860,12262
1756942,15580
1757058,33709
1757182,12262
1757335,16921
1757395,34882
1758186,12053
1758187,2492
1758811,24518
1758969,34932
1758976,31690
1759015,32706
1759016,29017
1759037,25086
1759222,155
1759442,3921
1759443,25109
1759573,14078
1759580,34882
1759707,7
1761046,7200
1761317,20543
1761485,3559
1761509,16921
1761804,34797
1761967,23993
1762484,31366
1762790,32945
1763020,4854
1763021,4272
1763312,20330
1763537,20523
1763670,17431
1763671,31190
1763820,33433
1763823,9930
1763920,13850
1764090,35100
1765939,118
1766521,25190
1766731,33260
1766736,21237
1767072,34496
1767073,24720
1767320,34396
1767324,21896
1767346,2691
1767353,13850
1767354,14500
1767355,24720
1767393,24720
1767517,20836
1767583,16758
1767755,35021
1767776,16665
1767945,33888
1768085,33686
1768152,12362
1768476,35192
1769276,9664
1769463,28630
1769611,31
1769913,35248
1770064,8318
1770137,15776
1770261,13690
1770525,942
1771029,35319
1771973,2492
1772083,18603
1772562,173
1772679,4220
1772680,9427
1772681,13275
1773279,5171
1774061,18746
1774639,5457
1774796,35029
1774944,34803
1775234,8033
1775444,34418
1775787,33142
1775904,23617
1776102,33685
1776250,35487
1776764,11096
1777087,33812
1778080,20040
1778565,97
1778566,31598
1778672,35510
1779723,7165
1779821,5135
1779979,10289
1780141,14045
1780167,6127
1780235,1142
1780243,35608
1780247,11687
1780505,3466
1780635,97
1781185,34465
1781415,3466
1781834,2691
1782359,26568
1782639,20083
1783000,35697
1783131,12386
1783134,26049
1783446,32781
1783576,35609
1783577,35711
1783742,35719
1784357,1142
1784535,3611
1784751,11009
1785344,27724
1785360,35590
1785546,25520
1786097,35750
1786606,35827
1786609,24022
1787844,1595
1788218,26970
1788660,34414
1788942,97
1789101,35606
1789239,1047
1789388,19181
1789573,35918
1789574,22406
1789600,35940
1789707,20523
1790199,22347
1790456,2906
1790676,20514
1791517,21237
1791518,14500
1791519,24720
1791520,16985
1792488,11691
1792717,35561
1792838,27067
1792842,23761
1792903,35123
1793326,26176
1794281,1142
1794282,14360
1794540,3734
1794781,125
1794839,26722
1794960,35892
1795252,35510
1796968,35173
1797321,12262
1797548,36212
1797586,22731
1797591,1645
1798474,24720
1798476,14500
1798477,24720
1798483,14500
1798529,24720
1798530,14500
1798531,3549
1798532,13314
1798578,1576
1798895,2492
1798896,12262
1798927,1645
1798928,2492
1798929,12262
1799331,1142
1799381,19772
1799450,2492
1800266,8135
1800432,32941
1800736,1142
1800737,36271
1801095,18167
1801220,31690
1801350,17336
1801369,25690
1801419,16381
1801420,17585
1803876,9202
1803877,33315
1803882,22502
1803977,3115
1804204,16458
1804460,12262
1805233,36152
1805451,29490
1805807,36305
1807012,36238
1808776,5220
1808829,14360
1809341,23117
1809366,20836
1809671,37522
1809675,36253
1810022,37506
1810197,949
1810206,36247
1810207,35535
1810208,20040
1810330,4734
1810455,12386
1810456,17227
1810459,18973
1810661,15011
1810662,25605
1811001,12386
1811540,22718
1811589,29367
1811590,14226
1811961,35657
1812219,37569
1812413,33625
1813063,37727
1813644,37775
1814160,37775
1814215,17336
1814216,37422
1814336,31
1814721,37761
1815207,30159
1816382,18480
1816560,37865
1816611,24211
1816788,7155
1817037,31769
1817079,18496
1817137,26855
1817164,28944
1817239,37865
1817468,15593
1817471,175
1817472,213
1817533,11609
1817534,21854
1817535,3156
1818326,32669
1818383,5135
1819617,25359
1819618,30159
1819866,22406
1820244,1807
1820425,37865
1820507,18595
1820508,11096
1820509,24821
1820795,2541
1820916,26855
1820982,8303
1821329,27750
1821658,3466
1821659,30708
1821788,37930
1822111,20836
1822664,16493
1822665,37840
1822666,9131
1822815,37845
1822839,33197
1823178,38086
1823206,38111
1823501,9334
1823590,14500
1824161,20836
1824177,5450
1824178,16178
1824179,32653
1824180,5450
1824181,32653
1824858,18945
1824994,6945
1825371,37399
1825372,28730
1825942,14500
1825943,13850
1826949,8784
1827075,27750
1827255,30976
1827256,15776
1829247,28474
1829524,3943
1829895,14634
1829903,29805
1830110,13166
1830219,4211
1830388,8604
1830460,7948
1831052,26230
1831708,1995
1831716,38118
1832423,18896
1832424,1194
1833085,37647
1833158,35956
1833421,7049
1834083,270
1834142,8071
1834218,33780
1834219,25811
1834346,32706
1834955,37608
1835099,38524
1835110,20523
1835111,31326
1836154,33616
1836223,37832
1836264,31934
1836924,16985
1836928,28787
1838316,27067
1838317,35982
1838318,2142
1838771,12262
1840380,35824
1840732,29713
1841254,1405
1841276,6972
1841277,5504
1841315,38755
1841549,20295
1841804,36
1841952,38870
1842731,9664
1842845,7
1842846,38874
1842847,24261
1842971,20523
1843970,7519
1844912,27323
1845278,39037
1845326,10382
1845536,15319
1845613,1444
1845614,39042
1845844,36027
1846281,33776
1846363,38962
1846623,28284
1846624,18072
1846625,17623
1846921,34396
1847114,726
1847232,1580
1847233,31841
1847384,39128
1847681,3331
1847697,9475
1847772,22718
1848054,25811
1848055,33780
1848158,3542
1848302,3921
1848386,5115
1848543,6421
1848567,11628
1848606,11691
1848607,11175
1848711,5935
1848937,30728
1848938,30728
1848939,1444
1848956,1444
1849358,23633
1849639,4220
1849640,14483
1849801,2492
1849827,39238
1850022,13676
1850078,2067
1850079,22731
1850156,9334
1851434,20523
1851789,16390
1852433,12262
1854911,24077
1855060,29981
1855148,22347
1855264,38700
1855680,28801
1855746,7925
1856209,6907
1856216,38102
1856666,3395
1856759,28732
1857035,13781
1858346,24077
1858437,33433
1858440,29479
1858449,38420
1858450,26914
1858632,38856
1858635,38856
1858636,15011
1858662,13382
1858663,15011
1858689,36320
1858740,5015
1858741,423
1858810,35711
1858974,29617
1858975,26556
1859080,7455
1859164,5278
1859284,16822
1859376,32600
1859935,38038
1859966,10574
1860111,18316
1860443,38290
1860444,166
1860445,5158
1860450,17641
1860537,36247
1861980,9334
1862462,39299
1862984,39319
1863147,32419
1863171,17331
1863172,32419
1863173,17331
1863174,32419
1863175,16390
1863253,38350
1863268,32419
1863269,17331
1863270,16390
1863271,20523
1863659,40456
1863705,14719
1863861,40459
1863956,3425
1864451,40742
1864731,12262
1864757,12262
1864807,37993
1865671,8744
1865777,31755
1865778,30141
1865797,15505
1865854,21844
1865974,29364
1866013,35711
1866237,36
1866686,4816
1866696,40769
1867229,31326
1867230,35940
1867231,38593
1867232,20523
1867439,4762
1867598,18973
1867821,21530
1868161,18480
1868162,298
1868164,12262
1868401,23197
1868596,36171
1868597,9354
1869240,4544
1869293,3734
1870235,7969
1870815,18119
1870905,40934
1870932,26769
1871171,24022
1871172,38087
1871230,40598
1871312,36167
1871360,7
1871361,5937
1871373,5845
1871374,15692
1871375,25151
1871489,40808
1871507,7977
1871508,22764
1871622,11707
1871859,40769
1872028,41038
1872062,18375
1872304,15577
1872435,12262
1872447,16381
1872448,24077
1873321,39177
1873385,11142
1873458,19948
1873632,16013
1873677,40382
1874023,17773
1874031,39040
1874849,21565
1874936,12787
1875569,7969
1875570,13630
1875670,38524
1875770,32318
1875771,3931
1875772,33547
1875956,24878
1876116,23779
1876143,33547
1876144,41208
1876426,20836
1876744,29781
1876745,7112
1876767,24077
1878180,298
1878460,40987
1880178,39211
1880829,41324
1881079,16233
1881459,28730
1881460,11009
1881461,20836
1881796,15008
1882898,3466
1882972,41358
1883148,13166
1883216,34926
1883626,32125
1883627,21152
1883776,24633
1883819,18595
1884225,33547
1885887,30141
1886734,30141
1886738,26591
1886855,23117
1887137,20836
1887145,41512
1887598,30354
1888346,19291
1888355,11691
1888356,10059
1889776,41473
1889836,37993
1889882,3734
1889883,22528
1890501,8590
1890783,26088
1891189,31417
1891493,41540
1891602,41697
1891606,41678
1891889,27512
1891890,30126
1892577,27724
1892585,41638
1892586,41473
1892812,27927
1892909,18480
1893274,40598
1893373,41526
1894755,25220
1895544,38008
1896050,34527
1896089,13197
1896815,21592
1897215,41881
1897788,5782
1897865,12209
1897950,2819
1897984,2819
1898212,39177
1898543,41778
1898625,12151
1898663,12262
1900068,26271
1900079,17918
1900389,32826
1900725,28431
1900846,35819
1901002,38593
1901003,22293
1901423,17300
1901424,20401
1901710,9398
1901711,20948
1901870,42957
1902450,5465
1902779,36176
1902996,26044
1903575,3559
1903734,213
1903791,16381
1903997,16381
1904271,33817
1904398,22816
1904713,16847
1905058,21999
1905376,9001
1905407,1781
1905490,6493
1905642,22021
1905646,4220
1905671,41628
1905994,4544
1906116,7455
1906117,40731
1906192,41326
1906730,41241
1907148,39062
1907345,28057
1907757,43086
1907785,43249
1908183,17336
1908314,298
1908956,31284
1908957,14002
1909043,43115
1909314,24022
1909318,35940
1909498,31027
1909925,41467
1909926,43197
1910811,23311
1910910,24077
1911042,18882
1911285,41390
1911419,29038
1911605,36212
1912355,35606
1912395,35819
1912622,43405
1912880,1444
1913040,1444
1913288,27588
1913333,15127
1913568,41187
1914208,20523
1914209,17196
1914329,31867
1914392,2356
1914609,27911
1914739,43488
1915031,41745
1915070,32325
1915265,41794
1915266,43471
1915458,30743
1915524,1927
1916658,2092
1917445,43017
1918230,43448
1918377,11876
1919249,37993
1919254,7975
1919967,3734
1919968,643
1919969,2
1920022,43040
1920082,43310
1920474,10439
1920552,2910
1920978,43730
1921003,43648
1921130,5056
1922634,13875
1923383,37526
1924563,43529
1924564,3331
1925217,11009
1926488,30141
1926489,31755
1927237,6127
1927376,20523
1927809,36128
1928327,43405
1928328,12386
1928329,26044
1928330,40808
1928331,36247
1929331,41093
1929340,18480
1929613,43675
1929649,11182
1929650,8117
1929951,41286
1930247,25941
1930248,12343
1930498,12546
1930863,26588
1931233,29781
1931558,10425
1931860,6580
1932067,29051
1932068,43685
1932069,4138
1932589,13875
1932965,15102
1933789,32706
1934211,44193
1934748,6795
1935736,170
1935737,33433
1936066,3730
1936483,44139
1936624,2423
1936625,414
1936815,33179
1936928,18746
1937035,43040
1937214,44173
1937532,11950
1938083,298
1938192,20836
1939730,20836
1939739,27691
1939950,11127
1940150,16552
1941220,41895
1941570,41794
1941571,44244
1941910,30141
1942484,298
1942648,22569
1942652,7815
1943368,29781
1943548,21473
1943573,17602
1943869,41746
1944030,44464
1944274,2151
1945124,20836
1945597,28099
1946191,44586
1946192,30526
1946270,41789
1946368,10141
1946476,3520
1946477,30116
1946649,20523
1946697,32188
1946810,35137
1947437,6493
1948154,12900
1948595,4219
1948749,24452
1948791,43842
1949016,37944
1949461,30588
1950276,18133
1950629,38709
1950682,44541
1950965,44125
1951551,14437
1952234,44569
1952526,43768
1954928,2466
1957480,44999
1957523,44769
1957729,44913
1957730,97
1958346,44856
1958526,29271
1958527,44643
1959803,8135
1959894,33433
1960125,22974
1960126,21718
1960131,36309
1960224,16390
1960927,8918
1961870,22718
1963193,30303
1964804,44144
1966985,6047
1968393,34769
1969306,11887
1969307,12053
1969408,11887
1969544,6350
1969796,21119
1972614,41394
1972967,11887
1973497,45622
1973529,13686
1974624,45660
1975101,32600
1975750,35084
1976353,10289
1976552,421
1976870,26876
1977616,18621
1978127,45807
1978505,45410
1978610,4816
1978849,11457
1978875,26016
1978876,11724
1978877,29781
1978878,19216
1978880,45803
1978881,11109
1978939,45825
1978979,45814
1978985,1576
1978986,612
1979108,44262
1979109,5354
1979110,45803
1979549,35855
1980292,44999
1980849,31
1981358,20836
1981375,44769
1981450,10213
1982243,45723
1982333,44279
1982480,28006
1982757,31190
1982929,38976
1983881,38715
1984936,118
1985211,138
1985764,11887
1986287,34956
1986288,29017
1986289,32706
1986460,45851
1986551,16750
1987049,21395
1987249,21822
1987873,1829
1988041,29781
1988042,7112
1988043,19216
1988163,21263
1988902,12670
1988903,8407
1990527,18621
1990531,7977
1991050,25322
1991558,32318
1991794,28936
1991795,41420
1992017,18789
1992297,3559
1993412,9253
1993855,11359
1993856,46334
1996619,26450
1997252,14078
1997574,20553
1999363,12857
1999581,23197
2000372,45803
2000456,8734
2000457,46209
2000458,45926
2000784,6150
2000785,41361
2000793,46185
2000794,46185
2001753,3466
2002056,46597
2002063,213
2003742,13095
2004084,2149
2006303,8734
2015464,17402
2017777,41177
2018187,29669
2018264,46670
2022293,32419
2025377,41177
2025378,46644
2025379,46755
2027232,46688
2027261,24077
2028009,46720
2029626,43554
2034704,20438
2043697,17772
2045837,37666
2045853,20523
2049594,2948
2050450,43727
2050451,43559
2051131,44630
2054325,35941
2054708,36027
2057187,2628
2058087,1595
2059093,25672
2061182,18905
2062145,23617
2065740,46944
2068695,41279
2069740,46851
2071089,19948
2071915,31679
2074974,11437
2075627,1576
2075916,33453
2077186,1444
2086174,2691
2086421,43748
2086422,46847
2086423,7790
2086588,44704
2088193,8604
2088402,5782
2089305,30348
2089325,38491
2089890,26450
2089955,6652
2090590,40928
2090739,34926
2090977,4331
2090978,30
2090979,375
2091979,46389
2092370,37993
2092565,47108
2095090,1444
2095091,30728
2095113,47296
2095299,11009
2096091,30159
2099060,12186
2099514,21907
2100292,6945
2102718,30728
2103038,2092
2103380,7351
2104258,12386
2104278,47345
2105289,47450
2105290,47190
2105291,5885
2105464,35940
2107817,46185
2109122,38928
2109357,32088
2110128,44888
2111230,12262
2112063,11956
2112274,25506
2113071,47399
2114167,44928
2115637,45087
2120107,43109
2122460,18638
2122624,4220
2122625,14483
2124663,20523
2125772,47671
2126055,47698
2126056,47769
2126389,4220
2127152,30842
2128139,47286
2129751,44342
2130498,38551
2130551,47265
2130751,3653
2131746,47707
2132061,1444
2133120,30728
2133149,7439
2133650,47771
2134432,37752
2134433,7786
2134811,33382
2134943,25109
2134944,3921
2134951,22184
2134952,31532
2135140,45803
2135195,6208
2135209,2806
2135395,47674
2135955,18599
2136476,38530
2137244,7535
2137245,20826
2137271,726
2137727,32419
2139264,26105
2139664,13686
2139665,5360
2140021,15529
2140930,1576
2141302,47671
2144498,20523
2148433,9918
2148565,22501
2148566,1447
2148567,4220
2148598,43254
2150988,22328
2150989,6067
2153106,19905
2156339,31657
2156340,18215
2156755,6364
2160309,47967
2160451,29424
2160882,41394
2160883,43471
2161838,31569
2162454,12200
2162548,48107
2162605,48107
2164647,48326
2165284,13326
2165307,421
2165308,34724
2165935,11220
2165936,18789
2166460,2035
2167494,10289
2168742,48381
2171753,20534
2174557,26454
2174956,6127
2177747,6498
2177773,38709
2178058,31955
2178059,32419
2178060,45381
2178589,1444
2179061,38856
2179485,20836
2180288,46874
2180398,20523
2181298,44840
2181608,6
2182155,32770
2182156,28437
2182191,1047
2183181,27951
2184088,26454
2185711,2628
2186919,2377
2186985,20523
2187736,48547
2189082,29096
2189442,8844
2191469,10744
2191832,18638
2192618,4756
2192776,16562
2192785,48582
2192786,48696
2192929,16692
2192930,4099
2193041,6563
2193163,48713
2193191,48029
2193672,35129
2193885,13314
2193886,32781
2193887,26147
2193965,30156
2193966,26300
2194149,48688
2194151,48739
2194171,16692
2194467,534
2195364,48739
2195567,46019
2195568,118
2196326,29121
2196447,4756
2197363,2691
2197443,48467
2197714,47286
2198557,22884
2198558,31459
2198559,31366
2198933,47222
2200117,48907
2200605,346
2205599,41446
2206907,4807
2206946,23672
2208631,18433
2211876,48864
2212496,13086
2212569,6534
2214276,29682
2214277,31238
2214278,2641
2214387,2691
2215228,47074
2215229,5015
2216418,40454
2219682,48766
2220132,25109
2221393,21847
2221639,6563
2227827,33796
2228660,46226
2228774,29121
2232154,1173
2232552,49196
2233133,34396
2233233,2691
2233866,49408
2233967,41251
2234021,44592
2234030,125
2234343,14761
2234454,47314
2234455,11327
2234467,49455
2234803,14324
2235140,12842
2235536,49490
2235831,49495
2235896,20523
2236118,48864
2236168,48425
2236928,49536
2237236,32748
2237416,421
2237417,35042
2237551,47075
2238827,3814
2239162,18088
2239752,46874
2239924,49359
2240816,24203
2240881,29121
2241086,49649
2241360,39297
2241466,26176
2241467,21282
2241933,11327
2242395,7200
2243486,15526
2243693,24187
2244213,20543
2244939,14483
2244953,20836
2245705,4612
2245722,4187
2245956,16317
2246134,10789
2246135,30999
2246341,13314
2247348,5344
2247514,5387
2247547,40613
2248633,6067
2248727,33013
2248821,47040
2248880,2917
2250392,46523
2250401,23117
2251678,20836
2251748,31488
2251805,20295
2251806,726
2252510,31326
2253368,11628
2254344,6498
2255205,44279
2255265,44066
2255900,21350
2255927,25908
2255928,36152
2256310,2628
2256311,30599
2256312,27211
2256764,14914
2257172,50003
2257534,48662
2257762,32419
2257859,46610
2258010,36212
2258286,7
2258287,30
2258288,16921
2258290,1576
2258291,3
2258292,4025
2258295,421
2258303,5026
2258310,4220
2258311,20514
2258313,13810
2258314,9398
2258317,8661
2258319,11113
2258320,3115
2258322,7527
2258324,9807
2258327,13550
2258328,6652
2258334,14158
2258337,14643
2258338,8505
2258340,15197
2258341,15285
2258344,10234
2258345,15597
2258346,577
2258347,15021
2258348,7004
2258349,11659
2258350,3038
2258351,15427
2258354,16287
2258356,4713
2258357,16567
2258358,11856
2258360,6920
2258361,16968
2258364,665
2258366,7429
2258368,12398
2258369,18750
2258372,1194
2258374,8107
2258377,18434
2258378,19265
2258379,6619
2258380,16230
2258381,19470
2258383,17110
2258384,20039
2258385,12386
2258388,20537
2258389,20537
2258390,346
2258391,3559
2258393,11009
2258395,21203
2258400,21946
2258404,298
2258405,19120
2258406,22439
2258407,3438
2258409,23417
2258410,23068
2258411,20010
2258412,22
2258414,7948
2258420,11256
2258421,24416
2258427,25094
2258428,25181
2258429,4700
2258431,25605
2258432,25671
2258433,25211
2258435,16533
2258437,26041
2258438,6350
2258440,26060
2258442,220
2258443,26465
2258444,26352
2258445,24211
2258446,26970
2258449,26650
2258450,27554
2258452,27786
2258454,53
2258455,28656
2258456,9003
2258458,28474
2258459,28873
2258462,28942
2258464,2717
2258467,5450
2258468,12386
2258469,29962
2258470,7200
2258473,30275
2258476,1815
2258477,373
2258478,421
2258480,17119
2258483,29176
2258484,31442
2258486,1444
2258488,4040
2258490,31690
2258491,5450
2258494,32087
2258496,8318
2258497,12715
2258498,32531
2258500,7948
2258502,5450
2258506,16390
2258508,19891
2258509,32864
2258510,13850
2258513,30159
2258514,5747
2258515,298
2258517,3930
2258520,35510
2258521,14500
2258523,4220
2258525,34587
2258526,13850
2258527,14500
2258528,24720
2258530,13850
2258531,34797
2258533,25190
2258534,16665
2258535,31
2258536,4220
2258537,8033
2258538,20040
2258539,7165
2258540,97
2258541,1142
2258542,2691
2258543,12386
2258544,35719
2258545,1142
2258546,11009
2258547,19181
2258549,11691
2258550,35561
2258551,35123
2258553,1142
2258554,1142
2258555,36271
2258556,31690
2258557,17336
2258559,949
2258560,12386
2258561,20040
2258563,31
2258564,30159
2258565,15593
2258567,3466
2258568,5450
2258569,37845
2258570,28474
2258571,37399
2258572,14500
2258575,1995
2258576,38118
2258577,32706
2258580,5504
2258581,38870
2258585,9664
2258587,39037
2258591,1444
2258592,13676
2258597,38290
2258600,29364
2258601,36
2258603,6047
2258604,7
2258605,11142
2258606,11707
2258607,41038
2258608,33547
2258609,24878
2258613,26271
2258614,33547
2258615,21592
2258616,41697
2258619,5465
2258622,1444
2258624,3734
2258625,43529
2258627,18480
2258629,16552
2258631,3466
2258634,44888
2258636,45660
2258637,45807
2258638,45825
2258640,138
2258643,32318
2258644,28936
2258645,46597
2258646,32419
2258647,46720
2258649,2628
2258650,1595
2258651,18905
2258652,1444
2258654,1444
2258655,47296
2258659,44928
2258660,20523
2258661,47698
2258663,18599
2258665,4220
2258666,6067
2258667,31657
2258668,43471
2258671,26454
2258672,38856
2258673,27951
2258674,48696
2258675,534
2258676,30156
2258678,40454
2258680,2691
2258681,29126
2258682,125
2258683,48425
2258687,50067
2258941,34753
2259174,50121
2259335,12194
2259727,1266
2260315,1266
2260624,7515
2260625,38856
2260626,3730
2261043,33262
2261044,10309
2262250,43110
2262549,50272
2263009,20836
2263351,30643
2263801,12251
2264884,20543
2264991,13314
2265254,5690
2266545,118
2266632,13112
2267127,3931
2267170,6067
2268090,49443
2268860,13314
2268861,50425
2268893,26886
2268979,26886
2268980,50501
2269014,46217
2269015,50501
2269371,50596
2269429,20401
2269951,15618
2269958,50598
2270208,36100
2270635,961
2270727,50615
2271184,48086
2271221,19591
2272226,17618
2272284,21551
2273333,45803
2273356,13166
2273410,2151
2273625,7535
2273626,3024
2273811,44246
2274325,166
2274326,276
2274521,7535
2274863,13086
2274977,26529
2275224,15426
2275273,43217
2275658,43482
2275942,15426
2275987,29479
2276033,49123
2277043,50295
2277044,50272
2277685,33059
2279370,28744
2280443,5960
2281085,5680
2281144,12200
2281153,5517
2281622,34396
2281770,36152
2283185,13262
2287873,50429
2287913,49905
2288004,12861
2288290,50949
2289549,36201
2289550,35173
2293425,37743
2293784,30455
2294078,32781
2296430,33142
2296919,46389
2296931,5960
2297873,29158
2301276,48786
2301396,12262
2301748,20447
2302307,50917
2303343,51155
2303372,17624
2306599,30325
2307353,20397
2307354,18844
2307355,18844
2307378,18480
2307379,20397
2308297,51224
2309114,7286
2309725,51185
2310045,54
2310643,51237
2310644,54
2314074,5026
2316836,7977
2318057,33300
2318772,7513
2319503,28474
2319865,6563
2319866,30728
2319867,6563
2321177,18348
2322457,575
2325331,51475
2325927,20836
2326583,50807
2327714,31190
2330177,30728
2335182,37993
2336121,31597
2339898,49953
2341997,20836
2347928,49011
2347986,51782
2348729,51802
2351955,17495
2352458,51856
2353988,13103
2354537,15784
2354637,51707
2355907,1826
2356804,30156
2356805,29713
2357263,30156
2357392,14757
2357535,23142
2357608,33865
2357609,7481
2357610,29824
2357611,14757
2357803,28730
2358692,3707
2360236,29824
2360237,33865
2360239,51835
2361532,51921
2361561,34920
2361562,45671
2362325,28730
2362326,11009
2362327,27724
2362328,7948
2362329,20836
2362720,7200
2363863,46019
2364574,6127
2365332,51718
2366507,2492
2367005,31972
2367800,24022
2367904,2691
2369296,25894
2369734,20523
2369735,3559
2369843,12262
2369858,12262
2369869,12262
2370746,37993
2372085,20523
2374745,1576
2374823,15426
2375268,32188
2375578,36212
2375579,2492
2375891,2306
2376183,33520
2376479,16921
2376571,38709
2376785,18208
2376786,34926
2376804,51699
2376985,30728
2377018,52089
2377184,31690
2377205,24242
2377206,21282
2377568,12262
2378062,23142
2378318,51718
2378707,52352
2379326,18375
2379965,52305
2380958,36212
2380993,14076
2381210,18603
2381749,25605
2381800,29781
2381801,28730
2381803,22347
2381841,15776
2381842,30976
2381843,949
2381892,23142
2381984,12320
2382132,20836
2383022,15978
2383029,25611
2383291,2691
2383521,30387
2383646,52680
2384062,51861
2384868,43871
2384945,51718
2385009,52004
2385016,6067
2385109,50932
2385206,34636
2385264,34488
2385919,726
2386229,52428
2386744,46226
2387282,34636
2387283,20523
2387673,12262
2388389,34057
2388487,24187
2388714,22488
2388719,29121
2389185,50954
2389324,2628
2389572,11707
2390084,33028
2390090,52688
2390091,52609
2390510,52889
2391351,3112
2391695,49942
2391707,12495
2391708,36152
2392153,17349
2392221,52680
2392600,52889
2392718,41881
2392974,21465
2393476,22938
2393480,24006
2394323,12461
2394324,13797
2394484,34636
2394485,20523
2395167,53171
2395250,52104
2395785,213
2395786,37865
2395787,175
2395790,29990
2395843,4099
2395867,53045
2397367,25290
2397997,31424
2398244,25290
2398302,27750
2398376,4284
2398846,14474
2398935,10510
2398937,10510
2399015,22566
2399016,20295
2399264,53380
2399289,52646
2400142,53407
2400318,53425
2401834,53324
2401877,16921
2401909,20002
2401910,20452
2402243,51792
2403044,3392
2403203,50932
2403204,52773
2403343,52531
2403350,53349
2403850,414
2404384,12174
2404464,18480
2405356,54645
2405595,38700
2406052,51558
2406167,54733
2406225,54645
2406229,34396
2406471,54736
2406649,20648
2406650,2492
2406651,36212
2406652,51718
2406653,6350
2406654,9573
2406655,12262
2406656,12261
2406657,27610
2406691,27721
2406761,54662
2407092,26081
2407164,43958
2407185,24022
2407337,24944
2407415,46719
2407857,1601
2408168,54952
2408242,45050
2408533,31292
2408670,51826
2408679,54927
2408699,51386
2408792,47453
2408822,35940
2408886,44475
2408942,37729
2409333,20701
2409373,2910
2409517,51826
2409543,20701
2409650,23200
2409662,28474
2409663,30363
2409664,26014
2409688,54896
2409795,54649
2410253,16381
2410254,52089
2410463,16381
2410471,9801
2410623,28474
2410624,30363
2410905,16381
2410956,41270
2411190,2492
2411191,36212
2411212,1595
2411213,43719
2411300,798
2411995,35971
2412209,41208
2412912,20836
2412950,3038
2413029,3874
2413451,4700
2413630,8071
2413842,12262
2413843,11351
2413892,298
2414017,3559
2414036,55404
2414107,55168
2414788,55444
2414850,55301
2415089,55444
2415094,51583
2415357,47671
2415539,2492
2415571,24877
2415652,43674
2415924,20836
2416012,22501
2416045,30834
2416459,16947
2416607,43228
2416618,4220
2416619,14483
2416736,16946
2416743,9913
2416755,18480
2416756,17816
2416823,14500
2416837,181
2416841,55452
2416842,25738
2417197,55571
2417198,53432
2417366,14226
2417451,726
2417509,8104
2417678,35940
2417679,21237
2417819,45033
2417843,26862
2417915,24568
2418174,798
2418232,29104
2418510,55134
2418511,15287
2418876,29121
2419356,28642
2419357,21940
2419358,726
2419602,27724
2419605,51718
2419894,30664
2419947,51535
2420079,25214
2420153,55928
2420301,20836
2420364,8019
2420381,16696
2420548,43968
2420922,16702
2420923,12673
2420924,34325
2420925,34325
2421212,52838
2421248,55884
2421284,55999
2421480,56036
2421503,25203
2421593,11924
2421722,38709
2421822,56086
2421846,612
2421953,29729
2421954,32653
2422112,2492
2422113,36212
2422152,55778
2422505,1292
2422529,8000
2422530,9842
2422531,10162
2422549,52058
2422771,9358
2423213,14483
2423244,20836
2423610,22501
2424084,45482
2424275,56194
2424286,20146
2424394,16566
2424442,56230
2424583,56113
2424789,4211
2424826,14471
2425069,6493
2425070,20520
2425156,43551
2425181,15426
2425212,12262
2425451,7977
2425719,3466
2425763,13412
2425875,56385
2426075,3372
2426076,3377
2426128,22329
2426143,26176
2426264,33240
2426454,50374
2426637,6588
2426744,6588
2426819,14426
2426894,48483
2427301,20523
2427407,8881
2427448,56459
2427484,49123
2427487,8881
2427620,17623
2427621,43448
2427880,52585
2427979,12262
2429056,21896
2429312,45503
2429603,52754
2429645,56681
2429804,8662
2430147,9131
2430227,28139
2430229,10
2430255,14516
2430523,25660
2430838,899
2431069,899
2431122,56852
2431491,8754
2431904,5354
2431905,28593
2431909,20543
2432037,57031
2432392,29116
2432404,36184
2432405,4964
2432410,13086
2432502,57031
2432554,57031
2432821,57031
2433042,577
2433220,577
2433349,33545
2433450,97
2433451,10
2434042,54561
2434054,57203
2434266,2641
2434359,16413
2434458,56899
2434466,26450
2434504,10
2434689,57214
2435145,203
2435208,2976
2435239,12425
2435355,56773
2435439,577
2435738,118
2435830,51718
2436116,57409
2437159,57468
2437314,33917
2437534,57349
2437673,118
2438884,192
2439004,24662
2439162,49453
2439635,44139
2439823,23200
2439828,56322
2440484,7004
2440546,57423
2441102,34636
2441103,20523
2441152,34636
2441153,490
2441509,52110
2441703,5135
2441966,1207
2442491,1207
2443008,30569
2443263,34396
2443292,19627
2443394,13213
2443413,57801
2443451,57804
2443452,57804
2444395,22501
2444744,54736
2444745,54726
2444768,57876
2444876,32840
2445200,56891
2445202,13166
2445401,27443
2445825,3466
2446035,57709
2446036,46321
2446260,577
2446323,51737
2446697,3549
2447187,6195
2447361,1112
2447915,1444
2448822,8868
2449149,25229
2449430,58159
2450020,11707
2450190,1459
2450555,3466
2451046,22764
2451248,58220
2451249,40454
2451489,28873
2452298,18621
2452299,18590
2452315,58304
2452529,26088
2452767,7912
2452839,9664
2452890,58220
2452908,28873
2453274,32600
2453430,5135
2453733,22347
2454084,3194
2454279,15713
2454321,58366
2454416,28688
2454417,51046
2454418,57549
2454419,17673
2454420,41194
2454421,32600
2454972,4220
2454973,14483
2454975,58409
2455049,12262
2455199,24467
2455200,18480
2455583,33547
2455603,5347
2455665,43779
2457021,13086
2457133,14483
2458414,58384
2458415,9654
2458688,58667
2459016,5450
2459515,45159
2459737,41771
2460578,58758
2460792,55691
2461734,20514
2461833,47771
2461867,181
2462150,52067
2462151,58709
2462153,36212
2462154,2492
2462155,1645
2462156,12261
2462157,35132
2462340,31726
2462573,16665
2462655,9751
2462671,55952
2462672,49093
2462738,16665
2463126,12262
2463168,3640
2463298,20836
2463690,3559
2464287,2492
2464288,36212
2464436,17121
2464480,8107
2464966,10079
2465152,3466
2465336,14483
2465404,34396
2465487,5135
2465488,47527
2465489,5135
2465869,2466
2465991,3559
2466043,34493
2466592,9573
2466612,56194
2466613,53053
2466614,54913
2466615,52047
2466616,49465
2466657,13166
2466686,9573
2466811,203
2467241,14324
2467421,22329
2467422,22501
2467431,58664
2467452,20741
2467453,59107
2467792,51062
2467797,24604
2467798,58201
2468022,22322
2469182,2492
2469183,36212
2469186,31
2469188,5135
2469694,5135
2470070,3249
2470180,58107
2470394,33888
2470409,58757
2470460,6225
2470758,1595
2470878,48237
2471089,33888
2471712,31597
2471713,34636
2471714,20523
2471894,59262
2471911,59409
2472619,33013
2472624,55501
2472749,20836
2472916,58107
2473044,3961
2473159,37832
2473279,18028
2473306,55501
2473307,33013
2473390,3961
2474118,35010
2474374,16608
2474463,47771
2474495,3757
2474515,58564
2474683,24022
2474713,16557
2474714,14986
2474878,59559
2474879,18028
2474996,57865
2474997,57858
2475241,59409
2475511,58107
2475530,3466
2476044,5853
2476054,203
2476340,23117
2476467,3200
2476503,5750
2476504,24720
2476505,20836
2476506,58709
2476507,19572
2476508,18151
2476721,30159
2477885,59661
2477886,59148
2478289,33059
2478393,20836
2478533,11971
2478656,55501
2478657,59327
2478815,58220
2479093,26088
2479271,58220
2479329,34636
2479362,16218
2479394,33300
2479550,55501
2479551,33013
2479552,59327
2479592,59091
2479615,20452
2479658,59880
2479660,56066
2479666,59085
2480239,9751
2480240,58827
2480635,59941
2480636,59891
2480647,58559
2480654,16218
2480791,7308
2480927,51622
2480930,298
2480937,10441
2481115,51275
2481207,51292
2482119,59326
2482312,46963
2483052,31454
2483267,60036
2483308,4298
2483332,35940
2483515,20836
2483650,56066
2483656,35657
2484453,41881
2484626,59638
2484627,60129
2484931,24077
2485302,26450
2485332,35940
2485333,18028
2485945,59974
2486036,44769
2486144,35657
2486151,13086
2486169,11609
2486346,60257
2486374,6534
2486478,60257
2486968,60247
2487121,2628
2487123,31598
2487139,3466
2487257,20836
2487270,60176
2487311,56092
2487631,30652
2487666,47325
2487667,16008
2487732,44992
2487735,44992
2487939,18480
2488033,44972
2488101,45182
2488718,6350
2488719,45671
2488720,2492
2488721,12261
2488722,35132
2488723,36212
2488724,58791
2488725,12262
2488881,10687
2489172,534
2489289,60245
2489292,35711
2489313,60431
2489395,60431
2489437,59638
2489438,5750
2489486,21465
2489694,60410
2489738,16921
2489750,1807
2490095,4517
2490099,11127
2490204,14351
2490248,60094
2490517,58220
2490757,21717
2491233,22179
2491428,60578
2491606,33709
2491737,21825
2491751,29469
2492797,59085
2492962,7440
2493067,29636
2493266,33059
2493267,11009
2493271,21282
2493272,49002
2493273,27724
2493289,22374
2493304,59135
2493428,5926
2493429,26585
2493649,5450
2493650,11009
2493651,54590
2494014,4220
2494100,21825
2494442,14449
2494443,31576
2494444,55525
2494512,34636
2494585,9137
2494614,38419
2494685,55525
2495202,56066
2495203,59085
2495204,31690
2495469,24077
2495494,20881
2495517,50
2495662,18638
2495766,9131
2495856,38350
2495870,59047
2495871,44569
2495979,58734
2496354,56322
2496387,16349
2496432,3734
2496433,22528
2496434,49123
2496477,3614
2496478,11337
2496717,33547
2496718,29641
2497003,11337
2497071,16349
2497220,25870
2497523,12209
2497531,51
2497534,60500
2497654,2125
2497675,40907
2498020,34325
2498178,8453
2498226,61026
2498467,60817
2498565,24242
2498804,3466
2498808,3466
2498816,33013
2498817,59327
2498818,1735
2499028,61054
2499503,51718
2500640,57044
2500733,24077
2500946,21745
2501036,33392
2501156,43930
2501184,60828
2501186,60202
2501286,18480
2501287,38750
2501288,2142
2501289,27067
2501290,35982
2501353,27005
2501398,35711
2502083,43727
2502084,43779
2502215,26271
2502280,47325
2502325,58986
2502326,6534
2502485,15505
2502659,56066
2502662,61284
2503736,43029
2503872,24077
2503935,32419
2503980,61173
2504084,38087
2504402,8040
2504403,16997
2504404,52209
2504405,4341
2504548,41227
2504554,61080
2504603,35940
2504839,21298
2505142,283
2505379,15021
2505385,17196
2505710,17109
2506236,6026
2506242,61217
2506243,45954
2506407,15824
2506609,61217
2506851,3466
2507923,51718
2507924,54724
2507925,57273
2507968,2492
2507969,12261
2507970,36212
2507975,61225
2508031,3466
2508032,61454
2508035,13655
2508213,61626
2508282,61376
2508296,61622
2508297,61264
2508396,9358
2508527,61183
2508528,43748
2508956,7977
2509028,60994
2509416,59784
2509424,61547
2509430,61711
2509825,24365
2509931,61783
2510180,22718
2510312,50537
2510347,55929
2510355,49453
2510395,57778
2510396,3466
2510421,19425
2510846,4612
2510959,25203
2510960,48253
2511000,1016
2511001,17111
2511002,17624
2511013,49002
2511086,33392
2511087,50206
2511098,12262
2511619,30
2512090,2541
2512233,26450
2512398,61834
2512427,20956
2512464,6652
2512501,14246
2512546,55798
2512608,2492
2512657,15958
2512896,6652
2512935,16247
2512936,10328
2513028,58242
2513044,1621
2513073,13251
2513478,10407
2513707,41227
2513969,13086
2514394,3215
2514395,50537
2514500,32565
2514624,13166
2514761,35941
2515254,41222
2515301,61546
2515302,14474
2515313,61150
2515390,298
2515433,3614
2515434,41238
2515527,48302
2515790,61217
2515791,61547
2515792,61711
2516052,2691
2516105,55392
2516364,12861
2516365,48786
2516948,35940
2517010,18028
2517011,60109
2517012,38856
2517069,19195
2517222,539
2517405,57044
2517628,37732
2517795,2746
2517831,170
2517941,4220
2518114,21825
2518152,4220
2518154,4220
2518343,25764
2518397,15303
2518511,62237
2519018,45588
2519139,24508
2519517,305
2519781,36152
2519815,22501
2519868,22501
2519871,62347
2520052,19948
2520774,62092
2520775,2691
2520848,3466
2520884,61531
2521117,47168
2521484,2492
2521499,60155
2521500,298
2521602,45588
2521603,13166
2521682,23808
2521834,55805
2521943,1576
2521966,23863
2522009,60500
2522241,56066
2522375,27512
2522428,8513
2522429,8557
2522523,61217
2522525,2492
2522526,61715
2522564,29121
2522684,61505
2522685,60403
2522708,7476
2522797,37993
2522798,3412
2522819,48048
2522833,59152
2522921,31
2522982,35382
2522983,49318
2522984,59625
2522985,43113
2522986,56949
2523039,2910
2523042,11609
2523046,6652
2523064,62092
2523065,2691
2523077,62092
2523134,203
2523254,55805
2523611,1142
2523653,52645
2523708,62552
2523768,3038
2523865,8513
2523883,61829
2523884,8089
2524049,30588
2524153,41156
2524155,41156
2524310,61989
2524372,51417
2524470,12200
2524550,31937
2524873,32657
2524948,20523
2525127,44475
2525651,62677
2525803,62755
2525804,32751
2525836,62646
2525920,54547
2525924,4756
2525991,3614
2526061,45182
2526163,40876
2526540,61732
2526541,55929
2526567,10162
2526568,8000
2526569,9842
2526601,29038
2526602,43366
2526834,58107
2526917,38419
2527191,22501
2527248,20463
2527263,8446
2527354,22329
2527355,22501
2527442,62758
2527659,28730
2527834,26762
2528291,27033
2528313,8303
2528318,20836
2528347,16178
2528348,5450
2528349,61573
2528530,726
2528866,62535
2529054,51718
2529268,19216
2529269,29781
2529304,61428
2529679,2492
2529985,56306
2530018,61724
2530049,22501
2530067,59910
2530255,62964
2530504,62696
2530749,60725
2530751,14483
2530863,28730
2531019,7948
2531045,34139
2531046,9512
2531095,61600
2531194,55929
2531233,55929
2531255,60929
2531327,33917
2531351,57745
2531387,14673
2531395,4756
2531515,46847
2531532,1142
2531561,56385
2531580,6127
2531612,44475
2531613,21473
2531707,62944
2531726,27927
2531814,33433
2531850,62634
2531851,62092
2531853,213
2531880,62815
2531885,1142
2531925,54506
2531994,55798
2532297,49443
2532360,62506
2532563,63194
2532678,62795
2532725,13086
2532976,9715
2533079,59418
2533098,60500
2533105,59418
2533379,31
2533380,5591
2533381,16939
2533384,26450
2533385,44769
2533386,46856
2533416,46856
2533417,31
2533567,62872
2533572,34926
2533578,62872
2533745,2516
2533951,38530
2534406,29731
2534429,2492
2534430,36212
2534460,1645
2534788,61080
2534789,61080
2535254,44219
2535337,27211
2535421,16022
2535490,61935
2535557,726
2535975,34636
2536389,63364
2536390,138
2536408,8201
2536486,52182
2536605,35510
2536913,4034
2537392,52522
2537856,63530
2538240,63323
2538590,14906
2538637,29781
2538685,62899
2539410,5135
2539523,12209
2539528,51296
2539582,961
2539626,14002
2539727,7948
2539850,24242
2539894,3466
2539915,7948
2539957,13166
2540322,21237
2540355,35590
2541055,45820
2541293,59015
2541337,47931
2541422,1576
2541437,27033
2541466,63690
2541521,63194
2541522,55929
2541702,63389
2541703,63194
2542094,27911
2542141,63527
2542333,38730
2542334,8754
2542450,58486
2542606,31326
2542842,7152
2543040,61264
2543118,175
2543119,23887
2543327,24676
2543472,63447
2543610,63863
2543621,63898
2543644,24676
2543738,62741
2544000,26450
2544002,20002
2544003,28938
2544011,62741
2544020,9871
2544021,9590
2544022,28474
2544034,6652
2544065,298
2544296,5026
2544341,60476
2544342,58220
2544366,20836
2544560,61546
2544568,63968
2544617,35711
2544630,63689
2544645,59683
2544843,2492
2544972,18988
2545078,38967
2545079,2541
2545080,53053
2545081,15664
2545094,29354
2545115,2492
2545146,51718
2545174,59815
2545175,52212
2545234,6275
2545270,20514
2545334,51946
2545421,47416
2545578,19067
2545594,39323
2545664,866
2545699,31177
2546170,57551
2546750,12386
2546804,15157
2546818,4756
2546865,64147
2546886,12251
2547020,58564
2547173,21735
2547637,64167
2547794,6127
2548107,64228
2548206,5344
2548631,47916
2548818,41156
2549119,64259
2549264,63600
2549265,5135
2549299,555
2549300,5278
2549364,24242
2549451,21152
2549643,27655
2550292,16312
2550293,19340
2550307,8487
2550493,64343
2550550,41282
2550697,22009
2550733,57467
2550772,64343
2550980,16985
2551115,64227
2551304,60297
2551305,16008
2551423,1142
2551439,41156
2551955,62850
2552015,20523
2552341,26855
2552372,47671
2552641,23117
2552646,18215
2552647,16312
2552738,60595
2552783,63357
2552881,27651
2553076,64538
2553081,29860
2553458,56066
2553783,47535
2553931,4612
2554058,20523
2554154,27750
2554267,22501
2554268,30717
2554334,62677
2554485,64370
2554486,35185
2554535,34396
2554629,64654
2554632,64195
2554684,22774
2554708,49399
2554794,64147
2555198,61026
2555199,8590
2555200,33453
2555201,32294
2555202,25214
2555203,52517
2555337,3539
2555338,64437
2555390,49399
2555470,62545
2555782,39042
2555783,1444
2555844,46265
2555917,20836
2555934,26855
2556001,43339
2556050,64739
2556120,43339
2556214,30159
2556501,25941
2556685,27750
2556840,33780
2556843,20523
2556862,3539
2557029,64829
2557062,41898
2557123,61733
2557145,64587
2557182,61733
2557186,27750
2557212,64195
2557227,12386
2557228,58564
2557254,64788
2557308,20520
2557478,16331
2557527,19311
2557528,20040
2557852,26762
2557865,2272
2558133,2717
2558157,44928
2558158,44054
2558712,3539
2558775,62318
2558785,16117
2558863,64147
2558864,27750
2558872,1207
2558886,26558
2558935,3539
2559053,56645
2559125,13433
2559198,64433
2559200,63477
2559308,6498
2559474,20523
2559698,10687
2559769,62923
2560080,48298
2560354,6949
2560355,25460
2560454,15164
2560532,3539
2560533,64691
2560575,23231
2560588,41898
2560662,4220
2560690,61756
2561114,19715
2561279,65128
2561471,10613
2561475,65175
2561609,54687
2561765,19048
2561784,9357
2562366,2717
2562384,64788
2562389,31569
2562407,12128
2562508,22497
2562629,65264
2562663,34636
2562868,30728
2562869,41361
2562870,298
2562932,65193
2563171,58657
2563220,30
2563577,10
2563623,1430
2563944,65375
2563967,41006
2564278,38881
2564339,65386
2564421,12319
2564642,65385
2564818,34151
2564861,65456
2564873,62050
2564959,56645
2565092,30325
2565157,34415
2565191,8907
2565475,11659
2565659,31569
2565803,16985
2565910,65548
2565969,65388
2566170,4220
2566236,64924
2566281,12262
2566474,65523
2566887,4451
2566929,20523
2567124,61715
2567144,41734
2567694,64388
2568221,20227
2568277,16921
2568362,34134
2568363,37768
2568364,23800
2568405,63263
2568700,64538
2568779,21442
2568839,64678
2569138,65405
2569268,29502
2569269,65548
2569395,65707
2569428,16985
2569735,6181
2569744,47527
2569755,33518
2569877,65705
2570263,62795
2570354,49905
2570687,31459
2570688,51456
2570717,12262
2570725,30394
2570853,30394
2570925,64212
2571152,51718
2571158,13314
2571161,18480
2571282,65779
2571295,65614
2571447,20523
2571574,52089
2571575,52212
2571576,22718
2571630,65779
2571814,65875
2571867,65844
2571969,51718
2572201,64949
2572432,15749
2572433,59152
2572434,64010
2572453,45033
2572455,203
2572456,10
2572457,25109
2572458,3921
2572474,2374
2572790,65692
2572823,28730
2573807,16008
2573808,16921
2573970,11707
2573973,58230
2573998,66030
2574326,65800
2574327,46334
2574982,4220
2574989,51718
2575434,11546
2575477,2306
2575479,49117
2575487,38709
2575517,2641
2575635,2391
2575733,8335
2575756,54746
2576069,50246
2576099,52927
2576100,60916
2576101,57104
2576201,64538
2576212,31934
2576293,49944
2576629,64622
2576630,49010
2576998,7440
2577044,36
2577047,44465
2577050,23617
2577572,63427
2577635,63143
2578181,66018
2578276,11812
2578375,61697
2578409,31
2578410,15958
2578522,32206
2579244,33780
2579245,25811
2579471,22718
2579476,59047
2579477,20523
2579627,25542
2579628,25780
2579746,25811
2579754,40769
2579755,26313
2579756,3911
2579757,2272
2579758,11609
2579907,62695
2580001,61668
2580046,34636
2581142,33059
2581238,19576
2581765,10079
2581907,52853
2582166,61453
2582656,30526
2582822,37424
2583081,65641
2583082,64388
2583083,16985
2583104,41734
2583343,51473
2583344,8328
2583346,52976
2583358,19048
2583359,65128
2583364,66215
2583485,7515
2583566,15784
2583582,51473
2583758,29424
2583787,50526
2583971,2275
2584035,65287
2584256,2275
2585619,66648
2585621,66775
2585641,41734
2585711,46189
2585712,22653
2585713,1529
2585714,60410
2585769,65493
2585955,25415
2585956,52352
2586340,33413
2586341,52188
2586603,65874
2586949,66823
2586955,55714
2587057,66863
2587137,66863
2587215,66315
2587308,64752
2588292,66478
2588357,25827
2588382,30842
2588553,6920
2588593,17890
2588840,2691
2588861,2691
2588990,63152
2589049,62291
2589396,49942
2589482,1850
2589500,32318
2589527,56182
2589609,66956
2589804,1850
2589963,66825
2590071,47802
2590461,1595
2590529,1595
2590839,3331
2590840,2777
2591019,67057
2591051,19613
2591100,46532
2591358,20836
2591876,31967
2592241,2181
2592360,66448
2592807,66448
2593025,67090
2593220,18058
2593841,55501
2594129,56645
2594247,2492
2594376,22569
2594410,2691
2594485,18214
2594927,48786
2595020,67185
2595539,67017
2595540,55714
2595751,10079
2595752,59047
2595753,31326
2596402,56923
2596490,67381
2596938,51718
2597026,47178
2597027,34488
2597108,64259
2597187,67521
2597365,9131
2597366,44845
2597367,16493
2597659,67457
2597816,67437
2597953,14153
2598219,13054
2598243,44173
2598415,6350
2598416,2824
2598536,66861
2598537,67595
2598645,67595
2598646,67602
2598663,4220
2599376,10856
2601012,2516
2601033,2516
2601133,21075
2601205,65650
2601310,67613
2601311,17065
2601359,67519
2601508,12232
2601623,59418
2602008,4371
2602099,34613
2602238,2691
2602298,66680
2602299,66359
2602300,66160
2602601,22951
2602823,44475
2602848,44246
2602849,44246
2602850,44246
2603133,9358
2603134,3201
2603135,9137
2603172,31598
2603249,9358
2603501,18606
2603576,298
2603622,56018
2603767,60817
2603769,31690
2603868,21473
2603970,44475
2604119,67913
2604486,726
2604920,7036
2604942,53
2605304,14002
2605352,66079
2605800,1052
2605965,20011
2606036,67571
2606065,6865
2606075,17342
2606251,67721
2606618,15329
2606619,66683
2606631,8019
2606638,63447
2606927,67848
2607082,68035
2607157,21078
2607228,67571
2607250,52704
2607795,20836
2607895,66120
2607929,50537
2608697,612
2609006,11919
2609777,61756
2609943,48739
2610062,50
2610169,4220
2610219,13630
2610818,29781
2611385,4220
2611645,9276
2611678,20124
2611990,33918
2612083,68261
2612437,68261
2613061,29781
2613067,19216
2613096,68349
2613159,44489
2613185,19216
2613227,4964
2613248,22346
2613307,68424
2613337,17602
2613419,24227
2613420,33028
2613529,3038
2613530,6225
2613532,56015
2613533,16921
2613547,22346
2613766,51416
2613800,192
2614298,68202
2614608,18214
2614609,20836
2614633,8021
2614634,7977
2614839,8021
2614863,4220
2615398,13314
2615422,68588
2615739,16928
2616220,13630
2617201,36015
2617292,20747
2617574,8513
2617765,68599
2617865,26230
2617866,33984
2617951,40808
2617952,30129
2617953,66280
2617954,5135
2617955,5135
2617957,66280
2617979,414
2617980,6538
2618050,3359
2618108,50
2618238,1447
2618626,41227
2618630,31138
2619096,67243
2619228,67243
2619399,36212
2619400,51937
2619401,58923
2619742,65637
2619897,66709
2619959,68812
2620181,66709
2620613,41896
2620760,15978
2621319,31284
2621401,30825
2621403,68834
2621451,10234
2621459,10234
2621461,10234
2621694,65177
2621699,30365
2621750,68603
2621930,69010
2621931,17320
2622172,38188
2622173,22988
2622358,52104
2622489,2691
2622490,22569
2622867,21760
2623040,37993
2623377,38721
2623413,3113
2623531,10574
2623532,35940
2623682,2492
2623713,67639
2623785,5292
2623830,6907
2623862,39261
2623933,67134
2624431,69125
2625073,19874
2625077,12495
2625078,22501
2625079,36152
2625151,53
2625152,5747
2625201,30679
2626228,63639
2626735,67613
2626967,31177
2627078,61798
2627294,6067
2627625,5774
2627633,35971
2627934,64476
2628015,5158
2628193,67422
2628196,69350
2628315,20452
2628375,32699
2628763,69418
2628770,69352
2629067,2391
2629367,17581
2629720,20836
2630074,51237
2630075,10343
2630079,17890
2630983,49510
2631022,49510
2631215,33197
2631368,58141
2631369,14928
2631893,50745
2631982,24897
2632084,67903
2632168,68077
2632187,52458
2632212,97
2632290,69350
2632664,97
2632912,49595
2633306,18112
2633334,11210
2633656,25672
2633747,22718
2633748,5015
2633792,68834
2633818,41247
2633837,16349
2633847,10613
2633891,21742
2633945,67375
2634196,3324
2634222,38856
2634223,13382
2634224,15011
2634225,32169
2634277,32169
2634959,49549
2635072,60100
2635595,13314
2635645,69399
2635646,32699
2636117,67571
2636120,2691
2636230,11109
2636335,41203
2636343,43943
2636500,32669
2636657,59588
2636972,1807
2637045,69785
2637057,4220
2637058,4220
2637533,6575
2637687,1881
2637919,69616
2637965,17581
2638050,22805
2638101,22805
2638190,66334
2638298,3734
2638325,69605
2638488,3730
2638489,2492
2638545,1576
2638605,50745
2638685,69898
2639047,70006
2639366,12262
2639367,18480
2639415,21282
2639524,35971
2639797,58709
2639878,41896
2640113,56042
2640324,57407
2640382,19103
2640520,50272
2640656,22569
2640726,13686
2640771,38530
2640796,36027
2640921,38856
2641511,70124
2641513,70086
2641820,41394
2641845,67978
2642564,63099
2642746,69810
2643113,51583
2643181,65735
2643210,57203
2643265,118
2643266,35123
2643431,70206
2643432,69810
2643471,49544
2643517,47585
2643649,54818
2643806,4220
2643952,7969
2644066,4093
2644067,222
2644095,5235
2644109,11109
2644907,69810
2644980,70207
2645257,40542
2645462,138
2645634,26450
2645673,11609
2645712,66825
2645836,5235
2646300,69898
2646330,61798
2646354,2492
2646597,138
2646612,69561
2646676,13004
2646880,60256
2647013,11707
2647220,21748
2647329,21809
2647363,12151
2647526,13166
2647527,38370
2647528,31569
2647529,34238
2647927,555
2647929,3559
2647930,1432
2647960,67686
2648061,70397
2648062,29271
2648063,49762
2648064,44643
2648065,66586
2648355,63447
2648472,29719
2648561,47749
2648635,66430
2648724,27773
2649091,46532
2649203,12128
2649351,70619
2649564,65808
2649927,58242
2650290,58242
2650517,70045
2650518,41896
2650610,21282
2650642,55691
2650717,55691
2650781,11009
2650782,20452
2650950,49002
2651075,59137
2651162,57532
2651438,539
2651467,4220
2651775,70227
2652145,70553
2652389,61906
2652395,66448
2652396,62695
2652417,61906
2652770,70032
2652900,38856
2653488,3412
2653521,70553
2653709,70153
2653712,70699
2653713,70899
2653785,69114
2654035,70032
2654538,70558
2654579,29781
2654580,19216
2654581,10289
2654817,70106
2654818,70867
2654911,70469
2654994,21658
2654996,18929
2655036,15426
2655330,6067
2655439,5347
2655442,5347
2655492,18058
2655688,65692
2655720,18112
2655864,23128
2655912,46185
2656169,52212
2656298,25946
2657010,47771
2657522,16921
2657624,51699
2657777,20523
2657806,48072
2657810,70899
2657844,40876
2657872,18348
2657873,14516
2657930,70870
2658031,63978
2658034,69820
2658209,63171
2658745,25068
2658962,798
2658993,3856
2659094,46185
2659101,8040
2659140,25068
2659167,5056
2659197,577
2659233,69820
2659268,58230
2659298,5196
2659508,65866
2659653,6588
2659680,49536
2659681,51490
2659756,33300
2659895,51718
2660544,70553
2660799,57801
2660813,14483
2660826,60256
2660975,18234
2661146,71302
2661304,67204
2661465,33165
2662137,15967
2662334,12262
2662351,5293
2662352,3559
2662353,12641
2662354,58756
2663130,68425
2663149,69323
2663370,38856
2663379,1781
2663603,18433
2663653,71127
2663784,71197
2663960,23005
2664232,71525
2664246,70150
2664930,15075
2664931,22884
2664932,30075
2664933,31366
2664934,31459
2664935,48786
2665110,928
2665111,17029
2665580,33165
2665646,18391
2665749,65866
2665815,36152
2666442,67786
2666561,1521
2666562,31513
2666731,63786
2666775,11175
2666776,11691
2666865,26585
2666914,31036
2667328,71448
2667836,48317
2667837,13326
2667853,31
2668035,71701
2668233,71601
2668373,71759
2668513,4220
2668514,65866
2668798,60817
2668897,21282
2668977,51208
2669791,15426
2669908,33520
2669909,44226
2670190,11628
2670191,39182
2670239,71832
2670486,64499
2670570,54693
2670602,55147
2671063,71531
2671115,71519
2671117,71919
2671669,14483
2671691,14483
2672613,42999
2672614,27927
2672767,18576
2673101,2691
2673102,22718
2673313,17825
2673314,18896
2673607,12930
2673631,71591
2674271,27297
2674282,38439
2674374,7432
2674375,36015
2674449,269
2674567,14483
2674568,14483
2675076,72039
2675610,1807
2675615,71030
2676160,1173
2676222,38201
2676384,41704
2676676,15497
2676695,2691
2676765,24911
2676789,55999
2677014,61332
2677015,24678
2677424,59741
2677425,64201
2677532,61715
2677537,26
2677672,10419
2677696,10457
2677892,20463
2677893,39010
2677926,72332
2678030,62677
2678057,62677
2678127,3458
2678173,58107
2678655,55236
2678906,2492
2678931,51718
2679068,65898
2679529,72421
2679731,14088
2679747,22210
2679748,8774
2679749,9365
2679917,10213
2680410,16921
2680759,5450
2680761,60476
2680762,19216
2680763,29781
2681021,20245
2681097,9926
2681136,72553
2681383,72573
2681385,72453
2681530,14140
2681533,31
2681773,72370
2681786,9926
2681802,66473
2681825,12002
2681826,65455
2681827,43312
2681911,72370
2682118,60500
2682119,60994
2682163,72573
2682410,60383
2682455,60383
2682571,72617
2682650,72617
2682827,41467
2684153,30281
2684154,28316
2684165,4756
2684257,69889
2684480,4756
2684805,31
2684839,31
2685093,6966
2685996,21152
2685997,32125
2686197,56538
2686323,15463
2686462,31755
2686531,72570
2686597,71164
2686637,57847
2686970,8755
2687127,72262
2687139,5747
2687151,3734
2687343,4612
2687471,38001
2687476,72824
2687769,13314
2687833,67571
2687970,9751
2688156,71184
2688198,67903
2688231,51607
2688272,28992
2688410,64597
2688556,33059
2688557,20452
2688630,3463
2688634,26842
2689175,64163
2689392,866
2689528,36152
2689547,72669
2690006,38530
2690062,8689
2690392,72626
2690446,29781
2690498,72418
2690913,51718
2690914,71260
2691231,43677
2691326,67512
2691327,47178
2691736,64261
2692059,43216
2692157,17066
2692268,52631
2692583,58079
2692665,27773
2692729,63386
2692734,4093
2692764,70153
2692847,72418
2692871,18438
2692913,20836
2692951,726
2692952,46856
2693041,72857
2693329,31366
2693539,22501
2693540,30717
2693541,36152
2693550,59784
2693552,42946
2693598,70899
2693791,35316
2693879,20523
2694091,20523
2694528,67907
2694541,23666
2695714,65212
2695874,18234
2695910,4023
2695911,4569
2696003,73157
2696200,29271
2696233,58709
2696234,33888
2696591,30159
2696707,3614
2696710,6
2697045,32318
2697103,32318
2697424,52609
2697454,73421
2697524,23142
2697747,55316
2698029,55316
2698171,68834
2698284,4612
2698285,46164
2698322,2134
2698323,10141
2698406,56322
2698452,20520
2698665,73231
2698930,57203
2698931,55487
2699059,28029
2699267,7225
2699373,11109
2699376,11109
2699440,69130
2699441,70653
2699512,73562
2699636,56350
2699772,12029
2700080,41438
2700104,220
2700116,28618
2700587,5885
2700666,33327
2700788,73654
2700791,12002
2700792,72573
2701235,73320
2701802,73575
2701805,73708
2701920,73712
2701937,16608
2702121,59047
2702304,62916
2702712,20836
2702713,17565
2702723,14226
2702872,62916
2702900,10795
2703033,49521
2703098,14226
2703125,50
2703126,3730
2703137,18215
2703402,20720
2703585,38700
2704018,73829
2704048,22528
2704187,71525
2704332,30261
2704908,14500
2705034,70899
2705383,6652
2705384,6652
2705433,33888
2705434,65692
2705622,5235
2705854,56779
2706312,73830
2706412,46597
2706558,73032
2706559,9751
2706620,12425
2706669,73885
2706803,48786
2706843,73623
2706874,71005
2707455,73486
2707456,8161
2707916,41467
2707977,34611
2708009,298
2708056,31036
2708233,2492
2708370,2691
2708452,56895
2708921,22884
2709200,44139
2709206,22731
2709208,73439
2709657,71489
2709754,11109
2709755,67903
2709783,74158
2709866,74164
2709908,10810
2709993,16665
2710021,16665
2710069,24900
2710313,52631
2710660,58564
2710871,22718
2711118,59838
2711136,22718
2711428,18638
2711461,74104
2711571,1444
2711811,74140
2711857,17462
2712301,28029
2712375,3734
2712426,71525
2712479,50537
2712800,16327
2712989,17402
2712998,15423
2713013,32941
2713293,73706
2713565,36113
2713577,5782
2713631,5534
2713945,35955
2713992,74147
2714331,59910
2714334,2492
2714335,27958
2714536,20836
2714540,15664
2714721,71731
2714763,35091
2715135,22346
2716184,30361
2716329,1142
2716470,20523
2716471,48072
2716504,11109
2716860,11109
2716951,11210
2716983,35940
2717178,71806
2717179,4220
2717512,74612
2717688,2516
2717689,59336
2717693,64538
2717716,13709
2717946,21844
2717947,71231
2718224,26702
2718547,3779
2718628,13085
2718930,74350
2718931,74262
2718932,74718
2719195,70783
2719404,16218
2719405,46856
2719428,47483
2719904,20035
2719920,26390
2720016,7308
2720202,33918
2720407,37469
2720419,26024
2720799,53224
2720849,47771
2721074,23224
2721318,12262
2721369,4272
2721439,30788
2721440,11583
2721456,6728
2721457,726
2721583,51718
2721806,52274
2721990,74833
2722247,22502
2722248,20010
2722759,15426
2722935,4220
2723073,20523
2723083,44134
2723092,74537
2723229,1223
2723298,72613
2723359,56923
2723360,60904
2723402,298
2723628,29325
2723772,74898
2723922,17331
2725086,6127
2725100,74372
2726189,3653
2726253,17196
2726301,21486
2726410,31658
2726411,67204
2726641,45124
2726690,71452
2726960,45124
2727218,69448
2727443,34636
2727444,20523
2727565,72032
2727609,9131
2727724,12262
2728002,1576
2728293,38967
2728942,74818
2729160,33036
2729251,18248
2729265,76258
2729267,76258
2729340,555
2729420,12262
2729421,76163
2729425,67978
2729487,12262
2729753,72973
2730228,14324
2730385,67893
2730386,64163
2730578,74468
2730592,32531
2730605,76375
2730764,19823
2730788,2291
2730844,55691
2730860,18707
2731037,10
2731044,10
2731123,2516
2731471,76059
2731655,12861
2731663,15711
2731715,72995
2731809,28474
2731943,24380
2732057,44904
2732206,76400
2732276,74350
2732291,59913
2732360,50272
2732367,67686
2732450,9510
2732590,59631
2732809,46429
2732872,51718
2733174,6493
2733266,74886
2733593,32706
2733644,32706
2734166,61798
2734989,5520
2735067,74622
2735088,14226
2735137,73103
2735185,74622
2735266,74873
2735285,30348
2735335,46185
2735817,37526
2735839,70828
2736242,20227
2737130,15426
2737176,67396
2737276,65844
2737488,24362
2737734,28730
2737768,14234
2737769,44279
2737778,20227
2737828,28730
2737950,30588
2738049,44928
2738231,72573
2738241,18533
2738549,76609
2738574,50778
2738815,73032
2738843,21933
2738845,10346
2738895,16331
2739713,76887
2739741,53345
2739789,11602
2740119,24257
2740180,14500
2740231,50537
2740255,73869
2740378,32405
2740405,24961
2740406,15548
2740415,14500
2740416,77027
2740479,71260
2740480,32405
2740548,30348
2740603,3734
2741478,46259
2741592,41438
2741679,21530
2741680,4220
2742032,32061
2742389,14500
2742391,29248
2742395,35175
2742438,77019
2742828,60500
2743085,44838
2743091,5347
2743418,65866
2743491,46185
2743626,18891
2743727,46185
2743744,23036
2743841,60994
2743942,74470
2743973,50745
2743974,2374
2744008,11109
2744064,2492
2744119,31488
2744185,24827
2744317,65556
2744344,67903
2744474,66448
2744616,222
2744617,66518
2744618,62034
2744787,1053
2744818,45803
2745025,16456
2745032,16331
2745033,19591
2745034,2306
2745064,77376
2745102,20836
2745156,5158
2745223,77201
2745489,74372
2745495,18284
2745503,2306
2746060,20836
2746602,25440
2747133,18971
2747203,71381
2747240,56837
2747553,65692
2747786,16611
2748383,77538
2748435,60410
2748477,27750
2748580,70619
2748636,76376
2748666,76371
2748688,3377
2748878,77458
2748965,77631
2749055,52838
2749133,20772
2749160,76093
2749171,10540
2749232,77629
2749252,1525
2749274,71064
2749450,77529
2749857,76093
2750013,44429
2750347,77654
2750433,5015
2750825,31
2750832,49991
2751061,77038
2751170,70619
2751338,67571
2751423,55884
2751516,77486
2751739,64152
2751749,2492
2751856,67571
2752322,13314
2752324,20836
2752464,58042
2752779,77907
2752780,77888
2752820,34910
2753121,18438
2753317,46229
2753442,77838
2753653,77889
2753976,32596
2753997,10540
2754009,61756
2754310,49399
2754515,77925
2755075,31841
2755076,25605
2755382,11109
2755392,71884
2755449,68864
2756087,52631
2756103,73320
2756263,1447
2756264,13314
2756893,12922
2756894,36152
2756941,50830
2757464,77964
2757780,46019
2757787,118
2757857,46019
2757858,51622
2758249,21896
2758285,78255
2758286,21896
2758399,14076
2758846,48714
2758883,28180
2758944,22029
2758980,41247
2758989,9510
2759006,61786
2759012,49117
2759013,1841
2759014,25235
2759109,33197
2759198,41443
2759204,63978
2759369,78339
2759513,32840
2759597,77528
2759733,45803
2759739,20836
2759962,63639
2760008,52906
2760095,11109
2760183,4708
2760225,4044
2760236,67236
2760243,78079
2760398,283
2760429,74537
2760563,78435
2760687,50
2760845,58928
2760846,69524
2760861,50537
2760862,74537
2761019,4756
2761141,32103
2761154,4052
2761175,15593
2761197,72266
2761243,71164
2761713,14226
2761719,28873
2761720,20648
2761737,64026
2761761,51718
2761799,76669
2761945,78529
2761975,78339
2761976,77528
2761983,11109
2761996,78435
2762026,16921
2762056,70553
2762057,29781
2762579,58220
2762580,8662
2762581,30491
2762595,35049
2762714,69257
2763189,6581
2763206,78285
2763250,78300
2763308,18480
2763319,1
2763333,47771
2763394,74275
2763427,11009
2763430,3061
2763539,72266
2763622,20836
2763623,18214
2763624,13686
2763726,5015
2763727,24077
2763776,21282
2763777,20836
2763778,33059
2763870,77904
2764137,69461
2764835,68431
2764950,71005
2764982,68431
2765001,31
2765196,5344
2765306,22566
2765445,16921
2765674,8071
2765677,9664
2765746,20125
2765793,20125
2765936,29713
2766215,22557
2766217,48109
2766218,4220
2766253,3943
2766418,78828
2766436,71260
2766498,22718
2766715,63256
2766882,16921
2767025,20523
2767223,31488
2767736,24022
2767737,2591
2767824,74918
2767825,63863
2767826,55742
2767827,56194
2767828,64212
2767829,74507
2767830,53053
2767831,43276
2768482,78928
2768883,2828
2768907,22902
2769294,44262
2769568,44632
2769801,69568
2769845,22501
2770141,35657
2770323,21807
2770808,51062
2770887,71260
2771143,20836
2771237,44769
2771238,60825
2771239,45889
2771240,51985
2771241,33059
2771242,29781
2771256,34488
2771259,31
2771260,44769
2771261,60218
2771302,64659
2771308,22774
2771309,64659
2771312,79149
2771314,66304
2771663,22774
2771978,71357
2772000,7977
2772113,10943
2772154,10540
2772208,31326
2772300,67903
2772361,7225
2772659,2492
2772932,23617
2773049,45333
2773164,59559
2773199,2492
2773376,67571
2773428,32188
2773454,6067
2773659,63863
2773661,55742
2773662,64212
2773663,59638
2773664,69380
2773667,43958
2773702,213
2773896,28262
2774105,2492
2774167,31
2774201,14500
2774307,9610
2774369,60872
2774424,79289
2774742,21103
2774765,51840
2774818,51622
2774819,63099
2775421,15692
2775422,414
2775423,2423
2775424,33359
2775425,11899
2775500,9898
2775503,65960
2775624,74350
2775649,16921
2775829,13797
2775926,38530
2776006,726
2776379,62677
2776801,5387
2776920,45033
2777142,26855
2777725,77495
2777999,77939
2778421,16597
2778438,29815
2778755,74350
2778756,74262
2778924,23863
2779189,71064
2779211,70801
2779241,25235
2779275,74104
2779353,77201
2779367,74537
2779903,7720
2780483,37732
2780591,16709
2780865,6920
2780866,59174
2780867,23481
2780869,23481
2780885,22322
2780905,65844
2780906,65875
2780926,78255
2780927,72326
2781014,68279
2781020,26105
2781189,55691
2781208,55691
2781450,30261
2782005,58141
2782057,48396
2782230,48396
2782256,31
2782393,17336
2782394,78828
2782395,3944
2782478,1576
2782503,79755
2782515,79755
2782517,79838
2782524,1576
2782692,40602
2782880,21103
2782958,79969
2783362,6652
2783367,13655
2783368,26450
2783570,40933
2783729,9590
2783889,9357
2783890,19048
2783927,12546
2783929,70619
2784201,78593
2784202,23772
2784386,26247
2785362,3713
2785455,24961
2785464,1149
2785557,70899
2785558,70899
2785559,38093
2785566,38093
2786073,74776
2786084,51718
2786104,50374
2786148,46226
2786292,32575
2786443,32531
2786455,26988
2786467,12174
2786552,72212
2786553,12174
2786745,69130
2787116,170
2787141,5135
2787382,76906
2787403,17708
2787909,31690
2788288,71519
2788451,20245
2788452,59625
2788766,28601
2789093,49453
2789132,58669
2789133,77196
2789348,23481
2790424,13166
2790485,36152
2790651,70539
2790766,68425
2790896,69575
2790962,79968
2790963,12861
2791148,29469
2791663,5135
2793065,21591
2793077,2038
2793144,50537
2793627,80499
2793656,3194
2793657,68270
2793658,58438
2793659,14301
2793660,49210
2794146,16611
2794176,3194
2794190,28474
2794297,15423
2794788,15426
2794794,76866
2795137,23938
2795138,73065
2795140,23938
2795141,73065
2795187,23938
2795407,28474
2796141,12002
2796199,31326
2796354,77101
2796372,45050
2796681,59327
2796720,50503
2796829,66128
2796830,34647
2796831,23380
2797723,61657
2797773,61657
2797830,10510
2798097,67623
2798098,10856
2798102,31070
2798105,31177
2798110,27916
2798130,24936
2798497,2492
2798498,3038
2798533,26176
2798652,2492
2798654,80789
2798753,52660
2798754,58465
2798823,7581
2798851,2492
2798900,49782
2799149,41625
2799150,59829
2799151,64813
2799171,76772
2799187,76772
2799843,920
2799886,43832
2799900,73065
2800185,1963
2800273,77879
2800369,13314
2800499,3943
2800715,305
2801341,54547
2801342,50932
2801343,52773
2801401,60864
2801476,61332
2801630,13225
2801685,15722
2801686,6477
2801687,15427
2802217,2306
2802413,2306
2802484,5351
2803157,80577
2803164,23993
2803165,19103
2803166,3943
2803167,18112
2803266,80856
2803301,61798
2803716,79547
2803824,68274
2803825,55533
2803914,51490
2803972,78431
2804099,63447
2804100,63263
2804157,81136
2804269,21760
2804759,77850
2805111,12421
2805121,24993
2805760,66365
2806156,26450
2806412,71929
2806749,58939
2806922,69114
2806963,71404
2807078,2915
2807094,2915
2807245,25068
2807658,31366
2807854,72626
2808162,81365
2808511,10411
2808512,44640
2808513,10122
2808514,9778
2808664,7240
2808835,62237
2808836,28003
2808996,577
2809089,80856
2809161,3386
2809162,23931
2809167,71208
2809184,24962
2809261,29452
2809337,13875
2809372,13875
2809390,15768
2809391,67247
2809606,80710
2809607,73065
2809724,2492
2809778,47842
2809983,1142
2810014,36152
2810029,32925
2810030,12495
2810236,2492
2810328,68989
2810329,1202
2810601,81290
2810994,61705
2811053,78949
2811100,78949
2811176,2516
2811221,28712
2811222,1458
2811325,36015
2811402,40976
2811403,45374
2811453,59392
2811454,2374
2811455,4239
2811456,9446
2811457,4383
2811492,80380
2811538,18112
2811562,36152
2811631,2516
2811634,40976
2812488,12355
2813567,33091
2813568,59152
2813851,77663
2813972,18603
2813985,71946
2814093,21480
2814175,3200
2814203,49443
2814481,47385
2814482,51718
2814487,40876
2814565,3466
2814668,30118
2815585,81079
2815837,76973
2815838,67172
2815853,56971
2815854,68532
2815862,55473
2815889,43929
2816027,58598
2816033,20523
2816138,18638
2816157,20836
2816158,74542
2816159,74542
2816232,18638
2816264,949
2816267,16219
2816325,32634
2816991,81343
2817215,16312
2817229,213
2817421,78849
2817573,3559
2817574,13314
2818185,71184
2818304,51718
2818472,118
2818554,81290
2818792,11109
2818847,78828
2819251,32322
2819486,19321
2819690,4700
2819691,21760
2819692,26230
2819717,4700
2819779,27730
2820121,31036
2820157,31036
2820326,8071
2820358,8071
2820499,13056
2820526,77196
2820726,81754
2820762,81754
2821022,61510
2821023,69407
2821542,18112
2821661,18112
2821852,16677
2821865,10947
2821866,10947
2821878,81754
2821898,50
2821922,16921
2821942,24257
2822047,71413
2822059,17251
2822060,866
2822123,41734
2822124,62146
2822134,26044
2822135,68793
2822301,34312
2822302,63389
2822458,48703
2822900,81481
2823122,63546
2823310,81778
2823311,79289
2823433,79289
2823494,283
2823508,22329
2823509,7948
2823553,5135
2823703,57259
2823923,73320
2823929,6493
2823970,57259
2824573,18406
2824679,82384
2825274,20295
2825445,77878
2825524,31
2825624,80751
2825900,45033
2826043,61546
2826130,18348
2826740,423
2826851,2492
2826870,11821
2826930,33453
2826987,2492
2826988,6350
2826989,60410
2827038,71260
2827073,52132
2827259,20523
2827379,77043
2827403,5097
2827443,82387
2827456,82642
2827481,298
2827519,23275
2827520,41620
2827527,74099
2827914,82014
2828014,80049
2828015,81261
2828016,79362
2828166,82014
2828384,33738
2828757,38700
2828807,31366
2828808,48786
2828956,31326
2829068,24932
2829069,64429
2829228,15426
2829380,32318
2829398,5235
2829486,14877
2829515,13086
2829649,73613
2830313,46856
2830709,6
2830874,46856
2831056,1444
2831093,36247
2831107,40598
2831235,5135
2831317,65487
2831342,32464
2831356,45050
2831364,22718
2831457,45050
2831522,77545
2831523,56478
2831627,31326
2831844,11084
2831973,2492
2831974,82579
2832023,82729
2832153,2948
2832396,3947
2832460,3947
2832493,32419
2832496,74174
2832781,82947
2832792,82947
2832817,31459
2832818,48786
2832988,15713
2833181,62770
2833447,4093
2833448,222
2833480,9751
2833568,49782
2833606,80399
2833621,6652
2833622,6652
2833623,26450
2833624,11609
2833625,3911
2833626,79998
2833680,13086
2833782,3855
2833783,3539
2833887,16665
2833888,74174
2833903,80399
2833904,83030
2833923,14500
2833931,11546
2833932,43000
2833934,70153
2833936,70153
2833986,58230
2834046,13655
2834047,6652
2834048,2356
2834121,18084
2834195,82682
2834198,82682
2834241,31
2834242,31
2834282,5853
2834283,3438
2834284,49700
2834285,55609
2834399,9751
2834629,21760
2834643,24211
2834655,49443
2835143,48786
2835144,80534
2835201,3115
2835203,3115
2835257,8126
2835367,83030
2835368,43877
2835369,3549
2835370,14500
2835371,13132
2835566,3115
2835567,3115
2835614,71260
2835680,48714
2835711,80190
2835792,18480
2835820,33315
2835864,33315
2835865,48714
2835874,68077
2835956,24938
2835991,83173
2836002,83186
2836058,125
2836094,10002
2836095,14204
2836120,125
2836121,44475
2836205,15448
2836596,1405
2836627,22569
2836809,50537
2836953,13399
2836972,1807
2836976,15448
2837387,2151
2837894,77692
2837895,9001
2837938,24187
2838093,48786
2838294,81815
2838496,73869
2838497,78828
2838498,6225
2838499,3038
2838500,50156
2838501,76815
2838599,22884
2838600,48786
2838601,82497
2838629,28787
2839352,70870
2839353,70153
2839723,8784
2839836,82088
2839844,2641
2840024,82746
2840036,81074
2840037,62291
2840038,1645
2840046,34465
2840051,41419
2840108,82705
2840109,31326
2840424,21265
2840534,55663
2840575,83459
2840852,2457
2840858,45920
2840859,74242
2840860,2457
2840861,46711
2841030,61026
2841112,4364
2841409,72208
2841463,29824
2841464,33865
2841467,29824
2841470,33865
2841563,72790
2841630,5747
2841764,83071
2841833,20590
2841862,77845
2841873,2374
2841883,4081
2842237,81973
2842404,22501
2842405,12174
2842472,35917
2842554,76662
2842579,18058
2842583,22501
2842621,6989
2842632,16013
2842635,83510
2842696,35940
2842812,83576
2842861,12262
2842957,29489
2843008,49443
2843070,81806
2843128,59202
2843613,60500
2843614,60994
2844045,36152
2844046,51456
2844068,41419
2844069,83413
2844463,3943
2844464,18112
2844465,30211
2844466,60670
2844813,30512
2844971,10676
2845035,46389
2845064,83554
2845201,44060
2845202,34791
2845203,33917
2845360,83554
2845542,29781
2845543,83512
2845569,68834
2845600,24022
2845740,20441
2845753,26450
2845795,81225
2845813,83554
2845872,26088
2845878,11210
2846281,62092
2846506,83346
2846542,83845
2846585,40680
2846798,83849
2846881,31073
2846882,78949
2846883,81552
2846899,48714
2846900,65390
2846921,21868
2847101,83805
2847266,79970
2847358,30728
2847359,1601
2847360,24227
2847361,41361
2847366,1444
2847367,83186
2847482,5747
2847526,31036
2847551,7200
2847555,2492
2847583,81074
2847631,20523
2847669,22902
2847670,78973
2847692,22884
2847693,32600
2847694,49870
2847695,76163
2847696,55113
2847697,58791
2847892,7513
2848025,83682
2848094,72685
2848471,83022
2848623,83998
2848777,69638
2848941,69442
2849222,726
2849383,66709
2849705,83071
2849706,29824
2849783,2234
2849848,23617
2849989,56425
2850068,72654
2850069,61733
2850070,80559
2850164,63698
2850203,19638
2850284,49617
2850318,9751
2850489,84116
2850705,47771
2850714,3640
2850715,3640
2850725,3931
2850906,84081
2851031,74956
2851032,6723
2851408,73765
2851600,72834
2851650,3466
2851813,19507
2852096,25464
2852193,17000
2852195,4220
2852235,17000
2852266,84205
2852267,84191
2852277,25132
2852282,25010
2852356,6067
2852369,22328
2852370,52730
2852371,49931
2852372,70981
2852453,25010
2852499,32706
2852500,34956
2852552,84050
2852610,1444
2852672,83392
2852673,81074
2852687,6
2853021,83712
2853095,6
2853096,6067
2853159,65382
2853513,2684
2853648,84158
2853664,9131
2854028,78828
2854169,28730
2854199,25010
2854200,84158
2854201,84219
2854231,83852
2854326,27748
2854348,78828
2854394,84314
2854493,27436
2855810,83967
2855845,41317
2856047,81986
2856233,65382
2856247,41317
2856683,85387
2856857,10192
2856861,17595
2856891,10192
2857054,72669
2857337,85470
2857652,7977
2857673,24897
2857801,79919
2857998,11609
2858046,15423
2858428,4446
2858796,2374
2858797,83512
2859525,61711
2859691,12174
2859869,20836
2859870,85586
2859883,20836
2859884,85586
2859980,28828
2860038,1133
2860271,16533
2860273,82959
2860317,85682
2860486,43482
2860783,81975
2860902,81098
2860903,82088
2861607,36027
2861608,74268
2861804,24961
2861805,3730
2862056,29731
2862061,85649
2862065,2492
2862276,18538
2862319,82612
2862402,51718
2862865,26073
2863065,26073
2863574,12209
2863710,57312
2863879,85804
2864325,44838
2864453,14500
2864524,11009
2864525,5450
2864628,14500
2864724,2391
2864883,51366
2865043,7977
2865545,80888
2865568,84339
2865569,85561
2865570,85820
2865776,26176
2866070,21822
2866164,125
2866260,2988
2866365,19103
2866394,86019
2866517,71260
2866519,71260
2866814,83512
2866815,2374
2866880,78150
2866894,85436
2866895,51718
2866930,58220
2866931,68999
2866932,55980
2867056,63922
2867108,3911
2867109,6652
2867110,13655
2867111,11609
2867112,37905
2867113,34805
2867114,2272
2867115,2356
2867116,85582
2867117,2272
2867118,2356
2867284,31
2867361,76906
2867475,85666
2867491,31
2867532,3640
2867596,77196
2867939,37587
2868059,86224
2868149,41070
2868165,10053
2868186,68290
2868194,1444
2868390,24562
2868391,26914
2868416,14500
2868535,75
2868658,69719
2868745,55798
2868853,12900
2868891,21760
2868969,86275
2869056,31598
2869200,31598
2869337,19103
2869477,63647
2869504,86354
2869529,63647
2869612,32600
2869614,22665
2869637,35185
2869641,35185
2869786,32318
2869911,82992
2870024,2541
2870031,82532
2870032,8106
2870333,59137
2870450,72381
2870451,86309
2870548,19523
2870603,86135
2870609,37678
2871230,31597
2871463,29781
2871532,29781
2871675,86484
2871697,4220
2871713,57240
2871714,7240
2871719,86429
2871769,86448
2871863,20836
2872056,28388
2872135,58220
2872267,24022
2872353,24077
2872602,85868
2872655,72453
2872671,86318
2872748,76815
2872880,15687
2872995,35576
2873003,60410
2873026,60410
2873027,2591
2873078,5347
2873281,32620
2873454,33433
2873574,86437
2873586,14500
2873589,68162
2873618,14500
2873621,14500
2874053,20543
2874735,35711
2875169,80424
2875754,82128
2875789,76906
2876260,15427
2876424,59177
2876437,70490
2876453,57715
2877306,52089
2877441,3561
2877490,11553
2877588,2374
2877599,28996
2877650,3561
2877901,64293
2877985,18408
2878040,86917
2878194,71962
2878252,86917
2878253,73537
2878271,81441
2878272,23931
2878363,84030
2878364,77796
2878431,34636
2878523,1424
2878584,74542
2878671,86887
2878682,86983
2879093,19367
2879176,38856
2879545,19367
2879562,7860
2879640,22479
2879695,85815
2880251,83296
2880273,51185
2880308,16230
2880309,16117
2880553,60994
2880696,31142
2880801,68944
2881010,83296
2881145,2691
2881180,86368
2881183,12386
2881184,1252
2881219,25232
2881225,15713
2881226,15104
2881236,35185
2881290,71720
2881310,86368
2881324,87110
2881353,22021
2881354,18215
2881355,65101
2881356,30402
2881357,29594
2881394,16312
2881419,16312
2881454,22329
2881459,86359
2881744,20777
2881818,83789
2881819,64124
2881853,9131
2882020,81674
2882021,87198
2882072,20836
2882540,9519
2882982,37581
2883128,44173
2883129,58564
2883141,70539
2883160,359
2883248,87198
2883344,4099
2883594,83854
2883685,29682
2883804,16552
2883810,22003
2883811,44838
2883828,16921
2883846,86508
2884481,66792
2884578,269
2884616,76059
2884624,48786
2884650,63647
2884653,7134
2884713,22501
2884714,80534
2884732,87405
2884750,65128
2884798,77796
2884799,86923
2884813,33413
2884843,77263
2884847,31488
2885416,31
2885587,2691
2885746,48786
2885841,61153
2885965,83512
2885966,2374
2886095,51718
2886099,3640
2886155,79043
2886235,52089
2886270,68069
2886335,68069
2886607,72285
2886608,52877
2886609,50151
2886610,59694
2886611,49571
2886612,56824
2886719,87504
2886732,1963
2886888,11009
2887028,11096
2887094,31366
2887118,11096
2887119,2499
2887282,87182
2887385,68984
2887405,3734
2887511,12861
2887665,28730
2887806,87599
2887890,20836
2887962,12398
2887963,50727
2888592,48671
2888593,41123
2888645,23994
2888657,32318
2888745,66055
2888769,2306
2888865,21822
2888911,17331
2888978,38487
2889036,21822
2889203,2492
2889256,27750
2889257,3200
2889266,87713
2889345,27750
2889424,2541
2889474,77278
2889475,29731
2889551,1713
2889577,67204
2889896,71489
2890054,22504
2890257,66448
2890274,66448
2890955,49666
2890979,5750
2891011,73623
2891153,19772
2891154,29327
2891342,18208
2891362,7134
2891363,79289
2891364,81778
2891365,30118
2891418,63143
2891475,81754
2891515,22036
2891576,11602
2891577,2306
2891578,27750
2891579,22036
2891633,82316
2891703,2691
2891733,32735
2892075,80824
2892171,52305
2892180,48822
2892181,56645
2892225,11602
2892467,85730
2892483,29201
2892578,79778
2892698,13197
2892699,45165
2892726,77376
2892729,13197
2892731,61510
2892772,5543
2892895,13197
2892927,13086
2893000,13314
2893016,46229
2893058,59578
2893071,25713
2893283,24586
2893393,45159
2893503,65898
2893504,28730
2893505,28474
2893506,64949
2893507,64328
2893541,50121
2893585,13197
2893611,87215
2893796,423
2893798,88065
2893872,40876
2893873,72326
2894085,83030
2894894,35940
2894896,31326
2894918,81626
2894919,87385
2894920,48396
2895060,87385
2895065,72479
2895080,70801
2895099,79932
2895123,70699
2895162,85940
2895266,31
2895267,85940
2895394,49942
2895584,14437
2895657,85903
2895708,7134
2895730,5566
2895817,17149
2895818,2516
2895819,87856
2895968,17294
2895970,73030
2896047,40769
2896061,60218
2896173,11109
2896237,88188
2896266,46151
2896277,10613
2896638,46151
2896805,54898
2896818,87756
2896922,57467
2896923,64370
2896959,38218
2897002,76948
2897103,68834
2897155,40527
2897423,87921
2897424,77359
2897459,77043
2897460,67204
2897478,61319
2897479,43366
2897480,49443
2897481,19126
2897482,27830
2897483,48034
2897484,41227
2897485,24077
2897486,33413
2897487,86923
2897557,77876
2897721,82984
2897777,81111
2898057,11109
2898087,67903
2898088,6067
2898131,26828
2898168,88011
2898223,88083
2898264,82959
2898371,38350
2898479,18971
2898507,11109
2898736,18971
2898742,88083
2898743,26828
2899078,3466
2899113,15713
2899176,88228
2899383,82720
2899766,78436
2899924,78694
2900218,13686
2900219,3814
2900220,4551
2900237,20836
2900272,28474
2900297,20836
2901086,2492
2901140,3520
2901156,17868
2901191,35940
2901440,77287
2901473,79043
2901474,17090
2901475,2691
2901476,77287
2901477,80534
2901478,31459
2901479,65692
2901744,88103
2901815,87198
2901945,3061
2902136,67571
2902406,9898
2902420,8019
2902431,24961
2902674,76906
2902696,2742
2902958,88183
2903390,33759
2903396,76059
2903623,49443
2903624,88290
2903678,34859
2903739,37951
2903855,2492
2904077,33413
2904112,88573
2904159,72294
2904533,22528
2904675,82348
2904710,3947
2904711,3947
2904879,29367
2905114,20523
2905115,34636
2905123,41070
2905128,81975
2905273,76898
2905334,78596
2905582,88644
2905721,86917
2905952,13112
2906036,88256
2906106,61217
2906269,30801
2906463,14213
2906529,41723
2906530,88011
2906531,88349
2906690,88859
2906697,82546
2906709,88861
2906847,421
2906848,1815
2907550,51622
2907656,17408
2907815,41420
2907841,30394
2907969,51062
2908041,72212
2908136,24938
2908236,88628
2908427,87479
2908429,31366
2908430,71489
2908709,16117
2908778,3730
2908779,8063
2908826,87198
2908858,23863
2909008,20452
2909037,78828
2909097,2492
2909101,11096
2909105,24821
2909106,23672
2909188,57359
2909203,25415
2909204,11096
2909323,88926
2909326,34017
2909353,25611
2909451,44769
2909464,60456
2909557,86830
2909633,50007
2909634,81806
2909710,88183
2909733,6067
2909735,31326
2909773,26450
2909822,88186
2910384,6067
2910442,6350
2910443,45671
2910626,80601
2910670,36152
2910720,18603
2910744,38420
2910787,12262
2910986,55692
2910989,33776
2911317,88809
2911318,9171
2911370,78828
2911371,84314
2911589,61798
2912502,26031
2912928,49002
2913096,19891
2913099,43748
2913104,43748
2913105,26031
2913117,35711
2913133,58973
2913135,41379
2913810,11096
2914276,80833
2914284,33780
2914417,48786
2914418,82959
2914597,2492
2914616,89353
2914821,81975
2914957,83512
2915160,20836
2915161,5918
2915162,52274
2915241,89382
2915362,41900
2915430,67903
2915435,42956
2915647,33547
2915692,88880
2915711,88880
2915815,67430
2915877,38337
2915985,45851
2915986,51416
2916290,66664
2916322,65128
2916354,89476
2916410,81820
2916507,88588
2916521,88588
2916766,88158
2917580,32318
2917794,32318
2917860,89591
2918209,3559
2918524,87641
2918849,28474
2918882,10597
2918955,41467
2919565,2356
2919657,41685
2920034,1444
2920384,48396
2920573,46185
2920715,18208
2920716,33547
2920723,59047
2920736,59850
2920852,7948
2920853,89760
2920923,89635
2921117,88409
2921119,33433
2921155,41070
2921199,20452
2921215,85560
2921255,76820
2921256,38856
2921455,60670
2921474,60670
2921500,73869
2921501,33888
2921637,6940
2921723,89838
2921731,2691
2921978,87466
2922144,7308
2922190,2493
2922246,2493
2922249,7308
2922295,52423
2922296,68087
2923197,85903
2923324,89949
2923471,51061
2923875,63566
2923895,7257
2923916,68834
2924003,490
2924167,46425
2924168,39243
2924204,84209
2924257,70479
2924258,60256
2924279,52906
2924295,60256
2924296,12919
2924300,60256
2924301,70479
2924302,78469
2924303,67755
2924534,14323
2924673,85940
2924815,37993
2924978,2492
2924998,58791
2924999,61715
2925000,36212
2925280,35129
2925478,88656
2925532,87198
2925577,27724
2925671,27724
2925675,35129
2925889,5026
2925935,27958
2926324,5026
2926325,27958
2926382,58220
2926383,17720
2926384,20624
2926444,87502
2926551,77043
2926849,32310
2926852,23117
2926855,50087
2927281,80538
2927524,89985
2927548,90048
2927746,21350
2928190,52089
2928496,52089
2928512,1805
2928830,15565
2928873,90171
2928890,1805
2929016,90171
2929346,63978
2929480,76875
2929780,87525
2930307,20101
2930703,61435
2930747,3270
2930748,3287
2931167,14820
2931168,15749
2931232,90407
2931233,3270
2931580,46878
2931670,76815
2931671,46941
2931842,90325
2931853,83865
2931854,45193
2931855,1807
2931856,20300
2931857,83186
2931866,37993
2931867,90028
2931909,90028
2931910,37993
2931912,45193
2931962,62677
2932022,44475
2932044,90487
2932500,30588
2932881,70783
2933222,49443
2933235,87321
2933391,49443
2933480,20836
2933484,20836
2933998,24568
2934061,11182
2934062,41450
2934228,18621
2934276,52829
2934417,89179
2934596,44060
2934647,51718
2935598,2492
2935837,18030
2936348,83131
2936421,55147
2936671,41704
2936682,82497
2936999,82497
2937579,14742
2937685,4756
2937686,3402
2937687,18603
2937688,3402
2937776,68886
2937777,2628
2937778,49483
2937848,81975
2937929,12495
2937930,36152
2937931,69114
2937985,33709
2938217,33516
2938928,7869
2939093,77287
2939170,20836
2939412,63558
2939525,90968
2940070,73463
2940452,76815
2940602,20543
2940823,74776
2941318,89941
2941595,49953
2941596,90659
2941726,57083
2941764,67543
2941768,55550
2941780,89092
2942144,6581
2942279,45262
2942435,77136
2942493,57083
2942816,6581
2943077,11676
2943105,5135
2943175,90882
2943271,5135
2943322,8661
2943323,91088
2943445,35711
2943742,40876
2943801,6652
2943914,33053
2944139,40876
2944191,196
2944192,44204
2944676,13314
2944707,76875
2944750,7439
2944804,7439
2944881,89512
2944882,67422
2944883,69350
2944884,29860
2944916,34354
2944967,25389
2944985,91088
2944986,90659
2945082,72717
2945210,40342
2945234,9085
2945235,2171
2945236,6375
2945237,6021
2945238,18771
2945239,216
2945240,2099
2945241,224
2945242,3
2945243,3958
2945244,1595
2945436,80580
2945486,88980
2946118,12861
2946244,74498
2946279,19029
2946295,18233
2946430,89376
2946447,961
2946510,14226
2946552,41467
2946712,18215
2946713,31657
2946822,35940
2946895,82455
2946946,27610
2946954,12262
2946986,90702
2947139,12421
2947268,91493
2947392,91493
2947653,86923
2947654,86835
2947803,60877
2947924,89167
2948114,90028
2948178,63978
2948181,46856
2948203,46856
2948434,91508
2948445,44382
2948711,13855
2948968,91500
2949293,44382
2949664,56134
2949675,81482
2949701,56773
2949806,65179
2949886,33625
2950006,61756
2950040,91593
2950162,91687
2950218,26450
2950266,89513
2950299,65866
2950383,4551
2950406,2374
2950714,31036
2950731,62092
2950869,22718
2950871,16381
2951218,88461
2951422,34151
2951463,48396
2951839,88461
2951934,51456
2951960,51456
2951973,69452
2952763,38721
2952779,91750
2952939,66419
2952974,88535
2953059,8309
2953096,91762
2953153,91715
2953154,91253
2953298,726
2953442,16381
2953443,18480
2953444,298
2953618,91467
2954190,91885
2954286,91597
2954387,45803
2954714,73623
2955117,68944
2955269,77634
2955383,18450
2955507,12922
2955526,91796
2955652,12922
2955653,91796
2955955,91903
2956229,3466
2956534,51718
2956539,56402
2956606,2492
2956684,92035
2956738,92035
2956896,40947
2957040,12262
2957204,91961
2957426,82497
2957432,82497
2957575,47063
2957786,85448
2957854,41467
2957907,23060
2957921,2547
2958261,48786
2958489,15958
2958709,35634
2958939,30
2958967,486
2959304,30
2959421,4551
2959422,83512
2959423,7134
2959574,92241
2959664,486
2959694,41282
2959701,47987
2959906,20523
2959955,30655
2960143,90175
2960167,66586
2960171,58220
2960306,58220
2960364,92209
2961079,87416
2961374,2492
2961378,86318
2961383,30728
2961470,15287
2961471,55798
2961563,91631
2961580,36152
2961628,89121
2961746,33823
2961862,5135
2962070,91473
2962077,16381
2962120,37865
2962249,92342
2962820,76875
2963237,34151
2963252,2691
2963369,92394
2963437,2492
2963772,8642
2963895,74537
2963896,34151
2964035,35982
2964359,43339
2964956,11296
2964965,90893
2965195,16493
2965447,85861
2965708,63081
2966140,92344
2966176,85903
2966177,87502
2966425,92656
2966664,92656
2966783,92394
2966880,24077
2966948,92661
2966966,20836
2967022,92732
2967175,3038
2967249,87412
2967485,68834
2967637,92724
2967638,2374
2967670,41227
2967955,79843
2968069,2374
2968070,83512
2968071,92720
2968190,90074
2968324,92138
2968339,2910
2968477,50682
2968647,726
2968648,92724
2968649,79843
2968848,3466
2968851,60767
2968893,33028
2968944,32105
2968991,69664
2969108,2492
2969295,3466
2969300,45671
2969343,12262
2969346,4612
2969354,18215
2969355,18215
2969542,3238
2969693,26288
2969814,31
2969825,45671
2969831,91402
2969885,2492
2969886,31
2970208,26858
2970422,64538
2970590,35940
2970676,62267
2971261,31083
2971680,90074
2971799,29580
2972034,88736
2972035,24720
2972041,92120
2972055,77110
2972056,44139
2972067,24720
2972448,7975
2972662,93077
2972845,58220
2972884,83030
2972927,68377
2972941,32093
2972957,72613
2973159,78828
2973596,19803
2974108,68377
2974462,30842
2974661,29781
2975347,89560
2975523,49052
2975885,76815
2975891,73869
2976104,39243
2976105,38831
2976329,9685
2976604,52527
2976753,45961
2976762,4364
2976821,70954
2977079,92964
2977085,61600
2977226,67204
2977227,88323
2977290,43099
2977365,21282
2977366,49002
2977405,68377
2977417,20836
2977720,91800
2977778,87479
2977804,92109
2977893,11096
2977997,56302
2978021,48786
2978022,82497
2978090,48714
2978099,31366
2978332,33300
2978491,17565
2978539,1444
2978864,81847
2978865,11018
2978866,13456
2978867,24882
2978878,45851
2978879,26271
2978905,12232
2979004,11691
2979080,9664
2979120,45588
2979153,46185
2979236,11691
2979251,86679
2979360,78254
2979422,67204
2979423,56649
2979428,25671
2979750,7110
2979751,11413
2979904,60511
2979943,60511
2981128,60893
2981297,27951
2981527,87845
2981621,92284
2981894,298
2982086,4909
2982372,52089
2982815,16921
2982984,87412
2983011,51718
2983176,10
2983837,85916
2983913,48483
2984237,77796
2984238,55805
2984311,31
2984728,29158
2985046,79855
2985316,89214
2985482,29781
2985483,7112
2985484,19216
2985895,58141
2986094,85861
2986114,89143
2986341,9510
2986342,41247
2986343,5347
2986574,43378
2986796,9358
2987486,78287
2988031,93861
2988207,43727
2988208,58585
2988309,4354
2988364,21282
2988372,70699
2988592,78466
2988594,94033
2988932,94026
2988969,5135
2988975,31
2988976,13314
2989025,72212
2989032,43787
2989033,452
2989059,68834
2989073,26176
2989188,27750
2989296,92912
2989366,93524
2989621,213
2989711,22329
2989890,15423
2989958,5135
2990175,66369
2990364,22329
2990450,14483
2990451,71333
2990492,6067
2990729,89512
2990730,24380
2990731,62092
2990897,51699
2990906,23060
2991052,18480
2991054,79276
2991055,74855
2991164,6067
2991190,74855
2991191,18480
2991234,3869
2991283,39058
2991284,15319
2991288,78788
2991289,19524
2991291,41620
2991295,2151
2991835,39058
2992044,22718
2992409,94212
2992472,48483
2992966,89560
2993250,50206
2993352,17174
2993397,81986
2993398,14210
2993498,12262
2993568,48627
2993569,46019
2993570,118
2993715,2374
2993907,11256
2993921,60683
2993922,12262
2993945,94337
2994080,85903
2994095,91512
2994127,16921
2994209,80824
2994220,48627
2997905,93651
2998004,118
2998005,46019
2998019,12262
2998020,11256
2998255,21282
2998256,85903
2998351,93450
2998436,44086
2998484,92724
2998485,83512
2998486,2374
2998731,25949
2998833,21346
2999094,63081
2999127,26020
2999317,2092
3003016,25324
3003017,4498
3003018,94511
3003054,38087
3003055,89474
3003146,41467
3003192,46991
3003467,87896
3003558,52089
3003559,91872
3003700,36152
3004190,72999
3004240,43159
3004241,19350
3004254,25709
3004523,61903
3004634,33059
3004851,21282
3004928,88630
3004957,56322
3005043,80805
3005102,14437
3005153,20452
3005273,14437
3005322,58107
3005442,94334
3005555,3549
3005801,94303
3005804,94856
3005929,51622
3006025,12623
3006042,45026
3006090,63464
3006143,68940
3006144,44382
3006301,94903
3006325,94905
3006379,3961
3006595,78828
3006620,44866
3006706,64311
3006707,76689
3006717,64538
3006774,62045
3007072,68151
3007112,7134
3007113,55691
3007114,10613
3007115,78839
3007167,11033
3007255,12739
3007285,51523
3007286,25144
3007342,85372
3007433,51062
3007534,51718
3007575,94465
3007586,14226
3007792,94048
3007875,35971
3007941,94845
3007943,2516
3007944,22502
3008035,93336
3008063,23142
3008214,9050
3008308,7134
3008309,88188
3008411,65692
3008448,1576
3008454,94048
3008455,95038
3008457,95038
3008814,69001
3008962,65489
3008963,22988
3008964,94048
3008969,20101
3008978,45569
3009003,23276
3009107,27730
3009178,95172
3009556,14226
3009558,74810
3009582,35510
3009598,26450
3009715,46889
3010077,24077
3010179,50537
3010449,85861
3010474,206
3010607,95235
3010642,25815
3010643,25815
3010649,25815
3010655,65735
3010658,65735
3010700,68243
3010940,67547
3011024,51456
3011047,68243
3011071,29325
3011142,50745
3011202,95235
3011451,22293
3011619,15477
3011713,29781
3011716,1149
3011717,3561
3011939,28474
3011940,58709
3011941,14500
3011942,24720
3012023,17121
3012111,28474
3012112,58709
3012188,3855
3012190,3539
3012441,19639
3012468,4756
3013064,3855
3013692,35940
3013743,34636
3013747,4810
3013817,16493
3013895,3947
3013907,51718
3014059,26197
3014219,91074
3014277,92724
3014278,83512
3014531,17336
3014532,78828
3014637,91074
3014785,95493
3015102,18603
3015399,21658
3015625,95404
3015691,85902
3015692,95713
3015693,86695
3015772,10613
3016215,56923
3016313,95468
3016524,24961
3016525,72291
3016545,88550
3016881,41685
3016922,27882
3017005,61217
3017105,91872
3017123,6478
3017151,9358
3017234,90881
3017302,31
3017332,27097
3017411,95854
3017431,2374
3017432,83512
3017433,34030
3017434,92724
3017435,94470
3017468,54451
3017496,95642
3017565,95263
3017698,88171
3017845,28474
3017846,58709
3017847,14500
3017848,24720
3017852,94949
3017853,21896
3017940,34636
3018451,80536
3018857,28934
3019003,21896
3019030,43392
3019109,10062
3019186,50
3019302,62677
3019309,92748
3019430,18112
3019431,92724
3019541,2306
3019542,52274
3019558,66825
3019699,78287
3019801,74542
3019802,86973
3019883,74542
3020250,95873
3020301,53
3020347,58941
3020354,2492
3020370,95996
3020371,95462
3020430,94872
3020548,52089
3020549,91872
3020550,94622
3020649,76590
3020713,8505
3020809,95956
3020867,93529
3020892,28247
3020922,73238
3021109,90417
3021318,29781
3021319,45050
3021320,6
3021385,91269
3021547,76590
3021745,88457
3021812,89926
3021902,21807
3021976,89926
3022033,9547
3022198,86351
3022249,6907
3022566,21282
3022592,18208
3022593,20523
3022594,34636
3022608,3559
3022611,3386
3023073,3386
3023162,14928
3023606,138
3023623,138
3023724,66533
3024562,96347
3024681,42956
3025057,16381
3025063,96371
3025123,90754
3025166,79043
3025244,90754
3025378,12900
3025442,24385
3025480,2492
3025481,2492
3025495,91561
3025496,85878
3025497,80856
3025597,14210
3025670,20726
3025671,8407
3025798,11109
3026022,1149
3026155,89382
3026272,9959
3026425,1149
3026505,96579
3026510,5235
3026584,70679
3026588,70679
3026943,90482
3027122,22718
3027239,94923
3027291,69407
3027410,95888
3027580,41450
3027581,38530
3027632,17336
3027633,7701
3027919,94974
3027959,10141
3027960,44359
3028155,63369
3028156,45264
3028233,30481
3028234,19126
3028235,10
3028357,29653
3028466,96042
3028547,88980
3028643,95642
3028728,50538
3028763,95996
3028809,96739
3028821,96764
3028822,96739
3028823,21023
3028868,86719
3028904,70699
3029205,64497
3029407,60825
3029408,29158
3029464,89780
3029475,94271
3029486,10768
3029578,86040
3029635,13314
3029636,86040
3029647,86040
3029826,96209
3029850,85861
3029916,83322
3030112,11210
3030129,96027
3030938,2492
3030939,85903
3031244,85861
3031657,65640
3031685,41655
3032232,27228
3032233,78285
3032528,63049
3032536,67903
3032719,31565
3032744,22501
3032797,24720
3032814,97058
3032961,83047
3032998,83047
3033369,12251
3033535,96154
3033560,92481
3033624,97119
3033625,305
3033631,91872
3033687,11109
3033688,88734
3033816,91143
3033873,97019
3034174,13788
3034197,77609
3034407,20452
3034408,24827
3034741,22804
3034742,27662
3034859,50898
3034860,67424
3035168,96739
3035253,41394
3035459,37424
3035492,38856
3035493,24257
3035508,4700
3035509,26230
3035510,30397
3035511,65386
3035566,38856
3035597,8777
3035821,20836
3036219,45043
3036954,15329
3036955,61131
3036956,82837
3037028,96432
3037599,97165
3037672,63978
3037712,72479
3037719,373
3037816,41467
3038111,26088
3038236,31366
3038262,31096
3038288,33142
3038291,7308
3038348,9751
3038528,9751
3038557,46185
3038619,44733
3038620,46523
3039090,40602
3039106,81914
3039118,79967
3039399,64788
3039467,64877
3039575,82242
3039639,97268
3039640,96216
3039734,12900
3039735,20836
3039912,29682
3039913,41626
3040077,70801
3040244,16381
3040332,52897
3040432,43159
3040457,16608
3040470,92065
3040509,3466
3040674,97464
3040813,12209
3040931,3943
3040932,18112
3040960,118
3041004,48378
3041101,57715
3041102,5782
3041103,68017
3041318,61266
3041899,14078
3041900,15526
3042132,72370
3042279,13086
3042416,14078
3042417,15526
3042558,13086
3042636,25815
3042689,79043
3042851,87403
3042859,87615
3043023,18844
3043100,2374
3043259,97737
3043386,82307
3043564,2492
3043797,36152
3044197,78644
3044812,94974
3044813,47506
3044816,97870
3044836,97768
3044856,67607
3045038,6067
3045039,96999
3045290,2492
3045362,5747
3045456,97165
3045584,72790
3045769,72790
3046985,97912
3047012,85940
3047059,97946
3047109,213
3047135,33078
3047336,18438
3047360,78828
3047386,30876
3047728,97946
3047836,98971
3048006,15567
3048131,22718
3048262,32614
3048266,90877
3048321,22569
3048375,98986
3048525,13197
3048597,96151
3048651,97813
3048739,99052
3049042,18433
3049081,31
3049359,76875
3049394,97597
3049554,18058
3049584,44475
3049854,48109
3049855,44475
3050049,31232
3050183,99074
3050193,99083
3050196,80287
3050324,17868
3050491,50
3050492,95993
3050661,9131
3050662,33433
3050682,92740
3050883,41704
3051043,29627
3051114,726
3051183,41704
3051509,85700
3052009,423
3052021,7948
3052033,12900
3052034,26176
3052108,7948
3052120,26702
3052192,17773
3052505,5819
3052507,4220
3052508,4220
3052509,5819
3052524,99099
3052525,99099
3052588,52063
3052597,71260
3052648,52063
3052778,20836
3052864,32389
3052869,67204
3052921,51718
3052930,82751
3053028,67571
3053150,97938
3053359,80196
3053977,78828
3054283,99267
3054431,362
3054555,94539
3054599,11109
3054702,97024
3054814,70619
3054821,97774
3054849,13314
3054991,99376
3054996,92254
3055228,95584
3055352,30728
3055500,71511
3055772,7155
3055913,93540
3056102,86508
3056104,70661
3056868,68106
3056947,91872
3057018,90215
3057029,52016
3057289,19048
3057403,13314
3057594,7440
3057755,2492
3058061,78828
3058062,21896
3058063,34151
3058122,14437
3058123,2492
3058129,51718
3058236,97456
3058492,44279
3058785,21592
3059227,23778
3059413,87198
3059503,35982
3059801,94949
3059854,70855
3059966,87237
3060194,99717
3060249,14088
3060460,19048
3060525,99777
3060536,7948
3060565,12262
3060727,83908
3060930,31807
3061282,29781
3061452,24022
3061471,91872
3061600,2641
3061814,34177
3061921,9131
3061986,95785
3061987,99738
3062079,59124
3062126,24472
3062163,81389
3062440,6
3062514,93202
3062628,128
3062836,72626
3062955,99582
3062960,12262
3062968,38856
3062970,3086
3063273,86487
3063283,4220
3063337,18215
3064352,96371
3064406,100000
3064416,24257
3064752,14483
3064962,99935
3065166,96739
3065288,88980
3065519,95667
3066319,11707
3066320,3931
3066356,7308
3066566,31
3066665,31
3067610,20956
3067636,33053
3067669,95038
3067912,100123
3067962,20447
3067963,25764
3067978,70899
3068004,97919
3068095,90754
3068160,81789
3068332,50537
3068333,28474
3068556,74468
3068655,29719
3068824,4220
3068895,100153
3068899,24753
3069168,48822
3069169,86269
3069223,11609
3069225,38620
3069266,96563
3069361,85903
3069362,79289
3069551,73869
3069774,74542
3069775,9131
3070084,11691
3070085,93488
3070207,32596
3070458,11182
3070487,10017
3070539,29006
3070540,73514
3070776,11109
3070785,52212
3071027,5354
3071040,30369
3071077,52089
3071086,91872
3071152,18112
3071153,3943
3071246,60500
3071329,93633
3071330,40779
3071331,71096
3071332,85448
3071432,50
3071894,27332
3072208,4111
3072253,78788
3072567,99983
3072760,100282
3073339,32389
3074060,78387
3074612,20514
3075036,100597
3075095,2492
3075294,73576
3075538,100653
3075757,79905
3075758,5918
3077233,33520
3077241,82546
3079826,48378
3079896,3466
3080257,60511
3081828,99282
3082103,11182
3082306,94974
3082947,12398
3083076,91872
3084147,5278
3084302,3466
3084682,4700
3085003,100706
3085497,100838
3085788,21843
3086020,73084
3086337,67903
3086668,64293
3087106,34642
3087639,79312
3087758,66817
3087790,27916
3087926,33413
3088065,100168
3088226,33413
3088227,86923
3088363,78828
3088364,49002
3088368,29781
3088876,31036
3089125,33059
3090394,14226
3091365,20917
3091366,50318
3091376,70899
3091380,70899
3092530,11109
3092531,100358
3092533,85940
3092535,101014
3092956,100472
3094110,92065
3094640,62677
3094993,88644
3095327,67903
3095528,88644
3095595,86769
3095777,34753
3096017,16953
3096093,34753
3096428,4354
3096446,50745
3096557,94048
3096725,1576
3096726,4734
3096804,77107
3096935,101028
3097202,1576
3097472,2374
3097527,1576
3097542,40976
3097836,97745
3098077,81752
3098078,83704
3098556,101181
3098638,34911
3099269,61080
3099654,61080
3100706,63026
3100803,101258
3101511,91088
3101530,4354
3101713,35711
3101999,4220
3102026,41438
3102577,71065
3103142,22212
3103143,55798
3103144,74238
3103212,15287
3103242,32531
3103408,33433
3104417,77634
3104423,101181
3105030,26024
3105031,74817
3105032,58242
3105244,85560
3107716,13000
3108582,5960
3108667,421
3109057,13389
3109590,38501
3110699,62531
3110844,38501
3111047,4284
3111108,7815
3111397,87198
3111482,28029
3112027,82419
3112079,20836
3112617,16720
3113198,97665
3114287,5387
3117119,18112
3117120,3943
3117522,961
3119005,60362
3119179,96563
3119180,5235
3119256,56695
3119311,36309
3120069,20836
3120232,47590
3120272,100715
3120412,28474
3120416,34488
3120417,28474
3121046,12797
3121047,13112
3121343,7948
3121344,26176
3121449,44475
3121520,97745
3121761,2691
3121832,283
3121858,25229
3121961,2628
3121973,68886
3122120,2628
3122140,101407
3122218,102778
3122278,64892
3122301,23523
3122375,23523
3122561,85393
3122638,100151
3122665,64991
3122919,22680
3122921,29520
3122922,32702
3122923,42950
3123003,29038
3123140,47771
3123323,76961
3123351,51699
3123405,71126
3123406,88482
3123407,20836
3123546,2516
3123651,88387
3123845,102902
3123877,56150
3123957,100682
3124193,2516
3124434,89021
3124490,652
3124491,48473
3124522,421
3124764,92394
3124836,92394
3124837,102859
3124919,101526
3124951,50745
3124952,62677
3124953,79043
3124954,22501
3124955,43217
3125088,50745
3125145,102882
3125146,102859
3125169,102882
3125178,102882
3125200,51780
3125251,99171
3125324,102835
3125325,60352
3125676,22501
3125692,9475
3125781,91872
3125782,94539
3126044,1576
3126045,94048
3126046,612
3126047,4734
3126048,95038
3126200,10
3126311,88461
3126384,102704
3126898,67547
3127006,2691
3127054,25389
3127097,3730
3127202,64991
3127203,99108
3127384,86835
3127406,14516
3127426,13197
3127457,65128
3127458,100688
3127459,64147
3127460,73537
3127504,97777
3127535,12262
3127544,298
3127547,18480
3127557,18844
3127657,7815
3127678,76875
3127679,68793
3127759,68793
3128110,31326
3128111,70699
3128469,101354
3129197,97863
3129396,9358
3129501,41241
3129514,30728
3129515,1444
3129530,91872
3129583,101344
3129643,18913
3129753,4220
3129831,45588
3129886,45588
3129996,62034
3130046,103016
3130186,20836
3130247,12261
3130248,2492
3130556,35346
3130715,83873
3130763,62291
3131340,14500
3131345,95806
3131675,14500
3131712,1826
3131861,15526
3131924,21419
3131925,70385
3131926,35433
3131929,17173
3132033,68243
3132190,30159
3132374,57407
3132756,50537
3132826,11109
3132833,25690
3132847,20523
3133588,2272
3133589,26450
3133662,95806
3133878,103539
3133957,2492
3133961,59910
3133988,70619
3134288,92395
3134429,4220
3134443,26531
3134561,4831
3134816,41394
3135428,97395
3135435,83272
3135461,62315
3135583,44274
3135711,16108
3135836,3392
3135936,103105
3136199,29781
3136200,298
3136329,100926
3136341,4220
3136432,76322
3136564,6309
3136640,100926
3136788,1194
3136916,21103
3136950,102882
3137035,71490
3137036,56479
3137037,51576
3137038,16098
3137085,43217
3137382,90754
3137383,63049
3137496,2772
3138146,51028
3138195,103800
3138340,73165
3138360,103863
3138401,55925
3138499,41861
3138500,6824
3138520,28869
3138521,32097
3138572,2516
3138614,5747
3138995,9664
3139217,64538
3139236,16331
3139256,19591
3139282,40613
3139492,103930
3139515,103969
3139958,13166
3140149,103984
3140335,9131
3140494,103731
3140590,18438
3140662,67443
3140940,103193
3140948,10375
3141272,26450
3141644,95839
3141651,96206
3141707,103296
3141754,18450
3141815,58986
3141885,94872
3141912,69291
3141991,28474
3141992,46185
3141997,9358
3142002,67204
3142003,32415
3142014,423
3142024,104110
3142173,25415
3142238,5747
3142380,70322
3142407,90754
3142473,67204
3142576,83922
3142844,10768
3142859,102892
3145236,37833
3145323,83347
3146039,60817
3146135,60817
3146178,97515
3146278,12641
3146331,88502
3146356,93830
3146387,55236
3146470,102882
3146610,103989
3146631,104277
3146984,19736
3147236,97515
3147499,10
3147584,76310
3147735,10
3147737,104194
3148080,2691
3148160,103345
3148467,46229
3148480,103345
3148556,46558
3148569,15426
3148802,99667
3148820,3024
3148879,31
3148934,22347
3149010,23142
3149011,85903
3149162,68834
3149232,11659
3149233,2768
3149234,2910
3149235,7815
3149251,73629
3149302,96018
3149381,16710
3149382,59788
3149462,104139
3149575,104139
3149645,93239
3149646,35129
3149647,19103
3149829,16921
3149901,44838
3150294,51604
3150453,8071
3150531,57214
3150532,51604
3150554,66448
3150589,21222
3150600,104481
3150604,66448
3150645,22718
3150701,25713
3150881,100770
3150929,29781
3150930,83802
3151067,27313
3151068,25780
3151069,18375
3151239,15511
3151266,104409
3151303,29781
3151498,35940
3151499,22406
3151631,95214
3152046,7860
3152174,84314
3152232,67721
3152366,15958
3152367,53421
3152434,21152
3152579,55742
3152642,84012
3152664,104391
3152849,18348
3152850,71184
3152851,14516
3152978,59999
3153021,93227
3153189,51699
3153414,21023
3153415,20217
3153524,2641
3153850,43343
3153902,104704
3153907,27750
3153908,2306
3154018,1576
3154049,104780
3154105,104215
3154244,6022
3154258,45920
3154259,87385
3154376,70899
3154850,20010
3155354,28474
3155418,34151
3155435,23548
3155465,49548
3155627,30303
3155740,47074
3155774,47074
3155837,35561
3156057,45897
3156229,61733
3156709,25966
3156722,35590
3156886,104404
3157078,104404
3157195,104936
3157483,78365
3157623,78365
3157657,24781
3157678,104029
3157766,9131
3157776,28474
3157830,33453
3157941,102882
3157952,2691
3158419,18480
3158438,31366
3158490,18480
3158524,48786
3158699,25238
3158819,31141
3158915,59910
3158971,83731
3159315,81789
3159390,30159
3159694,73944
3159761,12118
3160192,2492
3160213,10017
3160549,31036
3160562,104875
3160751,103849
3160905,29731
3160959,60410
3161002,29731
3161509,68812
3161510,14742
3161515,105277
3161552,105266
3161553,6067
3161570,104990
3161595,4901
3161829,81975
3161830,94539
3161884,74627
3162087,35265
3162088,95867
3162089,89717
3162139,100124
3162537,104875
3162627,18595
3162628,38004
3162736,105333
3163074,105260
3163075,47771
3163459,31967
3163466,105387
3163484,105384
3163517,4272
3163720,61506
3163874,3685
3164029,13314
3164119,6753
3164146,74537
3164382,9131
3164701,86923
3164702,33413
3164713,3730
3164714,18450
3164715,8071
3164736,5135
3164787,5135
3164799,74537
3164800,298
3165179,2691
3165369,52462
3166032,18178
3166082,14002
3166083,14002
3166220,3559
3166272,16921
3166273,16921
3166340,45050
3166410,70969
3166891,66850
3166915,85681
3166988,53
3167142,105576
3167276,41199
3167277,78365
3167649,104324
3167650,104324
3167707,104388
3167907,105611
3167945,105309
3167951,104324
3167982,105368
3168144,105592
3168213,105309
3168214,62413
3168373,64962
3168395,49453
3168396,55798
3168421,80399
3168490,30456
3168959,97556
3169045,105600
3169311,62413
3169518,51718
3170204,33453
3170226,105501
3170234,70969
3170245,49416
3170479,20836
3170480,5918
3170549,72212
3170706,1207
3171189,22989
3171201,97048
3171446,28117
3171641,26016
3171672,28262
3171815,86923
3171816,33413
3171817,105439
3171818,94974
3171819,88188
3171820,100267
3171821,105768
3172210,85903
3172239,66473
3172369,82812
3172463,103384
3172587,29354
3172588,32415
3172950,99717
3173091,62916
3173092,66861
3173093,95331
3173181,23276
3173393,66825
3173468,25608
3173469,8570
3174024,105260
3174497,59712
3174974,8750
3174991,57240
3175091,57240
3175267,48048
3175281,64880
3175678,7200
3175835,105370
3175847,51718
3176128,105671
3176134,60500
3176356,105831
3176729,97024
3176789,95054
3176900,105745
3177015,95054
3177029,4551
3177300,47168
3177315,34325
3177440,49011
3177758,29400
3178030,46523
3178178,80380
3178697,2492
3179697,105745
3179881,86769
3180265,85507
3180722,17488
3180775,414
3180817,79343
3180818,9610
3180819,56844
3180820,48615
3180871,91597
3180872,90953
3180879,45267
3181077,31
3181120,46062
3181346,34956
3181440,21078
3181581,60256
3181647,60670
3181669,85903
3181682,60670
3181683,85903
3181860,17111
3182207,62092
3182255,5465
3182256,5465
3182515,22648
3182651,91872
3182652,94622
3182761,104565
3182939,33547
3183034,33776
3183080,3943
3183081,18112
3183155,74850
3185657,66448
3185978,32925
3186168,35711
3186383,56066
3186384,60074
3186623,45124
3186639,34939
3186879,63600
3186913,103731
3186914,107520
3186927,107522
3186930,43930
3186938,27067
3186942,105201
3186964,55692
3187709,55113
3187710,67903
3187840,16381
3187841,17585
3187936,2628
3187937,68886
3188085,66948
3188136,72242
3188353,18603
3188489,49270
3188750,55692
3188776,23142
3188940,107656
3189072,103193
3189073,104215
3189201,91462
3189386,107551
3189436,93082
3189609,106003
3189627,6652
3190053,6652
3190144,82546
3190145,102842
3190352,43451
3190391,80277
3190642,105905
3197635,17336
3197636,32682
3206212,107668
3206223,9653
3207600,106027
3210880,61218
3211227,103067
3211583,80859
3216383,106038
3217237,77557
3218476,118
3218496,4220
3218534,91715
3218659,107805
3218664,107898
3218837,105979
3218888,118
3218962,50
3219052,25706
3219079,16130
3219232,25815
3219243,105611
3219622,107728
3219754,10517
3219805,10517
3219851,31569
3219932,107912
3220006,107874
3220031,517
3220226,22690
3220478,44709
3220548,2374
3220563,73304
3220717,78839
3220718,24676
3220719,63886
3220720,7853
3220738,95038
3220864,31948
3220869,39243
3221111,107530
3221136,104882
3221660,39243
3221893,90005
3222172,46410
3222293,107551
3222459,11602
3222460,79905
3222461,65128
3222462,64991
3222506,25389
3222529,25389
3222530,64147
3222601,108198
3222773,34789
3222949,72582
3223132,21760
3223133,33984
3223395,107848
3223479,104402
3223922,60500
3223963,86536
3224060,86536
3224120,106235
3224162,99741
3224212,105641
3224356,108321
3224699,56906
3224700,104713
3224871,79114
3225189,108111
3225703,53224
3225934,76254
3226139,2272
3226448,170
3226485,106073
3226590,107925
3226662,58359
3227007,107668
3227008,107805
3227032,33013
3227263,80162
3227264,5158
3227356,104780
3227917,8309
3228515,20523
3228991,8237
3229143,15371
3229393,108590
3229441,108345
3229598,22940
3229699,82419
3230100,82300
3230325,2125
3230509,28730
3230510,92065
3230956,29905
3231056,47764
3231074,93461
3231128,93461
3231243,20523
3231263,108705
3231482,949
3231597,104194
3231774,76518
3232243,55298
3232669,81098
3232688,79056
3232775,81000
3232945,68077
3232958,108708
3233017,95993
3233100,33357
3233123,108817
3233298,46389
3233367,46185
3233441,67560
3233452,34119
3233453,58348
3233464,20836
3233493,108676
3233735,107848
3233844,95667
3233995,108508
3234093,66473
3234163,72782
3234164,28905
3234165,92740
3234166,99172
3234167,100785
3234268,108374
3234318,31459
3234319,65692
3234438,105951
3234495,77532
3234814,106038
3234872,78365
3234955,59755
3235013,1174
3235165,87538
3235340,43370
3235406,62824
3235485,66586
3235589,26578
3235739,24712
3235750,103828
3235751,64147
3235845,108295
3235991,423
3236038,62677
3236079,81609
3236182,109050
3236408,87050
3236534,36
3236565,50770
3236567,35276
3236724,5135
3237320,46022
3237599,70931
3237651,109047
3237984,36152
3237985,104500
3238140,108911
3238176,3383
3238884,101354
3238900,46784
3239070,60500
3239071,60994
3239456,6350
3239846,15564
3239867,78466
3239868,16381
3239869,16381
3239916,19195
3240033,61798
3240034,3734
3240035,61798
3240707,35711
3240855,108374
3241358,108797
3241456,105468
3241773,108194
3241858,9357
3241988,29329
3242496,107912
3242553,109368
3243060,55113
3243170,10782
3243230,65866
3243403,44201
3243404,13494
3243458,11602
3243469,44201
3243488,33053
3243585,100484
3243652,68999
3243663,51810
3243751,20836
3243878,50745
3243963,31800
3244203,13873
3244204,53410
3244417,78885
3244513,86530
3244514,19724
3244515,59527
3244745,109567
3245242,28745
3245264,46532
3245387,28745
3245415,3549
3245433,102744
3245516,95667
3245517,58107
3245594,59115
3245729,40876
3245910,83778
3245911,35071
3246175,36309
3246350,26024
3246366,106096
3246367,77424
3246461,64033
3246503,102709
3246521,26024
3246562,58141
3246696,66276
3246727,97257
3246787,82497
3247164,30159
3247273,47729
3247393,97257
3247886,107597
3247993,20836
3248236,83131
3248254,18480
3248480,29731
3249120,106121
3249657,21565
3249658,12484
3249874,68834
3249999,45124
3250370,97777
3250373,103939
3250518,58923
3250519,51718
3250541,108911
3250823,66656
3251382,46229
3251464,50160
3251475,3943
3251476,3730
3251477,18112
3251570,51840
3251616,31284
3251674,71096
3251675,61600
3251915,41443
3252274,78839
3252369,109617
3252370,32627
3252404,110127
3252514,29781
3252537,82162
3252571,71260
3252700,5158
3253130,63546
3253577,87198
3253710,50210
3254138,20452
3254147,106121
3254242,109110
3254357,25713
3254793,108374
3254804,110344
3254854,20836
3254861,57407
3254910,14830
3254911,6225
3255008,108911
3255568,33759
3255653,97091
3256409,67533
3256489,110359
3256490,76444
3256536,110416
3256547,110426
3256815,73125
3256839,73373
3257521,12262
3257589,33453
3257714,105337
3258216,109633
3258479,62677
3258480,22329
3258485,2691
3258486,22569
3258490,71700
3258491,22884
3258510,71720
3258511,70558
3258573,105501
3258574,110415
3258619,2151
3258759,2151
3259409,107597
3259452,82185
3259527,43343
3259528,68074
3259529,96644
3259648,93540
3259654,99416
3259665,9220
3259666,9220
3259775,93540
3259800,10382
3260182,8774
3260660,12262
3260680,32309
3260681,30585
3260701,67721
3260792,18621
3260854,30585
3260865,52945
3260866,2628
3260867,3091
3260884,105979
3260941,8625
3261272,101006
3261289,108911
3261347,99280
3261348,108911
3261379,24385
3261380,3614
3261559,7263
3262077,110813
3262226,20826
3262406,108911
3262422,20836
3262513,109071
3262514,67342
3262693,110559
3263101,29781
3263209,80287
3263278,106075
3263656,5850
3263770,27116
3263845,21665
3263899,55930
3263963,8019
3264247,18844
3264610,50389
3264711,7644
3265011,19139
3265047,102691
3265324,102691
3265325,18844
3265326,19139
3265621,82959
3265622,7860
3265817,49832
3265912,64172
3265998,10719
3265999,11717
3266010,83030
3266409,30303
3266468,30303
3266539,64538
3266654,110727
3266836,87032
3266959,16219
3266994,30303
3267005,36152
3267480,18480
3267581,33888
3267620,3779
3267802,50016
3267840,56852
3267935,92097
3267950,22711
3268087,85903
3268284,16276
3268388,28938
3268637,33995
3268668,77622
3268718,103355
3268740,110418
3268759,92065
3268915,31177
3268927,78546
3269055,3136
3269087,110801
3269579,88481
3269789,7308
3269849,108911
3269874,89734
3270576,12861
3270577,15983
3270578,92157
3270641,73869
3270757,2492
3271320,1266
3271406,2492
3271448,6814
3271542,3392
3271568,51718
3271603,25848
3271785,24298
3271786,21762
3272040,24298
3272217,103801
3272226,103801
3272622,7959
3272623,3372
3272624,346
3272625,103258
3272646,86429
3272781,20836
3272868,46216
3274361,16533
3274958,99669
3274959,32294
3275644,87963
3276835,89382
3276836,103345
3281438,70190
3281835,4796
3282774,17773
3282775,111680
3282820,21565
3282861,95993
3282862,34636
3282863,26176
3282864,38063
3282865,18112
3282866,110832
3282867,52945
3282868,108175
3290545,111320
3290733,110359
3290734,28178
3291861,18112
3291862,111764
3292805,14078
3292904,79043
3294902,111824
3295025,2691
3295285,8557
3295381,111824
3295382,79043
3295561,8557
3296323,89513
3297015,2151
3297016,51296
3297017,44261
3299261,97938
3299381,2213
3300504,48907
3300505,4220
3300810,110272
3301254,22718
3301444,111515
3301626,110552
3301724,70764
3301725,25690
3301726,13314
3301743,111391
3301811,74198
3301916,33382
3302029,95317
3302035,80196
3302213,67533
3303018,108945
3303416,110513
3303434,105337
3303513,15011
3303529,41182
3303787,89624
3303881,58220
3303882,102630
3304238,33382
3304449,112190
3304544,105745
3305382,99777
3305543,76967
3305597,47771
3305622,107599
3305873,109819
3306055,20725
3306155,63447
3306156,33078
3306382,33078
3306481,41704
3306588,2691
3306589,65692
3306590,4756
3306622,43958
3306623,59774
3306704,11596
3306705,7207
3306781,25848
3306841,63566
3306985,20836
3307019,29121
3307079,38541
3307080,21551
3307429,4220
3307430,9427
3307893,81000
3307915,90902
3308018,71700
3308019,30728
3308205,5771
3308206,69157
3308261,8344
3308262,82717
3308744,14500
3308992,14500
3309180,16921
3309479,107929
3309941,103207
3309964,111900
3310064,39087
3310065,108657
3310066,64192
3310067,4220
3310091,112142
3310130,78349
3310131,58220
3310132,12787
3310184,51418
3310632,51418
3310647,67533
3310720,67533
3310742,33547
3310802,19103
3310803,48425
3310823,32370
3310842,71260
3310944,13086
3310973,8750
3311001,13314
3311354,73231
3311553,50770
3311653,24961
3311654,80142
3311772,23142
3311773,78839
3311774,46856
3311797,112769
3311826,20836
3311827,32471
3311933,30159
3311934,111902
3311971,17608
3312026,726
3312053,109735
3312054,13530
3312055,107557
3312056,112692
3312143,112698
3312222,13875
3312250,107557
3312392,18112
3312393,12251
3312394,2492
3312395,85903
3312396,5392
3312397,8502
3312465,109735
3312679,65866
3312851,109549
3313799,73869
3314215,81754
3314362,31666
3314363,14351
3314448,112631
3314546,60450
3314590,63391
3314591,35940
3314722,106367
3314723,111050
3316475,298
3316565,67543
3316566,76689
3316567,94914
3316568,55550
3316569,18112
3316570,64311
3316804,9171
3316805,22902
3316806,298
3317221,32419
3317277,112451
3317278,60074
3317727,577
3317965,33785
3317966,113107
3318296,35276
3318636,38700
3318657,92902
3318696,71260
3318743,17208
3318776,36309
3318777,104704
3318804,112631
3318904,112858
3319312,46185
3319313,83731
3319414,79842
3319495,83731
3319799,56747
3319800,19736
3320012,25605
3320134,27323
3320188,82197
3320312,8071
3320360,81000
3320548,47521
3320582,71953
3320683,30162
3320684,63978
3320846,9358
3321148,20254
3321280,14213
3321428,9358
3321649,80805
3321994,111058
3322274,113334
3322450,36027
3322451,29781
3322518,33028
3322564,68130
3322602,111058
3322603,26088
3322792,10613
3322852,2492
3322892,10613
3322912,99323
3322913,1174
3323443,104402
3323544,113442
3323551,113442
3323565,4252
3323915,112640
3324158,80123
3324159,82059
3324193,17461
3324194,25299
3324205,27724
3324206,27724
3324290,12900
3324306,1194
3324398,103150
3324709,78828
3324788,78828
3324907,1194
3324936,81754
3324937,12567
3325371,82598
3325372,17638
3325520,63386
3325757,112300
3325758,109819
3325759,33078
3325760,62092
3325761,94539
3325887,73309
3325958,111553
3325959,8019
3326314,71727
3326433,52572
3326817,113692
3326954,17336
3327049,16686
3327085,113783
3327331,113783
3327435,80611
3327436,81789
3327791,111544
3327792,80790
3328550,113780
3329041,726
3329083,3734
3329084,22804
3329147,97508
3329190,97508
3329231,68080
3329632,16985
3329814,41379
3330203,79843
3330366,79843
3330824,4858
3330825,22528
3330863,19097
3330879,22528
3331152,113314
3331511,63518
3331711,2492
3331719,726
3331972,33413
3331973,93680
3331974,101511
3331975,97669
3332073,112698
3332074,48425
3332094,33413
3332122,112698
3332910,298
3332990,118
3333062,60777
3333109,22718
3333124,13086
3333905,96477
3334086,35940
3334125,110461
3334156,27730
3334157,104713
3334295,114149
3334296,23200
3334297,539
3334298,114190
3334791,67911
3334797,16921
3334929,71871
3334949,114223
3335013,51718
3335073,60500
3335107,60500
3335607,44086
3335608,53107
3335609,53107
3335790,104194
3335957,35940
3336011,53107
3336040,113851
3336121,111097
3336305,108911
3336413,114027
3336470,58657
3336471,59305
3337063,30159
3337744,29357
3337858,54943
3338093,51718
3338213,113759
3338370,72047
3338552,28618
3338677,70772
3338999,34753
3339118,50745
3339254,74671
3339341,41438
3339643,113439
3339946,74671
3339994,46523
3340423,114366
3340552,46523
3340553,114366
3340701,14437
3340702,114397
3340704,5750
3340705,114246
3340706,6563
3340707,68066
3340708,33433
3340709,44845
3340710,87214
3340711,111010
3340712,5135
3340713,38038
3340714,27750
3340716,24193
3340718,61733
3340719,114458
3340720,65545
3340721,94843
3340722,55962
3340723,114458
3340724,83538
3340725,104113
3340726,27300
3340727,27300
3340728,27300
3340729,27300
3340730,114677
3340731,109704
3340732,2492
3340733,106386
3340734,66825
3340735,76226
3340736,16921
3340737,62677
3340738,86835
3340739,32285
3340740,17621
3340741,44928
3340742,61626
3340743,60410
3340744,13166
3340745,50904
3341567,50561
3341568,8744
3341569,104882
3341570,31867
3341571,11947
3341572,11109
3341573,113314
3341574,114259
3341575,8744
3341576,31641
3341577,10419
3341578,113610
3341579,15423
3341580,115093
3341581,46345
3341582,10613
3341583,8750
3341584,11850
3341585,96507
3341586,115163
3341587,35892
3341588,115163
3341589,27033
3341590,74334
3341591,9751
3341592,65866
3341593,20523
3344604,101344
3355106,20452
3356543,37993
3356544,31326
3356545,85903
3356577,104565
3356634,51061
3356635,5135
3356755,31326
3356789,60438
