src,dst
108,395
145,548
217,375
263,769
264,769
272,790
281,715
338,834
360,614
478,222
479,222
558,886
559,886
583,1205
587,1194
661,1289
668,1437
681,1385
716,1501
717,1501
726,1207
737,1536
740,1521
754,1413
776,1583
781,1272
831,672
836,1601
837,1601
855,1580
875,1749
880,396
895,1780
901,887
909,1813
914,1454
939,1352
955,1955
1006,924
1068,2093
1069,2093
1073,2149
1082,2086
1083,2086
1095,2154
1131,490
1134,2140
1135,2067
1140,354
1143,145
1153,2171
1154,2171
1156,2223
1169,1676
1210,2282
1211,2282
1224,880
1283,2401
1307,2385
8809,2410
10783,2423
17469,26
18942,652
22399,2476
23659,2597
26940,1223
28839,1799
28840,1799
29591,1995
30954,2670
31174,1460
32441,1016
33045,2742
34666,2602
34884,1761
35150,2245
36817,2787
36818,2787
36867,1815
36868,1815
38448,2248
38449,2248
38533,195
38800,2615
39025,2846
41963,2894
42256,2892
42257,2892
45213,2938
46450,485
46451,485
48587,3061
48709,2828
49737,1001
51512,3091
51513,3091
54696,3100
56446,3167
56522,3156
59018,3201
59019,3201
59020,3201
59021,3201
60212,3038
60213,3038
60286,3207
60919,534
62187,3276
63529,3286
64695,3270
65209,3338
65383,1904
65866,2291
66354,3359
66575,203
67211,3238
67212,3238
67552,3244
67842,2910
68036,3369
68037,3369
68038,3369
68409,3200
68410,3200
68438,3331
68439,3331
68816,3333
69573,3392
69793,3287
70012,3395
70711,346
71072,134
71553,138
72473,2197
74418,3460
74639,3458
74640,3458
74930,1062
76682,3526
78440,1441
79545,3599
80174,3586
80535,3549
80633,3589
80923,3383
81335,3324
81650,1610
82884,3542
83998,3661
83999,3661
85270,3685
86097,1224
86853,973
86903,3194
87342,3713
87463,499
87464,499
87465,3101
88210,3746
88211,3746
89036,1015
89037,1015
90125,3752
90394,3762
91229,3810
91230,3810
91231,3704
92603,3463
92604,3463
92726,3556
92801,3845
94250,3822
95316,3069
95485,3814
95486,3814
95584,3879
96141,1337
96168,3818
97223,3734
97538,3911
98127,3926
98128,3926
98157,3943
98752,3958
98753,3958
98754,3958
100255,2032
100497,1576
100498,1576
100499,1576
101352,3893
101476,3907
101669,3999
101936,4013
102009,4009
102058,3989
104677,4093
106296,4142
106602,4150
112612,2576
116088,4172
122839,4298
122840,4298
123791,4312
124142,4175
126543,4364
126569,4354
131345,4466
131371,1980
132522,4485
132523,4485
134924,4500
136400,4568
136426,4569
137577,4606
142554,4708
142955,4734
143731,4753
148507,4839
149433,4854
149909,4877
151785,4914
151811,4914
151812,4914
153113,4949
153839,118
154340,4970
156886,5026
156887,5026
159238,5078
160039,5097
168040,5181
170516,5191
175642,5249
175668,5238
180594,5306
181695,5333
182821,5359
185122,5382
189248,5450
189774,5465
190875,4991
191901,5517
193027,5542
193228,5542
195354,5560
195380,5572
199681,5591
203933,5700
204934,4172
206110,5724
208111,5750
208962,5728
213138,5819
214739,4551
217790,5912
218142,5912
218418,5918
227119,6033
229245,6050
231296,6066
231322,6063
233298,6081
233299,6081
235025,6093
240104,6139
240605,6147
242507,6169
246510,6226
246936,6219
247062,6234
247213,6151
248389,6234
248665,6243
255817,6302
255868,6337
256019,6342
258145,6353
258646,6379
259772,6400
260323,6355
261149,6418
261475,6421
262101,6433
263953,6454
265604,6475
266830,6478
267056,6487
268357,6499
269533,6538
269759,1875
272210,6599
272286,6601
272512,6604
273064,2272
273990,6652
274591,2641
274592,6664
274968,6670
276844,2356
277470,6652
277496,6753
277572,6753
278798,2356
279749,6814
279950,6807
280001,2742
280202,6840
281653,4350
282204,6883
282255,6867
282331,6876
283507,6943
283783,6950
283784,6950
284385,6966
284411,6967
284887,6976
284963,6978
287515,2492
287591,2492
288492,6225
288619,7074
288670,7084
288671,7084
288672,7084
290023,7100
290049,7112
290725,7110
291076,7152
291077,7155
291078,7155
291079,7153
291930,7190
291931,7139
292882,7225
294059,7258
295635,7293
295811,7307
295887,7313
295913,7115
296539,1432
297015,7336
297066,7268
300143,7426
301369,7450
302320,7476
303321,7505
304047,7476
305448,7528
306149,7546
306175,7521
307227,7610
307478,7613
307729,7638
307880,7637
311781,4383
319107,7668
321258,6907
321259,7630
327210,7675
346836,7732
358039,7742
358590,7829
359916,7865
360117,7813
360293,7845
360294,7845
360495,5733
362647,7912
362648,7912
362974,7923
362975,7919
365051,7815
365052,2516
365053,7959
367429,8021
367530,8025
368081,8033
368157,8029
369233,8071
369759,8063
370960,8103
372637,8147
373613,8168
373864,8159
374090,8185
374316,8180
374517,8196
375168,8185
375344,8196
375745,7853
376121,8225
376522,8239
376548,8232
376574,8239
377100,8246
377726,8237
379403,8299
379829,8300
380555,8321
380581,8321
381257,8328
381633,7996
382734,8340
382860,8358
383486,8377
383512,8377
383688,8157
383814,8335
385890,8380
386716,8347
387743,8470
387994,8446
388020,8470
388521,8483
389222,8455
389723,8511
390274,8524
390575,8557
390576,8559
392452,8581
392478,8586
392479,8604
392505,8566
392656,8614
392758,8617
393811,8634
393812,8634
394663,8661
398667,8769
398918,8777
399319,8784
400020,8799
400796,8791
401072,7430
401073,7430
404049,8877
404050,8877
410701,8891
419927,8956
419928,8956
419929,8956
421655,8960
426956,8972
427407,8987
432659,9009
432660,9009
434586,6498
435137,8036
435688,9020
435914,9022
437015,9027
442842,9050
443668,9050
447319,9074
447320,9074
447396,9074
448922,9062
450198,5690
457826,9192
458678,9213
458679,9215
461880,9201
462431,9278
462632,9280
465408,9292
465910,9327
466386,9333
470738,9381
470789,9383
471390,9377
472091,2715
472617,9311
472618,4
474519,9435
474520,9427
476146,9454
476672,9464
476698,9467
476724,9341
476875,9449
477351,9475
477352,9475
477353,9475
477629,9478
477630,9478
477681,6309
480132,9510
481283,9544
481659,9536
482486,8007
482862,9501
483263,9573
483264,9573
483790,9587
487966,9667
488717,9691
489093,9691
489144,9691
491671,9759
491722,9759
493123,9775
494824,9795
495825,9835
496076,9841
496802,9852
498103,9842
498679,9871
500980,9920
502881,9852
505207,9987
505208,9987
505334,9972
506310,10013
506311,10013
508012,10049
508413,10055
508739,10005
510390,10078
511866,10088
513417,10088
513418,10088
513419,10088
514720,10086
514746,10086
514772,10117
518398,10137
522676,10155
526352,10162
526353,10162
527254,10169
533130,10191
535831,10213
539957,10230
542008,10238
542934,10180
546285,9735
547886,10121
548137,10295
548163,10289
548164,10289
549065,10316
549066,10316
549067,10316
550493,10337
550794,10343
551145,10347
551421,10355
553347,10377
554848,10425
556099,10450
556850,10463
565551,10539
568302,8738
568303,10604
568529,10608
569905,10619
570006,9299
571982,10631
573833,73
576234,10669
577160,10687
581836,10727
582488,7815
589789,10838
590190,10856
594018,10926
594369,10928
596723,10964
596974,10953
597275,10964
597776,10981
598127,10977
598853,2230
599604,11019
599830,11033
600456,11049
600832,11000
602058,11009
603834,11079
605210,11141
605411,11145
605412,11145
606663,11165
607589,11178
608391,11186
608842,11210
610218,11232
610219,11232
610220,11232
610221,11232
610322,11220
611398,11259
612274,11270
614200,206
616126,11328
616127,11328
621328,11351
626704,11277
629780,11375
631306,11381
636657,11411
636758,11412
637384,11413
638585,11418
640787,11433
641013,11436
641039,6314
643290,11458
646416,11370
648842,11459
650193,11500
652144,11543
655545,11582
656121,11590
656747,11595
658798,11609
662224,9693
663025,11650
664051,11662
665177,11659
665328,11687
665929,11680
666405,11691
666506,11703
667132,11703
667208,11713
668259,11722
668535,11609
670586,11746
670587,11746
670988,11749
675664,11769
684491,11833
684492,11836
687118,11609
694594,11899
694595,11899
694771,11899
694972,11628
695098,11359
700150,11959
701351,11960
701377,11971
703428,11980
703954,12021
704805,12028
704806,12029
704857,11892
705158,12026
706634,12053
707560,12067
708412,12080
708563,12054
710264,11450
712115,12118
716366,10236
719792,12231
719868,12225
721969,12262
721995,12283
721996,12283
722172,12258
725023,12305
725399,12321
725575,7351
728451,12353
729577,12365
732555,12410
733306,12421
734057,12425
734058,12425
734134,12415
737610,12180
738436,12461
738437,12461
739413,12466
740189,12469
743665,12498
744591,12495
748943,12512
749044,12521
751270,10540
753046,12549
758823,12582
761924,12590
762500,12597
765701,12612
766227,12611
769130,12643
769881,12641
773132,12665
776033,12700
776084,12702
777610,12710
777636,12710
777637,12710
780588,12753
782214,12763
784515,12790
784516,12790
784542,12587
789768,12816
790469,12768
791495,5604
791996,12854
793322,12826
797424,12881
798625,12885
799851,12884
800177,12900
800478,12902
801379,12913
802055,12913
809807,12958
811258,12993
811784,7185
811785,7185
813236,13015
813962,13023
814563,13023
814764,12962
817115,12140
818916,13089
819067,13091
820368,13112
824369,13142
829471,13159
830647,13194
831348,13204
831399,13204
831850,13206
832576,13220
832578,12960
833679,13196
834080,13199
834156,13241
834932,13215
834933,13215
835184,9016
835510,13252
836661,13275
836687,13260
838113,11797
838164,13131
838840,13301
838891,13301
838892,13301
839118,13300
839119,13300
839496,13314
840747,13326
841648,13335
842149,13342
842150,13335
844701,13371
846402,13389
851503,13442
853105,13456
853531,13470
853782,13474
854208,13475
854535,13471
858386,13528
858887,13496
860738,13550
860839,13550
861015,13556
861691,13532
865867,13586
868393,13612
868394,13612
869320,13620
871421,13623
875122,13638
876123,13650
876249,13655
881401,13655
881402,13655
881403,13655
881404,13655
882255,13686
882306,13687
887683,13211
887684,13721
888660,13729
891561,13747
896288,13757
896964,13797
898090,13690
898091,13690
898417,13810
900068,13784
900319,13805
900445,13805
901346,13833
901347,13833
904848,13867
905274,13869
905325,13543
906101,13853
906102,13853
906103,13853
906579,13873
912335,13935
912736,13936
913562,13939
920192,13981
921168,3689
921169,13989
921370,13983
925372,13984
925398,14034
927999,14067
931550,14095
932201,14108
935202,14078
935403,14140
935529,14078
935805,14147
936181,14088
938432,14168
941983,14177
942159,14187
942560,13784
946861,14226
950037,14219
954388,14280
955289,14301
957290,14270
959366,14351
963142,14392
966719,14434
967395,14437
968496,14444
969297,14457
971098,1321
972349,14500
974601,14516
982881,14585
982882,14585
982933,14595
984209,13497
985510,14620
986361,14634
986612,14402
986763,14588
988489,14664
989865,14686
992292,14616
992293,14719
994944,14752
995295,14752
995996,14762
997097,14781
999748,14571
1000474,14812
1000750,14819
1001626,14830
1008428,14872
1011279,14856
1015005,14928
1015006,14928
1015132,14910
1015358,14889
1016459,14947
1018935,14966
1025486,15011
1026462,15021
1028013,575
1030789,15052
1030815,15052
1030816,15052
1030817,15052
1033743,15076
1036469,15102
1036995,15100
1037471,13739
1037547,15021
1037623,15113
1043524,15154
1044750,15164
1049477,8447
1051903,15202
1051929,15141
1053330,15207
1053656,15208
1055432,15224
1056008,15224
1060284,15076
1060735,15266
1060736,12251
1060837,13952
1062038,12251
1063764,15285
1065790,15278
1065791,15278
1065792,15278
1066793,15283
1069044,15323
1069270,15326
1069296,15329
1069422,15333
1072198,15338
1073099,15361
1074475,15368
1080551,13329
1083852,15427
1093231,15502
1093782,15510
1096633,15526
1097084,15530
1098935,15552
1100286,15567
1100287,15567
1100288,15567
1101464,15567
1104065,15392
1104266,15581
1104492,15597
1104718,15606
1105119,15584
1107345,15635
1107396,15635
1108297,15514
1108423,15621
1109425,15651
1109576,15649
1109852,15651
1109853,15651
1110079,15662
1110855,15670
1110856,15670
1113057,15651
1116633,15710
1116984,15701
1117260,15711
1121761,15740
1121937,15713
1122688,15713
1125314,15596
1125640,15784
1129641,15649
1130692,15794
1132243,15784
1132594,15853
1134145,15853
1134596,15888
1137847,173
1140098,15841
1142599,15974
1142950,15984
1143276,9731
1143277,15984
1143278,15984
1143279,15984
1144430,15995
1145456,16003
1152282,16013
1153233,16030
1153384,16032
1153810,16032
1155386,16050
1157413,16065
1160564,16098
1161115,16108
1167716,16146
1169542,11713
1170418,12643
1172294,16230
1173295,12197
1180547,16313
1180548,16313
1182024,16320
1190275,16375
1195277,16413
1196678,16428
1199505,16467
1201156,16485
1201532,16480
1203008,16502
1207559,16539
1208285,16542
1208386,16528
1208862,16540
1209188,16542
1209864,16552
1210040,16556
1210041,16556
1210367,16564
1210943,16574
1212546,16565
1213372,16583
1215299,16605
1216375,16613
1216901,16604
1217227,16631
1217228,16631
1217254,13148
1217605,13148
1218856,16644
1219307,16646
1219483,16611
1221234,16487
1221235,16487
1221836,16601
1222063,16658
1222289,16665
1223015,16680
1224591,16692
1224942,16698
1234018,16749
1237119,16742
1237170,16497
1238346,16788
1241272,16816
1242948,16822
1246624,16873
1250850,16907
1251301,16915
1252227,16921
1253453,16939
1256579,16953
1257455,16958
1257631,16974
1259432,16988
1259433,16988
1260409,16988
1260810,17000
1261811,17017
1262087,17021
1265113,17039
1268139,17024
1268565,17005
1270241,17066
1270242,17066
1271068,17073
1271369,17076
1274321,17096
1276798,17117
1279124,17117
1280600,17094
1281301,17175
1281302,17175
1281303,17175
1284829,17219
1285530,17229
1288831,17246
1292782,17294
1295108,17208
1295109,17208
1297260,17334
1298311,2679
1298937,17357
1299388,15982
1305014,17413
1305040,17407
1308142,17431
1312068,17468
1312094,17405
1318445,17510
1318921,17510
1319797,17510
1321498,17408
1321749,17407
1322725,17537
1323626,423
1324652,17468
1325053,17537
1326029,17585
1327480,17603
1327663,12067
1327664,12067
1328023,17608
1328314,17604
1328564,17626
1329607,17685
1329757,17687
1330600,17711
1330755,17710
1331006,17720
1332190,12067
1332216,17686
1333301,17737
1333399,17755
1333520,17800
1333686,17816
1334079,13654
1334324,17827
1334325,17827
1334326,17827
1334327,17827
1334532,17774
1334562,17850
1335093,17870
1335231,17861
1335232,17861
1335664,17890
1335750,2504
1336636,17927
1336637,17927
1337500,17962
1338066,17978
1338507,17961
1338508,17961
1338509,17961
1338510,17961
1338878,17978
1340035,18058
1340088,18060
1340508,18073
1340777,18082
1341182,18052
1341376,18112
1341561,17850
1341756,7412
1342623,18155
1342897,18131
1343004,18184
1343186,18197
1343352,9885
1343415,18205
1344590,18166
1344656,18257
1345192,18286
1345383,18290
1345435,18300
1346021,18316
1346126,18284
1346534,11680
1346923,18076
1347311,18366
1347685,18378
1348367,18314
1348798,18430
1348935,18431
1348955,18428
1349011,18447
1349398,18468
1350205,18475
1350206,18497
1350207,18497
1350208,18497
1350209,18497
1350210,18497
1350317,18380
1350544,18510
1351334,18544
1351371,18550
1351397,5543
1352899,18621
1353306,18633
1353564,18638
1353636,18336
1353637,18336
1353751,18638
1353994,12205
1354300,18669
1354398,18657
1355613,18738
1355614,18738
1355704,18745
1355730,18657
1356400,18774
1356502,18781
1356574,18590
1356575,18796
1356654,18781
1356970,18774
1357140,18816
1357208,18789
1357623,18844
1357624,18844
1358142,18873
1359000,18911
1359090,18915
1359271,18913
1359374,18862
1359854,18929
1360265,18945
1360611,18975
1360879,18917
1361106,18911
1361107,18774
1361441,18971
1361582,19006
1361686,18896
1362281,19019
1362707,19048
1363428,19083
1363429,19083
1363521,18896
1364126,19102
1364153,19061
1364253,3238
1364418,19115
1364444,19115
1364746,19127
1364768,18426
1365441,19150
1365725,19173
1365765,19155
1365801,19120
1366662,19203
1366663,19203
1367039,19216
1368198,19275
1368245,19227
1368527,19291
1369130,19311
1369131,19311
1369427,4707
1369517,19322
1369518,19322
1369611,19316
1369917,19342
1370081,19351
1370508,19311
1370621,19367
1370622,19367
1371276,18451
1371277,18451
1371495,19406
1371580,19373
1371581,19373
1372313,19403
1372314,19403
1372315,19403
1373258,19491
1374190,19534
1374304,19537
1374361,19538
1374566,19236
1375170,19583
1375513,19591
1375779,19605
1376188,19620
1376189,19620
1376691,10544
1376758,19641
1376759,19641
1377948,19681
1377974,19675
1378003,19571
1378004,19571
1378005,19571
1378006,19571
1378007,19571
1378008,19571
1378374,19681
1378852,19706
1379397,19710
1379877,19705
1379880,608
1379997,19771
1380050,19771
1380201,19761
1380358,19783
1380359,19469
1380736,19795
1381173,17129
1381179,19827
1381180,8019
1381948,19856
1382006,19836
1382053,19860
1382482,3259
1382777,19889
1382778,19889
1382779,19889
1382780,19889
1382897,19903
1383057,19905
1383974,19932
1384269,19945
1384305,19917
1384403,19948
1384758,19925
1385519,19971
1386836,20021
1387185,20040
1387247,20040
1387358,20053
1387359,20030
1387502,20066
1388212,20088
1388213,20092
1388214,20092
1388745,20115
1388766,20108
1389549,20124
1389551,20151
1389641,20155
1389642,20155
1389935,20158
1390291,20158
1390755,20187
1390824,20135
1392105,19195
1392126,20196
1392597,20241
1392650,20243
1392651,20243
1392652,20243
1392653,20243
1392797,20247
1393680,20271
1393742,20271
1393935,20295
1394395,20297
1394402,20297
1395465,20366
1397229,20397
1397638,20385
1398628,20002
1398731,20503
1398995,20520
1399398,20425
1399514,20532
1399544,20544
1399658,20546
1399793,20553
1399794,20553
1399836,20534
1399837,20534
1399907,20553
1400276,20568
1400415,20568
1400416,20568
1400544,20581
1400606,20584
1401616,20623
1402191,20643
1402743,11590
1402883,20583
1404437,20735
1404691,20715
1404696,20715
1404977,20757
1405093,20752
1406292,20802
1406697,20835
1406860,20729
1407575,20870
1407608,20862
1408552,20907
1408635,20882
1409611,20956
1409617,20947
1409618,20947
1409619,20947
1410091,20977
1410245,20977
1410246,7757
1410341,20992
1410596,20977
1410961,21020
1410962,21020
1411243,21011
1411248,9171
1411402,21024
1411640,20996
1411641,20996
1413596,19900
1413635,21117
1413951,21141
1414597,21167
1414630,21167
1414855,21179
1415566,21222
1416302,21265
1416372,20124
1416415,21271
1416663,21268
1416761,21241
1416808,20977
1416812,21282
1417028,20988
1417037,21268
1418421,18668
1418445,21362
1419240,21395
1419284,21420
1420560,21484
1421071,18425
1421121,21510
1421265,21530
1421989,21565
1422109,22
1422121,21549
1422155,21570
1422227,21574
1423121,21613
1423122,21613
1423287,21486
1423344,21627
1423561,18603
1423685,21641
1423994,21591
1424008,21658
1424245,21655
1425748,21747
1425749,21747
1425750,21747
1426035,21760
1426083,21748
1426411,21722
1426439,21736
1426440,21736
1426496,21771
1427318,21809
1427699,21831
1428162,21811
1428700,21811
1428706,21811
1429007,21893
1429197,21843
1429198,21843
1429760,21926
1429761,21926
1429762,21926
1429763,21926
1430032,21933
1430091,21920
1430332,21939
1430580,21809
1431599,22015
1431971,22021
1431972,22021
1432310,22034
1432311,22040
1432312,22040
1432509,21997
1432516,22036
1433221,22059
1434362,22066
1434363,22066
1434417,22137
1434418,22137
1435167,22179
1436000,22210
1436048,22212
1436058,22212
1436083,22073
1436084,22073
1436139,22214
1436140,22214
1436255,22214
1437132,22248
1437525,22258
1437773,22277
1438032,22288
1438150,21976
1439492,22329
1439771,9778
1440150,22356
1440471,22366
1440472,22366
1441445,22393
1441575,22393
1441746,22407
1442002,22409
1442703,22422
1442853,22420
1444301,22524
1445105,22557
1445320,22566
1445321,22566
1445322,22566
1445381,22569
1445573,11459
1445875,22528
1445912,22566
1446216,22607
1446217,22607
1446510,22620
1446536,22504
1446947,22595
1447024,22636
1447178,22653
1447299,22654
1447417,22648
1448038,22630
1448039,22684
1448156,22684
1448292,22691
1448479,22699
1448506,22627
1449159,22719
1449206,22718
1449469,22731
1449676,22719
1450264,22768
1450969,22767
1451019,22788
1452252,22840
1452413,22773
1452573,22846
1452644,22880
1452645,22880
1452893,22879
1452974,22890
1453371,22916
1454215,22955
1454736,20429
1455775,6652
1456101,21151
1456139,23007
1456308,23054
1456548,23064
1456549,23064
1456736,23068
1457493,23090
1457740,23091
1458098,23081
1458099,23081
1458469,23108
1458470,23108
1458737,23049
1458816,23072
1459424,23099
1459456,23152
1459457,23152
1459878,23158
1460042,23173
1460326,23154
1460329,23193
1460416,23197
1461427,23228
1461894,23231
1461944,23245
1461977,9741
1462260,23158
1462678,23303
1462918,23300
1463050,23276
1464845,23411
1464849,20010
1465001,23472
1465002,23472
1465003,23472
1465033,23319
1465177,23501
1465785,23391
1465786,3947
1465787,23529
1465788,23529
1466238,23388
1466498,23531
1466499,23531
1466500,23531
1468332,23593
1468899,21619
1469271,23648
1469792,23656
1469813,23658
1470207,23672
1471230,23702
1471301,23703
1471438,23629
1471682,23712
1472686,23727
1473136,23690
1473526,23779
1474593,22494
1474715,23833
1474771,23832
1475013,23839
1475070,23779
1475481,23833
1475484,23472
1475659,23841
1475675,23830
1475676,23830
1475712,363
1475742,23874
1475768,23833
1476112,23891
1476143,23887
1476144,23887
1476145,23887
1476228,23898
1476272,23900
1476807,23908
1477158,23938
1477969,20401
1478390,23993
1478668,24009
1478855,24006
1479045,24022
1479053,24023
1479404,23983
1481074,24082
1482362,24139
1482865,24159
1483349,10122
1483512,24152
1483513,24152
1483569,24192
1483824,22836
1483887,24202
1484094,24061
1484095,24061
1484208,2591
1484209,2591
1484770,24244
1485174,24267
1485224,24245
1485304,24214
1485834,24232
1485847,24298
1486235,24314
1486398,24227
1486584,24298
1486980,24298
1486983,18745
1486986,24343
1487114,24339
1487368,24362
1487867,24373
1487902,24373
1488025,21847
1488044,22445
1488080,24369
1488355,24389
1488356,24389
1488383,23992
1489309,539
1489338,24416
1489339,24416
1489590,24214
1489691,24439
1490608,24418
1490621,24467
1490839,24464
1490859,24472
1490885,24450
1490895,24418
1491067,24464
1492018,24521
1492141,24518
1492142,24518
1492290,24514
1492458,24536
1492541,24536
1492629,24464
1492964,24537
1493400,24488
1493418,24572
1493485,24572
1493611,24580
1493637,24398
1493770,24540
1493771,24540
1494297,24613
1494446,24613
1494955,24623
1495028,24516
1495029,24516
1495098,24640
1495542,24662
1496182,24588
1496186,24681
1496696,24636
1497119,24720
1497304,24725
1497696,24720
1497880,24742
1499732,24752
1499733,24752
1499769,24810
1500175,24827
1500176,24827
1500179,24820
1500622,24840
1500663,24772
1501331,24860
1502267,24878
1502268,24878
1502309,24894
1502570,24906
1503531,24942
1503684,24752
1503696,24948
1504110,24964
1504111,24964
1504445,24978
1504446,24978
1504475,24605
1505023,24776
1505157,24972
1505763,25037
1506527,24776
1507211,25078
1507558,25086
1507736,25109
1507762,11135
1507774,6
1507855,507
1508043,25121
1508157,25113
1508490,25134
1508491,25134
1508668,25151
1508677,24962
1508678,24962
1509084,25170
1509085,25170
1509089,25024
1509168,25179
1509523,25182
1509560,25189
1510099,25190
1510846,22462
1511218,25232
1511219,25232
1511220,25232
1513145,25298
1513300,25305
1513326,25289
1514122,25327
1514264,25333
1515191,25358
1516478,25343
1516635,14095
1517079,25286
1517122,25440
1517436,23785
1518166,25440
1518223,25482
1518421,25490
1518579,25483
1518877,25506
1518891,25511
1519264,25529
1519693,25539
1520036,25558
1520295,25568
1520331,25483
1520697,25409
1520877,25594
1521287,25568
1521807,24604
1521808,18002
1521925,25632
1521956,25632
1521998,25615
1521999,13264
1522267,25651
1522989,25671
1523010,24398
1523328,25689
1523608,25700
1523792,25690
1523884,25464
1524168,25708
1524950,25738
1525047,25209
1525158,23974
1525192,25495
1525193,25495
1525194,25495
1525403,25780
1526477,25825
1527005,25713
1527006,25713
1527173,25850
1527199,25846
1527478,25854
1528349,25903
1528350,25903
1528351,25903
1528671,4551
1528881,25894
1530128,25986
1530163,25937
1530615,25981
1531070,26014
1532040,25992
1532566,25632
1532793,26014
1532997,26088
1533202,26095
1533512,13984
1533531,26081
1534210,26133
1534211,26133
1534634,26147
1534725,25946
1534861,26141
1534964,26044
1534965,26044
1534966,26044
1535223,26167
1535224,26178
1535450,26189
1535483,26176
1535841,26170
1535863,26178
1536116,26220
1536320,26234
1536744,26244
1536955,26218
1537123,26252
1537244,26259
1537254,26257
1537833,26294
1537867,25946
1537884,26237
1538361,26293
1538698,26339
1538724,26329
1538859,26345
1538919,26345
1539146,26294
1539244,26352
1539271,26261
1539379,26323
1539381,26360
1539542,25451
1539543,26110
1539631,26345
1539774,26383
1540132,26390
1540184,24960
1541116,26430
1541569,26417
1541570,26417
1541991,26436
1542239,26450
1542548,26471
1542591,26475
1543050,26465
1544672,26529
1544700,26537
1544802,26508
1545072,26505
1545073,26505
1545076,26505
1546319,26326
1546402,26606
1546526,26578
1546619,26614
1546620,26614
1547983,26674
1548390,25623
1548815,26712
1548841,26656
1549317,26733
1549518,26741
1549605,26735
1549610,1998
1550011,26764
1550012,26764
1550013,26764
1550014,26764
1550287,26769
1550478,26660
1550646,26748
1551059,6514
1551342,26815
1551642,26829
1552433,26863
1552900,26529
1553948,26902
1554246,26916
1555561,26961
1555762,26958
1555881,26930
1556105,26974
1556215,26978
1556216,26978
1556470,20904
1556471,20904
1556519,26988
1556986,26994
1557128,26994
1557602,27032
1558277,27057
1558546,27069
1559082,27080
1559083,27080
1559453,27103
1559898,27136
1559960,27138
1560093,27146
1560285,27137
1560286,27137
1561306,27146
1561512,27189
1562186,27205
1562187,27215
1563452,27279
1563622,27211
1563680,27146
1564313,18033
1565654,27341
1565808,27351
1566249,27323
1566258,14752
1567168,27396
1568198,27146
1568236,27429
1568499,27428
1569808,27465
1569873,27492
1570047,27502
1570373,27506
1570669,27511
1570680,27500
1570829,27508
1570843,27553
1570844,27553
1570845,27553
1570873,27553
1571051,27558
1571541,25221
1572725,27626
1572831,27554
1572832,27554
1573600,27703
1573924,27724
1574444,27730
1574707,27730
1575218,27721
1575219,27721
1575282,7542
1575283,7542
1575357,22489
1575379,27786
1575653,27813
1576022,27830
1576263,25668
1576473,27826
1576550,11609
1577581,27876
1577903,26293
1577937,27898
1578063,27908
1578483,27309
1578927,27928
1579401,27951
1579461,27976
1580276,28012
1580359,28003
1580360,28003
1580361,28003
1580677,27976
1580719,28035
1580729,28027
1580941,28029
1580944,28045
1580946,28045
1581021,28011
1581100,28006
1581907,27942
1582008,28006
1582012,28099
1582230,24755
1582441,28115
1582878,20514
1582879,20514
1582880,9667
1582885,9667
1582990,28139
1582991,28139
1583574,28167
1583603,28168
1583759,26635
1583910,28180
1584029,28183
1584569,28199
1584828,13193
1584909,28242
1584964,28183
1585150,27936
1585181,28247
1585506,28257
1585569,28257
1585698,28254
1585699,28254
1586094,28234
1587105,28292
1587261,27833
1587587,28338
1587595,28349
1587649,28349
1587677,28316
1589143,28431
1589331,28437
1590448,28474
1590449,28474
1590696,28443
1590786,28492
1591074,28486
1591704,27882
1592220,28537
1592525,631
1592526,631
1592790,28574
1592791,28574
1592828,28574
1592829,28574
1592890,28581
1593365,28587
1593659,28406
1593664,28512
1593734,28608
1593930,28605
1594083,11233
1594254,28633
1594255,28601
1594489,28637
1594588,28649
1595231,28664
1595232,28664
1595356,28671
1595503,631
1595504,28649
1596121,28695
1596422,28664
1596581,28653
1597108,28730
1597109,28730
1597110,28730
1597214,28515
1597357,28730
1597533,28743
1597632,28730
1597633,28730
1597897,28601
1597898,28601
1597899,28601
1598912,28366
1598949,28366
1599203,28769
1599920,28815
1600395,28775
1601472,28842
1601785,28850
1603485,28941
1603486,28941
1603862,28957
1603863,28957
1605099,28993
1606752,29068
1607168,29031
1607205,16628
1607278,29096
1607323,29096
1607371,26839
1607612,29116
1607660,29121
1608162,27055
1608185,29134
1608619,29137
1608695,27399
1609342,29168
1609343,29168
1610052,29185
1610054,29114
1610055,29114
1610120,29190
1611073,28715
1611267,29238
1611376,29243
1611512,29253
1611538,29176
1613853,29281
1613913,29268
1614084,29292
1614182,29332
1614213,29354
1614405,29361
1614604,29367
1614806,29380
1614974,29356
1615046,29386
1615732,29415
1615845,29429
1616464,29449
1616894,29456
1617154,29121
1617411,29437
1617791,29520
1617834,29446
1619051,29585
1620088,29459
1620165,23025
1620190,29596
1620248,29590
1620386,29636
1620622,29646
1620648,29646
1620758,29637
1620776,29617
1620777,26556
1621907,24689
1622251,29673
1622435,29713
1622436,29713
1622636,29713
1622787,29731
1622788,29731
1622789,29731
1622790,29731
1622791,29731
1623008,27698
1623077,29731
1623154,29731
1623199,29731
1623637,29758
1624005,29759
1624077,13347
1624200,28511
1624201,28511
1624276,29781
1624469,29786
1624470,29786
1624471,29786
1624512,29786
1624982,29811
1625125,29760
1625133,29760
1625175,29815
1625341,29781
1625346,29646
1625797,29835
1625798,29835
1626180,29851
1626326,29860
1626529,29869
1626629,29757
1627092,29890
1627093,29890
1627094,29890
1627104,29828
1627195,29902
1627250,29905
1627277,29902
1627279,29905
1627315,29906
1627637,29912
1628166,29944
1628384,29957
1629123,29957
1629223,29990
1629400,27625
1629424,29907
1629429,29995
1629457,30013
1629636,29984
1629674,29889
1629675,29962
1629971,28845
1630021,30041
1630119,29853
1630286,30033
1630736,29957
1630798,30059
1630936,30072
1631160,30082
1631161,30082
1631162,30082
1631163,30082
1631286,23963
1631717,30119
1631718,30119
1631753,30126
1631957,30129
1631958,30129
1632085,30129
1632086,30129
1632103,30129
1632246,30156
1632274,30156
1632415,30159
1633136,30156
1633213,30170
1633214,30170
1633346,30190
1634201,30196
1634435,30236
1635459,30270
1635473,30169
1635801,16985
1635802,16985
1635803,16985
1635807,30282
1635880,18379
1635909,30277
1636028,30294
1636203,30303
1636433,30309
1636434,30309
1636591,30309
1636706,30319
1636744,30319
1637672,30359
1638140,30369
1638141,30369
1638224,30363
1638608,30388
1638836,30279
1638976,30418
1639345,30428
1639439,30415
1639510,30432
1639715,30441
1639716,30441
1640034,30460
1640257,30460
1640266,30468
1640446,30476
1640654,30377
1640655,30377
1640725,30483
1640726,30483
1641603,30514
1641739,30525
1641916,30528
1641917,30528
1641918,30528
1641919,30528
1642029,421
1642035,30525
1643194,12320
1643722,30599
1643723,30599
1644075,30597
1644076,30597
1644327,22764
1644532,30592
1645234,30653
1646071,28566
1646410,30687
1646411,30687
1646419,30680
1646646,30684
1646809,30717
1647562,30686
1647643,30728
1647822,30728
1648021,30757
1648133,30771
1648159,30763
1648764,30708
1649171,30771
1649176,30801
1650012,30835
1650332,30781
1650526,30863
1650554,30864
1651735,30889
1651755,30900
1652056,30907
1652057,30907
1652553,30930
1652683,30918
1652844,26556
1653186,30946
1653228,30936
1653229,30936
1653750,23536
1654590,30982
1654680,30976
1654708,26993
1655151,31002
1655152,31002
1655989,31034
1656274,31036
1657447,31080
1657753,31015
1658547,31121
1658791,31129
1658924,31115
1659918,31139
1660671,31204
1661749,31139
1662728,31284
1663456,1386
1663623,26886
1663721,31327
1664023,27185
1664120,31333
1664522,27185
1666131,31416
1666482,31430
1666546,31430
1666949,31450
1667261,31455
1667265,31413
1667318,31459
1667545,31459
1667729,31442
1667880,31413
1667927,31470
1667967,29705
1668117,31413
1668207,31440
1668972,31501
1669213,31519
1669275,31374
1670602,31532
1671001,31532
1671024,31486
1671270,31589
1671411,31597
1671460,31598
1672016,31605
1672017,31605
1672706,31605
1672803,31597
1672814,31624
1673431,31670
1673489,31666
1673522,31672
1673525,31672
1673725,31290
1673729,31679
1673791,31115
1674387,31705
1674526,31705
1674527,31705
1674795,31723
1674823,31723
1674824,31723
1675028,31735
1675672,31755
1675673,31755
1675961,31755
1676550,31804
1676621,31803
1676622,31803
1677150,31780
1677400,31841
1677419,31828
1677441,31828
1677477,31841
1677664,31818
1677935,2563
1679144,31908
1679499,30397
1679555,31768
1679556,31768
1679557,31768
1679586,30397
1679962,19115
1680077,27927
1680078,27927
1680079,27927
1680096,26833
1680130,31948
1680131,31948
1680201,31952
1680383,31955
1680572,31958
1680786,2264
1680787,2264
1681181,31191
1681509,32000
1681563,32000
1681564,32000
1681650,31942
1681840,32025
1681851,2264
1682174,32035
1682362,32029
1682363,32029
1683193,32080
1683264,31416
1683766,32105
1683804,32087
1683831,32094
1683899,32106
1683998,32123
1684025,32099
1684091,32125
1684338,32134
1684394,32103
1684832,32139
1684882,27215
1685004,32155
1685328,31800
1685379,32174
1685788,26194
1685810,32186
1685826,32186
1686092,32198
1686258,32206
1686584,32213
1687097,32208
1687098,32208
1687697,32248
1688807,32285
1688808,32285
1689155,32294
1689156,32295
1689265,32307
1689385,32309
1689899,32323
1689974,32314
1690071,32318
1690338,31629
1690353,31037
1690644,15505
1690661,32319
1690931,32319
1690965,32314
1691245,32310
1691404,32377
1691725,32318
1691797,15318
1691823,27237
1691897,32389
1691937,32405
1692145,32389
1692154,32389
1692332,32419
1692541,32419
1692872,32425
1693132,32456
1693304,32463
1693313,32464
1693885,32486
1694202,32501
1694391,7948
1694412,32506
1694439,32506
1695127,32506
1695156,32520
1695360,32527
1695748,32564
1695764,32539
1695765,32539
1695791,32389
1695972,32571
1696155,32581
1696189,32582
1696190,32582
1696346,32584
1696825,32585
1697597,32629
1697674,32641
1697959,32650
1698291,32669
1698327,32659
1698560,32649
1699141,32632
1699202,32673
1699247,32694
1699501,32702
1699665,32702
1700141,32471
1700142,32471
1700651,32727
1700783,32730
1701125,32725
1701638,32767
1702327,32706
1702571,32770
1702572,32770
1702661,32794
1702664,32795
1702962,32419
1703098,32808
1703099,32808
1703119,32810
1703227,32808
1703449,32815
1703617,32821
1703668,32742
1704366,32848
1704367,32848
1704682,32852
1704691,32863
1705006,32870
1705007,32870
1705627,32813
1705727,32716
1705728,32716
1705729,32716
1705846,8071
1706239,32896
1706272,32893
1706273,32893
1706316,32706
1706396,32936
1707435,32970
1707438,32971
1707621,25848
1707798,32982
1707889,32919
1707976,33013
1708567,33029
1708725,33038
1709903,33043
1709904,33043
1709946,33056
1710110,33058
1710213,33059
1710214,33059
1710317,33091
1710455,33101
1710586,362
1710613,33098
1710917,33108
1711188,33133
1711406,33103
1711494,33148
1711495,33148
1711578,33150
1711579,33127
1712252,33172
1712266,33173
1712267,33173
1712396,33156
1712475,31150
1712476,33172
1712562,33175
1712563,33175
1712696,33189
1712772,33189
1712826,33193
1712846,33197
1712847,33197
1714430,33249
1714431,33249
1714485,33249
1714721,33259
1714734,33262
1715006,33231
1715017,33259
1716097,32706
1716509,33311
1716802,33284
1717132,21541
1717446,33336
1717447,33336
1717448,33336
1717449,33336
1717450,33336
1717828,33354
1717902,33354
1717956,33359
1718505,33365
1718510,33370
1719171,33377
1719181,33382
1719182,33382
1719708,33359
1720263,33448
1720324,33450
1720375,33448
1721056,33193
1721124,33470
1721217,33433
1721218,33433
1721219,33433
1721455,33453
1721500,33502
1721630,25776
1721631,25776
1721879,33519
1722514,33538
1722824,33547
1723024,33562
1723253,33582
1723995,33520
1724023,421
1724430,33616
1724802,33526
1724822,33638
1724866,33639
1724892,33566
1725407,33652
1725606,33621
1725612,33625
1725850,33674
1726172,29824
1726560,33686
1726970,33547
1727006,33712
1727160,32206
1727469,33726
1727844,33744
1728387,28601
1728396,33759
1728963,33777
1728964,33785
1729390,33796
1729421,30670
1730116,33777
1730153,884
1730248,33849
1730294,33815
1731063,33888
1731222,33887
1731482,33909
1731674,33864
1731988,33852
1732711,33955
1732767,33888
1732952,33961
1733023,7057
1733498,33984
1734020,33998
1734046,33998
1734141,33848
1734660,34028
1734661,34028
1734841,34030
1735246,25191
1735259,34059
1735260,34059
1737364,34151
1737570,34151
1739140,34202
1739533,34207
1739617,34207
1739777,34209
1739778,34209
1739934,19491
1740086,34193
1740164,34237
1740617,34259
1740667,34263
1741376,33078
1741402,34262
1741734,34242
1741834,34302
1742122,34238
1742123,34238
1742199,34309
1742203,18241
1742214,22400
1743025,31936
1743521,34360
1743617,34362
1743841,34363
1744305,34400
1744876,34379
1745437,34434
1745769,34452
1746113,34459
1746114,34459
1746335,17111
1746978,34510
1746997,34509
1747005,34512
1747036,34509
1747519,34509
1748637,34527
1748761,34582
1749326,34592
1750013,31215
1750408,34629
1750797,34642
1751005,34636
1751411,34663
1751626,34659
1751754,34649
1751955,34652
1752003,34624
1752226,34669
1752378,34559
1752482,34702
1752508,34624
1752609,34611
1752616,34703
1752716,34703
1752721,34611
1752954,34652
1752969,34736
1753234,34222
1754012,34761
1754123,34741
1754497,34763
1754930,34797
1754935,34698
1754956,34797
1754957,34797
1755087,24720
1755709,34445
1755722,34827
1755861,34832
1755953,34698
1756457,34849
1756571,34769
1756627,34831
1756860,31299
1756942,34870
1757058,34883
1757182,34881
1757335,34882
1757395,16921
1758186,34920
1758187,34920
1758811,34927
1758969,34874
1758976,34929
1759015,34956
1759016,34956
1759037,34921
1759222,34926
1759442,34776
1759443,34776
1759573,34873
1759580,34903
1759707,34981
1761046,35006
1761317,35012
1761485,35019
1761509,35021
1761804,34986
1761967,33823
1762484,35062
1762790,35070
1763020,35071
1763021,35071
1763312,35074
1763537,35090
1763670,35092
1763671,35092
1763820,35092
1763823,35091
1763920,34986
1764090,35104
1765939,35123
1766521,35144
1766731,35142
1766736,35165
1767072,34966
1767073,35175
1767320,26352
1767324,35013
1767346,35185
1767353,33236
1767354,33236
1767355,33236
1767393,13850
1767517,35192
1767583,35159
1767755,35204
1767776,35205
1767945,35091
1768085,30762
1768152,35137
1768476,35230
1769276,35256
1769463,35266
1769611,35273
1769913,35284
1770064,33297
1770137,35271
1770261,7200
1770525,35308
1771029,22928
1771973,35348
1772083,35352
1772562,35345
1772679,35364
1772680,35364
1772681,35364
1773279,35382
1774061,30762
1774639,35408
1774796,35409
1774944,35434
1775234,35440
1775444,35456
1775787,31096
1775904,35470
1776102,35487
1776250,35265
1776764,35386
1777087,35510
1778080,35535
1778565,35566
1778566,35566
1778672,33812
1779723,35544
1779821,35601
1779979,35591
1780141,35609
1780167,35606
1780235,35608
1780243,1142
1780247,35607
1780505,35617
1780635,35622
1781185,11678
1781415,35643
1781834,35647
1782359,35682
1782639,35658
1783000,35698
1783131,35704
1783134,25524
1783446,35711
1783576,14045
1783577,35716
1783742,35716
1784357,35727
1784535,35750
1784751,35754
1785344,35754
1785360,35778
1785546,35771
1786097,35816
1786606,35824
1786609,18137
1787844,35872
1788218,26940
1788660,35905
1788942,35903
1789101,35819
1789239,35902
1789388,35929
1789573,35940
1789574,35940
1789600,35918
1789707,35940
1790199,35947
1790456,35956
1790676,35774
1791517,35940
1791518,35940
1791519,35940
1791520,35940
1792488,35981
1792717,36036
1792838,35982
1792842,35971
1792903,36054
1793326,36064
1794281,26694
1794282,36099
1794540,36113
1794781,35858
1794839,36099
1794960,36134
1795252,36145
1796968,36201
1797321,6350
1797548,36213
1797586,36217
1797591,36213
1798474,14500
1798476,3549
1798477,3549
1798483,24720
1798529,25690
1798530,25690
1798531,25690
1798532,25690
1798578,36232
1798895,1645
1798896,1645
1798927,36212
1798928,36212
1798929,36212
1799331,36271
1799381,36276
1799450,3136
1800266,36303
1800432,30461
1800736,36281
1800737,36281
1801095,36279
1801220,36303
1801350,36305
1801369,29781
1801419,36343
1801420,36343
1803876,33315
1803877,9202
1803882,35971
1803977,23746
1804204,37387
1804460,36343
1805233,37388
1805451,37386
1805807,37432
1807012,37477
1808776,37557
1808829,37386
1809341,37590
1809366,37564
1809671,37615
1809675,36180
1810022,37613
1810197,37635
1810206,37638
1810207,37638
1810208,37638
1810330,34736
1810455,37638
1810456,37638
1810459,37638
1810661,37657
1810662,37657
1811001,20040
1811540,2125
1811589,30765
1811590,30765
1811961,30765
1812219,37729
1812413,37729
1813063,37723
1813644,37422
1814160,37794
1814215,37785
1814216,37794
1814336,37768
1814721,37814
1815207,37829
1816382,37862
1816560,37866
1816611,26719
1816788,37865
1817037,37889
1817079,37891
1817137,37850
1817164,37865
1817239,37851
1817468,37866
1817471,37865
1817472,37865
1817533,37905
1817534,37905
1817535,37905
1818326,37921
1818383,37912
1819617,37951
1819618,37951
1819866,37969
1820244,37993
1820425,38001
1820507,38004
1820508,38004
1820509,38004
1820795,37993
1820916,37944
1820982,38016
1821329,38038
1821658,38053
1821659,38053
1821788,38060
1822111,38016
1822664,38054
1822665,38054
1822666,38054
1822815,38092
1822839,38082
1823178,38111
1823206,38086
1823501,38115
1823590,38093
1824161,38106
1824177,38091
1824178,38091
1824179,38091
1824180,16178
1824181,16178
1824858,20977
1824994,38184
1825371,38203
1825372,38092
1825942,38217
1825943,38217
1826949,37634
1827075,38218
1827255,38218
1827256,38218
1829247,38180
1829524,38349
1829895,38363
1829903,38359
1830110,38370
1830219,38350
1830388,38387
1830460,38370
1831052,38408
1831708,38419
1831716,38446
1832423,38436
1832424,18896
1833085,38493
1833158,363
1833421,38530
1834083,38530
1834142,38548
1834218,38552
1834219,38552
1834346,38511
1834955,24313
1835099,38591
1835110,38593
1835111,38593
1836154,38640
1836223,38648
1836264,38640
1836924,38069
1836928,38320
1838316,38750
1838317,38750
1838318,38750
1838771,12053
1840380,35827
1840732,38820
1841254,38837
1841276,38784
1841277,38784
1841315,38853
1841549,4284
1841804,38820
1841952,38815
1842731,38926
1842845,38928
1842846,38928
1842847,38928
1842971,10607
1843970,38962
1844912,39023
1845278,39044
1845326,39031
1845536,39058
1845613,39042
1845614,1444
1845844,38852
1846281,39082
1846363,7519
1846623,39110
1846624,39110
1846625,39110
1846921,39073
1847114,39082
1847232,39125
1847233,39125
1847384,39132
1847681,39138
1847697,39138
1847772,39140
1848054,33780
1848055,25811
1848158,39144
1848302,39164
1848386,39177
1848543,15900
1848567,39182
1848606,39161
1848607,39161
1848711,39080
1848937,39195
1848938,1444
1848939,30728
1848956,39195
1849358,39216
1849639,39224
1849640,39224
1849801,39214
1849827,38957
1850022,39231
1850078,39244
1850079,39244
1850156,39252
1851434,39307
1851789,39211
1852433,39323
1854911,40365
1855060,40382
1855148,40384
1855264,40395
1855680,39319
1855746,40384
1856209,40426
1856216,40429
1856666,40399
1856759,39283
1857035,40454
1858346,40514
1858437,40517
1858440,40506
1858449,7455
1858450,40518
1858632,15011
1858635,13382
1858636,13382
1858662,38856
1858663,38856
1858689,39211
1858740,40518
1858741,40518
1858810,40539
1858974,40546
1858975,40546
1859080,40465
1859164,40549
1859284,40555
1859376,40560
1859935,40576
1859966,40582
1860111,18300
1860443,40593
1860444,40593
1860445,40593
1860450,40584
1860537,40598
1861980,31215
1862462,40674
1862984,40702
1863147,21613
1863171,32419
1863172,16390
1863173,16390
1863174,17331
1863175,17331
1863253,40692
1863268,39075
1863269,39075
1863270,39075
1863271,39075
1863659,40731
1863705,40731
1863861,40742
1863956,40744
1864451,40459
1864731,40776
1864757,40780
1864807,21473
1865671,40777
1865777,40810
1865778,40810
1865797,40585
1865854,2971
1865974,40789
1866013,40779
1866237,40827
1866686,40799
1866696,40856
1867229,40868
1867230,40868
1867231,40868
1867232,40876
1867439,40884
1867598,40808
1867821,28732
1868161,40907
1868162,40907
1868164,40907
1868401,40920
1868596,40906
1868597,40906
1869240,40958
1869293,40910
1870235,40989
1870815,41006
1870905,41013
1870932,40933
1871171,41021
1871172,41006
1871230,41029
1871312,40965
1871360,41032
1871361,41032
1871373,41009
1871374,41009
1871375,41009
1871489,18973
1871507,41038
1871508,41038
1871622,41048
1871859,41056
1872028,41058
1872062,41070
1872304,41076
1872435,41078
1872447,41078
1872448,41078
1873321,41094
1873385,41032
1873458,41093
1873632,41123
1873677,40808
1874023,41139
1874031,41143
1874849,41168
1874936,41169
1875569,41127
1875570,41127
1875670,41123
1875770,41159
1875771,41159
1875772,41159
1875956,41197
1876116,41208
1876143,41200
1876144,23779
1876426,41217
1876744,7112
1876745,29781
1876767,41227
1878180,41272
1878460,41278
1880178,41152
1880829,41349
1881079,41358
1881459,41362
1881460,41362
1881461,41362
1881796,41383
1882898,41416
1882972,16233
1883148,41418
1883216,41419
1883626,41443
1883627,41443
1883776,41448
1883819,41450
1884225,41462
1885887,41394
1886734,41526
1886738,41525
1886855,14089
1887137,41544
1887145,41526
1887598,41524
1888346,41587
1888355,41575
1888356,41575
1889776,41638
1889836,41386
1889882,41156
1889883,41156
1890501,41669
1890783,41683
1891189,41702
1891493,41697
1891602,41540
1891606,41711
1891889,30126
1891890,27512
1892577,41740
1892585,16686
1892586,16686
1892812,41753
1892909,17816
1893274,41771
1893373,41778
1894755,41811
1895544,41824
1896050,41852
1896089,34527
1896815,41537
1897215,41879
1897788,41896
1897865,41900
1897950,38254
1897984,41906
1898212,41092
1898543,41931
1898625,41934
1898663,41934
1900068,41449
1900079,41944
1900389,42957
1900725,42967
1900846,42967
1901002,22293
1901003,38593
1901423,42992
1901424,42992
1901710,42999
1901711,42999
1901870,32826
1902450,43020
1902779,43036
1902996,43020
1903575,43076
1903734,43009
1903791,43087
1903997,43092
1904271,43096
1904398,43098
1904713,21595
1905058,43140
1905376,12647
1905407,35561
1905490,4364
1905642,31657
1905646,36111
1905671,43168
1905994,43157
1906116,41794
1906117,41794
1906192,196
1906730,35561
1907148,43205
1907345,43102
1907757,43249
1907785,43086
1908183,43259
1908314,43261
1908956,43279
1908957,43279
1909043,43264
1909314,41791
1909318,41791
1909498,41767
1909925,43308
1909926,43309
1910811,43331
1910910,43341
1911042,43329
1911285,43361
1911419,43366
1911605,43368
1912355,43396
1912395,43396
1912622,43378
1912880,43414
1913040,43406
1913288,43434
1913333,12411
1913568,33808
1914208,43447
1914209,43447
1914329,43471
1914392,43471
1914609,43471
1914739,43189
1915031,43499
1915070,43484
1915265,43436
1915266,43436
1915458,43523
1915524,43009
1916658,43560
1917445,43528
1918230,43623
1918377,32370
1919249,14377
1919254,19715
1919967,43698
1919968,43698
1919969,43698
1920022,43699
1920082,43699
1920474,43697
1920552,43719
1920978,43648
1921003,43730
1921130,43727
1922634,18431
1923383,43795
1924563,43860
1924564,43860
1925217,43863
1926488,43928
1926489,43928
1927237,43949
1927376,41320
1927809,43881
1928327,43530
1928328,44003
1928329,44003
1928330,44003
1928331,44003
1929331,44032
1929340,44030
1929613,44030
1929649,44046
1929650,44046
1929951,43893
1930247,15130
1930248,15130
1930498,38232
1930863,44077
1931233,44109
1931558,44102
1931860,44130
1932067,44139
1932068,44139
1932069,44139
1932589,1173
1932965,44134
1933789,44201
1934211,43189
1934748,44230
1935736,44244
1935737,44264
1936066,44268
1936483,44199
1936624,44244
1936625,44244
1936815,25322
1936928,25322
1937035,44227
1937214,44271
1937532,44140
1938083,44322
1938192,21265
1939730,15552
1939739,44342
1939950,44384
1940150,44390
1941220,44416
1941570,44418
1941571,44418
1941910,43766
1942484,44400
1942648,44464
1942652,44465
1943368,44487
1943548,44475
1943573,44343
1943869,44506
1944030,22569
1944274,44261
1945124,6723
1945597,44564
1946191,30526
1946192,43520
1946270,44590
1946368,2134
1946476,44536
1946477,44536
1946649,44569
1946697,44527
1946810,44212
1947437,44583
1948154,44664
1948595,44682
1948749,44676
1948791,43846
1949016,44676
1949461,44731
1950276,44647
1950629,44756
1950682,44745
1950965,44769
1951551,44785
1952234,44816
1952526,43753
1954928,44898
1957480,44769
1957523,44999
1957729,44981
1957730,44981
1958346,44928
1958526,45050
1958527,45050
1959803,45111
1959894,45100
1960125,45123
1960126,45123
1960131,45123
1960224,45114
1960927,45155
1961870,16381
1963193,45228
1964804,45131
1966985,40977
1968393,21265
1969306,45475
1969307,45475
1969408,16381
1969544,45475
1969796,43128
1972614,1611
1972967,6350
1973497,45615
1973529,45559
1974624,45651
1975101,45685
1975750,45707
1976353,45737
1976552,45749
1976870,45763
1977616,45798
1978127,45804
1978505,45817
1978610,45817
1978849,44643
1978875,11724
1978876,26016
1978877,19216
1978878,7112
1978880,11109
1978881,45803
1978939,45840
1978979,45850
1978985,45820
1978986,45820
1979108,45842
1979109,45803
1979110,5354
1979549,45874
1980292,45889
1980849,45889
1981358,45942
1981375,45889
1981450,45946
1982243,45965
1982333,45967
1982480,45950
1982757,45851
1982929,24779
1983881,45999
1984936,46019
1985211,46053
1985764,32957
1986287,46062
1986288,46062
1986289,46062
1986460,46105
1986551,3795
1987049,46141
1987249,46106
1987873,46151
1988041,46096
1988042,46096
1988043,46096
1988163,46182
1988902,8407
1988903,12670
1990527,46268
1990531,46260
1991050,46289
1991558,46299
1991794,46322
1991795,46321
1992017,46334
1992297,46345
1993412,602
1993855,46418
1993856,46418
1996619,46460
1997252,46483
1997574,46467
1999363,46523
1999581,46473
2000372,46523
2000456,46519
2000457,46519
2000458,46519
2000784,46418
2000785,46418
2000793,46198
2000794,46334
2001753,44480
2002056,46608
2002063,46595
2003742,45993
2004084,46580
2006303,46209
2015464,46698
2017777,46644
2018187,46712
2018264,46711
2022293,46737
2025377,46755
2025378,46755
2025379,46644
2027232,21539
2027261,46760
2028009,46737
2029626,46754
2034704,46806
2043697,44954
2045837,46833
2045853,46833
2049594,46846
2050450,46855
2050451,36006
2051131,46851
2054325,46874
2054708,46843
2057187,46903
2058087,46908
2059093,46908
2061182,46929
2062145,46938
2065740,46866
2068695,46987
2069740,46988
2071089,46987
2071915,46989
2074974,47008
2075627,45182
2075916,9653
2077186,47065
2086174,13152
2086421,47181
2086422,47181
2086423,47181
2086588,47185
2088193,47197
2088402,47213
2089305,39073
2089325,47202
2089890,6652
2089955,26450
2090590,47246
2090739,47253
2090977,47246
2090978,47246
2090979,47246
2091979,47270
2092370,47279
2092565,47250
2095090,47294
2095091,47294
2095113,47294
2095299,47222
2096091,44479
2099060,47350
2099514,47339
2100292,47362
2102718,47383
2103038,47405
2103380,47442
2104258,47450
2104278,47463
2105289,47444
2105290,47459
2105291,47459
2105464,47474
2107817,47481
2109122,23136
2109357,47536
2110128,45148
2111230,47285
2112063,47568
2112274,47576
2113071,47594
2114167,47618
2115637,47592
2120107,47654
2122460,47189
2122624,47714
2122625,47714
2124663,47746
2125772,47759
2126055,47769
2126056,47698
2126389,47771
2127152,47671
2128139,47791
2129751,47741
2130498,47821
2130551,47838
2130751,47841
2131746,47860
2132061,47698
2133120,47698
2133149,47900
2133650,47916
2134432,47918
2134433,47918
2134811,47919
2134943,47900
2134944,47900
2134951,47877
2134952,47877
2135140,47923
2135195,47692
2135209,46191
2135395,47675
2135955,47951
2136476,38004
2137244,47989
2137245,47989
2137271,47902
2137727,47989
2139264,47987
2139664,47960
2139665,47960
2140021,47999
2140930,47969
2141302,48038
2144498,48072
2148433,48102
2148565,48112
2148566,48112
2148567,48109
2148598,48107
2150988,48145
2150989,48145
2153106,48112
2156339,48199
2156340,48199
2156755,48188
2160309,48255
2160451,48253
2160882,48261
2160883,48261
2161838,48247
2162454,48287
2162548,48291
2162605,47816
2164647,47855
2165284,48317
2165307,48347
2165308,48244
2165935,48367
2165936,48367
2166460,48378
2167494,48360
2168742,41320
2171753,48419
2174557,48477
2174956,48481
2177747,6330
2177773,48497
2178058,48485
2178059,48485
2178060,48506
2178589,48483
2179061,48534
2179485,48545
2180288,48562
2180398,48485
2181298,48547
2181608,47913
2182155,48587
2182156,48587
2182191,48317
2183181,48563
2184088,48518
2185711,48611
2186919,48615
2186985,48594
2187736,48623
2189082,48639
2189442,40769
2191469,48667
2191832,48616
2192618,48689
2192776,48698
2192785,48696
2192786,48582
2192929,48688
2192930,48688
2193041,48483
2193163,48029
2193191,48713
2193672,48732
2193885,48734
2193886,48734
2193887,48727
2193965,48734
2193966,48734
2194149,48739
2194151,48688
2194171,48739
2194467,48734
2195364,48766
2195567,48627
2195568,48627
2196326,48779
2196447,48801
2197363,48822
2197443,48830
2197714,48801
2198557,48786
2198558,48786
2198559,48786
2198933,48871
2200117,48864
2200605,48925
2205599,48994
2206907,48922
2206946,48989
2208631,49023
2211876,48907
2212496,48907
2212569,49057
2214276,49077
2214277,49077
2214278,49077
2214387,48903
2215228,49052
2215229,49052
2216418,49026
2219682,48739
2220132,2455
2221393,49191
2221639,49185
2227827,49300
2228660,49337
2228774,49336
2232154,49395
2232552,49246
2233133,49389
2233233,49421
2233866,49431
2233967,49431
2234021,49438
2234030,49442
2234343,49455
2234454,49360
2234455,49360
2234467,14761
2234803,49469
2235140,49480
2235536,49483
2235831,32183
2235896,49500
2236118,49495
2236168,49510
2236928,49527
2237236,32756
2237416,48758
2237417,49555
2237551,49374
2238827,49574
2239162,49593
2239752,49595
2239924,49607
2240816,49640
2240881,27882
2241086,49555
2241360,17065
2241466,49666
2241467,49666
2241933,49676
2242395,49674
2243486,49731
2243693,13468
2244213,49754
2244939,49700
2244953,49666
2245705,49820
2245722,49439
2245956,43707
2246134,49845
2246135,49845
2246341,49821
2247348,49775
2247514,49867
2247547,49887
2248633,49931
2248727,49936
2248821,49940
2248880,49943
2250392,49916
2250401,49970
2251678,50007
2251748,50007
2251805,50007
2251806,50007
2252510,50030
2253368,50017
2254344,50077
2255205,50121
2255265,44279
2255900,50121
2255927,50140
2255928,50140
2256310,50154
2256311,50154
2256312,50154
2256764,50151
2257172,50183
2257534,50149
2257762,50196
2257859,49832
2258010,50206
2258286,145
2258287,375
2258288,884
2258290,3369
2258291,3958
2258292,4059
2258295,6093
2258303,8159
2258310,9427
2258311,9667
2258313,9731
2258314,9795
2258317,11178
2258319,11328
2258320,11411
2258322,12469
2258324,12884
2258327,13620
2258328,13655
2258334,14168
2258337,14686
2258338,14812
2258340,15323
2258341,15333
2258344,15510
2258345,15606
2258346,15621
2258347,15662
2258348,15711
2258349,15740
2258350,15841
2258351,15974
2258354,16313
2258356,16574
2258357,16613
2258358,16658
2258360,16907
2258361,17076
2258364,17870
2258366,18241
2258368,18738
2258369,18781
2258372,18896
2258374,19083
2258377,19491
2258378,19583
2258379,19710
2258380,19761
2258381,19771
2258383,19971
2258384,20030
2258385,20040
2258388,20425
2258389,20544
2258390,20568
2258391,20583
2258393,20862
2258395,21151
2258400,21939
2258404,22214
2258405,22400
2258406,22691
2258407,22836
2258409,23025
2258410,23091
2258411,23411
2258412,23501
2258414,23712
2258420,24580
2258421,24636
2258427,25182
2258428,25189
2258429,25289
2258431,25651
2258432,25708
2258433,25854
2258435,26194
2258437,26218
2258438,26220
2258440,26345
2258442,26383
2258443,26471
2258444,26508
2258445,26719
2258446,26940
2258449,27511
2258450,27626
2258452,27876
2258454,28443
2258455,28515
2258456,28653
2258458,28842
2258459,28850
2258462,29031
2258464,29068
2258467,29520
2258468,29757
2258469,29889
2258470,29890
2258473,30169
2258476,30428
2258477,30514
2258478,30528
2258480,31150
2258483,31327
2258484,31450
2258486,31672
2258488,31803
2258490,31958
2258491,32000
2258494,32094
2258496,32506
2258497,32506
2258498,32520
2258500,32571
2258502,32702
2258506,32808
2258508,33043
2258509,33056
2258510,33236
2258513,33354
2258514,33365
2258515,33370
2258517,33519
2258520,33812
2258521,33815
2258523,33955
2258525,34592
2258526,34797
2258527,34797
2258528,34797
2258530,34986
2258531,34986
2258533,35144
2258534,35205
2258535,35273
2258536,35364
2258537,35440
2258538,35535
2258539,35544
2258540,35566
2258541,35608
2258542,35647
2258543,35704
2258544,35716
2258545,35727
2258546,35754
2258547,35929
2258549,35981
2258550,36036
2258551,36054
2258553,36271
2258554,36281
2258555,36281
2258556,36303
2258557,36305
2258559,37635
2258560,37638
2258561,37638
2258563,37768
2258564,37829
2258565,37866
2258567,38053
2258568,38091
2258569,38092
2258570,38180
2258571,38203
2258572,38217
2258575,38419
2258576,38446
2258577,38511
2258580,38784
2258581,38815
2258585,38926
2258587,39044
2258591,39195
2258592,39231
2258597,40593
2258600,40789
2258601,40827
2258603,40977
2258604,41032
2258605,41032
2258606,41048
2258607,41058
2258608,41159
2258609,41197
2258613,41449
2258614,41462
2258615,41537
2258616,41540
2258619,43020
2258622,43406
2258624,43698
2258625,43860
2258627,44030
2258629,44390
2258631,44480
2258634,45148
2258636,45651
2258637,45804
2258638,45840
2258640,46053
2258643,46299
2258644,46322
2258645,46608
2258646,46737
2258647,46737
2258649,46903
2258650,46908
2258651,46929
2258652,47065
2258654,47294
2258655,47294
2258659,47618
2258660,47746
2258661,47769
2258663,47951
2258665,48109
2258666,48145
2258667,48199
2258668,48261
2258671,48477
2258672,48534
2258673,48563
2258674,48582
2258675,48734
2258676,48734
2258678,49026
2258680,49421
2258681,49430
2258682,49442
2258683,49510
2258687,50095
2258941,50206
2259174,50156
2259335,50225
2259727,31989
2260315,31989
2260624,50267
2260625,50267
2260626,50267
2261043,50226
2261044,50226
2262250,50339
2262549,50295
2263009,50363
2263351,50377
2263801,50348
2264884,50426
2264991,50425
2265254,50431
2266545,50479
2266632,50503
2267127,50517
2267170,50516
2268090,50512
2268860,50536
2268861,50536
2268893,50501
2268979,50584
2268980,50584
2269014,50584
2269015,50584
2269371,20401
2269429,50596
2269951,50609
2269958,50601
2270208,50623
2270635,41183
2270727,50639
2271184,50657
2271221,50650
2272226,50681
2272284,50547
2273333,48410
2273356,49832
2273410,50547
2273625,50699
2273626,50699
2273811,50704
2274325,44385
2274326,44385
2274521,50699
2274863,50738
2274977,49027
2275224,50738
2275273,50745
2275658,2377
2275942,13086
2275987,50623
2276033,726
2277043,50585
2277044,50585
2277685,50822
2279370,50844
2280443,50798
2281085,50858
2281144,50857
2281153,49832
2281622,50878
2281770,12922
2283185,50901
2287873,50949
2287913,50949
2288004,50932
2288290,50947
2289549,50988
2289550,50988
2293425,49905
2293784,50969
2294078,51046
2296430,50632
2296919,51084
2296931,51062
2297873,51103
2301276,31366
2301396,51121
2301748,51134
2302307,51139
2303343,51005
2303372,48178
2306599,51198
2307353,18480
2307354,18480
2307355,20397
2307378,18844
2307379,18844
2308297,51185
2309114,51184
2309725,51224
2310045,51237
2310643,51258
2310644,51258
2314074,2032
2316836,51321
2318057,51363
2318772,51378
2319503,51386
2319865,51398
2319866,51398
2319867,51398
2321177,51416
2322457,43851
2325331,50807
2325927,50822
2326583,51475
2327714,51488
2330177,51552
2335182,51595
2336121,49002
2339898,51692
2341997,51732
2347928,51802
2347986,49011
2348729,49011
2351955,51802
2352458,51707
2353988,51886
2354537,51736
2354637,51856
2355907,43131
2356804,51907
2356805,51907
2357263,51907
2357392,51914
2357535,51918
2357608,51814
2357609,51814
2357610,51814
2357611,51914
2357803,51921
2358692,51939
2360236,51814
2360237,51814
2360239,51892
2361532,51985
2361561,51982
2361562,51982
2362325,51985
2362326,51985
2362327,51985
2362328,51985
2362329,51985
2362720,51974
2363863,51453
2364574,52047
2365332,52005
2366507,52091
2367005,52111
2367800,52089
2367904,52080
2369296,52041
2369734,52155
2369735,52155
2369843,51982
2369858,45671
2369869,34920
2370746,52091
2372085,52089
2374745,52224
2374823,43551
2375268,52252
2375578,52209
2375579,52209
2375891,52274
2376183,52320
2376479,52209
2376571,52320
2376785,52063
2376786,52063
2376804,52360
2376985,52285
2377018,33502
2377184,52379
2377205,52379
2377206,52379
2377568,51794
2378062,52255
2378318,52293
2378707,52434
2379326,52462
2379965,52489
2380958,52463
2380993,52505
2381210,52536
2381749,52585
2381800,52585
2381801,52585
2381803,52586
2381841,52564
2381842,52564
2381843,52564
2381892,52586
2381984,52582
2382132,22902
2383022,52646
2383029,52653
2383291,52645
2383521,52672
2383646,12997
2384062,52691
2384868,52730
2384945,52754
2385009,52756
2385016,52730
2385109,52773
2385206,52751
2385264,52585
2385919,43987
2386229,52761
2386744,52842
2387282,52825
2387283,52825
2387673,51794
2388389,52803
2388487,52911
2388714,52909
2388719,52909
2389185,9990
2389324,52945
2389572,52963
2390084,52426
2390090,52989
2390091,52989
2390510,52780
2391351,53014
2391695,52908
2391707,53068
2391708,53068
2392153,53079
2392221,53045
2392600,53102
2392718,53107
2392974,53093
2393476,53135
2393480,53135
2394323,53164
2394324,53164
2394484,53167
2394485,53167
2395167,53203
2395250,53217
2395785,53227
2395786,53227
2395787,53227
2395790,53227
2395843,53231
2395867,52680
2397367,53304
2397997,52996
2398244,53061
2398302,53096
2398376,53345
2398846,43876
2398935,53333
2398937,53333
2399015,53345
2399016,53345
2399264,52646
2399289,53380
2400142,53337
2400318,53340
2401834,53151
2401877,53357
2401909,53432
2401910,53432
2402243,54479
2403044,54522
2403203,54547
2403204,54547
2403343,54532
2403350,54561
2403850,54607
2404384,54649
2404464,54651
2405356,54733
2405595,54645
2406052,51006
2406167,54781
2406225,54778
2406229,54728
2406471,54781
2406649,54724
2406650,54724
2406651,54724
2406652,54724
2406653,54724
2406654,54724
2406655,54724
2406656,54724
2406657,54724
2406691,54724
2406761,54781
2407092,37857
2407164,54817
2407185,54873
2407337,54884
2407415,54821
2407857,1713
2408168,54750
2408242,53078
2408533,54951
2408670,54954
2408679,54943
2408699,54990
2408792,54912
2408822,54693
2408886,54975
2408942,54695
2409333,55036
2409373,55031
2409517,54954
2409543,55036
2409650,53191
2409662,55008
2409663,55008
2409664,55008
2409688,55073
2409795,12174
2410253,55113
2410254,55113
2410463,55131
2410471,54927
2410623,55008
2410624,55008
2410905,55131
2410956,55169
2411190,55148
2411191,55148
2411212,55031
2411213,55031
2411300,55134
2411995,55177
2412209,17368
2412912,55261
2412950,55298
2413029,55299
2413451,55364
2413630,55367
2413842,55393
2413843,55393
2413892,55389
2414017,55418
2414036,7668
2414107,55423
2414788,55446
2414850,55455
2415089,55446
2415094,55458
2415357,55494
2415539,55473
2415571,55494
2415652,52763
2415924,55555
2416012,55480
2416045,54775
2416459,55571
2416607,55591
2416618,55591
2416619,55591
2416736,55612
2416743,55614
2416755,55614
2416756,55614
2416823,55458
2416837,55597
2416841,55597
2416842,55617
2417197,55662
2417198,55662
2417366,55669
2417451,55691
2417509,55703
2417678,55721
2417679,55721
2417819,55734
2417843,55738
2417915,55748
2418174,55777
2418232,55777
2418510,55777
2418511,55798
2418876,55805
2419356,55822
2419357,55822
2419358,55822
2419602,55872
2419605,55829
2419894,55916
2419947,55921
2420079,55929
2420153,55778
2420301,55940
2420364,55930
2420381,55963
2420548,55976
2420922,55943
2420923,55943
2420924,55943
2420925,55943
2421212,56036
2421248,56039
2421284,56039
2421480,52838
2421503,55716
2421593,56065
2421722,56067
2421822,56046
2421846,56089
2421953,55912
2421954,55912
2422112,56091
2422113,56091
2422152,55928
2422505,56152
2422529,55873
2422530,55873
2422531,55873
2422549,56152
2422771,56171
2423213,56040
2423244,56213
2423610,56227
2424084,56289
2424275,35659
2424286,56316
2424394,56322
2424442,56312
2424583,52282
2424789,56322
2424826,55714
2425069,56365
2425070,56365
2425156,56402
2425181,53130
2425212,56409
2425451,56316
2425719,56452
2425763,56444
2425875,56461
2426075,56494
2426076,56494
2426128,56502
2426143,56502
2426264,56509
2426454,45247
2426637,56515
2426744,56515
2426819,56521
2426894,56306
2427301,56590
2427407,56630
2427448,56632
2427484,56634
2427487,56630
2427620,56651
2427621,56651
2427880,56657
2427979,56678
2429056,56764
2429312,56784
2429603,43283
2429645,56825
2429804,56844
2430147,56875
2430227,1447
2430229,56479
2430255,56869
2430523,56913
2430838,56924
2431069,56924
2431122,56947
2431491,56899
2431904,57034
2431905,56868
2431909,56868
2432037,57036
2432392,57088
2432404,57015
2432405,57072
2432410,57088
2432502,57074
2432554,57074
2432821,57036
2433042,57133
2433220,57133
2433349,50904
2433450,57168
2433451,57168
2434042,57231
2434054,57231
2434266,57253
2434359,57275
2434458,57284
2434466,57275
2434504,57278
2434689,56997
2435145,57147
2435208,57332
2435239,56895
2435355,57215
2435439,57345
2435738,57380
2435830,57273
2436116,57227
2437159,57473
2437314,57467
2437534,57487
2437673,57380
2438884,48747
2439004,56891
2439162,57556
2439635,57600
2439823,57278
2439828,57610
2440484,57609
2440546,57585
2441102,57662
2441103,57662
2441152,57662
2441153,29726
2441509,57710
2441703,57746
2441966,57705
2442491,57705
2443008,57807
2443263,57752
2443292,57814
2443394,57842
2443413,57840
2443451,57840
2443452,57801
2444395,57888
2444744,57906
2444745,57906
2444768,57918
2444876,57921
2445200,57213
2445202,57213
2445401,57642
2445825,58003
2446035,58020
2446036,58020
2446260,57878
2446323,58032
2446697,58066
2447187,58082
2447361,58089
2447915,58126
2448822,58159
2449149,58184
2449430,8868
2450020,58230
2450190,58250
2450555,58225
2451046,58302
2451248,58312
2451249,58312
2451489,58220
2452298,58334
2452299,58334
2452315,58354
2452529,58255
2452767,58343
2452839,58255
2452890,58396
2452908,58396
2453274,58421
2453430,58366
2453733,58438
2454084,58438
2454279,58456
2454321,58465
2454416,58421
2454417,58421
2454418,58421
2454419,58421
2454420,58421
2454421,58421
2454972,58498
2454973,58498
2454975,58500
2455049,58425
2455199,58514
2455200,58514
2455583,58530
2455603,58516
2455665,58539
2457021,58525
2457133,58532
2458414,9654
2458415,58384
2458688,58677
2459016,58692
2459515,58601
2459737,58721
2460578,58734
2460792,58628
2461734,57765
2461833,58564
2461867,58799
2462150,58709
2462151,52067
2462153,58791
2462154,58791
2462155,58791
2462156,58791
2462157,58791
2462340,58817
2462573,58827
2462655,58827
2462671,58827
2462672,58827
2462738,58827
2463126,58861
2463168,58800
2463298,58874
2463690,58913
2464287,58764
2464288,58764
2464436,58948
2464480,58941
2464966,58982
2465152,49899
2465336,58536
2465404,59015
2465487,59000
2465488,59000
2465489,59000
2465869,58897
2465991,59052
2466043,59058
2466592,59088
2466612,59088
2466613,59088
2466614,59088
2466615,59088
2466616,59088
2466657,59076
2466686,59088
2466811,56109
2467241,59079
2467421,59134
2467422,59134
2467431,59145
2467452,58642
2467453,59142
2467792,59108
2467797,58201
2467798,24604
2468022,59174
2469182,59248
2469183,59248
2469186,59250
2469188,59250
2469694,59250
2470070,59309
2470180,59262
2470394,59327
2470409,59330
2470460,59336
2470758,55715
2470878,59333
2471089,59369
2471712,59384
2471713,59384
2471714,59384
2471894,59409
2471911,59262
2472619,59434
2472624,59434
2472749,59444
2472916,59409
2473044,59461
2473159,59465
2473279,59262
2473306,59327
2473307,59327
2473390,59461
2474118,59493
2474374,59526
2474463,59534
2474495,59539
2474515,59534
2474683,59527
2474713,59446
2474714,59446
2474878,59262
2474879,59559
2474996,59509
2474997,59509
2475241,59559
2475511,56881
2475530,48127
2476044,59631
2476054,59625
2476340,41892
2476467,59670
2476503,59670
2476504,59670
2476505,59670
2476506,59670
2476507,59670
2476508,59670
2476721,59620
2477885,59148
2477886,59661
2478289,59777
2478393,32287
2478533,59769
2478656,59802
2478657,59802
2478815,59815
2479093,59829
2479271,59848
2479329,59853
2479362,59851
2479394,59829
2479550,59873
2479551,59873
2479552,59873
2479592,59728
2479615,59879
2479658,59882
2479660,59879
2479666,59879
2480239,59910
2480240,59910
2480635,59891
2480636,59941
2480647,59936
2480654,59851
2480791,59934
2480927,59955
2480930,58697
2480937,59955
2481115,59967
2481207,57100
2482119,48452
2482312,59530
2483052,60035
2483267,17229
2483308,56330
2483332,59683
2483515,12753
2483650,60074
2483656,60076
2484453,60104
2484626,60129
2484627,59638
2484931,60149
2485302,60174
2485332,60109
2485333,60109
2485945,60175
2486036,60221
2486144,60076
2486151,60235
2486169,60241
2486346,60254
2486374,60256
2486478,60254
2486968,60297
2487121,60241
2487123,60269
2487139,60275
2487257,56092
2487270,60187
2487311,60297
2487631,60299
2487666,60297
2487667,60297
2487732,60345
2487735,60345
2487939,60363
2488033,60172
2488101,60371
2488718,60410
2488719,60410
2488720,60410
2488721,60410
2488722,60410
2488723,60410
2488724,60410
2488725,60410
2488881,60430
2489172,60430
2489289,59755
2489292,60431
2489313,60354
2489395,35711
2489437,60460
2489438,60460
2489486,21463
2489694,60431
2489738,60444
2489750,59478
2490095,60493
2490099,60493
2490204,60426
2490248,60508
2490517,60511
2490757,60548
2491233,60355
2491428,60438
2491606,60595
2491737,53135
2491751,60558
2492797,60674
2492962,60680
2493067,60683
2493266,60674
2493267,60674
2493271,60674
2493272,60674
2493273,60674
2493289,60674
2493304,59814
2493428,60493
2493429,60493
2493649,60718
2493650,60718
2493651,60718
2494014,60702
2494100,53135
2494442,60766
2494443,60766
2494444,60766
2494512,26288
2494585,60785
2494614,60787
2494685,60766
2495202,60817
2495203,60817
2495204,60817
2495469,60828
2495494,49184
2495517,60823
2495662,60848
2495766,60854
2495856,60856
2495870,60856
2495871,60856
2495979,60872
2496354,60856
2496387,60893
2496432,60895
2496433,60895
2496434,60895
2496477,60895
2496478,60895
2496717,60919
2496718,60919
2497003,60895
2497071,60938
2497220,60924
2497523,3038
2497531,60948
2497534,60994
2497654,61003
2497675,61002
2498020,55356
2498178,61003
2498226,61028
2498467,61044
2498565,61044
2498804,61065
2498808,61065
2498816,61058
2498817,61058
2498818,61058
2499028,61079
2499503,58923
2500640,61179
2500733,61205
2500946,60511
2501036,61217
2501156,61217
2501184,61217
2501186,61217
2501286,61217
2501287,61217
2501288,61217
2501289,61217
2501290,61217
2501353,61231
2501398,61217
2502083,58272
2502084,58272
2502215,61264
2502280,51442
2502325,61225
2502326,61225
2502485,61288
2502659,61284
2502662,56066
2503736,61351
2503872,61356
2503935,61357
2503980,61364
2504084,61372
2504402,61398
2504403,61398
2504404,61398
2504405,61398
2504548,61356
2504554,59540
2504603,61412
2504839,61349
2505142,55498
2505379,55930
2505385,61234
2505710,61431
2506236,61380
2506242,61514
2506243,61380
2506407,57332
2506609,61547
2506851,57778
2507923,61626
2507924,61626
2507925,61626
2507968,61626
2507969,61626
2507970,61626
2507975,51442
2508031,61628
2508032,61628
2508035,61631
2508213,61659
2508282,61668
2508296,58109
2508297,61666
2508396,61675
2508527,61684
2508528,61684
2508956,61692
2509028,60500
2509416,61747
2509424,61711
2509430,61547
2509825,61772
2509931,61546
2510180,61796
2510312,61215
2510347,61809
2510355,61085
2510395,61808
2510396,61808
2510421,61787
2510846,61827
2510959,61819
2510960,61819
2511000,61842
2511001,61842
2511002,61842
2511013,61842
2511086,61848
2511087,61848
2511098,61848
2511619,61858
2512090,61798
2512233,61895
2512398,61906
2512427,53130
2512464,61895
2512501,61906
2512546,61705
2512608,61905
2512657,53421
2512896,61895
2512935,61935
2512936,61935
2513028,61903
2513044,61948
2513073,61944
2513478,61972
2513707,61989
2513969,55085
2514394,49962
2514395,62034
2514500,62036
2514624,61678
2514761,61998
2515254,62092
2515301,61783
2515302,61783
2515313,62079
2515390,60155
2515433,62068
2515434,62068
2515527,62113
2515790,62106
2515791,62106
2515792,62106
2516052,62092
2516105,62099
2516364,62167
2516365,62167
2516948,62208
2517010,62208
2517011,62208
2517012,62208
2517069,62209
2517222,62132
2517405,61179
2517628,61015
2517795,60119
2517831,61827
2517941,62255
2518114,62281
2518152,62284
2518154,62284
2518343,62295
2518397,61531
2518511,62231
2519018,62338
2519139,62340
2519517,61715
2519781,62347
2519815,36152
2519868,62347
2519871,36152
2520052,20565
2520774,62438
2520775,62438
2520848,62439
2520884,15303
2521117,57168
2521484,62291
2521499,62469
2521500,62469
2521602,62338
2521603,62483
2521682,62485
2521834,59831
2521943,62499
2521966,62499
2522009,62506
2522241,62513
2522375,62513
2522428,62524
2522429,62524
2522523,62524
2522525,62535
2522526,62535
2522564,62545
2522684,62524
2522685,62524
2522708,62552
2522797,62558
2522798,62524
2522819,62535
2522833,62552
2522921,62545
2522982,57147
2522983,57147
2522984,57147
2522985,57147
2522986,57147
2523039,10987
2523042,62500
2523046,62500
2523064,62574
2523065,62574
2523077,41222
2523134,57147
2523254,62545
2523611,62598
2523653,22718
2523708,59152
2523768,62607
2523865,62584
2523883,62621
2523884,62621
2524049,27271
2524153,62640
2524155,62640
2524310,62637
2524372,62646
2524470,50857
2524550,62666
2524873,62237
2524948,62691
2525127,62696
2525651,53
2525803,62646
2525804,62646
2525836,62755
2525920,62714
2525924,62743
2525991,62771
2526061,62758
2526163,62782
2526540,62793
2526541,62795
2526567,62693
2526568,62693
2526569,62693
2526601,62679
2526602,62679
2526834,62795
2526917,62836
2527191,62850
2527248,62858
2527263,7542
2527354,62677
2527355,62677
2527442,62873
2527659,62880
2527834,62679
2528291,62916
2528313,62919
2528318,62919
2528347,62921
2528348,62921
2528349,62921
2528530,62820
2528866,62941
2529054,62944
2529268,62823
2529269,62823
2529304,62960
2529679,62946
2529985,62983
2530018,62995
2530049,62981
2530067,62968
2530255,63015
2530504,63032
2530749,63032
2530751,8591
2530863,62880
2531019,63079
2531045,63082
2531046,63082
2531095,62995
2531194,48703
2531233,25214
2531255,63101
2531327,62957
2531351,63082
2531387,63030
2531395,63113
2531515,63113
2531532,63130
2531561,63099
2531580,62696
2531612,63032
2531613,63032
2531707,63032
2531726,63137
2531814,63144
2531850,63140
2531851,63140
2531853,63140
2531880,63137
2531885,63094
2531925,63136
2531994,63157
2532297,63155
2532360,63177
2532563,62795
2532678,63194
2532725,63203
2532976,63222
2533079,63233
2533098,63233
2533105,63198
2533379,63254
2533380,63254
2533381,63254
2533384,63254
2533385,63254
2533386,63254
2533416,63254
2533417,63254
2533567,63260
2533572,63254
2533578,63260
2533745,63272
2533951,63290
2534406,63321
2534429,63321
2534430,63321
2534460,63321
2534788,63347
2534789,63347
2535254,63366
2535337,63370
2535421,63302
2535490,16247
2535557,63386
2535975,63419
2536389,63391
2536390,63391
2536408,63460
2536486,63466
2536605,62905
2536913,63263
2537392,63503
2537856,63504
2538240,63431
2538590,63552
2538637,62373
2538685,54476
2539410,63600
2539523,63604
2539528,63477
2539582,63568
2539626,63589
2539727,63624
2539850,63600
2539894,63628
2539915,63624
2539957,63642
2540322,63632
2540355,63669
2541055,63725
2541293,50878
2541337,63501
2541422,4839
2541437,63655
2541466,63689
2541521,63389
2541522,63389
2541702,25214
2541703,25214
2542094,63787
2542141,63585
2542333,57284
2542334,57284
2542450,63809
2542606,63856
2542842,63860
2543040,61666
2543118,63869
2543119,63869
2543327,63886
2543472,63263
2543610,63898
2543621,63863
2543644,63886
2543738,63901
2544000,63922
2544002,63913
2544003,63913
2544011,63901
2544020,63902
2544021,63902
2544022,63902
2544034,63922
2544065,63924
2544296,49527
2544341,29781
2544342,63943
2544366,63944
2544560,63968
2544568,61546
2544617,63966
2544630,63972
2544645,57284
2544843,63986
2544972,63886
2545078,64006
2545079,64006
2545080,64006
2545081,64006
2545094,63968
2545115,64006
2545146,64026
2545174,64026
2545175,64026
2545234,64031
2545270,64031
2545334,64011
2545421,64033
2545578,64060
2545594,63943
2545664,64038
2545699,64050
2546170,63647
2546750,64114
2546804,64152
2546818,64118
2546865,63842
2546886,64156
2547020,64124
2547173,64050
2547637,64200
2547794,64212
2548107,64177
2548206,64226
2548631,47771
2548818,64272
2549119,64124
2549264,64290
2549265,64290
2549299,64286
2549300,64286
2549364,64290
2549451,64296
2549643,64295
2550292,64304
2550293,64304
2550307,64289
2550493,64348
2550550,45572
2550697,64362
2550733,64370
2550772,64348
2550980,64388
2551115,64409
2551304,64425
2551305,64425
2551423,64424
2551439,64429
2551955,64459
2552015,64466
2552341,64485
2552372,64435
2552641,64505
2552646,64500
2552647,64500
2552738,64507
2552783,64249
2552881,59853
2553076,64311
2553081,64526
2553458,64449
2553783,64538
2553931,64590
2554058,64603
2554154,64147
2554267,64617
2554268,64617
2554334,64617
2554485,64636
2554486,64636
2554535,64636
2554629,64195
2554632,64654
2554684,64659
2554708,64652
2554794,27750
2555198,64676
2555199,64676
2555200,64676
2555201,64676
2555202,64676
2555203,64676
2555337,64691
2555338,64691
2555390,64652
2555470,64612
2555782,64714
2555783,64714
2555844,64730
2555917,3386
2555934,64683
2556001,64745
2556050,64721
2556120,64745
2556214,64765
2556501,64785
2556685,64779
2556840,64814
2556843,64815
2556862,41898
2557029,41898
2557062,64829
2557123,64831
2557145,64841
2557182,64831
2557186,64825
2557212,64425
2557227,64848
2557228,64852
2557254,64825
2557308,64852
2557478,64869
2557527,12386
2557528,12386
2557852,64861
2557865,64861
2558133,64924
2558157,64936
2558158,64936
2558712,64926
2558775,64983
2558785,64978
2558863,64991
2558864,64991
2558872,16117
2558886,64953
2558935,64829
2559053,64982
2559125,13475
2559198,65005
2559200,48036
2559308,50077
2559474,65024
2559698,65035
2559769,62939
2560080,65067
2560354,65085
2560355,65085
2560454,13977
2560532,64705
2560533,64705
2560575,64705
2560588,64705
2560662,65041
2560690,65103
2561114,64950
2561279,64147
2561471,65175
2561475,65008
2561609,65119
2561765,65186
2561784,65186
2562366,64924
2562384,65244
2562389,65234
2562407,65231
2562508,65202
2562629,13194
2562663,65268
2562868,65274
2562869,65274
2562870,65274
2562932,65281
2563171,65064
2563220,65297
2563577,63487
2563623,65353
2563944,65258
2563967,65375
2564278,65405
2564339,65385
2564421,65385
2564642,65386
2564818,65446
2564861,65281
2564873,65446
2564959,65446
2565092,1337
2565157,65186
2565191,65470
2565475,7467
2565659,65489
2565803,65537
2565910,65388
2565969,65548
2566170,17258
2566236,65563
2566281,65566
2566474,65577
2566887,65601
2566929,29325
2567124,65489
2567144,65613
2567694,65641
2568221,65675
2568277,65680
2568362,65681
2568363,65681
2568364,65681
2568405,63447
2568700,65675
2568779,65710
2568839,65680
2569138,65735
2569268,65740
2569269,65044
2569395,65738
2569428,65026
2569735,65765
2569744,65765
2569755,65705
2569877,33518
2570263,41448
2570354,41220
2570687,65692
2570688,65692
2570717,65818
2570725,65811
2570853,65811
2570925,65831
2571152,65680
2571158,65779
2571161,65723
2571282,65848
2571295,65724
2571447,7261
2571574,58141
2571575,58141
2571576,58141
2571630,65848
2571814,65844
2571867,65875
2571969,64088
2572201,65898
2572432,65919
2572433,65919
2572434,65919
2572453,65925
2572455,65915
2572456,65915
2572457,65915
2572458,65915
2572474,65918
2572790,2691
2572823,65898
2573807,66015
2573808,66015
2573970,66015
2573973,66015
2573998,65800
2574326,66030
2574327,66030
2574982,66099
2574989,66099
2575434,66109
2575477,66134
2575479,66108
2575487,66080
2575517,66094
2575635,66160
2575733,50798
2575756,66046
2576069,66092
2576099,66160
2576100,66160
2576101,66160
2576201,60694
2576212,66199
2576293,66181
2576629,66204
2576630,66204
2576998,66271
2577044,66246
2577047,66273
2577050,66273
2577572,66264
2577635,22501
2578181,66315
2578276,66142
2578375,66365
2578409,66373
2578410,66373
2578522,66378
2579244,66419
2579245,66419
2579471,66430
2579476,66430
2579477,66430
2579627,66448
2579628,66446
2579746,66419
2579754,66407
2579755,66407
2579756,66407
2579757,66407
2579758,66407
2579907,66448
2580001,66046
2580046,66430
2581142,66528
2581238,66492
2581765,60955
2581907,66556
2582166,66581
2582656,66610
2582822,66610
2583081,66618
2583082,66618
2583083,66618
2583104,66610
2583343,66644
2583344,66644
2583346,66644
2583358,66343
2583359,66343
2583364,66172
2583485,66610
2583566,66588
2583582,66644
2583758,66655
2583787,66426
2583971,66670
2584035,66660
2584256,66670
2585619,66775
2585621,66648
2585641,66775
2585711,66764
2585712,66764
2585713,66764
2585714,66764
2585769,66782
2585955,66792
2585956,66792
2586340,66732
2586341,66732
2586603,58598
2586949,66782
2586955,66861
2587057,66868
2587137,66868
2587215,66875
2587308,66613
2588292,66934
2588357,66935
2588382,66892
2588553,66950
2588593,66956
2588840,66972
2588861,64869
2588990,65292
2589049,35348
2589396,52908
2589482,66956
2589500,66992
2589527,66999
2589609,1850
2589804,66956
2589963,66976
2590071,67014
2590461,67028
2590529,67028
2590839,66976
2590840,66976
2591019,67069
2591051,67069
2591100,67071
2591358,67094
2591876,67113
2592241,67146
2592360,67161
2592807,67161
2593025,67211
2593220,67204
2593841,67275
2594129,67309
2594247,67320
2594376,67342
2594410,67343
2594485,57448
2594927,67342
2595020,67280
2595539,67411
2595540,67411
2595751,67420
2595752,67420
2595753,67420
2596402,67468
2596490,64517
2596938,67437
2597026,67512
2597027,67512
2597108,67515
2597187,67375
2597365,67525
2597366,67525
2597367,67525
2597659,67386
2597816,67547
2597953,67560
2598219,67571
2598243,67573
2598415,67594
2598416,67594
2598536,67602
2598537,67602
2598645,66861
2598646,66861
2598663,67600
2599376,67623
2601012,67676
2601033,67676
2601133,67679
2601205,67682
2601310,67684
2601311,67684
2601359,67689
2601508,67443
2601623,40749
2602008,67736
2602099,67742
2602238,67748
2602298,67753
2602299,67753
2602300,67753
2602601,23320
2602823,67782
2602848,67783
2602849,44080
2602850,63361
2603133,67800
2603134,67800
2603135,67800
2603172,67837
2603249,67800
2603501,67843
2603576,67804
2603622,56048
2603767,67897
2603769,67897
2603868,67782
2603970,67782
2604119,26024
2604486,67936
2604920,55691
2604942,67677
2605304,68016
2605352,68019
2605800,68035
2605965,68035
2606036,68064
2606065,58435
2606075,68050
2606251,68081
2606618,68115
2606619,68115
2606631,68110
2606638,68105
2606927,68086
2607082,68129
2607157,68100
2607228,68132
2607250,68151
2607795,68181
2607895,32248
2607929,68197
2608697,68197
2609006,68245
2609777,68277
2609943,68219
2610062,68017
2610169,68299
2610219,68274
2610818,44487
2611385,68113
2611645,68366
2611678,68321
2611990,68377
2612083,68387
2612437,68387
2613061,68421
2613067,68421
2613096,68431
2613159,68270
2613185,68421
2613227,49691
2613248,68457
2613307,68467
2613337,68472
2613419,68454
2613420,68454
2613529,68483
2613530,68483
2613532,60256
2613533,60256
2613547,68457
2613766,68472
2613800,48747
2614298,68524
2614608,68545
2614609,68545
2614633,68528
2614634,68528
2614839,68528
2614863,68525
2615398,68588
2615422,52385
2615739,68642
2616220,68634
2617201,68737
2617292,68737
2617574,68759
2617765,50
2617865,21760
2617866,21760
2617951,68793
2617952,68793
2617953,68775
2617954,68775
2617955,68775
2617957,67958
2617979,68793
2617980,68793
2618050,68800
2618108,68599
2618238,68766
2618626,68834
2618630,68828
2619096,68852
2619228,68852
2619399,62291
2619400,62291
2619401,62291
2619742,66198
2619897,66699
2619959,68879
2620181,66699
2620613,68931
2620760,68931
2621319,68938
2621401,68150
2621403,68972
2621451,68150
2621459,68150
2621461,30825
2621694,68996
2621699,68996
2621750,68996
2621930,68828
2621931,69010
2622172,69001
2622173,69001
2622358,60087
2622489,69019
2622490,69019
2622867,62225
2623040,47279
2623377,69096
2623413,69098
2623531,69098
2623532,69098
2623682,69112
2623713,69120
2623785,33780
2623830,69125
2623862,69099
2623933,69136
2624431,69164
2625073,69185
2625077,69114
2625078,69114
2625079,69114
2625151,69157
2625152,69188
2625201,69221
2626228,69235
2626735,69307
2626967,69317
2627078,64432
2627294,26016
2627625,26558
2627633,26558
2627934,69349
2628015,68886
2628193,69350
2628196,67422
2628315,56625
2628375,69399
2628763,69352
2628770,69418
2629067,69422
2629367,69371
2629720,69452
2630074,69476
2630075,69476
2630079,69476
2630983,69424
2631022,69353
2631215,69521
2631368,69528
2631369,69528
2631893,69548
2631982,69532
2632084,69561
2632168,69568
2632187,69570
2632212,69515
2632290,69577
2632664,69515
2632912,69613
2633306,69635
2633334,69386
2633656,33290
2633747,69646
2633748,69646
2633792,68972
2633818,49408
2633837,69669
2633847,69624
2633891,69658
2633945,67521
2634196,69570
2634222,32169
2634223,32169
2634224,32169
2634225,38856
2634277,69272
2634959,69740
2635072,68077
2635595,69792
2635645,69773
2635646,69773
2636117,69218
2636120,69802
2636230,69820
2636335,18113
2636343,69800
2636500,69841
2636657,69806
2636972,69877
2637045,69872
2637057,69866
2637058,69866
2637533,35319
2637687,69896
2637919,69907
2637965,69902
2638050,69939
2638101,69939
2638190,69948
2638298,118
2638325,69948
2638488,69970
2638489,69970
2638545,69973
2638605,69973
2638685,69982
2639047,69809
2639366,69886
2639367,69886
2639415,67468
2639524,70019
2639797,59588
2639878,70045
2640113,70045
2640324,70054
2640382,70008
2640520,70073
2640656,70024
2640726,70071
2640771,70054
2640796,70088
2640921,70089
2641511,70086
2641513,70124
2641820,70138
2641845,70133
2642564,47450
2642746,70206
2643113,70219
2643181,70207
2643210,70237
2643265,70238
2643266,70238
2643431,70207
2643432,70207
2643471,36159
2643517,70258
2643649,70272
2643806,70288
2643952,70266
2644066,70307
2644067,70307
2644095,70214
2644109,70219
2644907,70356
2644980,70356
2645257,70107
2645462,70345
2645634,70410
2645673,70410
2645712,70403
2645836,70214
2646300,28348
2646330,28348
2646354,28348
2646597,70401
2646612,60252
2646676,70490
2646880,70479
2647013,70516
2647220,70526
2647329,70541
2647363,41934
2647526,70556
2647527,70556
2647528,70556
2647529,70556
2647927,70214
2647929,45050
2647930,45050
2647960,70568
2648061,70558
2648062,70558
2648063,70558
2648064,70558
2648065,70558
2648355,70575
2648472,70600
2648561,70605
2648635,70613
2648724,70619
2649091,70636
2649203,70637
2649351,27773
2649564,70643
2649927,70665
2650290,70665
2650517,70490
2650518,70490
2650610,70699
2650642,70701
2650717,70701
2650781,70703
2650782,70703
2650950,70703
2651075,66036
2651162,70550
2651438,70735
2651467,70747
2651775,70753
2652145,70801
2652389,70824
2652395,70824
2652396,70824
2652417,70824
2652770,70846
2652900,70849
2653488,70828
2653521,70900
2653709,70870
2653712,70899
2653713,70699
2653785,70899
2654035,70846
2654538,70397
2654579,70973
2654580,70973
2654581,70973
2654817,70968
2654818,70968
2654911,70931
2654994,70985
2654996,70985
2655036,70943
2655330,70981
2655439,71019
2655442,71019
2655492,70969
2655688,70899
2655720,71026
2655864,70848
2655912,70969
2656169,71065
2656298,71036
2657010,71065
2657522,71081
2657624,71126
2657777,71176
2657806,71176
2657810,71149
2657844,71176
2657872,71184
2657873,71184
2657930,71176
2658031,71176
2658034,71176
2658209,71206
2658745,70783
2658962,71234
2658993,71211
2659094,71187
2659101,71187
2659140,71252
2659167,71248
2659197,71136
2659233,71265
2659268,71269
2659298,71265
2659508,71282
2659653,65866
2659680,71184
2659681,71184
2659756,70693
2659895,71260
2660544,70973
2660799,57804
2660813,71333
2660826,71169
2660975,71352
2661146,71356
2661304,71356
2661465,71252
2662137,71414
2662334,71426
2662351,71417
2662352,71417
2662353,71417
2662354,71417
2663130,71439
2663149,71455
2663370,70849
2663379,71472
2663603,71446
2663653,71494
2663784,71502
2663960,71446
2664232,47580
2664246,71525
2664930,71489
2664931,71489
2664932,71489
2664933,71489
2664934,71489
2664935,71489
2665110,71585
2665111,71585
2665580,71252
2665646,71621
2665749,71282
2665815,71614
2666442,71108
2666561,71674
2666562,71674
2666731,71676
2666775,71617
2666776,71617
2666865,26712
2666914,71639
2667328,71701
2667836,71747
2667837,71747
2667853,71771
2668035,71448
2668233,71705
2668373,71793
2668513,71806
2668514,71806
2668798,71832
2668897,71832
2668977,71832
2669791,60950
2669908,71899
2669909,71899
2670190,71915
2670191,71915
2670239,71810
2670486,71591
2670570,71933
2670602,71935
2671063,71956
2671115,71961
2671117,71918
2671669,71984
2671691,71999
2672613,72024
2672614,72018
2672767,71828
2673101,72065
2673102,72065
2673313,1194
2673314,1194
2673607,72085
2673631,72025
2674271,11109
2674282,72121
2674374,72120
2674375,71898
2674449,72129
2674567,72137
2674568,72137
2675076,71640
2675610,72179
2675615,72185
2676160,72208
2676222,72225
2676384,72231
2676676,71899
2676695,72268
2676765,72275
2676789,72262
2677014,72288
2677015,72288
2677424,72266
2677425,72266
2677532,72326
2677537,72297
2677672,72339
2677696,72339
2677892,72354
2677893,72354
2677926,72353
2678030,72360
2678057,72353
2678127,2306
2678173,72375
2678655,72375
2678906,72418
2678931,72418
2679068,5450
2679529,72458
2679731,56695
2679747,72474
2679748,72474
2679749,72474
2679917,72481
2680410,71871
2680759,72450
2680761,72482
2680762,72482
2680763,72482
2681021,72548
2681097,72554
2681136,72557
2681383,72453
2681385,72573
2681530,72581
2681533,72579
2681773,72560
2681786,72554
2681802,72568
2681825,72573
2681826,72590
2681827,72590
2681911,72560
2682118,58708
2682119,58708
2682163,12002
2682410,72619
2682455,72619
2682571,72623
2682650,72623
2682827,72625
2684153,72646
2684154,72646
2684165,72646
2684257,72648
2684480,72646
2684805,72652
2684839,72652
2685093,72686
2685996,72266
2685997,72266
2686197,72739
2686323,72741
2686462,70221
2686531,72697
2686597,72678
2686637,72764
2686970,72786
2687127,72793
2687139,72790
2687151,72775
2687343,72799
2687471,60235
2687476,66129
2687769,72853
2687833,72858
2687970,72869
2688156,71090
2688198,72872
2688231,72878
2688272,72891
2688410,64991
2688556,72913
2688557,72913
2688630,72911
2688634,72911
2689175,72717
2689392,72970
2689528,72978
2689547,72975
2690006,73007
2690062,72809
2690392,72905
2690446,72482
2690498,72467
2690913,73067
2690914,73067
2691231,73077
2691326,72626
2691327,72626
2691736,70262
2692059,73133
2692157,73139
2692268,73132
2692583,73162
2692665,73167
2692729,72809
2692734,70307
2692764,72809
2692847,46889
2692871,73182
2692913,73179
2692951,23142
2692952,23142
2693041,73157
2693329,73208
2693539,73188
2693540,73188
2693541,73188
2693550,73209
2693552,73212
2693598,72575
2693791,73217
2693879,73043
2694091,73043
2694528,62269
2694541,72118
2695714,73313
2695874,73320
2695910,73301
2695911,73301
2696003,72857
2696200,72118
2696233,72575
2696234,72575
2696591,73349
2696707,73342
2696710,73281
2697045,73390
2697103,73390
2697424,73416
2697454,73412
2697524,73425
2697747,73432
2698029,73432
2698171,73466
2698284,73455
2698285,73455
2698322,73355
2698323,73355
2698406,73477
2698452,73490
2698665,69889
2698930,73478
2698931,73478
2699059,73537
2699267,72818
2699373,66129
2699376,72824
2699440,73562
2699441,73562
2699512,69130
2699636,73546
2699772,57359
2700080,73601
2700104,73601
2700116,73601
2700587,73629
2700666,73646
2700788,72573
2700791,73654
2700792,73654
2701235,73664
2701802,73708
2701805,73575
2701920,73721
2701937,73723
2702121,73733
2702304,73637
2702712,73757
2702713,73757
2702723,73708
2702872,73637
2702900,73722
2703033,73724
2703098,73764
2703125,73778
2703126,73788
2703137,73785
2703402,73776
2703585,73798
2704018,73825
2704048,73830
2704187,73818
2704332,73818
2704908,73861
2705034,73861
2705383,73875
2705384,73875
2705433,73869
2705434,73869
2705622,73869
2705854,67543
2706312,73925
2706412,73931
2706558,73944
2706559,29248
2706620,73950
2706669,73884
2706803,73953
2706843,73957
2706874,73486
2707455,74012
2707456,74012
2707916,74039
2707977,61546
2708009,74043
2708056,74047
2708233,74057
2708370,74065
2708452,73950
2708921,74098
2709200,74091
2709206,74099
2709208,74082
2709657,74135
2709754,74078
2709755,74078
2709783,73858
2709866,74082
2709908,74161
2709993,74174
2710021,74174
2710069,74181
2710313,74110
2710660,74082
2710871,74233
2711118,74113
2711136,74233
2711428,74263
2711461,73964
2711571,74243
2711811,74278
2711857,74286
2712301,74078
2712375,74290
2712426,74311
2712479,74317
2712800,74317
2712989,74343
2712998,74334
2713013,74350
2713293,74350
2713565,74354
2713577,74354
2713631,74385
2713945,74391
2713992,74406
2714331,74431
2714334,74434
2714335,74434
2714536,74445
2714540,74448
2714721,74450
2714763,73869
2715135,57688
2716184,74531
2716329,74531
2716470,74544
2716471,74544
2716504,74549
2716860,74549
2716951,71782
2716983,74580
2717178,74586
2717179,74586
2717512,74469
2717688,74614
2717689,74614
2717693,74620
2717716,74620
2717946,74564
2717947,74564
2718224,74561
2718547,74468
2718628,74686
2718930,74718
2718931,74718
2718932,73706
2719195,74251
2719404,74718
2719405,74718
2719428,74734
2719904,74661
2719920,74736
2720016,74752
2720202,74808
2720407,74824
2720419,58641
2720799,42946
2720849,46515
2721074,74775
2721318,74886
2721369,74887
2721439,74776
2721440,10540
2721456,74893
2721457,74893
2721583,74843
2721806,74887
2721990,74931
2722247,74955
2722248,74955
2722759,74978
2722935,74998
2723073,74999
2723083,75011
2723092,75005
2723229,74978
2723298,75024
2723359,75028
2723360,75028
2723402,75030
2723628,75039
2723772,74939
2723922,75020
2725086,75059
2725100,75054
2726189,76067
2726253,76073
2726301,74776
2726410,76059
2726411,76059
2726641,76092
2726690,76059
2726960,76092
2727218,76059
2727443,75050
2727444,75050
2727565,76149
2727609,76165
2727724,76163
2728002,76190
2728293,76199
2728942,76265
2729160,76280
2729251,76279
2729265,76248
2729267,76230
2729340,76250
2729420,75030
2729421,75030
2729425,76290
2729487,74372
2729753,76195
2730228,76277
2730385,76355
2730386,76355
2730578,3779
2730592,76373
2730605,76265
2730764,76388
2730788,57565
2730844,76364
2730860,76392
2731037,76398
2731044,76398
2731123,76400
2731471,76371
2731655,76439
2731663,76444
2731715,76448
2731809,76388
2731943,60011
2732057,76473
2732206,68071
2732276,74898
2732291,76410
2732360,76498
2732367,73964
2732450,76497
2732590,76484
2732809,76484
2732872,76163
2733174,76463
2733266,76163
2733593,76547
2733644,76547
2734166,76583
2734989,76662
2735067,76668
2735088,76669
2735137,76668
2735185,76668
2735266,76672
2735285,76483
2735335,70068
2735817,76705
2735839,76635
2736242,76738
2737130,76735
2737176,10220
2737276,76784
2737488,76809
2737734,76825
2737768,76815
2737769,76815
2737778,76811
2737828,76825
2737950,76820
2738049,76837
2738231,74054
2738241,76848
2738549,76814
2738574,76876
2738815,76899
2738843,76906
2738845,76808
2738895,76906
2739713,76973
2739741,76920
2739789,76967
2740119,76999
2740180,77001
2740231,62253
2740255,76815
2740378,77024
2740405,77027
2740406,77027
2740415,77001
2740416,15548
2740479,60011
2740480,77024
2740548,76906
2740603,77042
2741478,76885
2741592,77110
2741679,77018
2741680,77112
2742032,76994
2742389,77188
2742391,77188
2742395,77188
2742438,67679
2742828,77080
2743085,68151
2743091,77237
2743418,50056
2743491,77266
2743626,77280
2743727,77283
2743744,77285
2743841,77080
2743942,77287
2743973,34030
2743974,34030
2744008,26016
2744064,2374
2744119,77317
2744185,77318
2744317,31488
2744344,77325
2744474,77336
2744616,74577
2744617,74577
2744618,74577
2744787,77349
2744818,77344
2745025,77320
2745032,77370
2745033,77370
2745034,77350
2745064,77368
2745102,77385
2745156,77317
2745223,77384
2745489,77324
2745495,77248
2745503,77270
2746060,77437
2746602,77478
2747133,77501
2747203,77503
2747240,77427
2747553,77287
2747786,77541
2748383,77529
2748435,77591
2748477,77471
2748580,77542
2748636,52773
2748666,77603
2748688,3989
2748878,77628
2748965,77099
2749055,77635
2749133,77642
2749160,77643
2749171,77643
2749232,77654
2749252,77654
2749274,77556
2749450,77538
2749857,77689
2750013,77602
2750347,77629
2750433,77609
2750825,77733
2750832,77705
2751061,77759
2751170,77762
2751338,77784
2751423,70977
2751516,77797
2751739,77820
2751749,2390
2751856,77784
2752322,77846
2752324,77846
2752464,77844
2752779,77888
2752780,77907
2752820,77904
2753121,77922
2753317,77889
2753442,77915
2753653,77959
2753976,70704
2753997,723
2754009,46418
2754310,77622
2754515,77998
2755075,78007
2755076,78007
2755382,78093
2755392,78074
2755449,78055
2756087,78135
2756103,78134
2756263,78122
2756264,78122
2756893,78166
2756894,78166
2756941,38115
2757464,78042
2757780,78226
2757787,78226
2757857,78226
2757858,78157
2758249,78255
2758285,78265
2758286,78265
2758399,78254
2758846,78295
2758883,78300
2758944,78079
2758980,9510
2758989,41247
2759006,78305
2759012,78240
2759013,78240
2759014,78240
2759109,78328
2759198,78329
2759204,78328
2759369,77528
2759513,78324
2759597,78339
2759733,78374
2759739,78370
2759962,78354
2760008,78387
2760095,78374
2760183,78405
2760225,78405
2760236,78079
2760243,67236
2760398,78218
2760429,78421
2760563,78339
2760687,78446
2760845,78455
2760846,78455
2760861,78148
2760862,78421
2761019,78440
2761141,78472
2761154,78472
2761175,56583
2761197,78329
2761243,78440
2761713,78509
2761719,78168
2761720,78168
2761737,78504
2761761,78504
2761799,78509
2761945,78430
2761975,78435
2761976,78435
2761983,78374
2761996,77528
2762026,78495
2762056,78536
2762057,78536
2762579,78349
2762580,78349
2762581,78349
2762595,78570
2762714,78588
2763189,78508
2763206,78464
2763250,78609
2763308,78633
2763319,78606
2763333,78606
2763394,78633
2763427,78633
2763430,78640
2763539,78329
2763622,78550
2763623,78550
2763624,78550
2763726,78644
2763727,78644
2763776,78644
2763777,78644
2763778,78644
2763870,78469
2764137,78663
2764835,78694
2764950,71650
2764982,78694
2765001,78695
2765196,78673
2765306,72097
2765445,78765
2765674,78783
2765677,78631
2765746,78781
2765793,78792
2765936,78801
2766215,78818
2766217,78711
2766218,78711
2766253,78791
2766418,78819
2766436,78828
2766498,78828
2766715,78797
2766882,78416
2767025,78791
2767223,72049
2767736,78900
2767737,78900
2767824,78898
2767825,78898
2767826,78898
2767827,78898
2767828,78898
2767829,78898
2767830,78898
2767831,78898
2768482,78910
2768883,78973
2768907,78973
2769294,79007
2769568,79032
2769801,79042
2769845,79043
2770141,79056
2770323,79028
2770808,72525
2770887,79126
2771143,79147
2771237,79150
2771238,79150
2771239,79150
2771240,79147
2771241,79147
2771242,79147
2771256,79147
2771259,7134
2771260,7134
2771261,7134
2771302,22774
2771308,18383
2771309,18383
2771312,54576
2771314,22774
2771663,18383
2771978,79208
2772000,79174
2772113,79216
2772154,11691
2772208,79233
2772300,79233
2772361,79245
2772659,79270
2772932,79289
2773049,79294
2773164,79289
2773199,79273
2773376,79314
2773428,79315
2773454,79295
2773659,79056
2773661,79056
2773662,79056
2773663,79056
2773664,79056
2773667,79056
2773702,79292
2773896,79287
2774105,79384
2774167,79379
2774201,79385
2774307,79343
2774369,79399
2774424,79406
2774742,79420
2774765,79420
2774818,79421
2774819,79415
2775421,79415
2775422,79415
2775423,79415
2775424,79415
2775425,79477
2775500,79447
2775503,28139
2775624,79457
2775649,79492
2775829,79510
2775926,79513
2776006,79521
2776379,79549
2776801,79579
2776920,79570
2777142,79592
2777725,79642
2777999,79625
2778421,79677
2778438,79682
2778755,79687
2778756,79687
2778924,79385
2779189,77556
2779211,79706
2779241,79737
2779275,79741
2779353,79693
2779367,79746
2779903,79775
2780483,79817
2780591,79819
2780865,23481
2780866,23481
2780867,59174
2780869,59174
2780885,23481
2780905,79843
2780906,79843
2780926,79852
2780927,79819
2781014,78963
2781020,79848
2781189,79855
2781208,79871
2781450,21042
2782005,24937
2782057,79880
2782230,79880
2782256,79900
2782393,78816
2782394,78816
2782395,78816
2782478,79934
2782503,79950
2782515,79950
2782517,79755
2782524,79934
2782692,79967
2782880,78435
2782958,79501
2783362,79998
2783367,79998
2783368,79998
2783570,80007
2783729,79968
2783889,79905
2783890,79905
2783927,80035
2783929,80026
2784201,80066
2784202,80068
2784386,80049
2785362,80143
2785455,80142
2785464,80157
2785557,1149
2785558,80157
2785559,80157
2785566,80157
2786073,80196
2786084,80196
2786104,80201
2786148,80206
2786292,80211
2786443,80215
2786455,80215
2786467,80215
2786552,80227
2786553,80215
2786745,78291
2787116,80279
2787141,80279
2787382,80217
2787403,80285
2787909,80312
2788288,65276
2788451,77254
2788452,77254
2788766,80343
2789093,80322
2789132,80370
2789133,80370
2789348,80360
2790424,80370
2790485,80377
2790651,80424
2790766,80436
2790896,80444
2790962,80446
2790963,80446
2791148,14585
2791663,80486
2793065,80536
2793077,80534
2793144,80534
2793627,80555
2793656,80555
2793657,80555
2793658,80555
2793659,80555
2793660,80555
2794146,80500
2794176,80555
2794190,80559
2794297,80463
2794788,80596
2794794,80601
2795137,73065
2795138,23938
2795140,80618
2795141,80618
2795187,80618
2795407,80559
2796141,79973
2796199,80657
2796354,74251
2796372,66279
2796681,80642
2796720,80729
2796829,80622
2796830,80622
2796831,80622
2797723,80791
2797773,80791
2797830,80741
2798097,80809
2798098,80809
2798102,80789
2798105,80817
2798110,80814
2798130,80805
2798497,52897
2798498,52897
2798533,80790
2798652,80753
2798654,80849
2798753,80849
2798754,80849
2798823,80858
2798851,80856
2798900,52897
2799149,80880
2799150,80880
2799151,80880
2799171,80885
2799187,80885
2799843,80916
2799886,80898
2799900,80907
2800185,2223
2800273,70598
2800369,80941
2800499,80907
2800715,80962
2801341,80976
2801342,80976
2801343,80976
2801401,37997
2801476,80845
2801630,80932
2801685,76973
2801686,76973
2801687,76973
2802217,78000
2802413,78000
2802484,81039
2803157,81071
2803164,81071
2803165,81071
2803166,81071
2803167,81071
2803266,81076
2803301,81074
2803716,81032
2803824,81103
2803825,81103
2803914,81079
2803972,81121
2804099,81132
2804100,81132
2804157,81123
2804269,81138
2804759,81170
2805111,81186
2805121,81164
2805760,81200
2806156,19797
2806412,72196
2806749,81282
2806922,81285
2806963,81218
2807078,81295
2807094,81295
2807245,78991
2807658,81333
2807854,81334
2808162,81366
2808511,81396
2808512,81396
2808513,81396
2808514,81396
2808664,81394
2808835,81414
2808836,81414
2808996,81427
2809089,81418
2809161,81441
2809162,81441
2809167,81415
2809184,81441
2809261,81366
2809337,81451
2809372,81451
2809390,81454
2809391,81454
2809606,81415
2809607,81441
2809724,81469
2809778,80117
2809983,81414
2810014,81481
2810029,81481
2810030,81481
2810236,81477
2810328,81497
2810329,81497
2810601,70070
2810994,81539
2811053,81552
2811100,81427
2811176,81557
2811221,81557
2811222,81557
2811325,74873
2811402,81391
2811403,81391
2811453,81391
2811454,81391
2811455,81391
2811456,81391
2811457,81391
2811492,81571
2811538,81573
2811562,81539
2811631,81557
2811634,81391
2812488,81400
2813567,81693
2813568,81693
2813851,81695
2813972,81734
2813985,81247
2814093,81744
2814175,81674
2814203,81747
2814481,81752
2814482,81769
2814487,80611
2814565,81770
2814668,81778
2815585,81820
2815837,74532
2815838,81849
2815853,81849
2815854,81849
2815862,81849
2815889,81849
2816027,81864
2816033,81719
2816138,81880
2816157,81880
2816158,81882
2816159,81882
2816232,81880
2816264,81000
2816267,81864
2816325,78741
2816991,81457
2817215,81929
2817229,81937
2817421,81889
2817573,11676
2817574,11676
2818185,81973
2818304,82002
2818472,81986
2818554,82016
2818792,81439
2818847,79852
2819251,82054
2819486,81932
2819690,82082
2819691,82082
2819692,82082
2819717,82082
2819779,81973
2820121,82121
2820157,82121
2820326,82142
2820358,82142
2820499,81719
2820526,82137
2820726,76234
2820762,82166
2821022,82197
2821023,82197
2821542,82230
2821661,82235
2821852,82256
2821865,76234
2821866,81754
2821878,10947
2821898,82254
2821922,82260
2821942,82261
2822047,82264
2822059,80066
2822060,80066
2822123,82261
2822124,82261
2822134,82263
2822135,82263
2822301,82277
2822302,82277
2822458,82277
2822900,82319
2823122,82326
2823310,82346
2823311,82346
2823433,82346
2823494,82264
2823508,82362
2823509,82362
2823553,82362
2823703,43871
2823923,18234
2823929,82128
2823970,43871
2824573,82384
2824679,82346
2825274,82466
2825445,82495
2825524,49224
2825624,82503
2825900,82530
2826043,82514
2826130,82546
2826740,82579
2826851,82579
2826870,82593
2826930,81975
2826987,82597
2826988,82597
2826989,82597
2827038,82603
2827073,82610
2827259,82603
2827379,82635
2827403,82634
2827443,82642
2827456,82387
2827481,82641
2827519,82635
2827520,82635
2827527,82635
2827914,82624
2828014,82659
2828015,82659
2828016,82659
2828166,82624
2828384,82678
2828757,82675
2828807,82700
2828808,82700
2828956,82705
2829068,82712
2829069,82712
2829228,73304
2829380,66992
2829398,82682
2829486,82725
2829515,82707
2829649,82729
2830313,82786
2830709,298
2830874,82786
2831056,7919
2831093,82844
2831107,82844
2831235,82847
2831317,82847
2831342,82857
2831356,82863
2831364,82857
2831457,82863
2831522,82873
2831523,82873
2831627,82876
2831844,56981
2831973,82895
2831974,82895
2832023,82759
2832153,82913
2832396,82924
2832460,82924
2832493,82934
2832496,16665
2832781,82955
2832792,82955
2832817,82959
2832818,82959
2832988,82974
2833181,82981
2833447,82999
2833448,82999
2833480,62968
2833568,83001
2833606,82996
2833621,83007
2833622,83007
2833623,83007
2833624,83007
2833625,83007
2833626,83007
2833680,82982
2833782,83019
2833783,83019
2833887,83030
2833888,83030
2833903,82996
2833904,9751
2833923,83030
2833931,83022
2833932,83022
2833934,83022
2833936,83022
2833986,83033
2834046,83043
2834047,83043
2834048,83043
2834121,83030
2834195,83054
2834198,83054
2834241,83058
2834242,83058
2834282,83049
2834283,83049
2834284,83049
2834285,83049
2834399,83030
2834629,82934
2834643,83078
2834655,83047
2835143,82497
2835144,82497
2835201,56508
2835203,51086
2835257,83119
2835367,83131
2835368,83131
2835369,83131
2835370,83131
2835371,83131
2835566,51086
2835567,56508
2835614,83132
2835680,83147
2835711,83157
2835792,83147
2835820,83146
2835864,83146
2835865,83147
2835874,83138
2835956,83182
2835991,83186
2836002,83173
2836058,83189
2836094,83191
2836095,83191
2836120,83189
2836121,83186
2836205,83193
2836596,83197
2836627,52773
2836809,82497
2836953,83159
2836972,83186
2836976,83193
2837387,83075
2837894,83307
2837895,83307
2837938,83313
2838093,82746
2838294,83330
2838496,57286
2838497,57286
2838498,57286
2838499,57286
2838500,57286
2838501,57286
2838599,12861
2838600,12861
2838601,12861
2838629,83352
2839352,83376
2839353,83376
2839723,83411
2839836,82091
2839844,83396
2840024,48030
2840036,83392
2840037,83392
2840038,83392
2840046,82096
2840051,83413
2840108,77812
2840109,77812
2840424,83449
2840534,83450
2840575,83450
2840852,48781
2840858,83441
2840859,83441
2840860,83441
2840861,83441
2841030,83477
2841112,83049
2841409,83514
2841463,83511
2841464,83511
2841467,83512
2841470,83512
2841563,83517
2841630,83517
2841764,83511
2841833,83543
2841862,83538
2841873,83512
2841883,83512
2842237,83302
2842404,83583
2842405,83588
2842472,83579
2842554,83543
2842579,83583
2842583,83583
2842621,83611
2842632,83458
2842635,83498
2842696,83157
2842812,83554
2842861,83584
2842957,83626
2843008,83554
2843070,83574
2843128,83649
2843613,83571
2843614,83571
2844045,83688
2844046,83688
2844068,83687
2844069,83687
2844463,83704
2844464,83704
2844465,83704
2844466,83704
2844813,83756
2844971,63081
2845035,83773
2845064,83777
2845201,83789
2845202,83789
2845203,83789
2845360,83777
2845542,83802
2845543,83802
2845569,83803
2845600,83712
2845740,83778
2845753,83771
2845795,52436
2845813,68945
2845872,83771
2845878,83771
2846281,83835
2846506,83845
2846542,83346
2846585,83849
2846798,40680
2846881,83868
2846882,83868
2846883,83868
2846899,83868
2846900,83868
2846921,83873
2847101,83840
2847266,83900
2847358,83914
2847359,83914
2847360,83914
2847361,83914
2847366,83914
2847367,83876
2847482,83922
2847526,53358
2847551,83911
2847555,83940
2847583,83893
2847631,83945
2847669,83948
2847670,83948
2847692,82959
2847693,83940
2847694,83940
2847695,83940
2847696,83940
2847697,83940
2847892,83943
2848025,83945
2848094,83968
2848471,82447
2848623,51292
2848777,84012
2848941,84036
2849222,84043
2849383,84058
2849705,83511
2849706,83511
2849783,84079
2849848,84079
2849989,84099
2850068,84054
2850069,84054
2850070,84054
2850164,84108
2850203,84111
2850284,84116
2850318,69083
2850489,84124
2850705,84082
2850714,84115
2850715,84115
2850725,84116
2850906,84125
2851031,84140
2851032,84140
2851408,79656
2851600,84175
2851650,84164
2851813,84188
2852096,84203
2852193,84197
2852195,84197
2852235,84197
2852266,84191
2852267,84205
2852277,79902
2852282,84158
2852356,84218
2852369,84218
2852370,84218
2852371,84218
2852372,84218
2852453,84219
2852499,84219
2852500,84219
2852552,84224
2852610,84221
2852672,84224
2852673,84224
2852687,84229
2853021,84244
2853095,84229
2853096,84218
2853159,84016
2853513,84279
2853648,84219
2853664,84243
2854028,84314
2854169,84314
2854199,84313
2854200,84313
2854201,84313
2854231,84334
2854326,84341
2854348,34151
2854394,78828
2854493,84349
2855810,84313
2855845,85363
2856047,85387
2856233,85398
2856247,85363
2856683,85436
2856857,85436
2856861,10192
2856891,85436
2857054,84239
2857337,17616
2857652,85488
2857673,85476
2857801,85488
2857998,78795
2858046,85448
2858428,85512
2858796,85462
2858797,85462
2859525,85566
2859691,85606
2859869,85644
2859870,85644
2859883,27656
2859884,27656
2859980,85660
2860038,85664
2860271,53000
2860273,85608
2860317,85669
2860486,85687
2860783,85649
2860902,85713
2860903,85713
2861607,85765
2861608,85765
2861804,85782
2861805,85776
2862056,85804
2862061,85804
2862065,85804
2862276,85834
2862319,84296
2862402,85830
2862865,85849
2863065,85849
2863574,85905
2863710,85890
2863879,85878
2864325,85943
2864453,85951
2864524,85940
2864525,85940
2864628,85951
2864724,85944
2864883,85957
2865043,85916
2865545,86001
2865568,86012
2865569,86012
2865570,86012
2865776,80888
2866070,85583
2866164,86057
2866260,86063
2866365,86080
2866394,86085
2866517,86100
2866519,86100
2866814,86114
2866815,86114
2866880,86126
2866894,86094
2866895,86094
2866930,86094
2866931,86094
2866932,86094
2867056,85666
2867108,86125
2867109,86125
2867110,86125
2867111,86125
2867112,86125
2867113,86125
2867114,86125
2867115,86125
2867116,86125
2867117,85582
2867118,85582
2867284,86162
2867361,86149
2867475,63922
2867491,86162
2867532,86178
2867596,86182
2867939,86220
2868059,81579
2868149,86248
2868165,53433
2868186,85863
2868194,86241
2868390,86258
2868391,86258
2868416,86269
2868535,138
2868658,86288
2868745,86245
2868853,86305
2868891,86309
2868969,86215
2869056,86320
2869200,86320
2869337,86080
2869477,86353
2869504,86357
2869529,86353
2869612,86313
2869614,86362
2869637,86368
2869641,86368
2869786,86382
2869911,86378
2870024,86015
2870031,86351
2870032,86351
2870333,86309
2870450,86429
2870451,58754
2870548,86434
2870603,86429
2870609,86439
2871230,86470
2871463,86478
2871532,86478
2871675,86487
2871697,86487
2871713,86475
2871714,86475
2871719,82128
2871769,82612
2871863,86489
2872056,86522
2872135,86527
2872267,86530
2872353,86536
2872602,86214
2872655,86566
2872671,86181
2872748,86562
2872880,86576
2872995,86546
2873003,86597
2873026,86597
2873027,86597
2873078,86576
2873281,86620
2873454,86624
2873574,86641
2873586,86641
2873589,86641
2873618,86641
2873621,68162
2874053,84274
2874735,86681
2875169,86719
2875754,86719
2875789,86149
2876260,86788
2876424,86808
2876437,86808
2876453,86808
2877306,86788
2877441,86881
2877490,86871
2877588,86890
2877599,86850
2877650,86881
2877901,86909
2877985,86931
2878040,73537
2878194,82552
2878252,86947
2878253,86947
2878271,86923
2878272,86923
2878363,86942
2878364,86923
2878431,86818
2878523,68168
2878584,86973
2878671,86983
2878682,86887
2879093,87003
2879176,87003
2879545,87003
2879562,87032
2879640,86912
2879695,86931
2880251,87053
2880273,86734
2880308,87097
2880309,87097
2880553,87097
2880696,87110
2880801,87117
2881010,87053
2881145,87141
2881180,87141
2881183,87135
2881184,87135
2881219,85759
2881225,3466
2881226,3466
2881236,87141
2881290,87083
2881310,87141
2881324,87116
2881353,87139
2881354,87139
2881355,87139
2881356,87139
2881357,87139
2881394,87168
2881419,87168
2881454,87141
2881459,87175
2881744,87204
2881818,87198
2881819,87213
2881853,87214
2882020,87198
2882021,81674
2882072,87234
2882540,87268
2882982,87280
2883128,87242
2883129,87242
2883141,87305
2883160,87229
2883248,87018
2883344,87212
2883594,87353
2883685,87345
2883804,87365
2883810,87367
2883811,87367
2883828,87369
2883846,87370
2884481,87381
2884578,87401
2884616,87403
2884624,87101
2884650,87405
2884653,87403
2884713,2691
2884714,2691
2884732,63647
2884750,87410
2884798,33413
2884799,33413
2884813,86923
2884843,33050
2884847,87401
2885416,87447
2885587,87466
2885746,87479
2885841,87487
2885965,80081
2885966,80081
2886095,87502
2886099,87504
2886155,87466
2886235,87486
2886270,87511
2886335,87511
2886607,87538
2886608,87538
2886609,87538
2886610,87538
2886611,87538
2886612,87538
2886719,87502
2886732,87542
2886888,87552
2887028,87553
2887094,87479
2887118,87553
2887119,79043
2887282,80967
2887385,87575
2887405,87540
2887511,87466
2887665,87595
2887806,87601
2887890,87608
2887962,87613
2887963,87613
2888592,87650
2888593,87650
2888645,87435
2888657,87641
2888745,87669
2888769,87435
2888865,81623
2888911,87678
2888978,44005
2889036,81623
2889203,87695
2889256,87435
2889257,87435
2889266,86256
2889345,87727
2889424,87730
2889474,87712
2889475,87730
2889551,87726
2889577,87740
2889896,48786
2890054,87514
2890257,87783
2890274,87783
2890955,87751
2890979,87831
2891011,83091
2891153,87847
2891154,87847
2891342,87856
2891362,87856
2891363,87856
2891364,87856
2891365,87856
2891418,87866
2891475,87871
2891515,87873
2891576,87876
2891577,87876
2891578,87876
2891579,87873
2891633,87891
2891703,87881
2891733,87891
2892075,87881
2892171,87921
2892180,87816
2892181,87816
2892225,87876
2892467,87904
2892483,87919
2892578,87935
2892698,87965
2892699,87965
2892726,87956
2892729,45165
2892731,87930
2892772,87982
2892895,45165
2892927,87981
2893000,87525
2893016,87981
2893058,87909
2893071,87966
2893283,86912
2893393,87908
2893503,88011
2893504,88011
2893505,88011
2893506,88011
2893507,88011
2893541,88042
2893585,87965
2893611,87744
2893796,88065
2893798,423
2893872,87896
2893873,88031
2894085,88081
2894894,88139
2894896,88142
2894918,86998
2894919,86998
2894920,86998
2895060,48396
2895065,48396
2895080,88097
2895099,88127
2895123,88094
2895162,87805
2895266,88169
2895267,87805
2895394,88182
2895584,44785
2895657,88166
2895708,88188
2895730,88166
2895817,88188
2895818,88188
2895819,88188
2895968,88169
2895970,88169
2896047,88188
2896061,88188
2896173,88226
2896237,7134
2896266,88228
2896277,88188
2896638,88228
2896805,88266
2896818,88241
2896922,88282
2896923,88282
2896959,88025
2897002,88289
2897103,88290
2897155,88307
2897423,88323
2897424,88323
2897459,88323
2897460,88323
2897478,88290
2897479,88290
2897480,88290
2897481,88290
2897482,88290
2897483,88290
2897484,88290
2897485,88290
2897486,88290
2897487,88290
2897557,65094
2897721,87673
2897777,88012
2898057,88361
2898087,88361
2898088,88361
2898131,88368
2898168,88349
2898223,88368
2898264,87975
2898371,88363
2898479,88388
2898507,88398
2898736,88388
2898742,88368
2898743,88368
2899078,88409
2899113,88409
2899176,88426
2899383,87942
2899766,88457
2899924,88466
2900218,88485
2900219,88485
2900220,88485
2900237,88485
2900272,88485
2900297,88482
2901086,88470
2901140,88523
2901156,88523
2901191,88526
2901440,74470
2901473,88537
2901474,88537
2901475,88537
2901476,88537
2901477,88537
2901478,88537
2901479,88537
2901744,88550
2901815,88536
2901945,88554
2902136,88463
2902406,88510
2902420,88568
2902431,88578
2902674,88573
2902696,88573
2902958,88535
2903390,88644
2903396,88644
2903623,88633
2903624,88633
2903678,88466
2903739,88661
2903855,88656
2904077,88606
2904112,88592
2904159,88678
2904533,88653
2904675,88123
2904710,88711
2904711,88711
2904879,88724
2905114,88630
2905115,88630
2905123,88722
2905128,88630
2905273,88764
2905334,88774
2905582,88686
2905721,88781
2905952,88817
2906036,88819
2906106,88825
2906269,88836
2906463,88276
2906529,88806
2906530,88806
2906531,88806
2906690,88861
2906697,88862
2906709,88859
2906847,88866
2906848,88866
2907550,26123
2907656,88809
2907815,62312
2907841,88953
2907969,82447
2908041,88953
2908136,88973
2908236,88973
2908427,87975
2908429,87975
2908430,87975
2908709,88869
2908778,88011
2908779,88011
2908826,89018
2908858,89018
2909008,89032
2909037,89032
2909097,12261
2909101,89038
2909105,89038
2909106,89038
2909188,87132
2909203,88960
2909204,89038
2909323,89059
2909326,88755
2909353,89028
2909451,89070
2909464,89064
2909557,60431
2909633,89088
2909634,89088
2909710,88809
2909733,89091
2909735,89091
2909773,89099
2909822,89068
2910384,89091
2910442,89132
2910443,89132
2910626,89140
2910670,89121
2910720,89154
2910744,87321
2910787,60431
2910986,87713
2910989,89179
2911317,88183
2911318,89214
2911370,89216
2911371,89216
2911589,89227
2912502,89273
2912928,89283
2913096,89307
2913099,47181
2913104,89273
2913105,89273
2913117,89295
2913133,89277
2913135,89277
2913810,89335
2914276,89230
2914284,89376
2914417,89374
2914418,89374
2914597,81040
2914616,88831
2914821,76875
2914957,89401
2915160,89370
2915161,89370
2915162,89370
2915241,89430
2915362,89151
2915430,89444
2915435,89448
2915647,34926
2915692,89464
2915711,89464
2915815,89472
2915877,89481
2915985,89373
2915986,89373
2916290,89513
2916322,89370
2916354,89515
2916410,89505
2916507,89524
2916521,89524
2916766,89530
2917580,89456
2917794,89456
2917860,89133
2918209,89582
2918524,89633
2918849,89599
2918882,89667
2918955,89669
2919565,89099
2919657,89623
2920034,89722
2920384,89600
2920573,89638
2920715,89729
2920716,89729
2920723,89729
2920736,89764
2920852,89760
2920853,7948
2920923,89709
2921117,89795
2921119,89793
2921155,89808
2921199,28474
2921215,89793
2921255,89796
2921256,89796
2921455,89741
2921474,89741
2921500,28474
2921501,28474
2921637,89840
2921723,89836
2921731,89838
2921978,89663
2922144,89873
2922190,89536
2922246,89536
2922249,89873
2922295,89886
2922296,89886
2923197,89944
2923324,89946
2923471,89874
2923875,89991
2923895,89996
2923916,89911
2924003,89986
2924167,89983
2924168,89983
2924204,90003
2924257,90022
2924258,90022
2924279,89966
2924295,32060
2924296,32060
2924300,90022
2924301,90022
2924302,89914
2924303,89914
2924534,90039
2924673,90049
2924815,90028
2924978,90063
2924998,90035
2924999,90035
2925000,90035
2925280,90098
2925478,90105
2925532,89965
2925577,90113
2925671,90113
2925675,90098
2925889,90129
2925935,90130
2926324,90129
2926325,90130
2926382,90128
2926383,90128
2926384,90128
2926444,90128
2926551,90084
2926849,68669
2926852,89842
2926855,24887
2927281,90048
2927524,90198
2927548,90197
2927746,90203
2928190,90213
2928496,90242
2928512,90243
2928830,89849
2928873,90255
2928890,90243
2929016,90255
2929346,89722
2929480,90305
2929780,89797
2930307,90331
2930703,89882
2930747,90380
2930748,90380
2931167,90438
2931168,90438
2931232,90410
2931233,90380
2931580,74780
2931670,90477
2931671,90477
2931842,90490
2931853,45193
2931854,83865
2931855,90489
2931856,90489
2931857,90489
2931866,90489
2931867,90489
2931909,90489
2931910,90489
2931912,83865
2931962,35409
2932022,90489
2932044,90511
2932500,60750
2932881,90549
2933222,90499
2933235,78606
2933391,90499
2933480,90593
2933484,90593
2933998,90617
2934061,90622
2934062,90622
2934228,90628
2934276,90647
2934417,90642
2934596,90661
2934647,90656
2935598,90722
2935837,90736
2936348,90760
2936421,90769
2936671,90777
2936682,90794
2936999,80534
2937579,90828
2937685,90869
2937686,90869
2937687,90869
2937688,90869
2937776,90860
2937777,90860
2937778,90860
2937848,90893
2937929,90877
2937930,90877
2937931,90877
2937985,90758
2938217,90758
2938928,90609
2939093,90966
2939170,90939
2939412,90990
2939525,90986
2940070,90991
2940452,91018
2940602,32156
2940823,91037
2941318,90948
2941595,91088
2941596,91088
2941726,91074
2941764,91089
2941768,91089
2941780,91090
2942144,91124
2942279,91123
2942435,91127
2942493,91074
2942816,91124
2943077,87490
2943105,91141
2943175,79173
2943271,91141
2943322,14634
2943323,90659
2943445,91118
2943742,91232
2943801,91236
2943914,91243
2944139,91232
2944191,91253
2944192,91253
2944676,89797
2944707,88363
2944750,91286
2944804,91286
2944881,91244
2944882,91244
2944883,91244
2944884,91244
2944916,91306
2944967,91305
2944985,91305
2944986,91305
2945082,91290
2945210,91247
2945234,91253
2945235,91253
2945236,91253
2945237,91253
2945238,91253
2945239,91253
2945240,91253
2945241,91253
2945242,91253
2945243,91253
2945244,91253
2945436,91350
2945486,91353
2946118,91401
2946244,91419
2946279,91422
2946295,91422
2946430,91403
2946447,91432
2946510,91432
2946552,91111
2946712,91442
2946713,91442
2946822,91465
2946895,91473
2946946,90028
2946954,90028
2946986,65103
2947139,91484
2947268,91495
2947392,91495
2947653,83233
2947654,91479
2947803,91510
2947924,91531
2948114,27610
2948178,34057
2948181,91562
2948203,91562
2948434,91587
2948445,91389
2948711,91605
2948968,91630
2949293,91389
2949664,91518
2949675,91659
2949701,91659
2949806,91642
2949886,91684
2950006,90702
2950040,91574
2950162,91701
2950218,91699
2950266,91711
2950299,91684
2950383,91715
2950406,91715
2950714,91744
2950731,91746
2950869,91741
2950871,91741
2951218,91750
2951422,91666
2951463,91785
2951839,91750
2951934,91799
2951960,91799
2951973,91803
2952763,91799
2952779,88461
2952939,91851
2952974,91842
2953059,91864
2953096,91863
2953153,91863
2953154,91863
2953298,91715
2953442,91876
2953443,91876
2953444,91876
2953618,91885
2954190,91467
2954286,91910
2954387,91898
2954714,91677
2955117,91960
2955269,91970
2955383,91975
2955507,91981
2955526,91982
2955652,91981
2955653,91982
2955955,92001
2956229,91998
2956534,92046
2956539,87981
2956606,92052
2956684,92052
2956738,92052
2956896,92068
2957040,92078
2957204,92095
2957426,48786
2957432,92109
2957575,51347
2957786,92131
2957854,92095
2957907,92147
2957921,92091
2958261,92170
2958489,92188
2958709,92202
2958939,92212
2958967,92210
2959304,92212
2959421,92213
2959422,92213
2959423,92213
2959574,74200
2959664,92210
2959694,92268
2959701,91447
2959906,91903
2959955,92288
2960143,91687
2960167,92253
2960171,89225
2960306,89225
2960364,92288
2961079,92359
2961374,92374
2961378,92357
2961383,92326
2961470,92378
2961471,92378
2961563,92395
2961580,92397
2961628,92397
2961746,92412
2961862,92409
2962070,92394
2962077,92384
2962120,92326
2962249,92452
2962820,92234
2963237,92505
2963252,92499
2963369,92213
2963437,92394
2963772,92542
2963895,92427
2963896,92505
2964035,92476
2964359,92213
2964956,90257
2964965,90257
2965195,92629
2965447,92627
2965708,92664
2966140,5115
2966176,92627
2966177,92627
2966425,92706
2966664,92661
2966783,92709
2966880,92720
2966948,92706
2966966,92728
2967022,90257
2967175,92740
2967249,92742
2967485,92720
2967637,92751
2967638,92720
2967670,92720
2967955,92750
2968069,92724
2968070,92724
2968071,92724
2968190,92788
2968324,92798
2968339,89678
2968477,65716
2968647,92740
2968648,92751
2968649,92750
2968848,92775
2968851,92794
2968893,92839
2968944,92779
2968991,91179
2969108,92848
2969295,92775
2969300,92848
2969343,92848
2969346,92556
2969354,92794
2969355,92794
2969542,92881
2969693,92895
2969814,92899
2969825,92848
2969831,92903
2969885,92907
2969886,92907
2970208,92452
2970422,92934
2970590,92950
2970676,92960
2971261,92985
2971680,92788
2971799,87082
2972034,93042
2972035,93042
2972041,93045
2972055,93001
2972056,93001
2972067,93042
2972448,93075
2972662,93067
2972845,93096
2972884,80196
2972927,93108
2972941,93108
2972957,93100
2973159,92992
2973596,93156
2974108,93108
2974462,93206
2974661,93222
2975347,93263
2975523,92336
2975885,73869
2975891,91943
2976104,93277
2976105,93277
2976329,93237
2976604,93352
2976753,93356
2976762,93354
2976821,93362
2977079,93370
2977085,93372
2977226,93369
2977227,93369
2977290,93366
2977365,93390
2977366,93390
2977405,93394
2977417,93392
2977720,93403
2977778,93412
2977804,93412
2977893,93417
2977997,93422
2978021,93412
2978022,93412
2978090,93372
2978099,93412
2978332,93431
2978491,93436
2978539,93441
2978864,93480
2978865,93480
2978866,93480
2978867,93480
2978878,93481
2978879,93481
2978905,93486
2979004,93488
2979080,26088
2979120,93486
2979153,93502
2979236,93488
2979251,93505
2979360,93505
2979422,93472
2979423,93472
2979428,93472
2979750,93461
2979751,93461
2979904,85702
2979943,85702
2981128,93540
2981297,93472
2981527,90568
2981621,93594
2981894,93610
2982086,92524
2982372,93464
2982815,67204
2982984,93670
2983011,93096
2983176,93680
2983837,93723
2983913,93686
2984237,93680
2984238,93748
2984311,93757
2984728,93768
2985046,93768
2985316,93825
2985482,93829
2985483,93829
2985484,93829
2985895,93853
2986094,93843
2986114,93877
2986341,93852
2986342,93852
2986343,93852
2986574,93781
2986796,93905
2987486,93970
2988031,93970
2988207,94003
2988208,94003
2988309,94005
2988364,94010
2988372,94010
2988592,94033
2988594,78466
2988932,94060
2988969,94061
2988975,94061
2988976,94061
2989025,94056
2989032,94066
2989033,94066
2989059,94002
2989073,94061
2989188,94053
2989296,94083
2989366,94083
2989621,94077
2989711,94103
2989890,93816
2989958,94061
2990175,91720
2990364,94103
2990450,93939
2990451,93939
2990492,94060
2990729,94159
2990730,94159
2990731,94159
2990897,63728
2990906,92147
2991052,94186
2991054,94186
2991055,94186
2991164,94198
2991190,94186
2991191,94186
2991234,94201
2991283,94208
2991284,94208
2991288,94208
2991289,94208
2991291,94208
2991295,94189
2991835,94208
2992044,94265
2992409,94272
2992472,94297
2992966,94218
2993250,94337
2993352,94354
2993397,94360
2993398,94360
2993498,94337
2993568,94360
2993569,94360
2993570,94360
2993715,73251
2993907,94395
2993921,94395
2993922,94395
2993945,94395
2994080,94377
2994095,94402
2994127,94412
2994209,94411
2994220,94360
2997905,94426
2998004,46019
2998005,48627
2998019,94395
2998020,94395
2998255,94441
2998256,94441
2998351,94468
2998436,94473
2998484,94470
2998485,94470
2998486,94470
2998731,94496
2998833,94496
2999094,94523
2999127,94531
2999317,94548
3003016,50636
3003017,94579
3003018,94579
3003054,94581
3003055,94581
3003146,31804
3003192,94465
3003467,94619
3003558,94622
3003559,94622
3003700,94609
3004190,94686
3004240,94685
3004241,94685
3004254,94695
3004523,94700
3004634,94441
3004851,94759
3004928,94759
3004957,94756
3005043,94791
3005102,94747
3005153,93303
3005273,94747
3005322,94804
3005442,94819
3005555,94839
3005801,94856
3005804,94303
3005929,94791
3006025,78322
3006042,94865
3006090,94888
3006143,94886
3006144,94886
3006301,94905
3006325,94903
3006379,94901
3006595,43343
3006620,94937
3006706,94914
3006707,94914
3006717,94914
3006774,94952
3007072,94970
3007112,94974
3007113,94974
3007114,94974
3007115,94974
3007167,94987
3007255,94996
3007285,89162
3007286,95000
3007342,95003
3007433,95015
3007534,95015
3007575,95002
3007586,95023
3007792,95038
3007875,95053
3007941,95055
3007943,95053
3007944,95053
3008035,95072
3008063,94974
3008214,95079
3008308,95078
3008309,95078
3008411,95038
3008448,95038
3008454,1576
3008455,1576
3008457,94048
3008814,95054
3008962,95054
3008963,95054
3008964,612
3008969,95152
3008978,95155
3009003,95105
3009107,94770
3009178,58270
3009556,95023
3009558,95214
3009582,94902
3009598,95016
3009715,95227
3010077,95263
3010179,95038
3010449,95027
3010474,95263
3010607,95308
3010642,17451
3010643,21960
3010649,67440
3010655,65405
3010658,76371
3010700,95305
3010940,94852
3011024,95038
3011047,95305
3011071,95340
3011142,94048
3011202,95308
3011451,95380
3011619,95400
3011713,95404
3011716,95404
3011717,95404
3011939,95418
3011940,95418
3011941,95418
3011942,95418
3012023,28616
3012111,95418
3012112,95418
3012188,95440
3012190,95440
3012441,94886
3012468,95226
3013064,95440
3013692,95567
3013743,95570
3013747,94350
3013817,17773
3013895,95448
3013907,91762
3014059,95598
3014219,95606
3014277,95608
3014278,95608
3014531,94675
3014532,94675
3014637,95606
3014785,95642
3015102,95658
3015399,95685
3015625,94949
3015691,45502
3015692,45502
3015693,45502
3015772,95642
3016215,95747
3016313,95767
3016524,95782
3016525,95782
3016545,95782
3016881,89623
3016922,95803
3017005,95828
3017105,95833
3017123,95839
3017151,95831
3017234,95844
3017302,95846
3017332,95848
3017411,95851
3017431,95638
3017432,95638
3017433,95638
3017434,95638
3017435,95638
3017468,95847
3017496,58791
3017565,95864
3017698,95873
3017845,95891
3017846,95891
3017847,95891
3017848,95891
3017852,95888
3017853,95891
3017940,95892
3018451,94949
3018857,95970
3019003,95891
3019030,95797
3019109,95994
3019186,95993
3019302,95996
3019309,95999
3019430,95965
3019431,95965
3019541,96026
3019542,96026
3019558,96027
3019699,95432
3019801,96046
3019802,96046
3019883,96046
3020250,88171
3020301,95996
3020347,96042
3020354,96042
3020370,53
3020371,95667
3020430,50
3020548,96105
3020549,96105
3020550,96105
3020649,96005
3020713,96133
3020809,96136
3020867,95719
3020892,96151
3020922,95735
3021109,96164
3021318,96174
3021319,96174
3021320,96174
3021385,96178
3021547,96005
3021745,96213
3021812,96214
3021902,96228
3021976,96214
3022033,96225
3022198,96236
3022249,96255
3022566,96278
3022592,86351
3022593,86351
3022594,86351
3022608,96236
3022611,96278
3023073,96278
3023162,96321
3023606,96359
3023623,96359
3023724,96372
3024562,96346
3024681,96441
3025057,96471
3025063,2547
3025123,96455
3025166,96482
3025244,96491
3025378,96483
3025442,96355
3025480,96504
3025481,96504
3025495,96500
3025496,96500
3025497,96500
3025597,96371
3025670,96336
3025671,96523
3025798,96525
3026022,96543
3026155,96553
3026272,96567
3026425,96543
3026505,93691
3026510,96563
3026584,40603
3026588,87816
3026943,96615
3027122,96613
3027239,96481
3027291,96639
3027410,96655
3027580,96664
3027581,96664
3027632,96651
3027633,96651
3027919,95868
3027959,96699
3027960,96699
3028155,96710
3028156,96710
3028233,96715
3028234,96715
3028235,96715
3028357,96720
3028466,96727
3028547,96739
3028643,96749
3028728,96751
3028763,96759
3028809,96764
3028821,96739
3028822,21023
3028823,96739
3028868,96765
3028904,96722
3029205,96799
3029407,96816
3029408,96816
3029464,96821
3029475,96766
3029486,96707
3029578,72533
3029635,96824
3029636,96829
3029647,72533
3029826,96720
3029850,96835
3029916,96790
3030112,96829
3030129,96867
3030938,96921
3030939,96921
3031244,96835
3031657,96979
3031685,96985
3032232,97012
3032233,97012
3032528,97023
3032536,96999
3032719,97051
3032744,97051
3032797,97015
3032814,95916
3032961,97055
3032998,60239
3033369,97092
3033535,97098
3033560,97116
3033624,96993
3033625,97098
3033631,97098
3033687,97116
3033688,97116
3033816,97127
3033873,97075
3034174,97165
3034197,97167
3034407,97180
3034408,97180
3034741,97132
3034742,97132
3034859,97206
3034860,97206
3035168,97228
3035253,97233
3035459,97237
3035492,97237
3035493,97237
3035508,97182
3035509,97182
3035510,97182
3035511,97182
3035566,97237
3035597,97236
3035821,97257
3036219,97280
3036954,97102
3036955,97102
3036956,97102
3037028,97325
3037599,97371
3037672,97186
3037712,97332
3037719,97315
3037816,97224
3038111,96738
3038236,97408
3038262,97411
3038288,97411
3038291,97406
3038348,97365
3038528,97365
3038557,97426
3038619,93818
3038620,93818
3039090,97456
3039106,97325
3039118,97456
3039399,74882
3039467,97471
3039575,97485
3039639,97484
3039640,97484
3039734,97490
3039735,97486
3039912,97515
3039913,97515
3040077,97530
3040244,97545
3040332,97556
3040432,97564
3040457,97564
3040470,59782
3040509,97565
3040674,97581
3040813,97596
3040931,97600
3040932,97600
3040960,97604
3041004,97605
3041101,97613
3041102,97613
3041103,97613
3041318,97638
3041899,97659
3041900,97659
3042132,97662
3042279,97686
3042416,97659
3042417,97659
3042558,97703
3042636,97656
3042689,96809
3042851,97737
3042859,97709
3043023,97680
3043100,97734
3043259,87403
3043386,97777
3043564,97796
3043797,97755
3044197,97822
3044812,97760
3044813,97768
3044816,97863
3044836,47506
3044856,97845
3045038,97899
3045039,97899
3045290,97843
3045362,97912
3045456,97929
3045584,97912
3045769,97912
3046985,72790
3047012,96377
3047059,98961
3047109,98961
3047135,97947
3047336,97945
3047360,98979
3047386,97858
3047728,98966
3047836,99014
3048006,73379
3048131,97858
3048262,98986
3048266,99009
3048321,99048
3048375,99051
3048525,99053
3048597,41861
3048651,99069
3048739,99065
3049042,99085
3049081,99080
3049359,99080
3049394,99106
3049554,99094
3049584,99121
3049854,99129
3049855,99121
3050049,97899
3050183,98966
3050193,99140
3050196,99140
3050324,99126
3050491,99126
3050492,99126
3050661,99174
3050662,99174
3050682,99172
3050883,99192
3051043,99171
3051114,99180
3051183,99192
3051509,99048
3052009,99263
3052021,99267
3052033,99267
3052034,99267
3052108,99267
3052120,99174
3052192,99174
3052505,99299
3052507,99299
3052508,99299
3052509,99299
3052524,99145
3052525,99145
3052588,99309
3052597,99284
3052648,99309
3052778,99317
3052864,99325
3052869,97896
3052921,99158
3052930,99331
3053028,62466
3053150,99344
3053359,97896
3053977,99386
3054283,99398
3054431,13326
3054555,99425
3054599,99423
3054702,99424
3054814,99406
3054821,99376
3054849,99206
3054991,1963
3054996,99238
3055228,99425
3055352,99425
3055500,99484
3055772,99500
3055913,99416
3056102,98961
3056104,99495
3056868,69882
3056947,99572
3057018,99574
3057029,99527
3057289,99586
3057403,99579
3057594,97343
3057755,99621
3058061,99634
3058062,99634
3058063,99634
3058122,99643
3058123,99643
3058129,99643
3058236,99652
3058492,99634
3058785,99667
3059227,99686
3059413,99709
3059503,99699
3059801,99558
3059854,99619
3059966,99744
3060194,99761
3060249,99765
3060460,99779
3060525,97796
3060536,99778
3060565,99778
3060727,99736
3060930,99784
3061282,99820
3061452,99819
3061471,99819
3061600,99838
3061814,99846
3061921,99862
3061986,61996
3061987,99870
3062079,97246
3062126,99874
3062163,99867
3062440,99893
3062514,99870
3062628,99835
3062836,99820
3062955,99907
3062960,99924
3062968,99925
3062970,99925
3063273,99935
3063283,99935
3063337,99936
3064352,99988
3064406,99924
3064416,100000
3064752,100017
3064962,100017
3065166,100044
3065288,100044
3065519,100055
3066319,100041
3066320,100041
3066356,100093
3066566,100105
3066665,100105
3067610,100154
3067636,100153
3067669,100153
3067912,100140
3067962,100151
3067963,100167
3067978,100175
3068004,100168
3068095,100168
3068160,100188
3068332,100175
3068333,100175
3068556,100236
3068655,100242
3068824,93773
3068895,100193
3068899,100255
3069168,100175
3069169,100175
3069223,100267
3069225,100258
3069266,100257
3069361,100267
3069362,100267
3069551,100211
3069774,100303
3069775,100313
3070084,100334
3070085,100334
3070207,100281
3070458,100354
3070487,100365
3070539,100348
3070540,100348
3070776,100358
3070785,92141
3071027,100358
3071040,100408
3071077,97832
3071086,97832
3071152,100414
3071153,100414
3071246,100357
3071329,100357
3071330,100357
3071331,100357
3071332,100357
3071432,100417
3071894,100459
3072208,100424
3072253,100439
3072567,100506
3072760,100484
3073339,100434
3074060,100594
3074612,100334
3075036,100653
3075095,100652
3075294,100668
3075538,100682
3075757,100449
3075758,100449
3077233,95883
3077241,100688
3079826,100746
3079896,100748
3080257,100752
3081828,100781
3082103,100772
3082306,87613
3082947,87613
3083076,100797
3084147,96037
3084302,100785
3084682,100792
3085003,97023
3085497,100792
3085788,100808
3086020,100838
3086337,100865
3086668,100882
3087106,100728
3087639,100919
3087758,100919
3087790,100924
3087926,100920
3088065,89659
3088226,100926
3088227,100926
3088363,100933
3088364,100933
3088368,100935
3088876,100636
3089125,100933
3090394,100976
3091365,100998
3091366,100998
3091376,100998
3091380,100998
3092530,101038
3092531,101038
3092533,101037
3092535,101042
3092956,101049
3094110,100673
3094640,101072
3094993,101074
3095327,100974
3095528,101074
3095595,100926
3095777,101102
3096017,99907
3096093,101102
3096428,101116
3096446,101125
3096557,101125
3096725,101135
3096726,101135
3096804,101136
3096935,101150
3097202,101125
3097472,101159
3097527,101125
3097542,101159
3097836,101136
3098077,101181
3098078,101181
3098556,101073
3098638,101204
3099269,101084
3099654,101084
3100706,101243
3100803,101242
3101511,101253
3101530,101116
3101713,101274
3101999,101208
3102026,101300
3102577,101274
3103142,15287
3103143,15287
3103144,15287
3103212,101310
3103242,101315
3103408,101318
3104417,101181
3104423,77634
3105030,101358
3105031,101358
3105032,101358
3105244,101318
3107716,101413
3108582,101354
3108667,48473
3109057,101391
3109590,101455
3110699,101474
3110844,101455
3111047,101263
3111108,97845
3111397,101485
3111482,101471
3112027,101477
3112079,101416
3112617,101499
3113198,101501
3114287,101511
3117119,101547
3117120,101547
3117522,101570
3119005,4544
3119179,102593
3119180,102593
3119256,102612
3119311,102616
3120069,101401
3120232,101560
3120272,102669
3120412,102674
3120416,102674
3120417,102674
3121046,102714
3121047,102714
3121343,102709
3121344,102709
3121449,102756
3121520,102714
3121761,102720
3121832,102773
3121858,102778
3121961,102787
3121973,102787
3122120,102787
3122140,102802
3122218,38548
3122278,102811
3122301,102791
3122375,102791
3122561,102835
3122638,102841
3122665,102842
3122919,102785
3122921,102785
3122922,102785
3122923,102785
3123003,102846
3123140,102875
3123323,102883
3123351,102883
3123405,102883
3123406,102892
3123407,102892
3123546,102900
3123651,102906
3123845,102925
3123877,102929
3123957,102925
3124193,102900
3124434,102857
3124490,102961
3124491,102961
3124522,102961
3124764,102960
3124836,18281
3124837,18281
3124919,102995
3124951,102882
3124952,102882
3124953,102882
3124954,102882
3124955,102882
3125088,43217
3125145,94048
3125146,102934
3125169,50745
3125178,1576
3125200,102835
3125251,103001
3125324,85393
3125325,85393
3125676,102903
3125692,103019
3125781,103043
3125782,103043
3126044,102882
3126045,102882
3126046,102882
3126047,102882
3126048,102882
3126200,103073
3126311,102786
3126384,103075
3126898,103077
3127006,103115
3127054,103084
3127097,103128
3127202,103137
3127203,103137
3127384,103150
3127406,103077
3127426,102974
3127457,103137
3127458,103137
3127459,103137
3127460,103137
3127504,82307
3127535,103150
3127544,103150
3127547,103150
3127557,103150
3127657,103164
3127678,103162
3127679,103164
3127759,103164
3128110,102998
3128111,102998
3128469,103217
3129197,103261
3129396,103280
3129501,103296
3129514,103252
3129515,103252
3129530,103252
3129583,102720
3129643,103310
3129753,103309
3129831,103298
3129886,50538
3129996,102720
3130046,103338
3130186,103341
3130247,103345
3130248,103345
3130556,103367
3130715,103348
3130763,103345
3131340,103416
3131345,89838
3131675,103416
3131712,103413
3131861,103443
3131924,103448
3131925,103448
3131926,103448
3131929,103448
3132033,103453
3132190,103150
3132374,103475
3132756,103503
3132826,103506
3132833,103506
3132847,103506
3133588,103483
3133589,103483
3133662,92157
3133878,103549
3133957,103569
3133961,103564
3133988,10419
3134288,103602
3134429,103607
3134443,103613
3134561,103613
3134816,103625
3135428,103672
3135435,103671
3135461,103677
3135583,103598
3135711,103681
3135836,103356
3135936,103715
3136199,103726
3136200,103726
3136329,103684
3136341,103735
3136432,103737
3136564,103759
3136640,103684
3136788,103781
3136916,103786
3136950,103741
3137035,103718
3137036,103718
3137037,103718
3137038,103718
3137085,103797
3137382,103813
3137383,103813
3137496,103797
3138146,103876
3138195,103821
3138340,95250
3138360,103734
3138401,103896
3138499,103572
3138500,103572
3138520,103906
3138521,103906
3138572,103907
3138614,103911
3138995,103657
3139217,103882
3139236,103953
3139256,16331
3139282,16331
3139492,103969
3139515,103930
3139958,103998
3140149,104003
3140335,104029
3140494,104034
3140590,104047
3140662,104045
3140940,90187
3140948,104051
3141272,104049
3141644,104101
3141651,104109
3141707,104113
3141754,104110
3141815,104117
3141885,104109
3141912,103459
3141991,104115
3141992,104115
3141997,103783
3142002,104110
3142003,104136
3142014,103783
3142024,67204
3142173,104113
3142238,104146
3142380,104115
3142407,104135
3142473,18450
3142576,104146
3142844,104188
3142859,104194
3145236,104212
3145323,104203
3146039,104250
3146135,104250
3146178,104249
3146278,104263
3146331,103857
3146356,104248
3146387,86871
3146470,104274
3146610,104277
3146631,103989
3146984,103356
3147236,104249
3147499,84272
3147584,104321
3147735,84272
3147737,102892
3148080,104306
3148160,104347
3148467,104348
3148480,104347
3148556,104359
3148569,104348
3148802,104397
3148820,104399
3148879,104403
3148934,104403
3149010,104403
3149011,104403
3149162,104402
3149232,104335
3149233,104335
3149234,104335
3149235,104335
3149251,104426
3149302,104421
3149381,104409
3149382,104409
3149462,104444
3149575,104444
3149645,104461
3149646,104461
3149647,104461
3149829,104468
3149901,104336
3150294,104496
3150453,104391
3150531,56997
3150532,104496
3150554,104487
3150589,104520
3150600,99104
3150604,104487
3150645,104488
3150701,104500
3150881,104540
3150929,104528
3150930,104528
3151067,104558
3151068,104558
3151069,104558
3151239,104571
3151266,104567
3151303,104567
3151498,104595
3151499,104595
3151631,104598
3152046,104306
3152174,18848
3152232,104652
3152366,104664
3152367,104664
3152434,104508
3152579,104040
3152642,103677
3152664,104684
3152849,103459
3152850,103459
3152851,103459
3152978,104712
3153021,104713
3153189,104666
3153414,104040
3153415,104040
3153524,104749
3153850,102610
3153902,90991
3153907,104787
3153908,104787
3154018,104744
3154049,80380
3154105,103193
3154244,104810
3154258,104806
3154259,104806
3154376,104779
3154850,104713
3155354,95036
3155418,104890
3155435,104889
3155465,104896
3155627,104769
3155740,104876
3155774,104876
3155837,104926
3156057,104941
3156229,104890
3156709,104725
3156722,104968
3156886,104970
3157078,104970
3157195,105027
3157483,105037
3157623,105037
3157657,105028
3157678,96018
3157766,104029
3157776,104991
3157830,105070
3157941,2691
3157952,105028
3158419,105108
3158438,105109
3158490,105108
3158524,105109
3158699,105100
3158819,104525
3158915,105122
3158971,105023
3159315,105149
3159390,18596
3159694,105159
3159761,105164
3160192,105206
3160213,105209
3160549,105202
3160562,105202
3160751,105230
3160905,105239
3160959,105239
3161002,105239
3161509,105273
3161510,105273
3161515,105266
3161552,105277
3161553,105264
3161570,105263
3161595,105283
3161829,105260
3161830,105260
3161884,105301
3162087,105219
3162088,105219
3162089,105219
3162139,105316
3162537,105337
3162627,105346
3162628,105346
3162736,105351
3163074,105370
3163075,105370
3163459,105387
3163466,105384
3163484,105382
3163517,105309
3163720,105405
3163874,105415
3164029,105395
3164119,43499
3164146,105432
3164382,105441
3164701,105439
3164702,105439
3164713,105466
3164714,105466
3164715,105466
3164736,105472
3164787,105472
3164799,105471
3164800,105471
3165179,105435
3165369,94215
3166032,105403
3166082,105489
3166083,105489
3166220,105539
3166272,105545
3166273,105545
3166340,105298
3166410,105542
3166891,105570
3166915,105589
3166988,105592
3167142,105599
3167276,105510
3167277,105510
3167649,100943
3167650,105488
3167707,105623
3167907,105635
3167945,105593
3167951,105488
3167982,105643
3168144,53
3168213,105593
3168214,105657
3168373,105661
3168395,105655
3168396,105655
3168421,105664
3168490,105671
3168959,105679
3169045,105704
3169311,105657
3169518,105720
3170204,105757
3170226,105760
3170234,105762
3170245,105760
3170479,105611
3170480,105611
3170549,105773
3170706,105468
3171189,105309
3171201,105309
3171446,105822
3171641,105817
3171672,105831
3171815,105681
3171816,105681
3171817,105681
3171818,105681
3171819,105681
3171820,105681
3171821,105681
3172210,105858
3172239,105858
3172369,105863
3172463,97150
3172587,105611
3172588,105611
3172950,105883
3173091,105898
3173092,105898
3173093,105898
3173181,105906
3173393,99488
3173468,83291
3173469,83291
3174024,105941
3174497,105946
3174974,105712
3174991,105977
3175091,105977
3175267,105993
3175281,105993
3175678,106003
3175835,105941
3175847,106016
3176128,30456
3176134,106025
3176356,106038
3176729,105878
3176789,106063
3176900,106068
3177015,106063
3177029,105873
3177300,105764
3177315,106084
3177440,106091
3177758,105985
3178030,106070
3178178,61417
3178697,100955
3179697,106210
3179881,106206
3180265,105128
3180722,85954
3180775,86711
3180817,106264
3180818,106264
3180819,106264
3180820,106264
3180871,87224
3180872,87224
3180879,89769
3181077,106283
3181120,106286
3181346,106286
3181440,106302
3181581,106308
3181647,106309
3181669,106309
3181682,106309
3181683,106309
3181860,106320
3182207,106325
3182255,106346
3182256,106346
3182515,106369
3182651,56971
3182652,56971
3182761,106358
3182939,106381
3183034,106395
3183080,106392
3183081,106392
3183155,106386
3185657,106405
3185978,107448
3186168,107430
3186383,107473
3186384,107473
3186623,107461
3186639,107501
3186879,107520
3186913,107514
3186914,107522
3186927,107520
3186930,107522
3186938,107522
3186942,105924
3186964,107522
3187709,107572
3187710,107574
3187840,107572
3187841,107572
3187936,107574
3187937,107574
3188085,107593
3188136,107599
3188353,107601
3188489,106318
3188750,107610
3188776,107640
3188940,107442
3189072,107551
3189073,107551
3189201,101031
3189386,107683
3189436,107610
3189609,105599
3189627,107691
3190053,107691
3190144,107617
3190145,107617
3190352,107668
3190391,107717
3190642,107734
3197635,107758
3197636,107767
3206212,107805
3206223,107803
3207600,107810
3210880,107807
3211227,107817
3211583,107823
3216383,107834
3217237,107758
3218476,107883
3218496,107879
3218534,107888
3218659,43451
3218664,107661
3218837,107870
3218888,107883
3218962,107912
3219052,106389
3219079,107929
3219232,107945
3219243,107951
3219622,107956
3219754,107980
3219805,107980
3219851,72569
3219932,50
3220006,108013
3220031,108012
3220226,108036
3220478,108060
3220548,108065
3220563,108069
3220717,108078
3220718,108078
3220719,108078
3220720,108078
3220738,108065
3220864,108054
3220869,108085
3221111,106318
3221136,108111
3221660,108085
3221893,107901
3222172,108132
3222293,108166
3222459,108199
3222460,108199
3222461,108199
3222462,108199
3222506,108207
3222529,108207
3222530,108199
3222601,108211
3222773,108221
3222949,108230
3223132,108159
3223133,108159
3223395,107599
3223479,108261
3223922,108269
3223963,108297
3224060,108297
3224120,108267
3224162,108278
3224212,108269
3224356,18814
3224699,108345
3224700,108345
3224871,108248
3225189,108374
3225703,106371
3225934,108396
3226139,108427
3226448,108449
3226485,108201
3226590,106371
3226662,108467
3227007,97556
3227008,97556
3227032,59434
3227263,108500
3227264,108500
3227356,108506
3227917,108524
3228515,106153
3228991,108537
3229143,108457
3229393,108215
3229441,104713
3229598,108567
3229699,108578
3230100,108616
3230325,108640
3230509,108657
3230510,108657
3230956,108577
3231056,108705
3231074,108697
3231128,108697
3231243,108707
3231263,47764
3231482,108727
3231597,108745
3231774,108757
3232243,103316
3232669,103723
3232688,108820
3232775,108834
3232945,30818
3232958,108849
3233017,108784
3233100,108861
3233123,108689
3233298,108874
3233367,108641
3233441,108882
3233452,22968
3233453,22968
3233464,2111
3233493,108894
3233735,96609
3233844,108911
3233995,108927
3234093,108911
3234163,108945
3234164,108945
3234165,108945
3234166,108945
3234167,108945
3234268,108877
3234318,108837
3234319,108837
3234438,108925
3234495,108964
3234814,108983
3234872,108987
3234955,108991
3235013,108984
3235165,108983
3235340,109024
3235406,109028
3235485,108984
3235589,108974
3235739,109050
3235750,108343
3235751,108343
3235845,109063
3235991,109076
3236038,109071
3236079,109079
3236182,24712
3236408,108779
3236534,109129
3236565,109130
3236567,108928
3236724,109142
3237320,108931
3237599,70469
3237651,109207
3237984,109224
3237985,109210
3238140,109206
3238176,109243
3238884,109288
3238900,109206
3239070,109216
3239071,109216
3239456,109322
3239846,109352
3239867,109322
3239868,109322
3239869,109322
3239916,109297
3240033,109365
3240034,109365
3240035,109365
3240707,109387
3240855,109420
3241358,109341
3241456,109299
3241773,109451
3241858,109456
3241988,109480
3242496,109489
3242553,109499
3243060,109538
3243170,109467
3243230,109549
3243403,109551
3243404,109543
3243458,109559
3243469,109551
3243488,109557
3243585,109564
3243652,109549
3243663,109549
3243751,109562
3243878,109569
3243963,109447
3244203,109597
3244204,109597
3244417,109617
3244513,109620
3244514,109620
3244515,109620
3244745,109627
3245242,109599
3245264,109673
3245387,109599
3245415,109338
3245433,109669
3245516,109698
3245517,109696
3245594,109706
3245729,109708
3245910,109703
3245911,109703
3246175,109726
3246350,109712
3246366,109757
3246367,109757
3246461,109712
3246503,109708
3246521,109712
3246562,109735
3246696,109796
3246727,109789
3246787,109747
3247164,109824
3247273,109835
3247393,109789
3247886,109869
3247993,109878
3248236,97257
3248254,17816
3248480,109922
3249120,108928
3249657,110005
3249658,110005
3249874,110006
3249999,109751
3250370,82307
3250373,110038
3250518,110064
3250519,110064
3250541,105795
3250823,109990
3251382,64938
3251464,110122
3251475,64938
3251476,64938
3251477,64938
3251570,110122
3251616,110127
3251674,110129
3251675,110129
3251915,110145
3252274,110173
3252369,110185
3252370,110185
3252404,110185
3252514,110171
3252537,110189
3252571,110194
3252700,110203
3253130,110205
3253577,95883
3253710,69173
3254138,110293
3254147,109617
3254242,110272
3254357,110303
3254793,110344
3254804,108374
3254854,110293
3254861,110323
3254910,110348
3254911,110348
3255008,110348
3255568,110306
3255653,93787
3256409,110417
3256489,110410
3256490,110410
3256536,110426
3256547,110416
3256815,110426
3256839,110405
3257521,110469
3257589,110476
3257714,49911
3258216,110513
3258479,110508
3258480,110508
3258485,110508
3258486,110508
3258490,2151
3258491,110508
3258510,95641
3258511,95641
3258573,5042
3258574,95431
3258619,71700
3258759,71700
3259409,110597
3259452,110530
3259527,110025
3259528,110025
3259529,110025
3259648,110613
3259654,110613
3259665,56124
3259666,110619
3259775,110613
3259800,110608
3260182,110659
3260660,110707
3260680,110671
3260681,110671
3260701,110671
3260792,100438
3260854,110727
3260865,110728
3260866,110728
3260867,110728
3260884,26792
3260941,67342
3261272,90386
3261289,110748
3261347,110767
3261348,110690
3261379,110681
3261380,110681
3261559,110784
3262077,110827
3262226,110832
3262406,110848
3262422,110688
3262513,48786
3262514,48786
3262693,110597
3263101,7757
3263209,110874
3263278,107574
3263656,110922
3263770,110933
3263845,110938
3263899,110943
3263963,110943
3264247,110968
3264610,110955
3264711,110772
3265011,111002
3265047,110997
3265324,110997
3265325,110968
3265326,111002
3265621,111044
3265622,111044
3265817,110004
3265912,110968
3265998,111087
3265999,111087
3266010,111100
3266409,94716
3266468,110249
3266539,111077
3266654,110671
3266836,111140
3266959,111163
3266994,94716
3267005,111149
3267480,111170
3267581,111175
3267620,110941
3267802,111224
3267840,111225
3267935,105003
3267950,90443
3268087,111255
3268284,111264
3268388,111262
3268637,111189
3268668,111297
3268718,111302
3268740,69898
3268759,111283
3268915,91799
3268927,111305
3269055,111319
3269087,111319
3269579,111355
3269789,111352
3269849,111341
3269874,111192
3270576,111421
3270577,111421
3270578,111421
3270641,111419
3270757,111440
3271320,2315
3271406,111440
3271448,111445
3271542,111454
3271568,111482
3271603,111519
3271785,111526
3271786,111526
3272040,111526
3272217,111556
3272226,111556
3272622,111475
3272623,111475
3272624,111475
3272625,111475
3272646,111385
3272781,111611
3272868,111621
3274361,111644
3274958,111645
3274959,111645
3275644,111645
3276835,111596
3276836,111596
3281438,111645
3281835,111716
3282774,111683
3282775,111683
3282820,111738
3282861,111683
3282862,111751
3282863,111754
3282864,111748
3282865,111764
3282866,111745
3282867,111463
3282868,111463
3290545,111768
3290733,100594
3290734,111792
3291861,111802
3291862,111802
3292805,111815
3292904,111813
3294902,111835
3295025,111824
3295285,111843
3295381,111835
3295382,111813
3295561,111843
3296323,111857
3297015,111884
3297016,111884
3297017,111884
3299261,111933
3299381,99967
3300504,49495
3300505,111970
3300810,111978
3301254,112021
3301444,107458
3301626,112050
3301724,111951
3301725,111951
3301726,111951
3301743,112020
3301811,111391
3301916,112055
3302029,107803
3302035,112007
3302213,111965
3303018,111544
3303416,112096
3303434,112116
3303513,111865
3303529,112163
3303787,112172
3303881,112174
3303882,112174
3304238,112055
3304449,112204
3304544,112171
3305382,112267
3305543,112278
3305597,112259
3305622,72325
3305873,112300
3306055,105690
3306155,112015
3306156,109819
3306382,112300
3306481,112339
3306588,82497
3306589,82497
3306590,109207
3306622,109207
3306623,109207
3306704,112359
3306705,112359
3306781,112351
3306841,70783
3306985,112380
3307019,112386
3307079,112383
3307080,112383
3307429,112405
3307430,112405
3307893,112420
3307915,112410
3308018,112383
3308019,29038
3308205,112475
3308206,109644
3308261,112414
3308262,112414
3308744,112511
3308992,112511
3309180,112545
3309479,112287
3309941,112607
3309964,112515
3310064,112598
3310065,112598
3310066,112598
3310067,112569
3310091,112147
3310130,112631
3310131,112631
3310132,112631
3310184,112626
3310632,112626
3310647,112665
3310720,112665
3310742,112689
3310802,112682
3310803,112698
3310823,112677
3310842,112692
3310944,112705
3310973,112708
3311001,112708
3311354,112607
3311553,5935
3311653,112749
3311654,112749
3311772,112769
3311773,112769
3311774,112769
3311797,90378
3311826,112762
3311827,112762
3311933,112692
3311934,112147
3311971,112769
3312026,112789
3312053,112785
3312054,112692
3312055,112779
3312056,13530
3312143,48425
3312222,112705
3312250,112779
3312392,112801
3312393,112814
3312394,112789
3312395,112789
3312396,112814
3312397,112814
3312465,112785
3312679,112831
3312851,112831
3313799,112891
3314215,112919
3314362,112919
3314363,112919
3314448,112910
3314546,112946
3314590,107619
3314591,107619
3314722,112937
3314723,112937
3316475,113023
3316565,113026
3316566,113026
3316567,113026
3316568,113026
3316569,113020
3316570,113026
3316804,113028
3316805,113028
3316806,113023
3317221,113053
3317277,89982
3317278,89982
3317727,113087
3317965,113107
3317966,33785
3318296,113079
3318636,113108
3318657,112880
3318696,113108
3318743,113156
3318776,112941
3318777,72940
3318804,113153
3318904,112882
3319312,107758
3319313,113194
3319414,113205
3319495,113194
3319799,113230
3319800,113230
3320012,107758
3320134,113256
3320188,113263
3320312,113252
3320360,113043
3320548,67502
3320582,107619
3320683,113295
3320684,113043
3320846,113305
3321148,113327
3321280,113338
3321428,113305
3321649,106132
3321994,113334
3322274,111058
3322450,113417
3322451,113428
3322518,113454
3322564,13186
3322602,113334
3322603,112147
3322792,113464
3322852,113454
3322892,113464
3322912,113485
3322913,113468
3323443,113525
3323544,113540
3323551,113540
3323565,113526
3323915,111905
3324158,113602
3324159,113602
3324193,111746
3324194,113602
3324205,113598
3324206,113598
3324290,113594
3324306,113087
3324398,38668
3324709,113644
3324788,113651
3324907,113087
3324936,111840
3324937,113646
3325371,113680
3325372,113683
3325520,113674
3325757,113680
3325758,113680
3325759,113680
3325760,113707
3325761,113626
3325887,113717
3325958,113722
3325959,113723
3326314,73613
3326433,113750
3326817,113711
3326954,107758
3327049,113780
3327085,113781
3327331,113781
3327435,113766
3327436,113766
3327791,113804
3327792,113804
3328550,113851
3329041,113844
3329083,113877
3329084,113877
3329147,113831
3329190,113831
3329231,113860
3329632,113894
3329814,113925
3330203,113936
3330366,113936
3330824,109877
3330825,113877
3330863,113972
3330879,113877
3331152,46209
3331511,114017
3331711,114027
3331719,114027
3331972,113965
3331973,113965
3331974,113965
3331975,114042
3332073,114043
3332074,114043
3332094,113965
3332122,114043
3332910,114103
3332990,70238
3333062,114074
3333109,114123
3333124,114119
3333905,114174
3334086,114189
3334125,114195
3334156,113994
3334157,113994
3334295,85766
3334296,114149
3334297,114149
3334298,114210
3334791,114255
3334797,114146
3334929,114146
3334949,113526
3335013,114212
3335073,114203
3335107,114203
3335607,53107
3335608,41881
3335609,44086
3335790,114195
3335957,114355
3336011,114240
3336040,114366
3336121,114374
3336305,114254
3336413,114221
3336470,114394
3336471,114394
3337063,81469
3337744,114211
3337858,114474
3338093,114490
3338213,114481
3338370,114211
3338552,114516
3338677,114523
3338999,114527
3339118,114527
3339254,114516
3339341,114516
3339643,114564
3339946,114516
3339994,114583
3340423,114591
3340552,114583
3340553,113851
3340701,114636
3340702,114610
3340704,114610
3340705,114536
3340706,114672
3340707,114678
3340708,114411
3340709,114411
3340710,114411
3340711,114610
3340712,114688
3340713,114687
3340714,114687
3340716,114692
3340718,114692
3340719,114674
3340720,114752
3340721,91663
3340722,114763
3340723,114674
3340724,114786
3340725,114796
3340726,114775
3340727,114775
3340728,82992
3340729,82992
3340730,114845
3340731,114842
3340732,114859
3340733,114868
3340734,114322
3340735,58141
3340736,114859
3340737,114906
3340738,114928
3340739,114928
3340740,114928
3340741,114928
3340742,114928
3340743,114928
3340744,114042
3340745,114950
3341567,113577
3341568,114926
3341569,115001
3341570,115009
3341571,115020
3341572,115019
3341573,115019
3341574,115024
3341575,114926
3341576,115071
3341577,115087
3341578,115090
3341579,115093
3341580,74334
3341581,115098
3341582,115100
3341583,115154
3341584,115154
3341585,115154
3341586,115192
3341587,115192
3341588,115192
3341589,115093
3341590,15423
3341591,115264
3341592,115285
3341593,115258
3344604,115246
3355106,115304
3356543,115327
3356544,115327
3356545,115327
3356577,104882
3356634,115343
3356635,115304
3356755,115327
3356789,115360
