src,dst
13,58
19,6
57,66
59,66
75,71
89,22
110,94
116,22
140,87
147,102
204,24
205,24
228,22
239,128
240,22
263,22
281,81
292,142
303,142
305,142
328,138
334,158
346,158
350,158
351,158
354,158
355,158
359,158
360,158
363,158
368,71
371,71
406,90
414,80
420,169
432,1356
438,24
449,148
459,83
487,18
500,71
522,154
568,138
569,138
571,138
580,138
584,196
585,206
586,206
591,212
595,87
596,212
597,212
598,212
602,87
605,87
616,81
622,57
634,187
673,90
685,80
687,80
722,229
724,229
738,22
817,24
818,24
825,24
830,24
837,24
867,57
869,57
937,154
943,252
1015,128
1019,253
1021,253
1027,128
1029,128
1077,210
1083,83
1109,81
1111,81
1136,71
1139,71
1155,39
1197,212
1222,212
1233,71
1237,144
1250,83
1266,39
1279,196
1283,13
1289,253
1313,144
1357,223
1371,223
1394,116
1400,3807
1404,8
1423,251
1428,88
1430,88
1431,88
1444,197
1445,197
1454,253
1457,253
1468,11
1508,214
1577,223
1589,166
1599,81
1641,220
1656,138
1660,39
1663,39
1667,71
1675,35
1683,220
1696,77
1714,66
1718,7
1733,61
1735,251
1804,196
1813,253
1814,253
1816,253
1818,253
1819,253
1824,253
1830,128
1889,223
1895,223
1908,253
1912,253
1933,87
1941,88
1959,71
1965,71
1996,7
1999,7
2014,297
2019,297
2041,9426
2081,255
2095,284
2119,346
2123,128
2134,352
2159,71
2166,251
2184,253
2186,253
2188,253
2190,253
2192,253
2194,253
2196,253
2198,253
2221,352
2238,196
2244,339
2265,413
2275,413
2284,417
2289,427
2298,434
2299,434
2302,434
2304,434
2305,434
2309,434
2313,434
2332,110
2355,251
2379,434
2389,439
2399,455
2405,75
2406,460
2409,460
2441,5
2471,88
2474,469
2511,196
2513,196
2519,442
2592,339
2605,500
2643,9426
2653,288
2662,196
2685,253
2687,253
2697,9426
2720,158
2749,81
2771,253
2776,253
2778,253
2780,253
2782,253
2786,253
2788,253
2804,445
2838,284
2842,527
2843,452
2873,334
2898,39
2903,253
2905,253
2908,253
2937,87
2938,87
2952,485
2963,5
2972,485
2975,485
2976,485
2981,9426
2997,445
3053,5
3078,8
3081,595
3082,595
3089,253
3092,253
3095,597
3110,439
3112,439
3113,439
3127,57
3130,57
3135,57
3141,57
3158,287
3163,57
3183,253
3186,253
3189,253
3195,3807
3266,222
3284,253
3288,214
3294,87
3314,582
3352,446
3353,446
3360,253
3363,253
3369,632
3372,339
3374,339
3377,632
3399,582
3402,253
3415,461
3422,427
3426,51
3427,51
3429,253
3435,87
3442,87
3467,87
3469,641
3480,253
3514,39
3560,439
3606,253
3638,373
3649,253
3656,253
3660,253
3664,253
3674,90
3678,677
3689,81
3704,261
3713,261
3740,253
3741,253
3753,253
3759,71
3762,71
3778,3807
3786,94
3805,573
3819,196
3832,253
3844,705
3854,439
3865,641
3872,5
3874,717
3889,358
3904,287
3925,253
3927,253
3940,77
3953,352
3957,445
3970,71
4013,721
4017,439
4019,439
4020,439
4038,197
4059,595
4061,595
4080,71
4105,253
4107,253
4109,253
4124,253
4126,253
4128,253
4176,582
4178,582
4181,114
4184,253
4188,114
4200,253
4216,71
4231,485
4237,705
4242,253
4245,253
4258,196
4295,797
4296,797
4297,797
4298,797
4299,797
4300,797
4308,795
4319,595
4320,595
4321,595
4322,595
4345,229
4373,806
4374,806
4379,253
4384,807
4396,812
4397,812
4399,253
4420,595
4430,71
4435,795
4453,806
4457,253
4459,253
4463,253
4465,253
4468,253
4470,253
4471,71
4480,697
4486,394
4491,253
4492,827
4519,434
4542,439
4546,582
4547,582
4575,595
4576,595
4583,18
4591,5
4593,223
4598,51
4600,51
4612,582
4622,71
4626,582
4679,287
4683,394
4728,339
4744,632
4749,22
4753,394
4755,223
4785,251
4803,455
4808,214
4867,5
4878,871
4948,795
4953,291
4965,251
5058,795
5067,520
5071,842
5114,253
5127,253
5132,39
5155,339
5156,339
5213,456
5222,595
5233,253
5236,33
5239,930
5240,930
5269,253
5270,253
5283,942
5285,527
5297,139
5308,807
5326,955
5349,253
5364,394
5377,632
5380,705
5399,439
5402,963
5403,595
5404,595
5405,595
5431,5
5506,641
5544,253
5547,253
5548,253
5550,253
5554,253
5585,643
5593,148
5614,968
5616,253
5619,933
5622,933
5634,339
5654,251
5656,835
5659,253
5662,253
5665,253
5668,253
5670,253
5675,573
5682,82
5695,253
5697,253
5703,850
5713,850
5729,253
5731,253
5733,253
5768,196
5771,439
5789,291
5810,991
5812,287
5849,442
5887,573
5895,573
5897,850
5902,253
5905,253
5910,253
5911,850
5913,291
5933,339
5965,88
5967,930
6038,697
6042,952
6081,251
6101,573
6120,253
6137,253
6140,253
6163,253
6165,253
6167,253
6175,850
6208,253
6209,990
6214,253
6241,253
6260,183
6274,253
6288,930
6290,930
6293,8
6295,1035
6301,835
6302,835
6305,573
6318,253
6320,253
6342,183
6347,339
6352,1356
6372,850
6373,253
6386,976
6392,930
6394,930
6399,573
6400,442
6401,595
6402,595
6403,442
6409,1059
6410,930
6432,976
6436,253
6442,1036
6462,71
6464,930
6467,919
6471,253
6476,253
6495,442
6498,442
6500,930
6502,956
6508,253
6519,930
6533,25
6537,71
6545,573
6549,253
6577,253
6580,961
6581,529
6582,529
6583,529
6616,1077
6617,1077
6623,434
6637,253
6669,253
6671,253
6673,253
6678,253
6681,253
6692,170
6701,930
6718,253
6721,253
6770,573
6771,339
6829,66
6836,253
6848,1101
6851,221
6876,221
6884,930
6885,930
6891,439
6892,291
6903,930
6910,1077
6912,1077
6943,930
6951,930
6952,930
7011,930
7016,88
7020,253
7023,253
7032,287
7064,1356
7073,1356
7086,339
7091,442
7092,930
7095,641
7118,88
7122,689
7126,253
7131,930
7133,930
7144,961
7155,961
7156,961
7165,930
7167,930
7204,930
7207,334
7211,442
7216,961
7232,442
7235,442
7240,1356
7242,961
7248,930
7284,291
7300,930
7301,1077
7306,442
7310,976
7311,976
7337,287
7346,930
7349,1077
7376,955
7377,955
7379,955
7380,955
7381,955
7382,955
7393,71
7397,22
7399,930
7417,806
7431,930
7440,229
7445,442
7458,263
7461,442
7465,442
7477,930
7510,842
7514,442
7543,253
7558,401
7606,253
7618,930
7622,930
7625,930
7627,442
7628,442
7636,229
7646,1150
7652,930
7668,253
7687,71
7691,1153
7720,930
7725,961
7734,930
7746,1161
7749,1169
7761,573
7771,930
7775,229
7777,442
7805,930
7815,339
7824,582
7849,71
7854,930
7855,930
7862,5
7863,795
7873,71
7919,291
7920,291
7926,705
7929,253
7931,253
7933,253
7935,253
7936,961
7939,253
7941,253
7943,253
7945,253
7955,705
7957,930
7970,955
7999,930
8034,456
8037,456
8038,930
8049,961
8053,705
8096,253
8097,223
8101,291
8106,442
8169,930
8172,930
8189,919
8227,187
8318,1084
8370,187
8376,5
8405,183
8407,253
8409,253
8410,253
8414,253
8419,930
8421,930
8458,1212
8467,81
8474,1212
8483,1212
8486,1105
8501,1124
8549,705
8608,71
8613,22
8623,352
8647,339
8655,253
8657,253
8677,283
8679,1212
8681,1212
8682,442
8758,930
8817,850
8818,850
8851,253
8856,582
8871,373
8882,795
8886,253
8934,291
8952,253
9006,1102
9008,1102
9009,930
9011,1102
9012,1102
9032,352
9037,1253
9052,229
9071,1212
9080,251
9086,251
9093,930
9101,1250
9102,1250
9120,253
9172,1250
9179,251
9194,229
9241,1124
9268,251
9291,251
9299,251
9312,442
9382,253
9384,251
9395,251
9401,291
9424,253
9434,666
9458,851
9465,850
9567,251
9581,251
9584,251
9601,251
9621,285
9624,253
9626,253
9628,253
9641,930
9656,1315
9659,22
9665,573
9674,88
9693,1036
9700,253
9703,253
9705,253
9730,1323
9733,1323
9735,1323
9738,930
9746,291
9752,595
9779,71
9790,955
9794,159
9818,1253
9832,253
9847,183
9848,1316
9903,71
9907,1124
9909,253
9921,1036
9927,705
9955,251
9962,251
9964,251
9978,251
9979,251
10034,1349
10044,251
10068,930
10081,251
10093,251
10108,442
10135,253
10137,253
10145,253
10148,446
10164,976
10183,251
10191,251
10192,251
10201,251
10203,251
10224,251
10265,446
10278,1250
10279,1250
10286,1036
10304,104
10307,253
10311,253
10326,71
10329,253
10331,251
10333,251
10357,251
10382,251
10393,251
10400,253
10402,253
10405,253
10409,253
10420,251
10430,251
10449,442
10451,442
10458,961
10472,1250
10476,22
10508,1381
10518,442
10557,930
10569,442
10579,253
10580,253
10586,1075
10609,71
10682,251
10695,253
10717,88
10745,1075
10757,795
10759,842
10774,813
10778,1392
10813,251
10837,253
10841,253
10865,422
10898,1005
10911,1413
10913,595
10919,685
10922,685
10938,253
10942,253
10943,705
10947,795
10953,795
10958,251
10972,253
11004,1075
11019,573
11022,573
11034,232
11044,253
11071,253
11073,253
11084,582
11135,253
11173,1036
11176,776
11177,776
11178,776
11183,721
11194,930
11213,1075
11247,919
11251,439
11252,439
11258,439
11263,795
11264,795
11265,795
11266,795
11267,795
11271,930
11278,364
11329,251
11332,251
11354,251
11356,251
11412,251
11421,181
11426,1443
11429,339
11438,1443
11458,1446
11473,251
11523,253
11548,71
11554,930
11569,930
11585,1446
11599,776
11606,1307
11609,251
11611,251
11613,22
11617,339
11628,253
11632,253
11641,1355
11651,1355
11675,253
11741,1381
11751,685
11765,1355
11768,251
11772,251
11779,77
11784,1124
11794,1465
11795,1465
11796,1465
11810,5
11834,251
11842,251
11844,251
11875,221
11876,221
11893,5
11899,582
11902,1036
11913,870
11915,439
11939,870
11947,253
11961,253
11964,253
11966,253
11972,253
11983,251
11989,251
11996,976
12004,253
12006,253
12015,88
12027,919
12088,1488
12091,1488
12099,1250
12136,364
12173,253
12180,930
12186,1112
12188,253
12221,582
12226,339
12244,300
12251,705
12293,253
12327,573
12349,179
12371,251
12374,253
12447,439
12450,1499
12453,1499
12470,1381
12474,5
12487,1381
12505,253
12536,221
12549,253
12578,1515
12585,71
12588,251
12603,1499
12609,1499
12630,582
12633,179
12637,930
12651,930
12658,88
12671,930
12701,5
12716,485
12732,251
12743,1446
12744,1446
12762,251
12789,439
12791,573
12819,1036
12831,214
12880,253
12881,253
12889,251
12898,1329
12899,1329
12900,1329
12927,179
12929,71
12941,352
12962,251
12979,776
12985,801
13013,1499
13037,582
13042,253
13044,253
13073,1250
13104,5
13109,705
13118,183
13133,251
13148,930
13150,930
13180,901
13208,1515
13233,71
13256,251
13265,251
13267,251
13274,251
13284,1443
13299,1077
13301,1077
13318,253
13319,439
13320,641
13364,1499
13387,71
13437,595
13540,253
13571,1307
13598,71
13603,71
13632,251
13640,582
13643,442
13646,1077
13648,442
13676,1443
13705,71
13715,919
13722,1443
13730,229
13809,1077
13836,251
13839,71
13871,88
13886,251
13890,1077
13891,221
13894,1077
13895,1077
13931,439
13932,439
13934,439
13963,439
13966,5
13972,595
14044,5
14046,1515
14069,251
14071,251
14081,251
14082,251
14086,251
14096,71
14108,251
14134,1077
14138,1077
14144,1077
14145,1077
14147,994
14160,251
14164,1381
14166,251
14167,1381
14177,251
14183,251
14234,5
14235,251
14238,1586
14241,1586
14250,251
14260,253
14318,253
14359,597
14366,253
14372,994
14380,1036
14394,1609
14399,1591
14400,1591
14408,251
14411,1515
14422,1515
14456,221
14502,221
14562,485
14563,485
14571,57
14579,251
14587,449
14646,595
14687,1250
14704,88
14721,1591
14723,439
14725,439
14767,1250
14780,71
14786,5
14812,595
14819,251
14861,1629
14893,919
14940,795
14995,442
15004,1307
15044,88
15047,57
15075,439
15081,1307
15089,1607
15090,795
15101,71
15148,253
15150,253
15164,5
15189,1643
15234,1307
15244,1307
15285,439
15297,442
15306,442
15309,1352
15310,1352
15345,1352
15355,1352
15370,5
15378,253
15381,253
15382,71
15399,1036
15410,1591
15416,71
15421,229
15441,320
15483,1307
15485,1515
15491,364
15506,88
15507,427
15513,253
15518,442
15527,1352
15607,919
15620,1448
15653,221
15699,253
15715,253
15717,253
15746,1356
15752,1307
15776,930
15788,253
15801,1607
15834,1329
15854,1678
15855,1678
15856,1678
15864,1307
15867,190
15943,439
15944,439
15948,442
15955,1036
15978,253
16015,22
16030,71
16034,71
16037,71
16040,71
16068,1307
16083,1189
16133,1307
16138,1663
16187,1591
16203,5
16220,1591
16230,795
16233,573
16263,1499
16292,183
16367,573
16372,442
16373,334
16438,728
16451,597
16487,582
16495,88
16500,253
16507,1591
16564,919
16571,597
16655,253
16674,253
16678,264
16694,1327
16697,1591
16708,919
16729,1591
16782,1663
16807,449
16827,88
16865,976
16873,705
16882,795
16916,976
16930,1591
16941,1607
16942,1607
16943,1307
16949,573
17013,253
17019,88
17027,22
17029,22
17034,1077
17052,1036
17093,1327
17095,1327
17105,919
17148,253
17200,253
17204,255
17216,439
17218,439
17245,442
17254,229
17285,291
17320,291
17322,291
17328,597
17410,1077
17415,183
17474,595
17476,595
17478,1075
17487,291
17501,597
17503,597
17504,597
17589,253
17598,12
17673,1307
17676,1307
17678,22
17721,253
17838,442
17843,641
17846,641
17853,22
17864,1820
17867,1822
17879,22
17899,22
17901,1108
17902,22
17918,1077
17966,1169
17977,595
17980,1716
18017,1349
18019,22
18032,57
18033,57
18040,1540
18042,1381
18048,181
18049,181
18051,976
18052,181
18053,181
18054,705
18060,264
18076,69
18089,1349
18092,439
18093,1349
18094,1349
18095,1349
18109,1876
18115,795
18128,1820
18139,253
18141,253
18158,795
18163,253
18166,253
18168,253
18172,1075
18174,1075
18200,183
18208,22
18215,253
18218,870
18245,776
18251,1607
18298,439
18301,439
18308,588
18311,1347
18312,588
18313,588
18323,597
18348,221
18349,1786
18353,1786
18354,1901
18390,1349
18397,595
18398,595
18405,595
18407,1381
18424,1349
18425,1349
18426,1349
18427,1349
18428,1349
18434,1349
18437,1349
18438,449
18442,1349
18443,1349
18446,1349
18448,1349
18449,1349
18451,1349
18452,1349
18454,253
18464,1896
18508,300
18513,434
18546,1381
18550,976
18562,1075
18565,1077
18576,697
18578,253
18580,582
18592,88
18604,1571
18611,1307
18616,795
18669,1871
18670,1871
18672,1871
18673,1709
18678,493
18681,597
18736,1725
18737,190
18745,190
18747,253
18759,253
18770,705
18815,71
18835,1330
18841,1871
18848,253
18851,253
18861,439
18879,1871
18883,578
18886,776
18896,253
18898,253
18900,253
18904,22
18928,442
18957,183
18958,1871
18978,1390
18987,71
18990,71
18995,1349
19015,22
19016,697
19027,582
19037,71
19039,1871
19047,1861
19049,1276
19076,221
19080,253
19082,253
19106,221
19122,221
19174,1036
19175,250
19199,1381
19217,1381
19241,422
19246,8
19264,597
19287,1146
19313,183
19320,573
19322,573
19351,88
19385,1307
19387,1307
19394,595
19397,291
19422,597
19423,597
19427,221
19429,221
19464,115
19518,1451
19519,300
19520,300
19523,300
19599,597
19635,582
19636,439
19664,22
19669,253
19671,253
19673,253
19675,253
19677,253
19680,253
19682,442
19687,442
19696,2011
19700,705
19728,2017
19729,2017
19733,1451
19735,2017
19745,439
19756,183
19779,221
19858,439
19922,439
19923,253
19927,253
19935,439
19942,88
19945,1994
19968,1994
19997,71
20016,2050
20027,1307
20032,930
20048,1307
20062,597
20064,1746
20075,930
20165,1124
20171,253
20173,253
20318,439
20325,22
20336,1005
20337,1005
20361,253
20402,597
20405,1591
20447,253
20466,197
20467,197
20469,197
20471,197
20474,197
20477,197
20479,197
20498,71
20510,2076
20542,197
20547,439
20549,229
20575,795
20593,253
20595,1678
20609,253
20620,88
20642,115
20645,919
20659,1820
20709,2117
20716,439
20720,88
20750,1036
20839,1871
20873,2132
20876,88
20901,2137
20986,1351
20997,181
21082,253
21166,1463
21190,1591
21207,439
21218,300
21220,1314
21221,439
21249,71
21262,1356
21265,1356
21269,1356
21277,881
21287,439
21291,434
21328,1678
21352,196
21369,71
21392,1028
21394,1451
21401,159
21418,439
21442,71
21461,1474
21477,300
21478,300
21479,300
21544,2210
21545,264
21557,439
21575,439
21587,439
21593,2218
21628,291
21632,1451
21637,1709
21665,2218
21666,221
21670,439
21671,439
21677,2218
21678,2218
21680,300
21682,300
21690,8
21703,181
21714,162
21715,705
21719,439
21726,88
21736,529
21752,582
21753,1709
21786,2218
21789,2218
21790,2218
21809,2218
21812,2218
21816,1036
21829,696
21848,569
21854,88
21856,88
21859,88
21911,181
21918,253
21930,2091
21932,595
21940,1005
21941,1390
22000,253
22003,221
22004,300
22007,446
22022,8
22023,1005
22029,2077
22036,1005
22046,181
22047,181
22049,181
22051,181
22055,439
22100,253
22140,2228
22141,2228
22142,2228
22146,88
22167,439
22197,181
22211,71
22212,569
22218,1381
22223,181
22269,1709
22281,264
22283,88
22292,88
22294,2228
22309,2177
22310,1499
22317,71
22321,71
22324,1327
22363,1636
22382,1381
22383,1381
22439,442
22443,442
22457,8
22536,1935
22571,1381
22574,1371
22579,221
22607,439
22628,697
22659,2316
22700,2262
22727,1327
22746,595
22760,253
22806,279
22820,1005
22861,2080
22896,1583
22906,795
22908,183
22949,2050
22952,253
22953,221
22997,1636
23004,291
23014,1636
23016,221
23020,181
23046,573
23085,1349
23098,1871
23103,1445
23115,1979
23117,1307
23122,196
23134,2050
23142,291
23143,339
23157,434
23173,582
23176,221
23195,264
23200,1082
23216,253
23219,253
23346,253
23348,253
23355,1709
23361,2373
23369,2373
23371,2373
23381,264
23397,22
23408,439
23422,71
23433,364
23456,2091
23492,300
23497,300
23553,183
23558,221
23560,183
23712,2403
23713,2403
23717,221
23744,641
23796,1381
23832,5
23869,2260
23871,2260
23875,82
23911,81
23979,1499
23996,1291
24065,253
24086,597
24099,221
24120,597
24130,1307
24157,641
24214,253
24236,1577
24239,5
24255,253
24264,573
24274,573
24277,439
24280,2451
24412,71
24457,446
24483,1808
24521,1381
24600,300
24611,641
24652,221
24655,300
24698,339
24718,795
24725,2131
24727,2131
24750,88
24830,22
24838,300
24875,1381
24905,2544
24915,2443
24922,204
24933,449
24944,253
25017,264
25049,253
25053,253
25107,1381
25110,660
25113,660
25115,82
25141,221
25142,573
25224,1381
25284,162
25333,183
25339,88
25357,300
25361,300
25366,221
25387,2633
25391,22
25393,22
25395,22
25418,439
25444,1036
25463,569
25467,442
25473,2050
25474,2050
25482,2645
25497,2599
25534,2020
25558,183
25610,71
25612,71
25618,22
25647,2544
25648,2067
25653,595
25655,597
25709,2040
25710,2040
25728,71
25736,81
25764,300
25771,2531
25783,2322
25795,71
25905,2700
25912,1381
25924,339
25929,595
25932,976
25945,976
25947,1329
25949,1782
25950,1782
25955,2664
25957,976
25974,2040
25988,2616
25989,2616
26045,253
26048,495
26086,71
26100,88
26124,253
26131,2726
26155,1636
26164,253
26192,1082
26197,253
26208,1443
26210,595
26251,2704
26275,2040
26301,2664
26315,88
26331,2696
26375,1005
26380,253
26411,442
26424,1443
26437,691
26445,427
26446,427
26447,427
26495,71
26520,1849
26522,71
26539,2714
26541,2714
26564,1720
26601,88
26620,2599
26625,22
26660,2789
26661,2789
26684,2714
26688,2714
26699,2789
26743,2544
26744,1050
26753,1036
26757,795
26820,1147
26868,230
26886,1148
26911,1381
26923,68
26926,88
26931,71
26933,71
26936,2322
26938,253
26939,1148
26942,253
26946,253
26948,253
26950,253
26952,559
26960,2116
26964,2116
26966,2116
26967,2798
26969,2798
26974,2798
26999,795
27014,2040
27016,2040
27023,88
27032,71
27034,2817
27035,2817
27074,439
27075,439
27109,2798
27135,2645
27150,2830
27156,2322
27167,2832
27173,88
27214,253
27227,439
27231,22
27234,2407
27236,300
27261,827
27265,573
27292,1389
27293,795
27325,643
27331,827
27332,2544
27335,2116
27347,2043
27361,827
27362,827
27364,300
27365,2849
27401,2806
27420,439
27436,2797
27439,1443
27444,71
27447,2485
27478,2322
27481,71
27492,2867
27502,2116
27520,253
27521,253
27523,253
27530,253
27536,595
27552,253
27562,2544
27574,2875
27576,2116
27583,1775
27584,1775
27586,35
27590,2403
27596,277
27636,919
27646,253
27673,1148
27674,1148
27704,1443
27705,2116
27709,88
27723,2817
27732,2880
27748,1327
27753,71
27782,253
27794,1443
27795,103
27796,2116
27810,2789
27853,691
27854,691
27867,1077
27871,2910
27876,2789
27877,2020
27878,2020
27881,2322
27887,2912
27895,2043
27902,2817
27907,795
27909,2076
27913,795
27914,2898
27917,2898
27920,573
27926,71
27932,81
27933,81
27935,1443
27940,2889
27951,2330
27954,588
27973,771
27981,114
27983,114
27985,114
27987,1580
27991,422
28000,300
28013,2789
28025,300
28026,573
28043,81
28048,6
28056,71
28062,2714
28073,1443
28075,2322
28076,2322
28077,2322
28078,2322
28079,2322
28081,2322
28082,2322
28083,2914
28089,2798
28105,2798
28109,2322
28112,1327
28123,1307
28128,2714
28153,1259
28171,22
28220,2864
28221,2798
28233,2392
28238,2726
28240,2726
28242,2726
28261,2789
28280,88
28290,71
28311,253
28313,253
28318,2040
28327,2940
28347,795
28349,2950
28350,2789
28360,597
28361,597
28362,597
28364,253
28387,253
28389,253
28391,253
28405,2392
28414,1349
28417,1349
28421,2322
28423,2770
28429,2714
28448,1349
28451,1349
28452,2912
28467,1329
28473,2116
28477,2116
28479,1349
28490,1307
28492,2914
28496,2020
28502,2965
28514,795
28518,2116
28533,2789
28534,2789
28560,2322
28566,2789
28582,103
28585,2817
28635,2789
28638,2798
28681,2513
28682,2513
28691,588
28692,588
28753,442
28759,569
28763,1390
28781,597
28785,2864
28801,71
28833,2817
28876,1349
28954,776
28956,3007
28970,1499
28987,1077
28995,442
28997,442
29000,1077
29011,442
29023,2798
29085,2817
29114,795
29124,1307
29133,2116
29193,1036
29199,71
29200,2798
29201,2798
29203,919
29222,401
29224,2485
29240,2770
29258,2645
29276,3041
29277,3041
29279,3041
29281,636
29282,2020
29283,2020
29284,3041
29309,2116
29315,221
29316,221
29359,1347
29370,2726
29376,597
29382,2789
29387,919
29401,573
29416,2770
29420,221
29423,795
29429,71
29432,2595
29435,1443
29462,300
29464,300
29474,253
29497,2904
29511,221
29546,253
29549,2322
29580,88
29588,2789
29598,686
29602,264
29617,930
29626,1876
29655,253
29667,2789
29677,2170
29691,2714
29714,439
29715,919
29728,57
29735,2714
29737,2714
29740,2714
29747,2714
29750,2714
29752,2714
29765,2714
29766,2817
29787,1451
29794,2116
29802,597
29805,1909
29817,2714
29822,2714
29834,2714
29836,8
29846,183
29852,2076
29870,2116
29897,300
29909,439
29930,1833
29931,1871
29932,2020
29943,439
29945,339
29947,71
29951,300
29977,223
29981,8
29982,2929
29985,2817
29989,597
29991,2116
29992,2789
30011,1307
30055,221
30061,641
30066,183
30075,2040
30079,1381
30091,2770
30093,2770
30106,2725
30135,2789
30141,743
30142,743
30227,253
30232,22
30235,1443
30238,2116
30246,1499
30253,442
30254,3137
30255,3137
30256,3137
30294,2020
30295,2020
30296,2020
30297,2020
30316,3142
30324,2485
30332,1327
30355,71
30359,26
30372,291
30373,291
30377,291
30474,439
30476,2902
30483,439
30492,2322
30493,3142
30494,3142
30495,3142
30496,3142
30497,3142
30498,3142
30499,3142
30500,3142
30501,1871
30502,3142
30511,1443
30538,3167
30561,253
30568,253
30608,71
30614,1381
30651,2116
30714,2970
30724,300
30726,253
30728,253
30731,22
30734,1443
30740,1620
30745,253
30767,3188
30795,291
30796,291
30839,2020
30870,2645
30890,2770
30893,2770
30926,71
30933,2020
30940,778
30981,2798
30994,795
30996,795
31000,795
31002,795
31051,795
31086,3234
31121,821
31127,81
31137,22
31148,2973
31152,3254
31158,81
31175,1590
31176,2770
31177,2770
31182,1571
31201,2635
31203,2700
31208,835
31217,2322
31231,3264
31292,22
31301,264
31308,442
31311,2770
31316,2770
31333,3273
31343,1349
31359,2770
31388,795
31397,253
31403,159
31413,1443
31421,3285
31422,3285
31425,3285
31426,3285
31428,3287
31436,1762
31446,449
31447,449
31484,300
31486,3290
31492,3014
31499,3290
31515,1205
31538,2770
31541,1542
31550,2817
31566,22
31581,26
31635,2170
31652,22
31658,1871
31667,71
31714,334
31739,2322
31753,36
31756,2040
31762,3167
31763,3167
31764,3167
31765,3167
31766,3167
31771,573
31774,573
31775,3285
31785,2388
31786,2388
31790,2388
31793,3309
31797,1307
31798,221
31808,253
31809,181
31821,2798
31843,690
31844,3062
31855,277
31858,2635
31901,22
31905,595
31906,595
31912,3062
31919,2798
31920,2635
31922,2040
31925,71
31936,2770
31952,2798
31964,1643
31966,3335
31973,3167
31975,3167
31976,3167
31977,3167
31978,3167
31983,3167
31985,26
32010,3292
32034,3285
32040,641
32041,641
32050,2770
32054,8
32087,8
32125,2116
32129,2116
32132,81
32148,3167
32149,3167
32153,3167
32154,3167
32185,221
32201,1496
32205,2020
32210,2645
32213,2645
32277,2770
32326,1381
32332,159
32333,3167
32334,3372
32342,3333
32343,3333
32356,26
32357,3167
32358,3167
32359,3167
32385,1871
32388,300
32395,81
32396,81
32460,2929
32461,2929
32463,2929
32470,3143
32472,3309
32482,2433
32494,3309
32496,3309
32521,1393
32523,2116
32568,3014
32590,2645
32605,2770
32629,71
32630,3333
32635,81
32645,3333
32652,36
32667,3396
32668,2940
32674,3419
32698,1709
32745,22
32814,71
32823,439
32835,2759
32845,2770
32860,2759
32896,2116
32899,2116
32930,2043
32931,2043
32932,2043
32960,595
33010,3309
33017,3309
33020,2116
33022,3309
33023,3309
33026,3309
33027,3309
33029,3309
33032,3309
33046,3454
33054,26
33056,3451
33068,3182
33082,22
33099,1709
33120,2116
33183,2116
33203,2902
33204,2902
33207,2040
33220,439
33240,1355
33242,1355
33243,1355
33274,2068
33277,2970
33282,3387
33291,2116
33304,3309
33305,3309
33307,582
33310,2116
33330,3309
33337,3309
33342,1150
33361,1443
33374,118
33385,300
33392,442
33396,300
33399,1499
33476,3333
33477,3333
33481,1720
33484,1720
33486,1720
33489,1499
33493,3388
33509,1393
33552,2020
33564,183
33572,2343
33583,300
33586,439
33598,2116
33602,2770
33620,2860
33629,3511
33632,2970
33642,3511
33654,71
33669,1720
33691,22
33692,2970
33698,3309
33721,2817
33723,3399
33736,2433
33752,3519
33753,3519
33763,439
33764,439
33767,427
33778,253
33815,186
33819,2929
33820,2929
33836,2770
33840,3053
33880,3309
33891,2849
33903,3376
33913,573
33920,595
33940,3535
33962,22
33967,2929
33975,279
34041,333
34075,2770
34076,2770
34124,595
34143,2020
34149,827
34152,1101
34158,3255
34192,573
34195,3561
34196,2043
34203,2043
34204,2043
34207,1443
34221,2322
34226,3167
34230,3167
34248,253
34253,2043
34315,3376
34326,919
34327,919
34357,223
34407,223
34419,22
34428,3467
34469,2645
34486,3467
34516,2322
34521,3467
34526,3467
34529,3467
34530,3467
34531,3467
34532,3467
34533,3467
34534,3467
34535,3467
34538,3467
34571,3467
34572,8
34604,3594
34611,3500
34652,1443
34654,3467
34667,3467
34674,88
34680,3467
34683,3467
34688,449
34691,439
34694,439
34729,3467
34749,3309
34755,3467
34763,2116
34771,439
34791,300
34832,375
34835,2513
34837,2513
34853,3630
34863,1307
34868,1307
34886,3467
34896,2116
34904,3467
34909,2105
34910,3467
34922,439
34923,439
34935,183
34941,1979
34962,2970
34973,2116
34988,1538
35001,22
35023,439
35048,227
35052,1538
35068,3467
35071,3309
35088,290
35124,597
35139,1443
35151,3309
35152,3309
35157,3309
35159,3309
35161,3309
35164,3309
35172,3309
35178,2043
35189,771
35204,1036
35248,3467
35249,3467
35253,22
35255,3582
35256,3582
35257,3582
35258,3582
35259,3582
35270,77
35275,569
35278,569
35286,595
35294,26
35301,3467
35310,1327
35312,988
35329,1443
35330,1443
35331,1443
35333,2044
35334,2043
35341,22
35343,1871
35378,88
35383,595
35409,3432
35416,3672
35420,3681
35441,597
35448,2902
35457,11
35465,183
35512,3467
35515,3467
35558,3582
35572,3691
35579,2043
35588,1381
35602,2043
35613,2020
35620,3376
35640,3582
35643,183
35647,3467
35657,3582
35669,2645
35696,3290
35700,2322
35707,3290
35792,2914
35793,3703
35857,2117
35863,3467
35864,3467
35865,3467
35871,2726
35876,3467
35877,2770
35891,439
35896,3582
35898,2040
35915,2040
35918,2116
35930,1220
35936,812
35939,2322
35940,3489
35956,2116
35960,2116
35976,88
35995,439
36010,3722
36028,2116
36040,573
36043,569
36079,3432
36116,3432
36155,71
36160,3511
36207,573
36230,253
36234,2116
36253,71
36277,1349
36279,1349
36282,2116
36286,3551
36287,3551
36326,1700
36338,812
36360,3721
36366,3467
36378,439
36390,3467
36391,3467
36393,3467
36398,25
36409,300
36423,3467
36477,300
36481,3760
36587,3748
36595,3748
36600,88
36628,3026
36658,71
36660,81
36764,1356
36773,2789
36822,2714
36845,1871
36860,2956
36901,3794
36926,2985
36946,1349
36947,3794
36954,22
36964,1349
36978,1327
37013,3786
37025,3786
37037,2322
37060,439
37074,1349
37096,124
37131,3582
37133,3582
37156,3837
37208,264
37252,3432
37264,22
37273,2322
37283,595
37298,2635
37309,3853
37320,2040
37330,697
37334,277
37338,3167
37347,3162
37350,3491
37364,1422
37392,3861
37393,3861
37394,3861
37410,2635
37424,3866
37457,2817
37471,3467
37483,26
37502,2043
37509,707
37511,707
37560,439
37566,1349
37574,595
37598,3681
37605,2820
37617,3681
37644,2116
37659,2116
37669,22
37687,697
37711,1050
37717,2902
37735,3309
37738,2116
37797,3094
37801,595
37843,1356
37847,3270
37849,2817
37851,3911
37854,1762
37856,3911
37870,2729
37871,2729
37909,3911
37915,3911
37919,3911
37920,3911
37929,1146
37939,2116
37942,3567
37943,3911
37946,3911
37953,3911
37958,3920
37962,3911
37963,3911
37966,3853
37968,3911
37999,3837
38000,3837
38020,588
38021,588
38023,439
38025,2043
38026,2043
38027,2043
38050,3911
38059,2817
38060,3911
38061,3911
38078,3911
38086,3062
38114,3911
38142,3915
38156,3270
38157,3911
38158,3911
38159,3645
38181,87
38185,221
38188,3837
38193,3911
38198,1698
38199,595
38200,595
38205,1901
38274,3911
38276,3681
38282,3951
38284,3911
38296,930
38347,3270
38348,3270
38367,3243
38370,3243
38372,3911
38373,3911
38374,3911
38375,2392
38429,1036
38453,3911
38456,26
38472,26
38486,827
38497,3911
38511,26
38531,3167
38532,3167
38542,2116
38558,1443
38567,3911
38574,3911
38580,3911
38596,3911
38602,3911
38615,333
38627,1307
38635,3911
38638,71
38640,3911
38645,2860
38649,3911
38657,2116
38660,2116
38678,2116
38679,26
38701,588
38717,795
38719,3840
38720,3840
38721,3840
38733,930
38737,3911
38738,3911
38743,3911
38762,3911
38782,22
38789,2940
38792,3911
38795,3432
38797,3432
38800,439
38807,3911
38834,3911
38861,3911
38863,2020
38867,3911
38885,3911
38887,2817
38891,26
38924,3911
38925,1291
38956,2645
38968,3911
39036,3911
39047,3874
39068,3911
39071,2043
39072,2043
39073,223
39088,3911
39090,595
39095,2635
39119,442
39131,4022
39156,919
39179,3911
39181,449
39184,223
39188,3167
39189,3167
39192,2043
39199,3454
39204,3911
39239,2830
39246,3911
39247,3309
39256,3167
39257,3167
39258,3167
39270,2043
39272,2043
39274,3856
39298,22
39307,3432
39336,4042
39347,3167
39351,3167
39352,3167
39353,3167
39357,3911
39359,3911
39362,3911
39364,22
39366,442
39401,3826
39411,3911
39413,159
39425,3911
39426,3911
39456,401
39460,221
39466,179
39467,4050
39523,2669
39547,300
39548,3911
39555,183
39611,4055
39623,3911
39630,2322
39650,3911
39653,3911
39656,3911
39657,3911
39660,3911
39666,3911
39668,3911
39676,3911
39678,3911
39681,3911
39708,3770
39718,2789
39724,2889
39738,22
39748,22
39762,3911
39774,3567
39792,3362
39793,3770
39799,3911
39800,3432
39804,2830
39810,3399
39875,995
39882,569
39902,139
39947,2116
39948,595
39953,2020
39972,2116
39993,2817
40015,26
40016,88
40026,439
40037,1084
40059,1084
40064,2116
40069,11954
40088,88
40105,4088
40109,4088
40116,22
40119,3911
40126,3911
40132,3911
40140,4042
40153,3911
40154,3911
40158,3597
40160,3911
40164,653
40172,3911
40176,3597
40188,3911
40191,1005
40193,3911
40196,3911
40198,3911
40199,3911
40204,3911
40206,3911
40207,3911
40208,3911
40209,3911
40211,3911
40215,3911
40216,3911
40217,3911
40218,3911
40220,3911
40222,3911
40223,3911
40235,8
40241,3597
40245,3911
40248,3911
40252,3911
40253,3911
40254,3911
40265,3911
40267,3911
40270,3911
40273,3911
40275,3911
40280,3770
40284,3911
40289,3911
40290,3911
40294,3911
40297,3911
40298,3911
40299,3911
40300,3911
40304,3167
40306,3167
40308,3167
40311,3167
40327,3911
40332,3911
40333,3911
40336,264
40339,439
40341,3597
40351,4101
40372,3597
40374,1709
40391,439
40410,3597
40418,2020
40420,2116
40425,3911
40432,2986
40436,2020
40438,3597
40450,3911
40468,3911
40469,597
40472,3911
40477,1871
40486,582
40494,3994
40496,3994
40498,3994
40499,3994
40515,2485
40531,3911
40535,3911
40541,3911
40543,3911
40548,3911
40550,3911
40551,3911
40553,3911
40554,3911
40558,3911
40561,3911
40563,3911
40566,3911
40569,3911
40571,3911
40572,3911
40575,3911
40579,3911
40582,3911
40585,3911
40616,4119
40627,3467
40633,4048
40655,4132
40658,4132
40659,4132
40660,4132
40673,1084
40698,3467
40705,3911
40711,3911
40712,3911
40713,3911
40714,3911
40715,3911
40717,3911
40718,3911
40720,3911
40722,3911
40723,3911
40726,3911
40727,3911
40729,3911
40732,3911
40734,3911
40735,3770
40737,3911
40739,3770
40741,3911
40743,3911
40745,3911
40747,3911
40751,3911
40753,3911
40755,3911
40757,3911
40759,3911
40761,3911
40764,3911
40766,3911
40767,3911
40769,3911
40773,3911
40795,3467
40805,3362
40808,264
40817,3911
40818,3911
40820,3911
40821,3911
40826,439
40835,3911
40838,4147
40842,4147
40845,2986
40854,3840
40871,1036
40888,183
40912,300
40925,253
40975,22
40988,22
40999,2043
41000,2043
41001,2043
41002,2043
41022,595
41063,696
41075,2020
41076,422
41079,3911
41081,582
41083,3911
41092,3304
41096,2861
41113,3911
41115,3911
41117,3911
41122,3911
41125,3911
41126,3911
41129,3911
41131,3911
41135,3911
41138,3911
41140,3911
41142,3911
41144,3911
41146,3911
41148,3911
41150,3911
41152,3911
41154,3911
41157,3911
41160,3911
41175,795
41186,582
41215,3467
41244,253
41284,3911
41288,3911
41290,3911
41302,795
41314,183
41322,22
41335,595
41336,595
41337,595
41338,595
41339,595
41341,3911
41351,795
41357,3911
41371,595
41421,1050
41430,3597
41442,3597
41464,1709
41469,930
41490,1443
41530,3248
41541,2116
41571,3911
41577,230
41589,3911
41599,930
41602,3911
41606,2020
41608,3994
41609,3994
41616,3432
41624,230
41646,22
41655,3911
41657,2830
41663,2830
41667,2830
41687,3582
41689,3582
41705,253
41760,930
41764,22
41791,3911
41792,2830
41806,3911
41807,3911
41817,3911
41824,930
41828,1993
41837,2830
41839,71
41843,4240
41854,442
41869,3874
41870,3167
41874,1709
41881,4147
41883,4147
41894,3467
41901,2116
41918,595
41938,88
41964,3737
41977,1084
42012,3167
42013,3911
42014,4240
42015,4240
42041,3760
42059,595
42062,4268
42064,4268
42065,4268
42080,3243
42082,3338
42100,3467
42101,3467
42102,3467
42132,2513
42134,2513
42156,71
42163,2645
42167,3911
42170,1036
42180,253
42186,3911
42194,71
42195,71
42211,26
42221,2721
42227,71
42251,3911
42254,3911
42255,3911
42263,3597
42265,1320
42268,1349
42287,4258
42299,4204
42324,4291
42325,3911
42330,3911
42333,3911
42335,3911
42337,3911
42339,3911
42341,3911
42343,3911
42345,3911
42346,3911
42348,3911
42349,3911
42351,3911
42353,3911
42355,3911
42356,3911
42360,3911
42363,3911
42365,3911
42366,3911
42369,3911
42371,3911
42374,3911
42375,3911
42377,3911
42380,1977
42410,253
42419,22
42445,3167
42458,595
42459,595
42467,4299
42508,4305
42509,4305
42510,4305
42511,4305
42512,4305
42517,3162
42523,3911
42529,3911
42531,3911
42533,442
42535,3911
42537,3911
42539,3911
42541,3911
42543,3911
42545,3911
42547,3911
42549,3911
42552,3911
42554,3911
42565,4305
42605,88
42618,333
42630,597
42649,2645
42668,1390
42681,930
42685,1723
42686,3891
42695,2020
42701,1658
42703,930
42715,795
42755,3467
42764,3911
42772,22
42773,4334
42781,3911
42789,3911
42817,2798
42823,2513
42827,3911
42829,3911
42831,3911
42848,2020
42867,3911
42869,4258
42876,3874
42905,4290
42910,930
42920,3911
42922,3911
42924,3911
42929,3911
42945,264
42958,227
42974,3911
43001,3911
43003,3994
43008,3911
43040,2025
43076,2721
43082,827
43085,2116
43087,827
43092,3467
43096,3467
43098,3911
43100,3911
43103,3467
43106,3911
43121,4373
43148,2067
43150,3911
43159,3911
43161,3911
43163,3911
43165,3911
43167,3911
43169,3911
43171,3911
43173,3911
43175,3911
43177,3911
43179,3911
43181,3911
43183,3911
43186,3911
43188,3911
43190,3911
43192,3911
43194,3911
43199,3911
43201,3911
43203,3911
43205,3911
43214,3911
43227,2485
43230,595
43232,595
43238,3309
43260,2017
43267,4373
43268,4373
43269,4373
43270,4373
43273,253
43320,26
43326,2645
43338,3162
43353,2116
43354,2116
43357,26
43363,3994
43366,4291
43367,4291
43368,4291
43378,743
43382,1463
43384,597
43393,3514
43412,3911
43414,3911
43416,3911
43417,3911
43421,3911
43460,3911
43463,2830
43476,3911
43478,3911
43489,3994
43490,3994
43501,3454
43506,3911
43508,3911
43516,3911
43518,88
43524,3911
43527,3911
43552,4426
43556,4402
43566,2975
43568,3911
43587,2322
43589,4240
43605,1463
43625,4416
43636,4290
43638,22
43643,3911
43646,22
43656,3911
43663,3911
43666,3911
43679,1443
43694,3262
43699,2043
43700,2043
43701,2043
43703,835
43714,4240
43715,4240
43719,4240
43732,3911
43739,4291
43752,4290
43770,2043
43790,641
43792,4240
43801,2040
43832,3167
43846,4337
43872,595
43892,4291
43901,4456
43905,3167
43907,3167
43914,297
43916,297
43969,2975
43970,3117
43986,2645
44018,2116
44030,88
44037,439
44040,1913
44074,2116
44101,795
44123,930
44146,1709
44148,230
44155,81
44164,2116
44191,595
44203,914
44205,1657
44223,609
44294,71
44297,4479
44313,4485
44314,4485
44315,4485
44316,4485
44317,4485
44318,4485
44319,4485
44330,2830
44332,179
44344,183
44361,264
44376,914
44400,2116
44435,1537
44474,2817
44496,4485
44497,4485
44500,2817
44510,2426
44512,3840
44517,3310
44519,4337
44520,3310
44526,71
44561,3567
44576,438
44582,2020
44590,3454
44629,3310
44634,2568
44641,4507
44653,1537
44654,1537
44690,795
44710,1349
44749,2902
44850,914
44856,2043
44866,81
44868,4443
44869,4443
44880,4443
44882,4443
44883,4443
44894,1005
44895,4337
44906,565
44915,253
44918,253
44919,253
44921,253
44926,3310
44928,919
44936,2485
44958,4481
44972,3912
44974,4526
44985,3198
44992,3310
44995,183
44996,582
45012,3111
45053,442
45077,1517
45078,2175
45113,3162
45114,3162
45115,3162
45116,3162
45157,930
45166,7
45169,7
45170,7
45188,914
45192,4291
45198,4539
45220,364
45229,7
45233,2116
45241,7
45249,4539
45304,2043
45305,2043
45394,2262
45398,3903
45404,4562
45482,71
45513,88
45521,930
45522,930
45528,930
45564,2830
45566,2830
45582,420
45607,3167
45609,3167
45610,1876
45611,1876
45700,3310
45702,3310
45703,3310
45706,3310
45707,3310
45708,3310
45736,439
45741,439
45754,4319
45781,3310
45786,3310
45788,2043
45803,1876
45808,1876
45810,1876
45846,4337
45859,4593
45861,22
45871,3310
45872,3310
45902,795
45944,4531
45952,3310
45990,2975
45991,3310
45999,2043
46000,2043
46004,4319
46018,3310
46022,4319
46026,3896
46028,4485
46029,4485
46030,4485
46039,3310
46041,3310
46042,3310
46048,3310
46061,3310
46080,930
46112,827
46121,827
46137,103
46148,930
46150,930
46177,1678
46182,3310
46183,827
46185,827
46188,3167
46200,827
46204,1499
46233,3310
46234,3310
46235,3310
46258,4593
46270,2043
46271,124
46288,3310
46293,1349
46295,3310
46297,3310
46305,3310
46306,3310
46307,3310
46317,3310
46318,3310
46320,3310
46362,2105
46382,439
46406,2116
46415,3310
46448,1381
46459,264
46463,4607
46562,597
46576,3773
46597,183
46606,2116
46616,930
46635,3310
46637,3310
46644,2914
46791,264
46792,1876
46810,2887
46832,2929
46835,2902
46847,183
46848,795
46851,3309
46888,797
46889,797
46905,1709
46912,3248
46942,230
46952,3248
46973,2050
46993,26
46996,569
47023,930
47029,930
47066,4257
47074,427
47075,427
47091,1443
47113,4001
47175,4337
47183,1327
47199,3874
47204,26
47213,4638
47229,795
47233,22
47235,485
47264,4257
47268,4693
47279,333
47284,3903
47295,1876
47298,1876
47356,264
47416,4319
47429,4319
47443,307
47516,4430
47528,2975
47531,4426
47534,264
47541,3117
47557,4496
47624,3699
47649,3903
47651,3903
47664,4712
47666,4712
47667,4712
47681,795
47710,595
47726,4360
47733,2817
47748,71
47769,253
47776,4607
47778,4291
47784,4607
47786,4607
47806,2789
47840,26
47906,2929
47910,3874
47913,3874
47935,3310
47944,930
47945,427
47954,2902
47973,4257
47977,595
48028,930
48031,3167
48032,3167
48035,300
48039,3167
48040,3167
48041,3167
48042,3167
48083,26
48088,2929
48111,253
48117,253
48145,3454
48159,26
48160,26
48187,439
48190,4257
48208,22
48219,2912
48224,71
48232,1381
48243,22
48249,3309
48257,1543
48262,1543
48272,2817
48278,3309
48289,3874
48291,253
48316,930
48344,3443
48363,183
48370,1056
48404,3094
48406,4779
48407,4780
48423,3248
48425,2885
48455,2929
48475,3443
48476,3443
48509,2929
48523,427
48557,26
48578,1056
48583,2669
48616,930
48618,930
48623,3874
48632,795
48640,181
48654,569
48668,26
48671,2043
48681,3270
48714,1443
48746,59
48747,4712
48753,2116
48756,2043
48772,4268
48781,4813
48809,3248
48839,930
48856,1970
48857,1970
48865,1970
48878,71
48882,4042
48927,4658
48931,4658
48937,597
48939,4658
48953,1876
48955,1876
48968,1036
48978,1977
48988,3248
48991,221
49012,595
49014,2116
49077,71
49084,439
49085,439
49177,1390
49192,71
49197,22
49200,4360
49207,2817
49209,597
49307,2817
49330,71
49340,3891
49360,333
49386,4829
49387,4829
49390,3903
49394,3903
49399,3903
49405,333
49407,333
49452,4836
49453,4836
49454,930
49467,333
49470,3248
49472,697
49497,930
49502,930
49509,2817
49579,253
49606,3582
49637,808
49639,439
49649,4812
49650,59
49685,183
49711,2798
49712,595
49717,3903
49718,3903
49721,3903
49722,3094
49736,4895
49757,3903
49780,2043
49791,4812
49792,4812
49815,300
49818,183
49823,3094
49831,2929
49836,26
49845,71
49871,26
49890,1934
49895,2795
49924,2789
49941,4270
49943,2700
49946,3903
49948,427
49961,124
49971,253
49973,253
49978,3903
49984,4842
49998,3162
50000,183
50006,573
50011,71
50014,427
50018,26
50019,4485
50023,3309
50024,485
50026,4485
50027,307
50028,2929
50061,1381
50102,4048
50134,4290
50161,1977
50172,595
50188,2050
50190,2050
50193,2050
50194,2050
50195,2050
50204,485
50215,2798
50217,183
50258,4496
50259,4895
50289,82
50290,333
50306,4895
50319,4337
50320,4337
50321,4337
50377,2043
50386,4257
50395,3362
50396,3467
50397,3467
50401,3467
50403,3467
50407,3467
50420,3137
50427,3467
50467,3903
50481,71
50486,4048
50496,2179
50497,2179
50521,4756
50523,22
50530,253
50535,4812
50536,4812
50540,4607
50567,2860
50585,439
50590,3903
50634,4048
50663,4240
50701,4976
50716,181
50745,3059
50746,3059
50762,3059
50768,3059
50769,3059
50770,3059
50775,3903
50839,4895
50847,4257
50852,71
50865,4257
50889,439
50890,439
50907,4877
50910,3826
50913,3826
50924,2817
50926,439
50943,439
50962,71
50963,2929
50977,4812
50981,4895
51004,4432
51007,4862
51015,1517
51024,300
51027,300
51035,264
51036,264
51057,5010
51082,442
51088,4360
51109,2975
51114,253
51132,2485
51140,4812
51143,3454
51144,3454
51146,3454
51149,930
51179,5003
51199,5003
51204,3310
51247,5003
51248,333
51260,4360
51261,4877
51267,183
51299,5003
51301,221
51320,3519
51323,3248
51336,3519
51365,595
51373,595
51383,2800
51390,3331
51404,4812
51410,5003
51411,5003
51412,5003
51413,5003
51414,5003
51415,5003
51416,5003
51417,5003
51418,5003
51419,5003
51420,5003
51426,4812
51434,4337
51437,3874
51447,253
51448,1390
51461,5058
51464,3691
51471,22
51474,2388
51484,5003
51492,5058
51504,2789
51521,3309
51525,930
51528,3310
51532,1591
51562,5003
51565,5003
51566,5003
51567,5003
51568,5003
51569,5003
51571,5003
51572,5003
51573,5003
51578,2714
51585,5003
51586,5003
51605,5003
51607,5003
51608,253
51610,5003
51611,5003
51621,5003
51622,5003
51623,5003
51625,5003
51626,5003
51627,5003
51628,5003
51629,5003
51630,5003
51632,5003
51633,5003
51634,5003
51635,5003
51636,5003
51637,5003
51641,5003
51643,5003
51645,5003
51646,5003
51647,5003
51649,5003
51651,5003
51653,5003
51655,5003
51657,5003
51659,5003
51661,5003
51664,5003
51666,5003
51717,3994
51727,5003
51735,5056
51736,5056
51737,5056
51744,3929
51762,5023
51774,527
51776,4337
51781,307
51786,82
51789,22
51808,5023
51809,5023
51826,3454
51830,5003
51832,5003
51834,5003
51836,5003
51837,5003
51840,5003
51842,5003
51843,5003
51845,5003
51847,5003
51850,5003
51851,5003
51852,3454
51854,2956
51855,82
51864,5003
51879,5003
51887,3467
51889,3467
51895,5003
51897,5003
51898,557
51899,5003
51900,5003
51901,5003
51902,5003
51903,5003
51904,5003
51907,5003
51908,5003
51909,5003
51910,5003
51911,5003
51912,5003
51913,5003
51914,5003
51915,5003
51916,5003
51917,5003
51918,5003
51919,5003
51921,4524
51930,264
51934,5003
51936,5003
51937,5003
51939,5003
51940,5003
51946,4373
52070,2043
52088,253
52100,1117
52103,1117
52141,4524
52143,5113
52147,930
52188,4319
52194,4319
52196,4319
52220,3167
52240,5003
52253,5003
52255,5003
52258,5003
52259,5003
52261,5003
52264,5003
52266,5003
52267,5003
52273,4764
52279,5121
52287,264
52301,4319
52310,4319
52333,442
52344,3467
52354,307
52359,300
52375,5123
52384,4042
52385,4042
52404,4812
52408,3639
52410,1977
52429,307
52513,8
52559,595
52587,300
52589,300
52597,3994
52617,3994
52620,3309
52644,3309
52646,198
52653,8
52666,3454
52667,3454
52678,5003
52679,5003
52680,5003
52683,5003
52685,5003
52688,5003
53076,5003
53078,5003
53080,5003
53082,5003
53086,5003
53090,5003
53092,5003
53094,5003
53096,5003
53098,5003
53106,3309
53138,2192
53140,3454
53141,3454
53169,2921
53173,26
53180,2485
53181,3309
53194,2485
53195,3309
53207,3432
53212,5160
53213,5160
53215,690
53218,5160
53232,5003
53243,59
53255,3052
53275,1977
53276,1977
53292,339
53312,641
53325,253
53336,2040
53347,22
53354,930
53365,4877
53373,401
53377,4812
53382,1499
53390,4524
53394,264
53400,300
53402,2043
53416,4496
53432,3432
53435,1977
53436,24212
53443,2929
53483,930
53504,2789
53520,5204
53533,5172
53543,930
53563,300
53565,300
53581,181
53587,181
53590,5212
53593,3052
53594,4754
53600,2635
53617,71
53624,3572
53628,82
53655,5221
53657,5221
53660,1499
53666,4257
53686,1327
53691,4048
53695,427
53703,300
53706,5221
53711,333
53726,333
53736,795
53755,2322
53762,4485
53763,4485
53810,1970
53812,5221
53814,5221
53842,1036
53849,5237
53850,4443
53851,5238
53860,3454
53866,103
53890,582
53942,4812
53961,2789
53963,333
53997,4485
53998,333
54003,5256
54017,3903
54023,3582
54054,253
54056,3519
54076,1499
54082,5265
54089,3454
54106,2322
54111,2322
54114,5269
54115,5269
54116,5269
54119,5270
54132,2322
54137,183
54141,2322
54147,4591
54162,2043
54180,930
54187,5281
54188,5281
54204,5281
54217,5003
54219,5003
54241,339
54246,3017
54258,253
54274,1327
54279,183
54299,3162
54300,3162
54309,1016
54322,5025
54368,2817
54377,22
54385,5257
54387,2929
54398,3310
54399,4360
54404,3432
54426,1381
54434,3310
54437,2798
54442,3467
54450,2798
54456,3467
54466,3309
54473,2392
54479,4862
54482,5179
54485,582
54488,795
54498,1591
54500,333
54510,264
54515,300
54525,2798
54527,2798
54545,181
54548,919
54557,4862
54562,919
54577,2929
54656,573
54696,5302
54731,930
54781,582
54785,334
54791,2020
54820,3310
54821,3310
54823,5218
54825,183
54863,1077
54871,427
54872,333
54874,2040
54877,264
54909,253
54912,4319
54925,930
54928,930
54933,930
54952,82
54956,5336
55001,5066
55010,22
55022,2513
55036,183
55045,5003
55062,253
55064,253
55066,253
55119,5210
55125,1760
55167,333
55171,4074
55179,2164
55191,4240
55212,439
55216,22
55282,3310
55283,3310
55287,3310
55288,3310
55291,22
55300,4337
55304,5003
55312,4877
55316,3454
55327,4319
55337,8
55356,5003
55358,5003
55362,5003
55363,5003
55366,5210
55443,4496
55470,5375
55478,5240
55486,1446
55487,1446
55490,3748
55507,2322
55510,3454
55512,5179
55522,930
55535,22
55538,5365
55540,439
55541,439
55547,3794
55556,8
55593,4829
55596,4829
55604,930
55614,4829
55623,795
55624,795
55643,4829
55652,4829
55655,5387
55656,5387
55692,1075
55693,1075
55705,5383
55710,5365
55740,4257
55759,307
55764,82
55770,5302
55779,4754
55800,3310
55805,1079
55806,4319
55827,1079
55842,3567
55874,4290
55876,264
55884,2116
55917,439
55918,439
55949,5288
55991,3248
56013,5389
56049,5392
56057,1349
56058,1349
56059,1349
56064,253
56067,4862
56069,3454
56079,3874
56124,8
56155,3903
56159,3454
56171,3454
56175,159
56179,5391
56180,5391
56181,5391
56182,5391
56185,2595
56203,5240
56207,3903
56269,4877
56279,307
56305,300
56308,300
56324,253
56331,253
56340,2898
56346,3454
56367,253
56369,253
56372,8101
56374,5346
56378,8101
56380,8101
56383,8101
56416,1834
56470,5465
56473,264
56531,5346
56542,3310
56554,442
56555,3310
56557,3454
56569,1446
56612,1678
56631,3454
56645,2050
56676,1389
56677,1389
56700,4048
56771,930
56785,3162
56792,3310
56815,5493
56816,5493
56818,5493
56819,5493
56820,5493
56822,2322
56824,3454
56834,4877
56841,812
56866,439
56877,300
56884,264
56887,300
56889,300
56892,300
56908,4812
56910,3262
56924,4856
56929,5498
56940,3572
56961,1871
56967,795
56984,5500
56987,3567
57011,5503
57030,2789
57052,300
57055,930
57070,2714
57102,442
57111,2485
57112,2798
57114,2039
57127,930
57136,8101
57139,8101
57143,8101
57148,2798
57155,4376
57157,183
57187,3454
57192,827
57212,2322
57233,253
57248,5496
57295,5494
57317,8
57340,8101
57383,4226
57438,253
57444,5505
57446,1036
57461,439
57476,3310
57494,3703
57515,8101
57517,5500
57535,25133
57538,2322
57572,3703
57576,439
57581,4531
57584,5547
57589,930
57595,5494
57597,5494
57606,4812
57634,2789
57638,71
57642,71
57647,25133
57656,5513
57689,71
57714,183
57717,25133
57732,300
57747,930
57792,5559
57793,114
57805,439
57831,2322
57840,8101
57861,277
57871,5256
57874,3310
57890,5234
57893,5494
57903,159
57904,3310
57906,5555
57916,5256
57920,3903
57958,930
57974,4877
57986,2322
57988,8101
57990,3432
57993,612
57994,2050
57998,5256
58004,1451
58008,2388
58010,485
58011,4829
58020,1349
58021,2388
58033,2388
58035,2388
58036,2388
58038,1381
58045,2798
58060,930
58067,2343
58080,183
58097,3248
58108,2789
58117,2714
58120,5564
58125,3979
58136,8101
58147,2798
58150,300
58156,71
58165,5339
58173,2798
58187,2817
58199,4754
58201,4546
58220,5549
58252,812
58267,653
58290,795
58296,2714
58298,5611
58299,5611
58303,705
58326,5615
58331,812
58335,300
58337,300
58358,5482
58376,2817
58380,446
58390,5618
58418,5574
58419,2789
58447,442
58448,8101
58462,919
58463,1291
58467,5494
58475,1019
58479,1019
58482,1019
58486,1019
58501,364
58507,2645
58538,71
58540,71
58543,71
58559,3248
58562,1269
58569,25133
58577,5638
58595,5544
58639,2392
58644,2789
58654,3454
58656,8101
58657,8101
58659,8101
58674,5555
58698,8101
58710,300
58715,8101
58716,3310
58719,3310
58730,5256
58740,8101
58741,8101
58746,183
58785,930
58786,1077
58788,1077
58794,230
58804,5228
58831,919
58838,5646
58847,2485
58854,5362
58856,71
58866,2789
58867,3454
58889,5256
58898,595
58901,4829
58910,5256
58926,1327
58932,2513
58936,2513
58955,1381
58967,183
58983,5681
58989,4877
59025,5256
59027,5256
59028,5256
59029,5256
59032,5256
59033,5256
59044,8101
59079,3454
59093,3432
59096,595
59123,2050
59135,5594
59150,5702
59220,5003
59283,2912
59285,2912
59294,930
59311,25133
59331,5256
59346,253
59353,5383
59366,812
59376,2513
59383,1586
59384,1586
59427,3290
59429,264
59433,264
59454,5047
59457,1349
59483,5731
59511,2645
59522,300
59544,5702
59576,5047
59580,1355
59592,1793
59602,930
59606,930
59625,25133
59640,3058
59641,4432
59682,3467
59689,3467
59690,5256
59694,5256
59735,5560
59780,2929
59840,5429
59841,976
59856,5482
59872,930
59877,5256
59900,183
59901,183
59904,2111
60014,5767
60021,5256
60027,2513
60046,442
60062,5774
60087,3601
60090,1586
60093,5256
60094,3488
60102,5767
60111,2817
60116,5509
60165,5778
60166,5778
60167,5778
60168,5778
60182,183
60198,103
60201,5429
60225,300
60229,300
60249,401
60276,229
60279,229
60291,5494
60293,5494
60299,5594
60300,5767
60318,3432
60319,5767
60340,221
60342,221
60352,1834
60359,4877
60368,5790
60373,333
60395,3076
60396,3076
60406,229
60418,582
60444,5797
60446,5256
60452,5256
60499,776
60501,776
60505,5804
60507,5804
60512,5256
60513,5256
60514,5256
60515,5256
60519,5256
60526,2513
60529,2260
60531,5509
60535,253
60540,253
60547,582
60563,4581
60584,5509
60601,5815
60602,5739
60606,697
60630,5003
60631,5003
60632,5003
60633,5003
60634,5003
60666,2023
60667,5826
60669,5826
60671,5826
60673,5826
60676,5826
60677,5826
60679,5826
60761,5256
60773,4048
60778,8
60804,2343
60807,2343
60808,2343
60810,2262
60833,5494
60866,5494
60897,3601
60904,3601
60941,71
60985,264
61053,5265
61085,3601
61098,333
61100,333
61117,71
61164,300
61166,621
61168,621
61169,4514
61218,183
61225,5865
61248,8101
61250,595
61263,5429
61313,4040
61363,5509
61395,4040
61462,5778
61463,5778
61470,930
61486,5778
61487,5778
61507,1640
61509,1640
61599,3028
61618,5256
61637,2645
61642,2040
61647,5383
61649,3874
61651,3874
61655,3874
61660,930
61667,961
61696,2817
61697,5888
61698,8101
61704,8101
61706,2496
61719,8101
61741,1443
61742,3443
61744,4877
61751,5887
61757,88
61772,300
61773,300
61778,4877
61793,5513
61808,8101
61810,8101
61839,5047
61853,5892
61858,2322
61867,71
61871,5865
61872,5865
61873,300
61886,25133
61889,87
61906,4877
61911,2210
61990,2192
62041,5505
62107,740
62108,740
62109,740
62110,740
62115,227
62123,333
62138,5597
62143,1977
62249,8101
62345,300
62348,300
62351,300
62353,300
62363,4040
62366,5939
62383,221
62386,179
62394,2704
62423,5873
62432,4040
62435,1443
62445,8101
62452,5740
62456,930
62475,8101
62477,8101
62478,595
62485,565
62502,8101
62507,8
62548,5513
62567,159
62595,5729
62634,8101
62638,8101
62641,8101
62644,8101
62648,1934
62671,930
62703,5256
62766,2704
62777,3345
62779,71
62794,300
62837,3310
62861,159
62870,5994
62871,5994
62902,5778
62903,5778
62906,103
62956,930
62975,5256
62976,6005
62981,5256
62984,5256
62996,8
63080,2746
63087,1443
63095,2746
63097,2746
63100,2746
63112,653
63146,8101
63159,25133
63272,1307
63280,25133
63287,5256
63316,5597
63332,595
63340,5573
63341,5573
63345,5573
63350,5573
63352,5573
63393,5873
63401,183
63404,5544
63405,5544
63406,5544
63407,5544
63438,8101
63440,595
63441,595
63460,3432
63470,5339
63472,221
63473,6061
63478,2861
63501,2322
63512,1993
63566,264
63574,199
63583,6090
63659,6102
63684,5826
63699,5919
63704,6109
63740,5597
63761,5923
63769,181
63778,181
63785,930
63818,4257
63825,4048
63835,919
63844,3406
63856,8101
63880,2020
63882,4337
63883,4337
63886,5429
63890,5594
63936,4240
63947,6029
63952,6029
64002,4398
64003,4398
64006,6005
64036,3162
64037,3162
64038,3162
64039,3162
64040,3162
64041,3162
64042,3162
64043,3162
64044,3162
64045,3162
64047,506
64089,776
64099,5505
64117,740
64124,5256
64174,1356
64199,930
64230,87
64240,740
64243,5429
64256,3903
64271,183
64276,6082
64277,6082
64281,5825
64282,4147
64291,6153
64304,5429
64341,2513
64351,6183
64353,930
64355,2513
64368,5892
64379,597
64419,223
64432,333
64475,6153
64485,1893
64498,3137
64500,6029
64509,6029
64529,5429
64540,253
64557,300
64558,300
64559,83
64568,439
64644,5509
64645,5509
64646,5509
64648,5509
64654,595
64656,5509
64667,3335
64677,6029
64697,118
64702,4257
64704,1443
64739,300
64789,25
64793,3903
64797,4040
64800,3454
64811,181
64830,4240
64846,5977
64852,5003
64875,300
64893,3454
64984,930
64988,5003
64990,5003
64992,5003
64995,5003
65000,5003
65003,5003
65016,2043
65033,930
65060,976
65063,25
65066,5544
65075,5544
65107,170
65165,2040
65185,2322
65202,5696
65206,8101
65208,8101
65212,1327
65243,5003
65245,5003
65253,5003
65256,5003
65258,5003
65260,5003
65262,5003
65264,5003
65267,5003
65272,5003
65274,5003
65340,300
65364,4181
65379,101
65382,71
65409,930
65410,930
65443,3874
65479,1977
65480,6305
65526,5740
65547,5739
65550,930
65563,2322
65589,6314
65597,3262
65620,1356
65627,5461
65629,1356
65635,2595
65651,221
65660,3903
65681,4877
65688,364
65705,595
65713,300
65731,1349
65753,930
65755,5739
65767,5281
65768,8101
65781,6342
65785,2040
65802,5461
65853,6206
65854,6206
65855,6206
65856,6206
65857,6206
65862,6206
65868,3310
65884,5281
65887,291
65889,6351
65890,6308
65920,6308
65926,2814
65933,291
65940,1307
65960,6357
65962,434
65989,334
66016,291
66035,6361
66037,3874
66038,3874
66039,6357
66040,6357
66075,434
66083,690
66087,5429
66117,221
66122,253
66127,253
66179,5027
66198,776
66218,930
66224,221
66249,930
66261,24212
66271,6366
66295,183
66317,5191
66380,2322
66397,1327
66408,2485
66436,6406
66442,5509
66447,3874
66456,5509
66459,5509
66466,5191
66495,1993
66496,919
66507,4181
66523,919
66550,183
66555,5210
66557,6422
66580,5509
66652,5509
66653,183
66660,5509
66666,183
66673,3903
66682,300
66750,5923
66759,6438
66778,6440
66792,4877
66843,4363
66877,6447
66888,25
66899,1327
66939,4001
66977,1871
67035,71
67038,1327
67109,3874
67115,6432
67117,6432
67118,6432
67135,138
67146,6432
67147,6432
67175,401
67234,6481
67237,2970
67240,6458
67242,5003
67244,5003
67246,5003
67248,5003
67250,5003
67252,5003
67255,1327
67257,5003
67265,6467
67266,5256
67267,6467
67268,6467
67269,6467
67270,21
67271,21
67272,21
67274,21
67275,5003
67284,5003
67286,5003
67288,5003
67323,930
67331,930
67341,3018
67374,210
67387,8
67413,6467
67433,2322
67439,3874
67441,3903
67443,3903
67463,264
67470,6432
67479,183
67519,300
67532,6169
67545,3262
67547,2817
67556,8101
67558,8101
67560,8101
67562,1036
67563,198
67569,5429
67585,8101
67590,6497
67602,6169
67609,5429
67640,2970
67648,3874
67652,3903
67654,8101
67665,4877
67669,6169
67670,6169
67690,3994
67693,6543
67697,279
67795,1327
67802,5509
67808,5240
67820,183
67829,2795
67934,183
67942,253
67981,2795
68017,5509
68019,2914
68069,919
68106,5025
68139,5739
68227,6592
68228,3310
68230,6593
68255,2043
68256,2043
68258,6169
68286,6076
68334,6289
68410,3076
68432,5505
68433,159
68439,5429
68444,6516
68454,5221
68456,5221
68473,5864
68600,5429
68605,5429
68626,8101
68629,8101
68635,6076
68663,6440
68667,4240
68673,6440
68677,5946
68703,5864
68715,4257
68746,300
68748,300
68751,300
68757,300
68763,6014
68773,439
68810,5739
68836,401
68852,71
68883,71
68901,6076
68908,1005
68925,1709
68938,1005
68942,2043
68944,401
68950,4784
68952,4432
68955,2975
68956,5461
68957,4257
68996,300
69000,300
69002,300
69021,2170
69023,183
69030,6664
69041,401
69049,6658
69070,5535
69075,919
69076,2361
69086,221
69092,2040
69115,6644
69117,230
69121,6644
69144,919
69149,183
69151,3335
69165,8
69187,71
69195,2795
69196,2795
69211,6076
69233,5836
69243,6371
69255,1036
69268,8101
69271,2902
69275,1077
69283,6685
69286,6685
69287,6685
69288,6685
69289,6685
69290,6685
69297,6685
69298,6685
69299,6685
69300,6685
69301,6610
69302,6685
69303,6685
69309,6685
69317,6685
69323,6685
69324,6685
69329,6685
69332,6685
69334,6685
69335,6685
69336,6685
69337,6685
69338,6685
69342,5618
69385,4756
69387,4756
69393,4607
69399,183
69440,1389
69500,300
69503,300
69506,300
69517,71
69519,6685
69527,595
69528,2817
69540,6674
69554,5619
69555,5619
69557,5619
69558,5619
69591,6076
69610,5429
69612,4048
69624,5461
69644,6029
69677,6717
69740,1327
69761,5618
69766,183
69771,595
69817,6738
69832,6577
69845,6076
69882,2322
69888,8101
69902,6746
69910,2043
69919,6096
69924,6640
69927,6640
69935,6487
69940,6487
69959,8101
70013,2999
70014,2999
70025,930
70034,595
70066,3874
70106,6204
70110,71
70116,71
70121,227
70130,1915
70179,1356
70187,6640
70188,6640
70189,6640
70196,6640
70210,264
70234,6082
70235,183
70246,930
70258,6640
70317,1005
70322,138
70324,6784
70325,726
70333,4037
70347,221
70352,5047
70353,1463
70354,179
70356,6797
70369,71
70373,1400
70375,2338
70382,6803
70403,3490
70405,6806
70412,523
70437,6811
70438,6812
70446,6813
70469,6821
70486,5544
70493,2040
70503,1005
70506,1005
70514,4607
70524,5509
70535,2814
70551,919
70553,5835
70601,71
70603,71
70620,5594
70631,6814
70636,5594
70645,5494
70651,2156
70662,434
70691,2789
70707,71
70756,4756
70757,4756
70758,4756
70761,5471
70773,2043
70775,81
70786,6814
70792,6814
70795,6169
70802,5256
70807,5256
70813,6862
70824,5256
70832,8
70839,5429
70843,5256
70893,2513
70898,5256
70906,1005
70934,3248
70937,930
70939,653
70962,6814
70966,6814
70967,6873
70969,6814
70976,5946
70977,6814
70978,6814
70980,6814
70986,6814
70990,1005
71002,181
71011,6862
71017,1005
71033,6169
71044,307
71059,1005
71063,6814
71077,6644
71081,6637
71082,6637
71083,6637
71084,6814
71086,6637
71087,5918
71089,5918
71098,264
71128,2914
71158,1349
71190,6814
71191,6814
71192,6814
71193,6814
71194,6814
71195,6814
71203,919
71205,4230
71222,485
71253,71
71268,88
71288,71
71305,5836
71311,3748
71386,2789
71393,264
71407,253
71410,2043
71418,6577
71426,705
71428,760
71438,4607
71444,200
71450,705
71481,6834
71483,5826
71488,919
71534,485
71537,6029
71544,4751
71559,6918
71603,595
71615,8101
71617,4040
71619,4751
71632,8101
71637,1084
71671,5594
71672,5594
71675,5594
71678,5594
71683,5594
71686,5594
71688,5594
71690,5594
71693,5594
71694,5594
71700,5594
71708,4681
71710,4681
71712,6814
71726,4257
71737,6029
71745,705
71748,6082
71751,4751
71764,6917
71765,6029
71796,439
71800,6932
71801,5480
71834,2719
71836,2719
71837,6029
71855,3331
71861,6204
71870,277
71875,6029
71885,919
71890,5594
71893,5594
71966,71
71969,1005
71986,5739
71990,5862
71991,5003
71992,5003
71996,5003
72009,297
72019,6955
72020,5003
72030,5003
72031,5003
72034,5003
72038,5003
72040,5003
72041,5003
72046,5003
72048,5003
72050,5003
72052,5003
72053,5003
72055,5003
72058,5003
72059,5003
72061,5003
72063,5003
72066,5003
72068,5003
72071,5003
72072,5003
72074,5003
72076,5003
72078,5003
72082,5003
72084,5003
72096,6029
72098,5003
72099,5003
72104,5003
72108,5003
72109,5003
72110,5003
72111,5003
72157,181
72160,181
72164,930
72177,6918
72194,59
72228,6029
72265,1327
72310,1443
72314,434
72328,6082
72361,333
72379,6982
72394,253
72401,253
72410,59
72462,6637
72463,1443
72495,8101
72508,1620
72510,6443
72515,5594
72518,6366
72521,6989
72533,5594
72536,6082
72543,930
72550,1422
72553,6611
72575,5256
72612,1915
72629,5003
72633,3903
72646,5003
72648,5003
72651,5003
72655,5003
72657,5003
72660,5003
72669,6637
72692,5256
72712,6814
72718,6814
72721,6169
72726,7007
72737,6961
72744,253
72753,2043
72754,2043
72755,2043
72776,5003
72778,6961
72779,6961
72787,5055
72796,6278
72806,5256
72820,6169
72824,892
72829,6076
72830,5862
72831,5862
72833,6076
72843,59
72878,2485
72906,5619
72947,4507
72964,5594
72967,1993
72974,6489
72981,183
72989,5405
72995,930
73021,5256
73023,2485
73028,71
73045,6692
73053,5256
73057,5256
73059,5937
73071,71
73075,71
73080,6029
73093,4507
73097,6723
73100,6723
73103,71
73118,4607
73137,6814
73148,5387
73160,422
73170,6169
73171,6169
73175,6637
73179,6724
73180,6724
73181,6169
73189,6096
73196,7067
73203,7069
73206,1356
73226,439
73246,5509
73268,2485
73273,6724
73274,6724
73281,6637
73287,2260
73294,7049
73297,6552
73300,7053
73313,2636
73318,6637
73336,8
73356,5003
73364,4040
73371,5003
73376,5003
73377,5003
73380,5003
73382,5461
73385,5003
73394,183
73429,5003
73431,5003
73434,5003
73442,5003
73443,5003
73445,5003
73449,1355
73463,439
73479,2036
73485,88
73487,1005
73488,5544
73506,2645
73516,5509
73517,5509
73519,439
73555,930
73570,5619
73571,5619
73606,6961
73611,6961
73615,5503
73619,5003
73620,5003
73629,8101
73631,8101
73634,8101
73636,7049
73649,5544
73653,1075
73664,5003
73666,5003
73684,6204
73689,1871
73697,6814
73698,6814
73700,3467
73703,5256
73704,5256
73719,6961
73726,4737
73739,919
73741,1327
73747,1443
73757,1443
73766,930
73767,1443
73768,1443
73783,5862
73786,6814
73796,6814
73798,6814
73804,7077
73835,5594
73841,5594
73845,5594
73855,5594
73863,5594
73873,6169
73887,5256
73906,930
73910,930
73919,5482
73921,5482
73932,6814
73936,5256
73946,6946
73948,181
73959,6961
73966,930
73968,5256
73970,582
73981,5594
73985,5594
73993,5594
74025,1389
74034,6961
74038,5862
74095,7128
74098,5003
74126,637
74133,5271
74151,4337
74157,1443
74203,930
74226,5003
74228,6757
74232,5003
74235,5003
74239,5003
74240,6814
74246,6814
74247,6204
74250,5003
74251,5003
74253,5003
74255,5003
74264,684
74285,5594
74289,6637
74290,6637
74291,6637
74294,2040
74297,6999
74300,5256
74336,6076
74338,1724
74340,1724
74361,4240
74362,4240
74395,5221
74401,3137
74409,6552
74424,71
74436,71
74451,4337
74460,7008
74517,6076
74534,5594
74539,5594
74541,5594
74546,5594
74551,5594
74630,71
74647,5619
74649,1327
74650,5619
74667,2289
74690,264
74731,3335
74732,6814
74746,5503
74747,5503
74749,7188
74759,6814
74760,6814
74806,5003
74808,5003
74812,5003
74814,5003
74816,5003
74827,442
74862,5221
74866,5003
74869,5256
74872,5256
74880,2260
74912,1356
74926,6169
74928,6169
74929,6685
74941,506
74949,2043
75010,812
75012,5937
75013,6637
75022,7231
75024,6814
75026,6637
75038,5937
75043,6305
75049,6637
75059,8
75072,7230
75098,5946
75102,7243
75115,5429
75129,5256
75141,5429
75145,6637
75146,4739
75173,5619
75174,5619
75206,3874
75224,812
75226,1356
75252,5256
75257,8101
75272,1077
75276,1077
75277,3345
75302,6961
75328,2289
75338,4426
75342,4426
75347,4426
75351,1327
75396,2040
75407,4426
75411,4426
75422,3773
75434,6489
75436,6489
75438,6489
75451,3018
75452,3018
75462,5923
75501,4916
75537,5256
75554,4426
75560,6169
75563,5256
75568,812
75587,6637
75593,976
75595,7291
75598,6169
75601,6961
75602,6961
75603,6961
75604,6961
75610,6961
75611,427
75614,6961
75631,1327
75651,919
75693,4337
75755,930
75757,930
75762,8
75768,71
75781,812
75787,812
75791,812
75794,812
75838,1356
75840,1356
75856,7046
75857,5003
75860,5003
75888,812
75900,4672
75909,144
75926,3856
75931,6204
75947,5256
75954,812
75963,930
75966,485
75976,6076
76003,7324
76010,1443
76015,1443
76021,1443
76091,3903
76093,930
76104,930
76113,1443
76117,5003
76119,5003
76122,5003
76126,5003
76127,439
76128,1443
76142,4751
76143,7328
76188,8101
76193,6005
76199,6005
76203,6005
76206,6005
76217,71
76228,2728
76238,2040
76248,6918
76262,6946
76267,812
76273,2043
76276,6961
76282,930
76285,827
76290,7284
76295,930
76323,1212
76329,812
76360,6833
76361,6833
76364,1935
76371,1935
76392,1934
76395,5003
76425,442
76428,3167
76430,3167
76431,3167
76432,3167
76433,3167
76434,3167
76435,3167
76436,3167
76438,3167
76441,3167
76444,1636
76481,2322
76545,439
76557,595
76571,88
76605,795
76628,4764
76635,5561
76644,919
76645,3167
76648,770
76652,7339
76674,930
76675,7376
76680,5461
76681,7377
76688,5461
76706,6637
76729,181
76751,1036
76759,427
76785,1573
76805,1965
76823,6204
76830,930
76832,6204
76847,6918
76849,930
76861,221
76899,5461
76928,3167
76940,913
76948,427
76952,439
76958,181
76960,930
76963,181
76979,88
76984,4626
77017,2849
77058,930
77061,930
77071,2260
77075,7339
77087,7360
77101,5594
77113,5461
77116,3903
77128,449
77129,7418
77130,7418
77131,7418
77132,7418
77133,7418
77137,930
77143,812
77205,5594
77209,2912
77210,2912
77211,2912
77212,2912
77217,2912
77233,3137
77236,159
77242,5552
77283,3310
77289,7244
77295,3903
77306,845
77308,2570
77336,976
77350,5256
77378,1077
77383,2043
77391,2912
77394,2912
77396,2912
77399,2912
77401,2912
77403,919
77406,276
77408,276
77417,3310
77470,71
77475,2260
77497,449
77501,3310
77508,5256
77516,812
77529,812
77530,595
77531,595
77534,595
77535,4040
77547,3903
77606,3058
77619,6961
77622,6005
77650,401
77668,930
77679,2040
77689,7008
77702,2040
77703,2040
77704,2040
77726,5461
77742,7244
77755,2040
77778,5594
77802,485
77808,7489
77810,6723
77842,5503
77853,6961
77856,6961
77866,6961
77871,6961
77891,6961
77893,6961
77895,6961
77898,6961
77902,6961
77904,6961
77918,4257
77925,439
77935,7506
77998,6877
78003,71
78008,7518
78013,442
78054,930
78059,930
78082,7523
78083,7523
78117,930
78149,6723
78174,2485
78194,4784
78197,7543
78238,2912
78255,1400
78271,1150
78283,5594
78314,5461
78327,5429
78334,7365
78339,1349
78363,7334
78397,5594
78418,71
78444,6305
78445,6305
78446,6305
78455,6169
78458,6169
78466,2040
78475,183
78509,5594
78525,930
78537,4257
78539,6999
78549,930
78565,6723
78576,6976
78589,2020
78595,7489
78603,2020
78607,4872
78611,264
78626,7574
78648,6169
78653,5503
78662,2914
78673,4714
78674,4714
78675,4714
78679,3903
78738,4257
78774,6169
78805,6005
78807,7570
78846,2020
78881,5594
78900,7620
78913,6961
78926,5461
78939,88
78972,1005
78982,2981
78986,3345
78988,4581
78999,8
79072,264
79085,4164
79098,7640
79099,7640
79143,919
79153,930
79199,7649
79201,7649
79202,7365
79203,6206
79206,5348
79214,7425
79217,7570
79230,6700
79232,1935
79292,7601
79300,264
79322,6961
79332,449
79337,2020
79346,1965
79384,434
79392,3248
79420,5739
79421,5509
79431,485
79445,4812
79460,5594
79461,919
79472,6637
79499,930
79513,930
79515,5348
79520,4523
79526,6918
79529,5836
79531,1151
79545,7702
79546,7702
79547,7702
79557,5461
79564,6169
79590,6412
79611,930
79634,2485
79654,7284
79660,71
79714,930
79728,6969
79737,6969
79746,7702
79747,7702
79749,7702
79750,7702
79752,7702
79754,7702
79755,7702
79756,7702
79757,7702
79758,7702
79759,7702
79764,221
79779,7722
79782,930
79789,1965
79810,8101
79816,2485
79860,3794
79892,485
79894,1400
79922,5503
79937,5461
79938,2921
79940,2921
79949,588
79959,7743
79969,6029
79970,6029
79972,6552
79975,6029
79976,6029
79982,6082
79989,930
80012,2485
80031,3345
80054,221
80072,4570
80081,253
80086,253
80097,1935
80107,4737
80139,2914
80183,253
80209,300
80211,300
80215,6918
80219,930
80242,7778
80249,930
80255,6489
80258,6489
80261,6489
80275,7784
80301,6936
80379,930
80399,6440
80408,1151
80409,5429
80420,5453
80430,2719
80431,449
80440,4737
80444,4626
80449,4672
80452,7148
80455,7148
80468,3162
80469,3162
80470,5982
80474,230
80562,4737
80584,88
80594,7649
80595,7649
80596,7649
80599,6489
80605,253
80610,5544
80615,6305
80618,6305
80619,6305
80624,6305
80632,6305
80642,6169
80661,7837
80677,5739
80691,2113
80732,7290
80733,7244
80734,7845
80770,1935
80786,7290
80787,7290
80793,221
80794,7290
80824,5594
80833,3703
80838,7855
80879,3432
80927,6781
80932,6781
80939,5594
80949,5594
80994,6637
80995,6637
80997,1077
81138,3076
81142,2020
81144,6781
81160,7898
81162,3026
81163,3026
81164,6877
81199,6637
81200,2040
81242,7837
81243,7837
81251,1935
81253,7837
81261,2020
81266,2040
81267,2040
81271,930
81274,7290
81289,2040
81294,7837
81310,2040
81330,2040
81331,2040
81373,5429
81389,7925
81453,6969
81516,930
81518,930
81539,485
81581,4737
81586,7923
81637,7649
81646,7901
81647,7901
81648,7901
81649,7901
81650,7901
81651,6440
81655,7649
81695,919
81696,7170
81697,930
81702,561
81736,6015
81752,7837
81774,5429
81795,7968
81796,7968
81808,7968
81817,5594
81830,5544
81841,7976
81869,6637
81871,7649
81911,7973
81928,2020
81929,2020
81949,4812
81967,6961
81971,71
81980,7290
82005,7425
82011,5482
82019,5946
82037,3310
82058,291
82061,4040
82067,3167
82079,4812
82082,29
82100,1005
82101,6637
82124,5923
82128,4001
82131,4001
82166,919
82181,2485
82214,6325
82220,2513
82241,3162
82244,3162
82248,6538
82249,6538
82251,3310
82256,919
82277,2387
82279,4746
82280,2387
82281,2387
82282,2387
82286,4290
82288,221
82293,3903
82304,4181
82307,6082
82308,6082
82319,1991
82327,221
82357,7418
82359,7418
82411,1991
82426,4673
82438,3032
82454,5503
82457,3310
82458,3310
82460,3310
82462,3310
82463,3310
82470,7290
82477,3856
82498,930
82512,6637
82541,8041
82574,71
82598,930
82604,3903
82614,7448
82621,5544
82629,3454
82633,5635
82636,2719
82637,2719
82644,4319
82682,3167
82683,3167
82686,7837
82709,3903
82721,4319
82777,8062
82784,8041
82799,8080
82805,6204
82809,7448
82813,5505
82840,7964
82842,6412
82859,930
82924,7685
82932,7685
82933,7685
82934,7685
82939,8100
82946,3058
82983,2485
83010,5594
83017,5594
83022,7128
83096,88
83122,7837
83150,449
83210,2485
83219,8
83225,3310
83251,5594
83265,5461
83286,8041
83295,7744
83299,7194
83300,930
83340,253
83376,8101
83404,919
83450,7976
83462,569
83492,7976
83500,8036
83511,5946
83514,6637
83570,7976
83592,7290
83594,7290
83597,6637
83602,4001
83609,5619
83644,858
83650,7290
83671,7418
83672,7418
83673,7418
83676,2020
83690,6884
83702,919
83710,1036
83726,264
83728,1005
83729,8178
83730,8178
83732,6005
83759,6637
83760,7170
83769,3028
83817,5003
83819,5003
83821,5003
83826,5003
83827,5003
83831,5003
83846,6637
83848,6207
83850,6884
83853,6884
83856,253
83860,307
83869,6552
83873,5003
83884,253
83885,6096
83888,253
83905,976
83910,3422
83916,253
83923,253
83927,253
83929,5429
83930,5429
83932,5429
83943,4077
83960,8196
83961,8196
83962,8196
83971,5594
83987,221
84001,4737
84043,812
84048,8
84070,2328
84088,5429
84097,7976
84103,5505
84107,5505
84109,5505
84113,5505
84117,5505
84121,5505
84143,5505
84156,88
84165,88
84186,7837
84187,8227
84209,5619
84228,8231
84245,8231
84254,7290
84266,253
84270,976
84274,3162
84275,3162
84276,3162
84277,3162
84280,7744
84289,1327
84291,1689
84294,94
84310,6142
84342,7837
84343,7837
84346,930
84384,930
84386,7649
84389,7649
84391,8257
84394,297
84459,221
84466,4001
84479,276
84488,7008
84521,5919
84522,4507
84523,2040
84543,8
84565,6204
84571,3903
84576,7744
84578,7290
84581,7290
84582,7744
84585,7744
84592,7744
84645,8293
84658,8289
84659,8207
84668,3903
84675,427
84677,7837
84680,5505
84701,8076
84703,8076
84704,8076
84718,8299
84735,2043
84736,2043
84741,8293
84776,595
84801,7448
84802,7448
84809,8076
84838,930
84860,7649
84861,7685
84885,919
84887,8289
84890,439
84893,439
84896,427
84906,7649
84924,6076
84942,7290
84952,2485
84958,8076
84959,2485
84960,2485
84972,71
85018,3331
85024,427
85025,8076
85072,5836
85083,5594
85087,5594
85089,5594
85111,5461
85114,5461
85124,8076
85139,2645
85146,2914
85148,930
85175,1356
85176,1356
85238,1077
85247,3903
85252,4278
85258,3601
85265,8271
85289,5594
85295,3162
85297,3162
85298,3162
85320,2817
85330,8289
85331,8289
85336,8289
85340,3167
85341,8289
85342,8289
85347,7649
85350,930
85379,8289
85386,8289
85414,5619
85416,5619
85419,3310
85426,6579
85433,6579
85434,6579
85436,6579
85441,6692
85442,6977
85503,8076
85511,8367
85520,6969
85523,8333
85527,8076
85592,4705
85594,696
85620,71
85627,8076
85659,4681
85694,7409
85703,8076
85725,8389
85729,5594
85769,8076
85772,8076
85792,4916
85794,930
85802,252
85816,181
85847,8251
85856,4546
85870,8409
85874,8196
85885,7111
85921,8419
85922,8419
85923,8419
85930,7290
85936,8076
85953,6884
86009,2485
86022,8259
86048,6207
86050,8413
86069,595
86112,5461
86127,5394
86132,439
86153,8076
86186,4856
86202,71
86204,71
86220,8419
86228,8413
86241,8461
86244,8461
86245,8461
86248,901
86250,8461
86253,8461
86266,4398
86278,4681
86286,588
86289,8207
86294,8076
86301,1291
86303,427
86305,427
86325,930
86335,6305
86337,2658
86340,439
86341,439
86344,4812
86346,439
86359,8473
86365,2485
86367,8475
86369,8289
86370,8076
86380,3162
86381,3162
86382,3162
86383,3162
86384,3162
86385,3162
86386,3162
86387,3162
86388,3162
86399,227
86405,5594
86413,3903
86414,5836
86415,3167
86416,3167
86421,8251
86444,5505
86461,8439
86473,8289
86482,439
86509,5594
86525,2485
86572,1355
86586,930
86599,5503
86601,6067
86604,1997
86608,5461
86609,6096
86621,8289
86624,7482
86640,7170
86642,7649
86645,199
86666,221
86675,930
86703,1036
86739,230
86754,8076
86766,1935
86768,81
86784,3903
86788,3903
86791,8076
86794,6814
86796,3903
86800,88
86807,4278
86819,3248
86822,7077
86823,7077
86835,401
86862,6637
86865,3248
86885,3903
86893,8076
86894,7170
86917,5003
86919,5003
86922,5003
86924,5003
86940,8076
86941,2513
86951,5003
86962,1356
86981,4812
86990,6204
86997,2403
87018,5946
87041,253
87058,8207
87068,5505
87070,8076
87075,8076
87077,930
87083,930
87085,6884
87104,439
87118,6917
87131,8076
87137,6884
87138,439
87139,439
87141,439
87146,2513
87147,1036
87148,8533
87149,8533
87154,8533
87176,8401
87177,8401
87182,8401
87187,8401
87192,8401
87204,1327
87229,7529
87231,7529
87239,5594
87247,8544
87258,8494
87263,7529
87287,8076
87341,2513
87349,2513
87351,6489
87360,2513
87363,5003
87366,5003
87369,2019
87370,8447
87373,4278
87379,5003
87384,1036
87385,5003
87389,5003
87390,5003
87393,5003
87394,5003
87396,5003
87399,5003
87402,5003
87404,5003
87406,5003
87412,5003
87414,5003
87416,5003
87426,6637
87432,8581
87434,8494
87437,8494
87439,8494
87440,8494
87441,8494
87448,8494
87450,8494
87454,7923
87458,8587
87487,6637
87489,8076
87508,427
87509,6440
87510,6440
87543,6491
87563,588
87564,588
87569,4737
87576,1077
87577,3137
87579,7172
87581,8076
87591,7529
87603,5003
87605,5003
87619,6961
87652,8527
87655,7418
87656,7418
87657,7418
87662,7649
87663,6637
87664,8447
87666,8447
87672,4877
87682,1765
87683,1997
87686,2040
87695,6496
87699,2043
87708,2040
87709,2817
87712,8076
87722,4278
87725,4278
87731,8076
87779,5256
87786,6971
87788,8401
87797,2513
87815,8447
87816,8447
87835,8507
87836,8507
87839,6884
87890,1356
87900,1356
87904,1356
87908,401
87925,439
87928,439
87945,439
87947,439
87962,227
87965,8642
87972,439
87982,8643
88009,595
88010,595
88015,8645
88022,7290
88025,2513
88030,71
88031,3162
88032,3162
88033,3162
88041,3162
88044,3162
88047,3162
88048,3162
88049,3162
88050,3162
88051,3162
88052,3162
88053,3162
88054,3162
88056,3162
88057,3162
88060,3162
88083,3248
88085,8447
88087,8447
88088,8447
88100,5429
88103,8447
88108,2040
88165,6637
88173,1643
88178,5544
88222,5594
88232,4278
88240,4278
88246,930
88247,930
88251,6637
88303,2485
88321,8289
88326,8220
88331,2485
88349,8507
88363,8076
88364,8076
88371,7918
88372,300
88374,8333
88398,930
88404,5544
88413,1036
88427,6552
88431,300
88432,1643
88437,7529
88452,6821
88454,2817
88456,8
88483,7290
88485,2616
88487,2616
88488,4278
88510,88
88521,8657
88530,6624
88534,812
88537,1997
88562,2719
88563,439
88566,439
88577,5946
88579,8605
88584,2040
88591,4278
88595,8533
88607,6637
88610,7376
88614,6637
88643,7290
88650,2485
88655,7290
88662,8076
88678,6961
88747,812
88762,5505
88765,71
88769,71
88770,71
88777,2403
88778,2403
88795,71
88814,71
88846,8076
88855,3167
88894,7290
88912,427
88928,1182
88939,8676
88948,3094
88958,5429
88971,2485
88972,8494
88973,8494
88976,2817
88982,1586
88989,8735
88990,8735
89014,7418
89015,7418
89020,930
89056,2403
89117,8109
89119,8289
89123,8109
89136,3263
89155,1036
89173,8674
89174,8674
89176,1643
89181,1643
89183,1643
89184,2020
89187,7376
89189,7376
89190,7376
89198,8639
89207,1075
89226,8734
89232,8771
89242,8732
89252,3903
89255,6918
89259,2485
89276,7649
89287,6305
89293,6029
89313,8780
89316,8663
89319,8560
89326,2485
89329,2485
89351,6305
89359,8788
89368,8788
89371,8788
89374,6918
89383,6305
89385,6305
89388,6305
89392,6305
89394,6305
89396,6305
89405,7290
89407,7290
89410,7290
89413,2796
89414,8790
89434,6029
89436,6875
89439,2485
89443,7482
89464,6096
89507,7418
89508,7418
89509,7418
89540,8251
89542,1643
89554,6821
89555,8676
89556,8676
89576,3167
89582,5461
89593,8076
89595,5461
89597,6579
89599,5003
89614,1643
89626,300
89654,1643
89693,3432
89718,5594
89734,6821
89756,5739
89770,8605
89772,8076
89776,5461
89778,7250
89779,8507
89781,5544
89814,439
89847,7365
89849,7555
89860,8112
89921,291
89922,3248
89934,291
89937,291
89942,291
89943,291
89948,291
89950,5429
89982,7972
90017,1036
90026,8852
90043,3167
90048,7002
90074,7482
90076,8507
90078,8041
90079,8251
90097,264
90124,8676
90126,8676
90127,8676
90130,8676
90150,4872
90160,401
90166,401
90170,401
90214,2658
90217,2020
90224,8676
90231,4872
90240,4872
90246,4872
90277,300
90291,8560
90294,3248
90305,6204
90312,569
90338,1050
90341,253
90346,253
90347,427
90348,427
90350,88
90386,6682
90414,8560
90439,8884
90449,2485
90473,1349
90482,930
90505,1349
90506,1349
90507,1349
90508,1349
90509,930
90511,1349
90512,1349
90513,1349
90515,71
90518,1349
90524,1349
90526,1349
90527,1349
90528,1349
90530,1349
90532,1349
90534,1349
90535,1349
90537,1349
90541,1349
90542,1349
90544,1349
90547,1349
90555,8781
90564,1349
90565,1349
90566,1349
90585,8605
90592,5252
90605,5252
90630,8605
90632,6325
90650,7365
90659,5509
90730,1036
90731,2020
90737,2020
90746,7046
90755,8605
90776,5003
90778,5003
90780,5003
90782,5003
90785,5003
90786,5003
90788,795
90790,5003
90792,5003
90794,5003
90796,5003
90797,7170
90819,4337
90837,1212
90851,6432
90861,4534
90875,5503
90896,181
90910,6082
90913,2485
90927,8676
90931,5256
90934,4553
90936,4553
90937,5561
90938,6917
90943,8402
90952,8605
90969,8464
90977,291
91008,6029
91018,8960
91046,7968
91048,8884
91056,4727
91059,7968
91078,812
91084,7968
91093,1965
91094,1965
91095,1965
91108,8402
91111,8402
91125,227
91129,6029
91148,5594
91151,8976
91152,8976
91170,4001
91173,1643
91176,1050
91179,930
91185,6869
91186,6869
91226,88
91274,253
91278,8605
91305,3248
91306,3248
91314,7290
91318,5461
91320,7250
91340,4278
91341,4036
91361,199
91393,8997
91398,930
91416,7046
91420,8999
91438,2789
91467,8605
91494,9004
91500,8041
91504,3248
91531,812
91533,7172
91589,8605
91592,2485
91597,7418
91598,7418
91599,7418
91601,7418
91602,7418
91603,7418
91605,4681
91606,6872
91622,4877
91633,2000000001
91678,5003
91681,5003
91684,976
91696,8289
91706,3162
91707,3162
91708,3162
91709,3162
91710,3162
91717,3162
91719,71
91721,6637
91738,1459
91748,930
91754,8676
91765,5429
91787,7290
91798,71
91803,5561
91831,8605
91849,9040
91850,9040
91862,4693
91867,7795
91868,6637
91875,5256
91888,7649
91901,2044
91909,227
91913,7649
91921,253
91923,71
91925,8676
91935,5946
91937,7529
91938,7529
91945,8605
91960,5561
91963,1443
91971,8605
91990,8605
91995,588
92048,6082
92053,2403
92055,7250
92066,930
92081,976
92090,3519
92121,2789
92134,2322
92175,8676
92188,4001
92195,7795
92218,930
92220,595
92226,5113
92251,5096
92252,5096
92254,5096
92256,5096
92257,5096
92263,5096
92265,5096
92268,9092
92269,9092
92278,6096
92284,8533
92285,8533
92301,2660
92303,3167
92353,976
92373,8676
92374,8676
92375,6637
92379,1075
92406,2485
92413,588
92414,588
92415,8676
92417,588
92430,439
92451,930
92453,1349
92459,8469
92461,6637
92467,1643
92483,8402
92493,5561
92544,8605
92553,5461
92565,253
92567,253
92574,253
92578,5461
92586,2921
92621,1643
92634,3162
92640,8676
92677,2403
92681,9118
92683,9118
92693,7828
92703,8076
92704,8076
92710,2403
92711,2403
92716,8676
92721,5790
92726,1443
92734,7135
92781,8676
92786,8
92804,6637
92808,7172
92821,2403
92860,9147
92861,5096
92862,5096
92863,5096
92866,9154
92867,9154
92869,5096
92870,5096
92872,9154
92898,2513
92911,8676
92912,8676
92949,8890
92979,1643
92986,1643
92989,1643
93004,9169
93014,5547
93033,7290
93045,1643
93048,7290
93062,760
93070,7290
93083,8605
93097,7685
93103,2861
93104,7685
93111,7972
93113,6918
93116,6918
93143,5597
93159,5461
93166,4541
93171,4278
93172,4278
93173,3248
93192,1643
93215,7649
93225,595
93226,595
93233,3269
93237,9199
93254,3162
93265,3310
93266,5429
93268,3582
93329,7471
93334,9163
93336,9211
93340,9211
93346,9211
93349,5256
93372,2405
93391,8890
93396,7685
93457,7649
93458,4877
93493,1643
93495,1643
93501,4278
93521,6204
93527,8251
93555,6440
93557,7649
93558,2403
93580,7471
93597,8605
93600,8605
93602,8605
93608,4278
93616,7418
93617,7418
93625,1349
93645,1349
93687,5509
93723,71
93729,71
93753,6421
93757,8754
93759,6637
93761,6637
93772,1643
93783,9251
93786,7972
93790,449
93799,7311
93813,4278
93826,5509
93828,5509
93830,4975
93841,230
93844,697
93856,279
93858,4507
93860,279
93876,5619
93906,449
93934,8605
93939,919
93943,8242
93948,8391
93956,1443
93975,5503
93977,5503
93984,7482
94005,159
94021,8402
94027,5509
94033,5509
94035,2343
94037,307
94039,5509
94044,4278
94045,8676
94046,8676
94047,8676
94055,9251
94065,1822
94103,2322
94104,2322
94108,307
94117,7290
94120,7968
94129,8605
94132,8605
94139,930
94149,930
94154,2040
94166,2485
94177,1643
94178,1643
94187,71
94222,3919
94228,9287
94231,5509
94234,8402
94267,4975
94273,8464
94277,1005
94282,8464
94285,1643
94315,1997
94320,8462
94364,5256
94369,5256
94381,3826
94395,5003
94407,6552
94410,2403
94425,8605
94459,3903
94462,3903
94480,8242
94491,4048
94497,8605
94503,2485
94534,7290
94545,9007
94547,59
94564,2330
94567,4278
94568,4278
94576,2660
94578,2660
94590,9311
94591,9142
94594,3994
94603,7900
94606,8605
94658,4278
94666,8251
94688,561
94689,561
94690,561
94721,5535
94739,8788
94742,8788
94744,8788
94745,8788
94747,8788
94759,1643
94774,8876
94775,5429
94778,614
94793,5493
94794,5493
94799,7135
94816,71
94936,9211
94937,6552
94944,6552
94955,5731
94965,8507
94967,8507
94969,1084
94972,4856
94983,264
94998,5003
95000,5003
95007,3432
95009,88
95018,5003
95030,976
95035,9332
95041,71
95047,2322
95062,1643
95067,3053
95068,8605
95073,7968
95075,7968
95077,7968
95080,159
95101,8788
95142,5274
95163,8605
95182,427
95187,8890
95198,930
95206,88
95239,439
95242,7555
95248,5410
95260,8605
95267,5147
95272,3432
95278,8605
95383,3432
95385,3432
96107,1834
96109,2485
96120,71
96133,8605
96138,7471
96149,88
96170,71
96180,2322
96182,966
96195,4426
96207,9328
96210,9328
96226,7418
96227,7418
96240,6432
96243,7258
96256,5003
96258,5003
96265,6432
96268,5003
96271,6432
96291,9379
96306,2981
96313,6432
96319,4481
96321,6432
96339,2485
96348,71
96353,1381
96384,5619
96386,439
96397,1146
96400,6289
96403,6289
96478,6289
96479,6289
96491,2485
96520,71
96522,8676
96547,1212
96548,6289
96565,5967
96576,264
96584,1997
96596,1005
96636,5003
96638,5003
96643,5003
96649,1261
96668,2485
96683,2020
96696,4337
96698,88
96712,7685
96728,1977
96733,8976
96764,7258
96768,307
96770,5003
96773,5003
96775,5003
96778,5003
96779,5003
96780,5003
96782,5003
96783,5003
96784,5003
96786,5003
96787,9287
96789,1443
96798,6961
96801,770
96802,8892
96803,770
96819,253
96822,253
96824,253
96852,8560
96857,253
96868,930
96872,3167
96874,3167
96875,3167
96876,3167
96891,7290
96898,7290
96904,253
96915,3167
96919,1146
96924,3167
96983,1643
96986,6082
96992,8462
96993,8402
96994,8402
97012,7091
97016,72
97044,253
97049,5256
97053,1977
97128,8402
97129,8402
97131,2960
97137,88
97160,439
97173,8402
97178,2795
97206,2020
97225,4001
97226,9466
97239,7489
97260,71
97264,7290
97271,7290
97279,7290
97281,2472
97287,264
97292,8605
97308,3794
97309,9487
97313,9488
97371,2795
97374,2795
97383,253
97385,666
97388,6029
97401,22
97403,22
97409,22
97412,8890
97431,9495
97437,5429
97463,7170
97469,5429
97476,6029
97502,9267
97512,5739
97544,1720
97553,2485
97556,3919
97558,3919
97577,7482
97580,9503
97581,9503
97582,9503
97594,8076
97599,8507
97610,582
97615,427
97640,8462
97641,9251
97645,3098
97660,930
97664,229
97676,7649
97683,3919
97690,229
97697,9497
97699,9497
97723,5003
97738,812
97758,5879
97761,3162
97764,5480
97768,3162
97779,2861
97790,9522
97820,196
97824,5461
97828,7803
97830,845
97835,6109
97840,5461
97841,9004
97858,196
97867,71
97870,9251
97878,7418
97889,3826
97893,3826
97894,2156
97896,8790
97923,7964
97938,6029
97954,4553
97973,2461
98000,253
98027,8676
98031,8676
98061,930
98064,3521
98065,3521
98073,8462
98085,9007
98121,3162
98122,3162
98126,439
98133,9519
98145,1643
98149,812
98160,5480
98166,5544
98167,439
98281,976
98284,5003
98286,8605
98300,3826
98326,1939
98329,9582
98334,2485
98348,8076
98397,3903
98400,7744
98402,7744
98404,7744
98407,7744
98409,7744
98415,8076
98438,439
98476,812
98519,7290
98530,2772
98537,7290
98541,7241
98544,7290
98545,3594
98548,7290
98549,3594
98553,7290
98555,7290
98563,4072
98579,7649
98621,199
98625,2861
98638,2322
98642,6204
98651,6204
98661,4553
98672,4553
98674,9497
98679,7290
98690,7290
98692,9617
98697,9620
98703,9551
98737,8876
98745,6703
98754,6961
98758,6961
98788,2719
98791,9632
98801,7375
98835,3467
98861,4278
98863,9643
98865,9643
98888,439
98898,8690
98906,5003
98912,6957
99030,9662
99031,9004
99041,9664
99045,3467
99050,1077
99052,9251
99068,9506
99075,6029
99082,1643
99084,1643
99097,2513
99102,7290
99115,5544
99122,3601
99145,7418
99184,8076
99195,9602
99198,6204
99214,4856
99240,7448
99244,9211
99247,9211
99253,930
99287,1050
99296,83
99300,5826
99304,9004
99324,8462
99335,7290
99349,9651
99357,9651
99360,9497
99361,3919
99375,506
99394,9657
99396,9657
99397,9657
99399,9657
99405,9657
99410,9657
99418,4856
99490,7290
99508,1349
99509,1349
99515,6204
99517,1005
99523,9721
99527,9169
99553,1913
99554,4856
99570,7071
99587,9602
99613,9497
99616,9741
99620,9741
99623,8605
99662,159
99709,3903
99720,8076
99727,8605
99743,2387
99760,5003
99762,5003
99763,5003
99764,5003
99765,5003
99766,5003
99769,5003
99771,5003
99776,7290
99783,2485
99816,7290
99819,9437
99820,9211
99821,9211
99822,9211
99836,3026
99840,9619
99866,6029
99869,9767
99884,9609
99885,9769
99928,4278
99937,8402
99946,7028
99967,6432
99972,8447
99980,8447
100004,4856
100025,4856
100051,2322
100052,5461
100055,8605
100083,7649
100085,8402
100106,7071
100114,9786
100120,439
100129,4278
100130,4278
100131,4278
100135,2485
100136,439
100140,6029
100146,9497
100147,9497
100148,9497
100155,3488
100168,3025
100170,4553
100171,4553
100178,4479
100198,8763
100207,3779
100209,253
100222,6204
100252,4856
100256,4856
100258,4856
100315,7290
100321,7828
100322,9806
100391,6552
100424,5509
100447,6029
100448,930
100469,1077
100479,2970
100480,7292
100487,5594
100489,5594
100517,24212
100539,5461
100540,4553
100541,4553
100550,7290
100571,6029
100597,6029
100599,966
100605,1822
100625,427
100632,1997
100655,230
100657,9497
100670,6724
100672,3162
100673,3162
100675,8960
100698,3162
100699,3162
100705,9497
100707,9497
100708,9497
100713,6064
100723,9497
100724,770
100735,9497
100742,1443
100746,199
100754,71
100802,2485
100833,7290
100861,5790
100875,7649
100895,7271
100948,7418
100949,7418
100958,5221
100961,71
100962,71
100967,5619
100968,5619
100996,5521
101053,7290
101068,7290
101071,7972
101123,2000000001
101152,9497
101155,4337
101162,9908
101164,9497
101165,9497
101183,1643
101191,8413
101193,8413
101194,8413
101195,8413
101296,6090
101301,300
101304,5003
101306,5003
101309,5003
101310,5003
101311,8033
101319,8402
101321,5003
101322,5003
101326,5003
101329,5003
101331,5003
101333,5003
101358,9657
101361,8960
101437,7448
101443,9253
101448,8461
101467,4884
101472,3582
101477,3582
101478,3582
101479,3582
101541,8461
101562,8413
101569,9583
101574,2513
101577,2669
101579,2669
101581,5256
101583,5256
101584,5256
101585,5256
101586,2669
101601,5505
101610,7649
101612,7448
101615,7649
101616,7448
101618,7448
101619,7448
101625,7649
101678,1643
101680,6432
101702,9583
101731,9497
101748,8605
101761,4553
101791,2669
101801,7744
101875,8207
101887,1381
101895,5790
101899,88
101943,930
101944,9991
101952,7448
101954,7448
101956,7448
101957,9991
101964,8413
101996,9497
102023,597
102072,1050
102080,930
102169,7448
102173,9007
102184,5461
102229,5264
102233,7448
102235,7448
102246,4479
102253,7448
102270,4319
102271,7448
102272,7448
102273,439
102274,439
102277,439
102278,439
102279,439
102288,1141
102294,439
102299,1356
102320,5023
102351,7649
102352,3269
102355,595
102360,2669
102381,1586
102389,10023
102406,71
102448,8289
102451,8289
102475,8289
102485,5443
102538,7448
102539,7448
102540,7448
102543,7448
102550,770
102556,8289
102568,2076
102569,10035
102570,7448
102583,930
102592,7448
102596,858
102606,9007
102607,9007
102608,9007
102609,9007
102610,9007
102611,9007
102612,9007
102613,9007
102614,9007
102615,9007
102616,9007
102617,9007
102618,9007
102619,9007
102620,9007
102621,9007
102636,9497
102637,770
102656,1077
102665,9899
102690,3167
102691,3162
102692,595
102705,3167
102719,9971
102729,6897
102757,7448
102765,9437
102803,9007
102805,9007
102849,10059
102861,5461
102873,1643
102892,10067
102903,8605
102910,8507
102921,7448
102938,7290
102957,8447
103001,3903
103009,3748
103034,3310
103065,8413
103072,7448
103097,7448
103109,2252
103134,1356
103142,5003
103144,5003
103145,5003
103147,5003
103149,5003
103160,4737
103163,71
103226,10086
103264,438
103270,1036
103275,7448
103296,199
103301,2485
103312,7290
103339,930
103346,7448
103359,9162
103361,7448
103373,10117
103376,10069
103408,264
103417,930
103426,1643
103438,7172
103441,7172
103476,71
103490,7172
103491,4268
103493,5003
103504,4240
103510,2772
103513,2485
103526,7546
103528,8289
103542,4521
103543,768
103576,10151
103581,6552
103583,6552
103587,4916
103598,4754
103651,4553
103652,4553
103675,5221
103676,5221
103678,5221
103679,5221
103681,5221
103684,5221
103686,5221
103687,5221
103688,10117
103689,9497
103695,6897
103704,264
103713,4337
103715,5221
103716,5221
103720,858
103726,3262
103727,3262
103743,8242
103761,3443
103762,3443
103765,9007
103766,8419
103780,7250
103785,930
103793,427
103796,6637
103800,6637
103809,7387
103812,7685
103822,8461
103824,8461
103840,10183
103850,1355
103851,2020
103886,6606
103896,9497
103898,4812
103900,9497
103921,7172
103923,4553
103925,835
103939,8413
103986,9583
103998,3167
104007,221
104013,9007
104030,6552
104052,6552
104057,6487
104060,6487
104063,6487
104065,6487
104066,6487
104070,2485
104072,6487
104075,6487
104079,6487
104082,6487
104086,6487
104088,6487
104090,6487
104092,6487
104094,6487
104098,6487
104103,6487
104110,9497
104124,2485
104129,10117
104131,71
104132,4278
104138,3310
104146,10214
104151,7064
104177,8413
104192,9007
104199,10197
104202,10220
104204,71
104211,2669
104212,2669
104213,2669
104219,6552
104254,5461
104265,253
104266,5778
104267,5778
104268,1997
104269,5778
104270,5778
104279,1997
104283,582
104293,6204
104304,1643
104320,10231
104334,5003
104335,5003
104336,5003
104337,5003
104338,5003
104347,835
104349,835
104351,835
104353,835
104355,835
104357,10249
104358,835
104360,835
104362,835
104364,835
104366,835
104369,835
104391,8614
104406,8402
104408,930
104431,10256
104473,588
104496,2669
104534,7290
104535,4278
104563,2485
104571,5509
104584,930
104595,4337
104598,8413
104611,1050
104613,8101
104619,7250
104624,4843
104626,7950
104631,401
104634,9975
104635,401
104646,3162
104647,3162
104649,4856
104662,5003
104679,9251
104695,9007
104713,8976
104715,5464
104723,8462
104733,7290
104737,7898
104738,7898
104739,7898
104740,7898
104742,7898
104743,7898
104745,7898
104747,7898
104750,7898
104751,7898
104756,230
104769,7898
104770,7898
104772,7898
104775,7898
104776,7898
104777,7898
104778,7898
104779,7224
104780,7898
104807,2513
104810,7795
104812,4812
104826,10266
104890,2485
104903,3125
104904,3125
104910,4812
104923,71
104929,9975
104934,3511
104935,88
104963,5003
104981,10117
104982,10117
104996,3262
105023,2040
105056,8507
105057,8507
105068,6029
105094,7964
105114,9497
105128,71
105160,3443
105166,3443
105177,10217
105178,10322
105184,10341
105191,3443
105205,7420
105208,3162
105229,2669
105230,6552
105239,9007
105244,71
105264,1895
105299,8462
105313,7556
105409,3443
105411,3443
105416,3443
105437,7290
105439,9497
105442,7290
105446,5573
105476,9617
105506,7420
105519,8507
105524,10385
105525,8076
105534,71
105537,3388
105541,8413
105567,8413
105579,1963
105584,3443
105593,9007
105598,9007
105601,9583
105604,9583
105607,9007
105626,9887
105657,3141
105665,9767
105677,6606
105693,1077
105705,9887
105710,2970
105763,3125
105768,10414
105787,2040
105791,10266
105795,10266
105802,2164
105811,10421
105827,4754
105841,7250
105844,7250
105850,4626
105856,9767
105859,8976
105904,1542
105922,71
105931,71
105937,5003
105958,9767
105967,9583
105976,71
105992,264
106010,71
106017,10197
106052,3582
106053,3582
106070,5003
106071,9767
106072,9767
106073,9767
106101,9141
106126,334
106128,7795
106141,1327
106154,8413
106160,4337
106162,4337
106168,9887
106176,9887
106180,8242
106194,6637
106197,6432
106202,6432
106204,6432
106208,6432
106214,6432
106218,10293
106219,9621
106280,7685
106298,3903
106309,4812
106342,4077
106357,8413
106384,9007
106390,5461
106391,7448
106397,6357
106398,6357
106400,6357
106401,6357
106403,7448
106404,7448
106405,7448
106406,6357
106408,9887
106412,6432
106427,6432
106432,7649
106442,1075
106445,401
106470,10421
106483,6103
106487,9004
106495,3572
106496,696
106516,230
106550,9497
106580,6606
106615,8507
106629,7418
106630,7418
106642,7795
106657,6432
106688,3310
106694,10506
106703,7964
106709,7649
106740,595
106758,221
106767,7250
106776,7290
106822,4600
106875,4784
106877,4784
106902,5429
106916,1991
106925,4916
106927,4916
106962,10506
106964,6103
106981,2485
106984,10322
107003,919
107006,10506
107007,3310
107017,10023
107031,101
107040,6961
107045,2401
107050,10538
107070,3310
107121,3310
107135,10551
107140,8413
107145,10553
107182,9007
107200,71
107202,4553
107210,3018
107237,7418
107247,339
107248,6664
107258,7685
107273,449
107284,10416
107312,10571
107315,439
107318,4754
107346,8101
107350,8101
107357,71
107398,8413
107409,6432
107416,7255
107424,6521
107433,5503
107438,8413
107447,6432
107453,3748
107464,2485
107518,10210
107585,9741
107586,71
107595,5226
107604,7354
107617,7354
107621,3703
107622,9620
107628,7270
107653,4479
107663,2426
107664,8302
107665,8302
107675,10599
107695,10117
107701,2044
107708,10604
107716,561
107722,442
107733,4319
107749,5739
107783,71
107791,2040
107815,10610
107819,8960
107829,10613
107833,8462
107840,10591
107843,2970
107864,8
107886,6637
107891,7649
107895,3582
107908,10614
107936,10610
107948,10625
107949,10456
107967,10610
107968,10610
107974,230
107983,858
107999,10591
108011,10610
108027,10183
108034,1514
108041,2485
108060,7290
108066,9583
108093,439
108096,10652
108101,439
108111,7244
108119,10210
108128,401
108144,3167
108148,2669
108150,1077
108157,2798
108159,3262
108163,10595
108165,10653
108183,9651
108186,8853
108204,71
108215,3919
108218,3919
108231,582
108243,9007
108246,9007
108256,7135
108259,7135
108260,7135
108265,4916
108295,6204
108315,1514
108330,10649
108331,10649
108332,10649
108335,10649
108336,10649
108339,10649
108340,10649
108397,6674
108412,10322
108422,10675
108432,835
108444,2328
108445,2328
108454,1643
108470,561
108478,10688
108480,775
108483,775
108495,8413
108496,8413
108502,2040
108525,10640
108526,10640
108549,10633
108557,10389
108558,10389
108560,10389
108566,10389
108570,10389
108589,3748
108602,9621
108609,7376
108624,9651
108625,427
108634,9651
108637,9651
108641,221
108655,9651
108660,3748
108677,858
108679,264
108711,3125
108725,10275
108729,10675
108733,9007
108739,10640
108743,7135
108744,7135
108753,10389
108782,10688
108786,7244
108797,10389
108811,6357
108813,6357
108814,6357
108816,6357
108817,6357
108819,6357
108820,6357
108824,6357
108825,6357
108831,6357
108833,6357
108840,930
108846,930
108860,3026
108887,8413
108888,8413
108890,3310
108901,7964
108905,10512
108906,10512
108907,3125
108909,10512
108912,2485
108921,10389
108922,10389
108923,10389
108924,10389
108925,9651
108927,10512
108944,3162
108945,3310
108946,7148
108953,8413
108975,9007
108990,5461
108993,9007
108995,9007
108996,6357
109002,7448
109010,8413
109013,6357
109014,6357
109016,7649
109025,6357
109027,6357
109028,10610
109030,10610
109032,10610
109052,264
109053,930
109082,7135
109092,9141
109108,10610
109109,10610
109121,8413
109122,3310
109123,6552
109132,71
109135,10773
109149,8402
109154,10217
109160,10610
109161,10610
109172,10777
109173,10777
109179,9651
109184,2043
109204,5561
109208,5274
109211,10389
109212,5274
109213,10610
109214,10610
109215,10389
109216,10389
109237,3903
109244,10610
109248,10787
109288,791
109292,8462
109299,10322
109310,7135
109319,9767
109350,9007
109354,181
109357,10389
109360,3794
109361,199
109376,10322
109382,5038
109383,5038
109390,588
109397,4360
109403,227
109417,3026
109421,2485
109423,3026
109430,10610
109439,230
109486,9651
109500,10811
109507,183
109511,264
109557,10040
109558,10040
109565,8286
109566,8286
109567,561
109568,8286
109572,7290
109573,7448
109574,8
109575,9651
109576,9651
109597,439
109610,2669
109634,9651
109639,1643
109663,9651
109680,3270
109686,10512
109688,10512
109756,3826
109763,3826
109769,10040
109772,10040
109773,439
109783,10768
109809,7290
109818,7685
109824,10040
109827,10040
109859,8013
109867,71
109868,71
109878,9620
109880,9620
109881,9620
109916,10855
109926,3162
109929,3162
109937,795
109938,795
109952,10858
109972,7828
109978,9621
109988,7448
110003,8892
110005,253
110006,8892
110009,253
110011,253
110013,253
110018,10867
110023,10867
110025,10867
110038,8413
110039,10389
110055,10872
110058,253
110061,253
110064,253
110070,253
110083,6785
110108,2485
110176,5429
110182,2000000001
110184,7420
110191,8413
110229,9007
110239,10820
110241,10820
110245,6357
110246,6357
110247,6357
110248,6357
110249,6357
110250,10389
110251,6357
110252,6357
110264,8413
110279,10217
110284,1643
110374,561
110384,7282
110385,7282
110386,7282
110388,7282
110446,253
110449,253
110460,7250
110468,253
110469,4908
110473,253
110479,919
110510,3167
110513,6961
110516,10787
110517,7448
110535,7649
110659,5429
110662,5429
110672,919
110680,7964
110683,1349
110684,1349
110695,8771
110738,2912
110749,2912
110750,2912
110751,2912
110752,2912
110753,2912
110754,2912
110755,4426
110761,2912
110769,8565
110812,10354
110860,10889
110896,253
110902,930
110916,6250
110938,7448
110958,9174
110961,930
110973,930
110997,253
111000,253
111004,10357
111005,10357
111015,10955
111035,253
111042,561
111052,5429
111070,10210
111075,8402
111080,10776
111088,3026
111093,10963
111129,9007
111134,8976
111135,8976
111138,6142
111144,10968
111180,253
111182,253
111214,264
111220,7169
111267,71
111296,9651
111319,5270
111329,6250
111332,8565
111337,2485
111338,2485
111387,930
111404,101
111484,10210
111486,10210
111489,2020
111494,7964
111501,9211
111505,9211
111515,1036
111516,9253
111529,71
111541,8413
111568,3310
111575,930
111610,4600
111611,4600
111618,71
111621,795
111622,7169
111635,8413
111636,8413
111743,7448
111754,9339
111770,264
111776,8507
111820,5429
111823,10963
111930,439
111992,7795
112003,8565
112029,4337
112034,4337
112037,71
112074,8413
112076,5505
112084,5739
112114,5826
112118,9651
112119,1005
112124,7290
112126,4737
112148,10032
112151,523
112171,3903
112188,597
112199,9339
112227,7964
112238,7649
112243,3137
112260,279
112300,279
112306,253
112321,9651
112326,9651
112340,10963
112370,8419
112371,8419
112453,3263
112475,6961
112511,279
112522,11031
112523,11031
112541,8642
112543,8642
112544,8642
112546,7795
112552,9651
112589,7448
112607,183
112666,11082
112689,582
112692,8413
112710,7448
112732,11030
112735,10210
112742,10210
112785,1349
112803,11030
112817,7685
112821,7803
112824,7685
112832,7803
112863,4337
112871,4751
112872,2040
112885,10994
112892,2040
112894,8565
112907,7290
112909,9651
112912,9651
112914,9651
112935,6744
112952,4479
112985,9791
113007,6204
113027,11099
113031,7448
113069,10389
113071,10389
113092,5429
113102,10231
113107,10963
113109,1935
113121,2669
113126,8413
113146,5739
113150,7290
113152,8413
113164,8402
113205,11116
113206,11116
113208,11116
113209,11116
113210,11116
113211,11116
113216,11116
113222,11116
113223,11116
113225,11116
113226,11116
113232,5256
113235,8413
113236,11116
113237,11116
113239,11116
113241,11116
113244,3919
113245,11116
113247,11116
113263,8289
113271,11116
113272,11116
113275,8413
113276,7795
113278,11116
113280,11116
113281,11116
113283,11116
113286,11116
113287,11116
113296,2322
113325,930
113333,181
113343,11127
113353,11116
113354,11116
113356,11116
113358,11116
113379,4812
113390,5256
113394,3167
113420,7482
113436,183
113439,8413
113463,1005
113464,3167
113485,5461
113487,3582
113490,3582
113511,7795
113520,595
113565,4856
113568,8286
113585,9534
113591,9534
113609,5429
113622,2914
113651,10210
113654,10210
113660,10433
113692,11166
113707,7448
113735,9253
113736,11116
113737,11116
113743,11116
113750,10210
113770,8507
113771,9991
113781,7649
113790,10152
113798,11116
113818,71
113837,8413
113881,5429
113891,4447
113895,71
113933,9651
113936,8413
113941,8413
114005,5739
114033,9621
114035,9621
114039,9534
114043,427
114046,1821
114048,1821
114077,5429
114090,7448
114107,597
114174,8507
114179,11052
114203,2020
114214,5594
114229,6884
114237,8413
114238,8413
114288,5274
114289,4485
114299,1720
114322,8081
114325,9174
114353,2000000001
114356,9174
114359,11052
114370,930
114420,930
114423,9534
114428,11233
114465,2322
114469,7448
114474,4278
114500,2322
114511,4657
114516,2322
114518,9865
114551,6579
114603,8413
114615,9174
114656,4751
114662,10183
114674,4751
114681,4751
114719,7418
114736,7555
114739,3310
114778,6606
114783,6014
114794,6014
114836,8986
114839,8986
114840,8986
114845,1782
114849,9174
114900,7448
114905,8507
114910,10968
114938,7290
114964,930
114969,8507
114971,11277
114977,7803
115000,10210
115018,2485
115031,10968
115032,10968
115042,5505
115067,11052
115068,11116
115079,11116
115088,7418
115104,10968
115109,11293
115131,11292
115154,8986
115155,8986
115156,7282
115160,9887
115161,9887
115185,6957
115195,10322
115197,7964
115202,6884
115203,7486
115204,9413
115215,7448
115219,11301
115221,7649
115223,7649
115234,1036
115241,11303
115246,11305
115270,11292
115290,11292
115303,7290
115327,3058
115338,3058
115378,6884
115395,7290
115398,9007
115406,5594
115433,9887
115435,11324
115444,7964
115452,7448
115462,2830
115464,2830
115468,2830
115470,2830
115487,11332
115488,10210
115527,2830
115529,2830
115533,2830
115535,11336
115537,6204
115552,11290
115557,4673
115563,2328
115564,2328
115627,11344
115639,2322
115640,2322
115646,7448
115650,7950
115670,3903
115690,7448
115692,4843
115698,8927
115763,7556
115783,595
115784,595
115786,595
115836,442
115839,401
115841,401
115842,9497
115868,6884
115870,795
115896,6552
115937,7448
115955,10421
115961,11052
115988,11379
115997,6552
116024,442
116044,7290
116081,6188
116083,11385
116086,7135
116102,11388
116110,2040
116123,1643
116138,8523
116158,8413
116177,7448
116183,10599
116184,3846
116186,9004
116187,4278
116191,9249
116199,6884
116206,10210
116209,5946
116224,5826
116225,5826
116226,5826
116236,6637
116252,4916
116258,3167
116261,7486
116269,2322
116308,7290
116318,2485
116321,1657
116353,8
116417,8413
116455,4751
116468,11290
116469,9481
116475,439
116486,5826
116490,7795
116491,5826
116501,7376
116502,7376
116507,5494
116525,8413
116544,595
116552,10322
116568,5573
116583,11435
116584,7290
116585,11436
116586,11436
116618,10322
116669,2426
116690,2083
116765,9534
116773,11301
116781,7418
116798,81
116822,561
116827,439
116830,439
116832,439
116874,2170
116888,9621
116889,9621
116898,11458
116927,10210
116946,9621
117005,9534
117030,10040
117044,11195
117076,11477
117078,7744
117081,7803
117091,4829
117101,7290
117110,9174
117115,4693
117133,6897
117136,6897
117170,253
117202,9621
117205,9621
117251,6082
117254,9174
117273,7448
117274,427
117276,7649
117279,1573
117282,4036
117283,9534
117298,264
117318,5429
117330,615
117333,7138
117353,3188
117369,9621
117444,1381
117467,6884
117470,3310
117473,8874
117480,2226
117486,71
117503,82
117511,11517
117516,7420
117519,7420
117530,6884
117561,7964
117601,595
117632,4607
117638,11528
117658,5505
117660,5505
117662,5505
117665,5505
117666,5505
117673,5505
117675,5505
117679,5505
117702,401
117703,10217
117709,3263
117742,5505
117762,7135
117776,11538
117791,2020
117814,5503
117826,5461
117853,8116
117864,6432
117871,8507
117908,253
117917,253
117920,253
117927,919
117941,10210
117942,7964
117966,2485
117982,1764
117987,230
117996,1349
117997,1349
118002,6188
118004,6188
118005,6188
118030,6752
118037,1515
118039,7448
118059,25133
118062,5505
118065,5505
118073,6897
118080,5505
118085,439
118132,5505
118139,1327
118142,8960
118150,10849
118152,4278
118203,8114
118208,10649
118214,5505
118235,1640
118243,5505
118247,5505
118251,10968
118262,5003
118277,253
118338,11397
118342,9621
118344,9621
118397,976
118449,7803
118455,7795
118482,4812
118522,253
118534,10385
118549,9211
118596,8320
118601,9621
118612,3903
118628,6432
118629,6432
118636,7448
118660,11397
118661,11397
118666,2485
118679,11397
118682,11397
118689,11397
118694,6487
118697,9621
118699,9621
118701,9621
118708,11397
118712,11397
118719,11618
118721,9253
118737,264
118754,88
118802,6538
118804,5004
118814,6897
118821,966
118822,9497
118823,9497
118833,10210
118865,7311
118871,4812
118893,25133
118895,25133
118938,10341
118952,9621
118955,9621
118988,1390
118997,10503
119004,139
119005,10963
119013,22
119034,10963
119046,11633
119077,11397
119103,11633
119115,427
119117,9621
119156,6884
119164,5025
119176,2020
119222,5594
119234,11397
119261,3162
119276,11201
119282,11201
119288,9621
119289,9621
119291,9621
119293,9621
119295,9621
119297,9621
119299,9621
119301,9621
119303,9621
119320,3162
119321,3162
119325,11397
119349,7448
119357,7448
119358,7448
119361,5509
119379,7556
119382,7556
119385,9621
119395,11201
119401,11201
119402,5826
119403,5826
119404,5826
119405,5826
119406,5826
119458,7556
119459,7138
119483,11201
119508,3162
119545,11623
119550,88
119553,9865
119561,7290
119582,10148
119590,9621
119591,9621
119592,9621
119601,10322
119617,11682
119642,2226
119644,1114
119650,7556
119664,4337
119672,6579
119673,6579
119681,11568
119683,5505
119689,6579
119697,5505
119699,5505
119702,5505
119704,5505
119717,11397
119752,1390
119757,10649
119759,10649
119762,10172
119764,10172
119765,10172
119766,10172
119767,10172
119813,10849
119840,9621
119865,401
119889,7795
119906,11702
119921,8413
119924,10849
119948,11707
119995,6188
119998,7803
120034,7803
120070,9621
120098,10963
120100,10963
120176,7290
120179,5003
120180,5003
120182,5003
120184,5003
120186,5003
120188,5003
120207,2313
120209,2313
120246,6884
120256,198
120275,9621
120283,7795
120303,7649
120337,10172
120373,7290
120413,5429
120417,7744
120433,9621
120437,5407
120478,6658
120479,9651
120484,7964
120493,11708
120509,10481
120531,8507
120544,7649
120546,6752
120572,11397
120594,8413
120614,11609
120615,5461
120617,4812
120628,2020
120634,4751
120685,6579
120688,7916
120697,2485
120705,7916
120719,5826
120733,11346
120741,5594
120742,2485
120743,307
120779,71
120781,71
120799,8413
120807,8614
120827,5594
120837,4751
120861,4812
120876,11517
120883,5461
120884,5461
120904,7649
120909,5429
120957,7916
120971,11716
120986,434
120996,10148
121001,9621
121004,9621
121035,8657
121039,8507
121078,401
121086,6884
121104,3310
121109,11609
121110,11609
121120,2981
121148,11583
121153,11496
121168,6884
121182,9621
121203,6821
121216,279
121231,8413
121234,5509
121241,3310
121243,8507
121248,2798
121255,8507
121269,8413
121284,11815
121288,7546
121313,3263
121319,11075
121322,7290
121324,11233
121338,11233
121468,11843
121480,8207
121499,11583
121546,4812
121559,11496
121560,11496
121562,439
121572,11768
121589,4337
121600,11346
121603,5594
121608,71
121610,71
121620,11032
121625,71
121627,71
121636,4812
121650,4812
121658,11825
121684,5826
121688,3310
121715,11779
121718,11779
121753,7918
121755,71
121766,11195
121863,919
121900,8657
121917,8413
121933,7795
121972,4856
121987,10963
122003,8141
122009,5505
122039,812
122052,5826
122054,5826
122059,439
122070,2485
122100,8286
122105,8413
122129,7290
122168,9621
122258,2043
122263,442
122266,11201
122276,11779
122295,7290
122310,11233
122336,7172
122352,3432
122361,11899
122366,10385
122399,11583
122414,7290
122421,11583
122422,11583
122427,10389
122454,8614
122459,8614
122460,8614
122477,183
122478,183
122520,10963
122525,8565
122548,9621
122550,9621
122552,11943
122554,7172
122586,7172
122633,919
122636,7138
122648,3701
122650,3701
122651,8413
122655,4812
122689,11891
122737,11891
122769,11032
122823,11032
122836,71
122869,8401
122874,8401
122902,5339
122959,11974
122966,11944
122968,7138
122969,7138
122970,7138
122974,179
123031,1573
123037,6884
123042,5946
123046,6579
123066,9621
123070,3826
123078,6884
123082,12043
123098,9174
123120,11667
123122,11667
123131,7038
123150,4812
123171,4426
123173,6884
123187,1381
123266,11032
123270,4856
123345,11496
123346,11496
123415,8507
123444,1496
123451,7290
123458,11496
123462,11779
123474,12019
123529,990
123554,8413
123579,7131
123584,6579
123587,183
123633,2824
123634,2824
123636,2824
123651,12038
123653,7795
123703,9621
123708,1538
123751,3525
123753,3525
123758,3521
123761,3521
123763,6579
123767,930
123775,11991
123776,11991
123780,8413
123818,9621
123867,12043
123889,10963
123890,10963
123893,11899
123899,10977
123910,2020
123920,8413
123923,9621
123929,159
123937,3826
123970,3525
123972,7448
123992,12054
124016,307
124029,12043
124041,2310
124042,11032
124048,4843
124057,11944
124058,9621
124059,11944
124073,8251
124088,11511
124123,12066
124153,11032
124167,12043
124169,12043
124201,8413
124203,7138
124204,7138
124252,1381
124254,11941
124255,795
124260,1381
124270,11032
124284,11032
124290,11032
124314,8507
124410,8507
124430,1036
124431,9621
124488,7570
124496,11708
124521,9621
124538,3525
124556,1381
124576,1443
124612,9621
124620,5339
124638,11032
124673,11032
124686,12097
124700,1098
124730,12043
124742,7744
124745,7795
124755,5047
124787,12106
124806,2750
124826,3856
124877,9621
124878,9621
124894,2981
124898,2981
124939,8413
124969,3310
124970,3310
124971,3310
124991,11477
125004,5470
125026,9621
125029,3856
125049,778
125068,3019
125069,3019
125089,1349
125099,3019
125102,3919
125135,495
125138,11708
125150,4337
125172,12130
125182,71
125197,3162
125198,3162
125200,8507
125248,12134
125262,1381
125269,1349
125281,11195
125289,5503
125292,5503
125327,795
125329,5470
125353,3019
125354,771
125356,6579
125372,7649
125441,812
125445,919
125452,12155
125476,6884
125478,6884
125485,6579
125563,12043
125564,12164
125565,12164
125566,12164
125568,11374
125578,9621
125621,3903
125625,11032
125653,4364
125683,8291
125699,12171
125731,2795
125737,88
125766,4812
125770,1538
125773,9621
125793,10231
125809,11708
125820,2970
125825,7290
125832,12179
125840,8291
125887,5946
125892,5461
125896,5826
125942,8413
125949,4360
125966,7290
125980,7290
125986,11708
125995,253
126017,11032
126032,8991
126079,7448
126089,2719
126097,930
126127,3826
126209,1538
126216,6029
126226,11496
126229,11496
126230,11496
126235,11397
126239,7141
126253,7170
126257,7469
126260,5221
126263,2228
126297,6897
126303,3501
126318,11032
126347,8413
126358,7138
126363,4856
126365,8413
126368,4856
126407,5461
126409,12206
126415,3903
126420,11496
126497,12106
126512,8413
126568,11195
126592,8494
126604,71
126605,955
126606,955
126632,1381
126640,11032
126641,11708
126712,1871
126730,6606
126743,12243
126748,1538
126758,1538
126778,1327
126797,11032
126801,2795
126814,4856
126837,11032
126841,7290
126855,7290
126865,7418
126890,11032
126892,11032
126899,8413
126950,8401
126968,6752
127023,2912
127030,2912
127033,2912
127035,2912
127036,2912
127048,2912
127073,11708
127101,9619
127130,9621
127137,8413
127138,8413
127164,6579
127166,6961
127173,12286
127182,11032
127185,8413
127198,595
127249,10610
127254,11032
127262,347
127298,5946
127307,930
127364,3640
127375,2912
127420,10389
127431,8297
127435,12322
127468,2218
127511,8507
127624,8413
127642,7900
127643,12305
127647,1538
127657,791
127679,7290
127683,930
127714,9677
127723,11475
127731,9007
127739,11583
127743,6752
127754,8402
127764,12339
127816,230
127819,279
127827,2040
127841,230
127844,7964
127848,9253
127861,3443
127875,3443
127883,1050
127899,2568
127903,11616
127939,6606
127950,11583
127953,10421
127956,4829
128001,8507
128060,12370
128074,4887
128085,12370
128153,10389
128184,12013
128212,4426
128219,3310
128231,11032
128235,4607
128262,1538
128271,4784
128272,4784
128307,8507
128308,6752
128314,8507
128331,8507
128360,264
128368,10911
128375,2019
128380,12258
128400,8489
128406,8489
128427,12406
128430,6845
128465,11032
128470,2020
128475,930
128478,12411
128505,10172
128514,10385
128516,10385
128517,10385
128518,10385
128519,10385
128520,10385
128527,8413
128578,2392
128581,7418
128582,7418
128590,8507
128623,3748
128624,3748
128679,2040
128686,10172
128690,5348
128695,9621
128723,3263
128728,3263
128736,3310
128739,3310
128741,10649
128743,7603
128746,10649
128756,3364
128765,930
128769,3331
128772,1327
128779,4812
128780,3331
128800,4226
128802,8413
128803,4523
128831,5509
128839,5461
128863,930
128877,930
128913,8507
128969,5931
128979,12286
129030,2921
129048,3310
129050,12450
129057,2912
129059,5935
129107,10968
129117,12179
129132,11032
129134,12454
129144,10649
129151,2020
129194,12258
129202,12462
129245,4829
129248,8507
129251,25
129268,8507
129275,930
129282,11032
129289,10963
129338,5461
129365,2020
129383,9991
129385,7918
129399,88
129411,12106
129432,12476
129440,10414
129441,10414
129443,10414
129446,9621
129448,9621
129449,9621
129457,8413
129459,930
129469,3919
129478,7448
129487,1538
129498,8402
129548,7138
129568,11032
129585,12489
129588,12489
129590,12489
129591,5946
129592,12488
129611,4872
129616,10217
129619,9621
129621,9621
129623,4829
129665,3162
129679,930
129735,3934
129751,858
129765,3019
129773,5946
129775,6752
129783,10385
129785,10385
129786,10385
129820,12446
129825,12511
129840,1803
129851,10040
129869,8507
129896,8251
129900,6752
129928,71
129941,4072
129951,12431
130006,11511
130024,12258
130046,3748
130067,4812
130109,12329
130110,12329
130195,930
130200,12347
130204,2795
130210,12542
130240,1349
130243,1349
130245,1349
130246,1349
130248,919
130262,2795
130266,12106
130274,5509
130281,71
130289,230
130299,1939
130317,9621
130318,7734
130359,11943
130372,12106
130376,10275
130380,12550
130383,485
130388,12550
130390,9621
130391,12106
130396,12106
130405,71
130429,7397
130441,1349
130445,9856
130446,9856
130449,9856
130450,9856
130453,9856
130454,9856
130456,9856
130460,11032
130461,7290
130557,4856
130562,6579
130569,6793
130580,2000000001
130641,10275
130659,8960
130663,5946
130667,7486
130708,12571
130736,8413
130764,1084
130776,9908
130777,9908
130796,12431
130830,8507
130831,8507
130859,9583
130860,10266
130907,5946
130909,7290
130931,12598
130945,3331
130953,5946
130958,12604
130959,9583
130964,12603
130965,12598
130969,12607
130972,3162
130975,3162
130979,8067
130991,2669
130996,11511
131019,8892
131020,81
131022,12613
131035,12583
131081,253
131085,4600
131105,8413
131107,8413
131123,2981
131129,3331
131146,7556
131153,10977
131159,795
131163,12603
131179,3826
131195,12603
131198,12631
131228,9621
131251,8507
131256,5470
131274,2981
131287,4048
131288,4048
131305,8413
131306,3162
131315,4856
131318,2040
131320,183
131343,2669
131352,7649
131359,4976
131402,7482
131441,3137
131447,10410
131453,7448
131501,2485
131508,9621
131522,2485
131525,2485
131560,10968
131561,10968
131575,12540
131577,2485
131584,660
131597,11032
131600,11032
131611,11511
131632,10599
131647,183
131680,264
131718,11032
131719,6752
131723,183
131744,11032
131761,253
131781,4048
131817,253
131828,253
131831,253
131847,9174
131856,930
131870,11708
131919,12679
131928,3262
131941,3277
131960,930
132025,3826
132036,7448
132046,5242
132048,3019
132049,1422
132058,253
132061,253
132064,12540
132081,8507
132085,2405
132093,11032
132115,2669
132118,8507
132138,81
132141,539
132143,5461
132144,5323
132152,12694
132241,1349
132273,2040
132283,9583
132301,10217
132326,5505
132346,6961
132350,9253
132358,12540
132364,11981
132369,7448
132391,8507
132392,8507
132401,12710
132404,9437
132408,12697
132428,7290
132474,3331
132490,2040
132499,7290
132519,7290
132523,12521
132552,2020
132557,7290
132560,1764
132586,5503
132595,3826
132632,11981
132635,10275
132667,12740
132677,3525
132678,7649
132696,12697
132698,7448
132705,561
132709,11032
132719,11032
132734,3137
132745,7795
132747,2040
132749,2040
132755,2040
132769,539
132820,11981
132827,2289
132832,9583
132838,9583
132849,4865
132851,5274
132858,1146
132869,3335
132870,3335
132871,3335
132915,976
132921,9196
132940,11032
132946,9621
132959,7290
133018,2485
133030,3262
133037,795
133046,12052
133049,12052
133057,9253
133068,930
133073,930
133105,2795
133108,7250
133114,12780
133123,7290
133124,1349
133125,1349
133155,9136
133165,2040
133166,2040
133202,7448
133204,7448
133246,12794
133248,12794
133319,12106
133331,8507
133335,2040
133370,8507
133372,8507
133377,2485
133395,4829
133418,12206
133433,11342
133444,10512
133464,7795
133477,7795
133504,6204
133528,7290
133529,588
133543,12566
133557,12615
133582,3137
133593,12431
133600,12817
133658,11032
133679,7448
133701,11032
133703,12827
133719,7290
133729,7290
133738,12463
133746,11511
133750,2328
133751,2328
133753,2328
133761,8507
133787,7290
133800,930
133821,4829
133823,12832
133829,4856
133842,12706
133868,7448
133870,5461
133872,12836
133876,6606
133885,9174
133911,930
133929,6647
133944,7649
133948,7448
133973,264
133982,12106
133986,4829
134116,3748
134137,7290
134154,595
134155,595
134157,10512
134160,8413
134172,12226
134209,930
134213,6969
134250,4922
134253,9583
134282,8507
134285,8507
134287,8507
134288,7418
134291,7448
134293,10675
134339,8507
134403,3019
134405,6845
134406,7649
134436,7290
134438,12106
134442,11030
134444,12106
134447,12876
134461,7290
134470,7290
134500,7172
134515,3263
134522,11772
134523,9136
134533,10069
134551,653
134556,12840
134559,11195
134570,930
134581,11032
134583,4856
134595,9007
134596,7448
134598,7448
134605,9007
134612,6845
134672,1036
134708,11032
134719,8507
134740,7290
134741,12427
134750,8507
134755,11772
134766,4856
134790,253
134805,7290
134812,5739
134835,10141
134838,10141
134839,10141
134863,9534
134888,253
134946,12347
134974,7290
135039,7916
135040,7916
135064,7290
135073,11981
135092,3826
135094,3826
135122,12932
135126,930
135129,930
135146,6305
135153,230
135185,8413
135188,7290
135198,7290
135205,8881
135229,2020
135271,12347
135272,12960
135275,12960
135311,10524
135319,11328
135326,7290
135367,12803
135368,12803
135372,11772
135401,6793
135406,12803
135408,11511
135411,561
135419,930
135424,12968
135425,6894
135434,11511
135437,11511
135442,12708
135492,7170
135514,197
135528,5296
135545,595
135567,264
135582,264
135589,11944
135590,11944
135598,919
135609,253
135637,9908
135638,9908
135641,9908
135662,12989
135665,3826
135675,11944
135677,11944
135707,13008
135714,12650
135732,2392
135781,12347
135805,6961
135810,1349
135839,2485
135842,8507
135850,7418
135851,7418
135870,7290
135885,6305
135889,12937
135894,6305
135923,12318
135929,7448
135931,13030
135942,7448
135960,930
135995,1390
136008,7448
136011,1829
136021,12431
136026,3028
136036,10172
136083,253
136086,12710
136094,12604
136096,8413
136108,12710
136109,9908
136124,10172
136133,11475
136147,8289
136157,8413
136171,10598
136177,71
136180,11511
136196,11615
136203,2485
136221,2485
136223,2040
136233,11615
136234,930
136247,9583
136248,9583
136306,12365
136314,7448
136317,2000000001
136319,7290
136328,7448
136346,264
136356,5264
136359,5264
136369,12287
136373,6579
136404,10444
136427,1829
136450,588
136472,7290
136491,3826
136497,5594
136519,11032
136524,11772
136531,7290
136534,71
136540,11772
136545,11772
136604,8413
136608,11090
136619,12318
136650,7448
136651,12710
136663,12710
136672,12710
136712,7448
136725,12710
136736,12318
136769,8402
136784,13066
136786,13066
136792,12710
136800,12365
136804,2485
136807,7649
136808,2020
136854,11032
136863,47
136912,12710
136924,930
136932,3167
136944,7448
136959,10891
136961,8754
136964,13095
136971,11405
136974,6637
136976,1443
136991,13098
137000,47
137008,10776
137046,12347
137050,9662
137052,7912
137057,7290
137073,7290
137077,12710
137106,9595
137127,71
137129,13107
137139,9583
137167,3852
137178,1390
137208,3919
137209,561
137211,13117
137224,9007
137244,7290
137272,11405
137278,9007
137300,13122
137301,7448
137307,7486
137313,1150
137324,11032
137332,1390
137335,5826
137358,9899
137368,3335
137380,3335
137385,6845
137417,13134
137440,8006
137442,4553
137445,13140
137472,7290
137486,12710
137496,13066
137501,10341
137510,10776
137540,8006
137577,7448
137583,930
137596,3903
137599,13066
137602,7448
137605,7290
137611,812
137614,10977
137615,10977
137633,7964
137636,7898
137642,1540
137647,13122
137725,3903
137734,13157
137735,13157
137738,71
137762,82
137832,13066
137837,11043
137850,11043
137853,11634
137864,930
137867,930
137889,5246
137935,3919
137952,4485
137953,4485
137955,13154
137965,2750
137975,4908
137984,930
137992,12339
137994,8413
138015,13178
138021,12710
138024,12710
138028,13128
138036,13128
138040,13181
138068,11032
138098,7290
138121,6579
138122,6579
138123,6579
138151,8032
138162,5003
138166,5003
138168,5003
138176,9595
138194,930
138204,1349
138205,1349
138208,5246
138211,1390
138213,1349
138227,930
138231,8494
138247,253
138254,13116
138255,8413
138258,5503
138260,5503
138294,12631
138304,9007
138326,7448
138334,12924
138335,4432
138354,930
138359,13201
138373,13201
138422,8006
138491,3018
138510,4541
138533,5429
138553,11511
138590,196
138628,13220
138629,12096
138631,11634
138633,13212
138687,7290
138713,320
138774,13234
138779,9112
138843,4541
138849,7448
138878,7804
138881,7804
138883,7804
138887,7804
138889,12603
138895,7649
138945,2970
138963,10649
138981,7290
138991,7795
139004,930
139026,4541
139029,4541
139043,7290
139060,12106
139065,2485
139067,12463
139094,264
139151,13254
139156,13255
139186,13255
139193,6897
139228,12960
139231,7290
139238,7290
139246,7290
139252,603
139255,12106
139288,101
139293,2828
139302,9174
139322,2912
139323,13278
139328,8775
139331,7290
139367,398
139370,7290
139385,5443
139427,12246
139464,1443
139492,3826
139498,4812
139695,12106
139703,10849
139705,10849
139706,10849
139738,7290
139746,7290
139750,7290
139756,930
139816,10776
139852,9583
139906,11805
139910,13010
139918,13255
139920,13255
139938,3467
139980,4812
139998,8881
140056,2910
140058,6899
140167,770
140189,770
140200,7448
140204,2485
140205,7448
140226,5339
140245,12603
140277,4812
140342,770
140365,13350
140396,8028
140402,11450
140444,7290
140464,11032
140477,12155
140484,7290
140491,13128
140495,7290
140497,11511
140503,11511
140511,13361
140512,13361
140513,13361
140521,1349
140523,1349
140538,13191
140539,13300
140547,930
140555,1349
140556,1349
140557,1349
140558,1349
140559,1349
140570,11032
140572,11032
140587,11032
140596,13364
140627,12318
140637,1834
140641,12715
140648,6579
140656,6416
140680,1834
140697,10849
140809,3310
140814,3582
140834,7290
140897,227
140915,11032
140967,7290
140971,7290
141020,13398
141084,6897
141118,5505
141124,5003
141126,5003
141147,2981
141150,8028
141176,13255
141179,8028
141180,2795
141189,7250
141197,11032
141203,5003
141210,13428
141226,4278
141229,4278
141252,3331
141330,5493
141331,9007
141397,5509
141400,1205
141411,3467
141420,253
141423,253
141427,11032
141440,4812
141441,13312
141442,13449
141453,4278
141454,4278
141486,13449
141535,4812
141539,4812
141598,10675
141653,13351
141666,13398
141667,13398
141673,13398
141675,13398
141677,12947
141680,24212
141687,8286
141690,13398
141702,4812
141756,307
141766,9222
141772,7418
141773,13158
141775,6579
141777,7418
141779,3467
141806,4001
141815,6845
141816,5394
141823,3826
141827,1050
141833,3467
141857,13470
141859,3467
141862,253
141865,253
141871,253
141882,4812
141895,6897
141897,4278
141905,10877
141909,4278
141912,10389
141938,13478
141977,8041
141983,8041
141995,3454
141998,13472
142014,4657
142030,11944
142032,1349
142034,1349
142035,1349
142036,1349
142037,1349
142038,1349
142039,12155
142040,1349
142041,1349
142042,1349
142043,1349
142045,1349
142046,1349
142047,1349
142057,11032
142060,7448
142061,13485
142074,2000000001
142091,1349
142093,1349
142094,1349
142102,1349
142103,1349
142104,1349
142111,9249
142113,9249
142119,1349
142120,1349
142151,12603
142153,1349
142155,1349
142156,1349
142157,1349
142158,1349
142160,1349
142161,1349
142163,1349
142166,1349
142167,1349
142170,1349
142171,1349
142172,1349
142173,1349
142174,1349
142176,1349
142177,1349
142178,1349
142179,1349
142181,1349
142182,1349
142183,1349
142184,1349
142185,1349
142187,1349
142188,1349
142189,1349
142202,13351
142225,12106
142232,2485
142268,13498
142275,12603
142280,3162
142281,3162
142283,3162
142289,3162
142307,3162
142310,8112
142320,7290
142341,13351
142380,13128
142389,253
142448,1381
142518,2719
142524,3467
142545,5509
142552,3467
142576,6897
142583,13398
142591,3467
142636,11030
142677,6793
142689,6793
142707,3162
142710,3162
142712,7290
142715,3162
142732,13398
142794,10968
142801,10389
142809,13480
142810,13543
142828,6040
142835,11944
142844,6744
142857,7290
142862,6611
142880,9174
142893,3019
142906,12710
142917,6897
142984,1036
143003,7131
143011,4856
143039,11032
143057,3364
143060,930
143069,13568
143089,3903
143092,3903
143134,13568
143155,6884
143179,6204
143181,11032
143206,11032
143248,3467
143251,13325
143256,930
143270,199
143289,1102
143298,5941
143362,88
143364,4278
143389,13398
143390,13398
143394,2040
143401,12603
143403,10164
143406,6897
143415,13364
143418,12603
143461,6897
143468,7448
143472,264
143476,3467
143478,588
143489,3467
143491,3467
143535,3790
143552,264
143559,7290
143573,1227
143578,7290
143579,4278
143630,930
143644,3162
143648,10968
143650,1349
143662,1913
143667,2361
143672,4733
143676,561
143685,11708
143709,7290
143738,4278
143739,4278
143740,4278
143751,7448
143755,3243
143760,11805
143762,13398
143844,3167
143898,401
143919,12808
143923,6606
143926,8402
143929,4278
143946,9219
143947,8763
143996,5429
143997,7918
143998,1349
144006,8763
144024,930
144043,13564
144055,930
144145,5594
144150,10188
144152,8067
144154,7448
144162,2912
144167,2912
144171,7968
144174,7968
144175,7968
144177,7685
144179,4278
144180,4278
144182,686
144192,9112
144234,919
144243,770
144253,3467
144265,3467
144281,3467
144288,3167
144321,12318
144334,8415
144337,7290
144338,11981
144340,8415
144349,13664
144353,7290
144366,3167
144374,13423
144379,8067
144393,7968
144402,7649
144433,4812
144467,13664
144478,12318
144481,12318
144485,12318
144491,12318
144492,12318
144520,8101
144533,4278
144569,2020
144599,3826
144650,9618
144662,10963
144663,10963
144671,3748
144674,3748
144678,8196
144680,8196
144686,8196
144692,5503
144714,7448
144723,7968
144746,643
144766,2759
144771,2759
144776,7968
144778,7968
144791,13736
144859,2313
144871,8196
144902,13750
144953,12106
144964,307
144990,13759
145008,11032
145009,11032
145060,12603
145087,8976
145132,7290
145135,2485
145171,13774
145219,2921
145222,6204
145266,13022
145269,10675
145336,7555
145393,9650
145445,5339
145467,13765
145541,641
145583,1390
145595,7968
145640,8413
145654,13821
145656,7448
145670,7649
145672,13803
145696,6757
145719,13828
145758,1150
145803,930
145815,5836
145841,6897
145844,10875
145848,5339
145853,5429
145875,561
145885,7795
145895,2568
145916,12318
145937,13022
145939,588
145945,9174
145979,588
146022,13524
146031,264
146048,13765
146049,13765
146054,12474
146065,401
146067,2019
146071,13765
146100,6204
146103,1434
146106,8507
146107,11944
146110,2817
146122,71
146134,13765
146135,13765
146147,7290
146150,401
146152,8413
146157,7290
146167,7290
146171,13868
146180,10354
146188,12706
146189,12706
146222,588
146224,588
146230,588
146271,9908
146280,13880
146290,11821
146329,13883
146372,9174
146395,24212
146398,13864
146400,13864
146441,71
146442,12275
146456,11634
146465,7290
146498,5503
146531,7290
146563,6082
146581,10649
146582,10649
146583,10649
146584,10649
146621,10462
146655,588
146715,2912
146723,2912
146727,9595
146732,4607
146786,11899
146788,2083
146790,2083
146797,9657
146812,588
146819,6383
146823,12318
146852,13203
146874,11899
146878,11899
146891,11899
146896,13808
146897,10649
146925,2040
146929,4337
146958,13941
146980,13944
146981,7420
146993,930
147005,3484
147008,13947
147039,10172
147045,2981
147055,12318
147066,11056
147095,11032
147120,4278
147121,4278
147125,7968
147130,12450
147143,4966
147148,11056
147149,11056
147157,11899
147179,8413
147187,13966
147204,12898
147220,5493
147227,5493
147242,8196
147245,2000000001
147246,9769
147264,427
147287,13975
147301,11032
147334,13880
147337,7172
147380,10612
147383,10612
147389,10612
147390,10612
147396,9595
147406,11899
147425,13982
147496,12411
147525,7685
147556,5429
147563,5429
147588,9657
147591,9657
147592,9657
147594,9657
147595,9657
147596,9657
147597,9657
147599,9657
147602,9657
147638,9007
147653,6982
147659,8196
147676,8196
147686,307
147719,13993
147737,3014
147767,10389
147793,13997
147798,1349
147843,5349
147848,114
147849,114
147859,10341
147860,4278
147873,9887
147882,8196
147899,2040
147919,8413
147920,12055
147932,7290
147938,5594
147952,1349
147955,7290
147966,7290
147976,12898
147978,1443
147984,8494
147986,1443
147995,9595
147998,101
148004,9595
148005,2040
148009,2912
148014,2912
148040,561
148057,5638
148058,9174
148071,930
148091,14019
148094,9174
148098,264
148148,7290
148154,10612
148176,11646
148184,6510
148198,11634
148204,2485
148221,11772
148224,11772
148230,11772
148247,12710
148248,401
148252,11772
148264,11772
148269,1349
148271,1349
148277,12318
148279,4337
148296,14045
148362,13765
148364,1829
148379,10963
148394,10298
148400,6600
148405,8590
148408,9651
148487,6579
148493,9174
148527,1977
148528,10217
148547,7290
148561,3488
148579,1102
148621,2262
148644,13128
148645,930
148649,12411
148650,12411
148653,12411
148654,12411
148671,3335
148686,14062
148721,401
148733,11032
148738,11608
148792,11032
148799,2485
148801,11981
148874,930
148886,930
148895,12411
148896,12411
148899,12411
148915,12318
148941,1075
148958,8892
148965,561
148966,12106
149984,253
149988,14116
149989,14116
150000,2020
150003,10963
150013,14113
150031,3277
150034,2083
150037,10080
150039,5836
150043,5509
150046,1349
150047,1349
150048,1349
150049,1349
150050,1349
150051,1349
150052,1349
150053,1349
150055,1349
150056,1349
150057,1349
150058,1349
150059,1349
150060,1349
150061,1349
150062,1349
150063,1349
150068,1349
150085,643
150086,10649
150088,13791
150097,13941
150109,7803
150130,10963
150132,10963
150133,9339
150140,7290
150150,2860
150155,562
150157,562
150167,13765
150168,7276
150175,1349
150177,4426
150183,1349
150184,1349
150185,1349
150190,1349
150191,1349
150193,1349
150194,1349
150198,930
150199,930
150201,1349
150202,1349
150206,6611
150208,14010
150210,1349
150222,13360
150240,2970
150241,9657
150251,14017
150253,5025
150257,14146
150270,12714
150321,11091
150325,3137
150363,14108
150397,5919
150415,6884
150416,12411
150447,12318
150493,8067
150543,11707
150548,11032
150566,595
150569,12411
150582,14010
150584,12411
150604,8067
150619,12106
150621,12106
150626,9657
150628,8494
150635,11032
150642,945
150647,5429
150649,6897
150669,12318
150689,2485
150692,8413
150705,7448
150709,7448
150728,3919
150748,4263
150750,7448
150770,183
150773,7448
150781,11805
150867,6899
150868,442
150869,103
150884,10849
150885,2485
150887,10977
150906,11032
150915,8067
150918,13604
150935,227
150936,12411
150974,13702
150982,13702
150986,13702
150993,14212
150995,14212
151018,8196
151019,7448
151048,3640
151052,14123
151071,8775
151072,14222
151075,8686
151094,9174
151113,11981
151114,14177
151134,10389
151143,1320
151151,13672
151188,11763
151238,8413
151239,14239
151265,7290
151267,3263
151313,3269
151323,12347
151325,5503
151345,14146
151352,11707
151363,11032
151367,9481
151376,11032
151432,2789
151471,11030
151534,8413
151556,11032
151559,10217
151611,14278
151621,1349
151623,253
151625,4278
151627,1349
151628,1349
151638,264
151639,10977
151643,8413
151653,11032
151654,10688
151723,4278
151740,14156
151742,13950
151750,2040
151763,858
151768,14156
151773,2485
151784,14291
151793,9174
151809,14073
151827,10017
151879,401
151928,13791
151937,7448
151960,9657
151969,805
151994,10688
152001,11032
152005,10688
152019,11032
152043,14335
152047,12106
152067,442
152120,14113
152159,10413
152171,7968
152200,11435
152218,14359
152226,7290
152229,14360
152235,11582
152244,11792
152254,14367
152259,6082
152262,8924
152269,14368
152279,442
152304,10963
152322,637
152345,13672
152348,5221
152349,5221
152450,2040
152478,4398
152486,8413
152489,14385
152518,11849
152523,3634
152526,7649
152528,8114
152589,8976
152602,4553
152632,229
152651,4337
152656,264
152667,4337
152669,4337
152677,2485
152734,6204
152735,7250
152738,6204
152784,11032
152808,4426
152818,4426
152827,12710
152830,5221
152839,588
152852,13680
152853,6579
152854,13680
152857,10389
152866,10069
152976,6720
153000,3263
153007,11030
153068,9657
153070,9657
153073,9657
153080,9657
153081,6204
153084,9657
153086,9657
153091,9657
153092,9657
153119,12279
153122,4337
153124,12279
153140,14369
153153,14458
153166,8924
153180,14463
153186,14415
153191,14458
153238,3019
153246,10389
153285,1970
153289,13680
153293,13680
153330,4337
153332,1075
153337,10389
153339,14458
153346,7290
153371,13964
153381,6720
153431,13964
153475,14492
153508,14458
153518,2485
153535,10688
153544,14486
153606,2485
153631,11031
153663,7290
153683,14063
153705,10172
153757,1036
153762,11899
153781,10977
153808,11899
153809,11899
153810,11899
153813,13989
153820,11899
153821,11899
153822,11899
153829,919
153836,7290
153862,4607
153871,1381
153909,9553
153914,10977
153921,5594
153952,8041
153960,7649
153967,13765
154025,14533
154035,13765
154039,13529
154042,14535
154079,9553
154095,919
154102,13680
154103,13680
154107,3058
154118,229
154125,307
154158,9394
154171,2485
154207,5739
154215,4426
154224,183
154233,8807
154237,7290
154239,10599
154240,5461
154251,14506
154253,14506
154258,5594
154289,9007
154292,9007
154336,7649
154343,8507
154346,14554
154356,14553
154411,13680
154417,2485
154419,2485
154423,3293
154426,9394
154443,3019
154491,8413
154510,8320
154532,82
154540,11032
154553,11702
154572,13664
154584,4048
154623,71
154626,71
154645,442
154647,4864
154651,930
154656,8413
154663,4843
154684,5594
154710,686
154735,12279
154736,12279
154741,12279
154745,12279
154746,12279
154747,12279
154748,12279
154755,7290
154766,11116
154803,14063
154811,13107
154882,2116
154886,9287
154893,4751
154905,2485
154931,4751
154950,114
154955,595
154958,5744
154959,5744
154983,3269
154986,1355
155000,7290
155035,14492
155054,4829
155056,8494
155057,8494
155083,11032
155103,9791
155111,4337
155118,1538
155131,9151
155137,11032
155147,5482
155148,5482
155149,5482
155158,4337
155176,1146
155240,7290
155248,14492
155254,8440
155263,809
155268,6082
155287,13680
155301,5191
155304,8413
155312,5191
155318,14530
155337,5264
155338,5931
155343,11192
155376,9595
155386,14646
155391,595
155441,7135
155445,13680
155448,8196
155460,4514
155468,4829
155480,199
155555,14649
155581,8413
155588,4812
155591,8413
155605,8976
155612,11116
155629,1381
155630,588
155634,588
155635,2719
155638,13680
155646,8976
155647,8976
155649,8413
155652,14671
155653,7224
155677,14673
155686,2669
155704,595
155706,595
155712,2485
155732,14679
155738,7224
155746,4553
155762,4553
155763,4553
155775,4553
155779,11032
155846,14511
155857,11458
155871,13402
155908,8927
155911,913
155920,8494
155923,3053
155937,8447
155946,14661
155954,14687
155966,14687
155998,12318
156011,4278
156012,8976
156089,9534
156090,14661
156124,3364
156131,14640
156154,7620
156213,13402
156252,14554
156253,13402
156254,8976
156255,8976
156258,8976
156294,3058
156308,14203
156352,13964
156364,5429
156375,12174
156385,7290
156403,14730
156431,6829
156435,2719
156437,5096
156438,7290
156440,11867
156449,2485
156467,6961
156489,9899
156490,9899
156502,13791
156503,14730
156525,6481
156580,14730
156588,434
156669,6446
156673,14744
156680,11116
156692,14756
156711,2485
156773,14763
156789,7290
156795,2912
156798,14730
156818,7420
156826,14730
156829,14730
156831,14730
156840,805
156906,14730
156908,14730
156910,14730
156912,14730
156914,14730
156916,14730
156918,14730
156926,12279
156927,12279
156928,12279
156930,14730
156932,14730
156934,14730
156936,14730
156938,14730
156940,14730
156942,14730
156944,14730
156946,14730
156948,14730
156950,14730
156952,14730
156954,14730
156956,14730
156958,14730
156960,14730
156962,14730
156964,14730
156966,14730
156968,14730
156970,14730
156972,14730
156975,14730
156981,14730
156983,14730
156986,14730
156988,14730
156990,14730
156991,14730
156992,14730
156993,14730
156994,14730
156995,14730
156996,14730
156998,14730
156999,14730
157000,14730
157001,14730
157002,14730
157003,14730
157006,14730
157007,14730
157008,14730
157009,14730
157010,14730
157011,14730
157012,14730
157013,14730
157014,14730
157015,14730
157018,14730
157019,14730
157020,14730
157021,14730
157022,14730
157023,14730
157027,14730
157028,14730
157029,14730
157030,14730
157031,14730
157032,14730
157033,14730
157034,14730
157085,14730
157099,595
157103,1150
157152,401
157160,14730
157185,14382
157189,10172
157201,14794
157262,1538
157282,14806
157302,12279
157304,12279
157310,2322
157319,805
157356,7968
157357,7968
157361,7968
157365,14818
157371,14730
157388,427
157412,14730
157413,8114
157415,14730
157418,8507
157419,14540
157429,14818
157431,6
157434,25
157435,14730
157450,14825
157472,12318
157473,7968
157479,14795
157483,14829
157492,8580
157494,6579
157497,6579
157499,6579
157528,10742
157566,12279
157574,7172
157589,10926
157599,13664
157638,14730
157639,14730
157643,14730
157644,14730
157645,14730
157647,14730
157648,14730
157651,14730
157654,14730
157655,14730
157656,14730
157657,14730
157658,14730
157661,7290
157662,14730
157663,14730
157664,14730
157665,14730
157666,14730
157668,14730
157669,14730
157670,14835
157671,14730
157672,14730
157675,14730
157676,14730
157677,14730
157681,14730
157683,14730
157684,14730
157685,14730
157686,14730
157687,14730
157688,14730
157690,14730
157691,14730
157692,14730
157693,14730
157694,14730
157698,14730
157701,14730
157702,14730
157703,14730
157704,14730
157706,14730
157709,14730
157710,14730
157711,14730
157712,14730
157713,14730
157714,14730
157715,14730
157730,12318
157732,11032
157740,9007
157744,5594
157769,7170
157774,6664
157778,14730
157781,14730
157782,14730
157783,14730
157784,14730
157785,14730
157786,14730
157787,14730
157788,14730
157789,14730
157798,14730
157799,14730
157800,14730
157802,14818
157803,14730
157804,14730
157805,14730
157806,14730
157807,14818
157808,14730
157809,14730
157811,14730
157812,14730
157817,14730
157823,14730
157824,14730
157825,14730
157826,14730
157827,14730
157828,14730
157830,14730
157833,14730
157834,14730
157835,14730
157836,14730
157838,14730
157839,14730
157840,14730
157841,14730
157842,14730
157844,14730
157845,14730
157847,14730
157848,14730
157849,14730
157850,14730
157851,14730
157852,14730
157875,14826
157880,14730
157881,14730
157890,14730
157891,14730
157932,595
157952,14730
157953,14730
157954,14730
157955,14730
157956,14730
157957,14730
157958,14730
157959,14730
157960,14730
157961,14730
157962,14730
157963,14730
157964,14730
157965,14730
157966,14730
157967,14730
157972,595
157996,14730
157999,14730
158000,14869
158010,6579
158013,6579
158051,13964
158068,14764
158076,5503
158094,8413
158095,158
158118,2719
158131,14730
158135,14730
158136,14730
158139,6714
158148,13402
158164,8507
158180,8196
158183,8196
158200,8694
158203,14730
158223,14730
158245,11388
158280,14896
158319,8067
158330,14730
158344,9887
158360,2000000001
158405,14730
158412,14730
158427,3920
158428,3920
159422,3920
159427,8544
159458,14730
159459,14730
159475,14812
159478,1834
159480,14812
159486,15920
159498,2020
159539,4147
159553,4829
159559,3920
159560,3920
159564,3920
159588,8413
159592,14730
159597,5509
159606,12036
159623,8413
159636,14900
159637,14900
159646,11324
159647,14730
159653,14730
159655,15941
159679,15944
159697,2526
159721,872
159724,3277
159769,15953
159770,15953
159789,15953
159791,15953
159813,8081
159825,15961
159843,3525
159857,15964
159858,15964
159859,15964
159860,15964
159862,15964
159863,15964
159865,15964
159866,15964
159868,15964
159869,15964
159870,15964
159871,15964
159872,15964
159873,15964
159876,15964
159877,15964
159880,10688
159881,10688
159882,15964
159883,15964
159884,15964
159895,101
159904,15960
159917,14900
159926,3058
159929,3058
159935,595
159955,264
159960,14554
160010,5509
160024,14730
160043,8402
160045,8976
160046,1390
160048,1970
160077,14554
160079,401
160082,10329
160091,8028
160095,7290
160100,7290
160165,15997
160167,15997
160181,3920
160200,8413
160202,14857
160232,5509
160234,4812
160239,5509
160243,7556
160246,14900
160252,14900
160253,4013
160254,4013
160263,2426
160276,16011
160278,8218
160301,8494
160305,1390
160334,14396
160347,7883
160383,1390
160397,7964
160416,7290
160427,5025
160429,1390
160431,4013
160432,4013
160433,4013
160434,11952
160438,11952
160449,8419
160453,8419
160456,14896
160462,776
160480,183
160482,10117
160507,14728
160511,13128
160512,14671
160515,16041
160519,16041
160557,7290
160577,3812
160643,6579
160666,8196
160679,9394
160683,10172
160692,8413
160708,16055
160712,4337
160719,10826
160721,12279
160723,12279
160729,5503
160746,9394
160758,7968
160771,7224
160795,15953
160797,13765
160822,7968
160826,595
160831,8196
160856,919
160882,9394
160885,8694
160886,8694
160887,8694
160888,8694
160894,16083
160898,930
160925,7964
160933,2485
160936,561
160978,16089
160992,6965
161002,8413
161006,5829
161009,14835
161038,5594
161041,14730
161042,14730
161043,14730
161044,14730
161045,14730
161046,14730
161048,14730
161052,9253
161056,14045
161060,14045
161064,14045
161086,13201
161098,7290
161104,13684
161105,8413
161109,14640
161118,14640
161129,16105
161132,14640
161151,13402
161182,8413
161194,797
161203,16089
161205,4337
161238,7290
161239,12817
161243,16111
161256,11981
161260,16089
161264,13680
161265,13680
161278,10669
161288,16078
161293,16117
161297,4253
161340,13041
161343,16027
161348,7290
161350,5509
161386,16122
161407,7789
161429,9342
161430,5340
161435,14554
161436,7789
161485,1349
161486,1349
161597,595
161602,9899
161606,9899
161607,9899
161610,9899
161649,10877
161667,12463
161680,13702
161681,13702
161682,13702
161693,7276
161720,12603
161749,11867
161785,14730
161786,14730
161790,8694
161800,12603
161827,9187
161834,11056
161840,4812
161876,8494
161904,16198
161905,16198
161912,9657
161918,2040
161942,1957
161943,1957
161952,1957
161957,11511
161959,5429
161966,12603
161976,13128
161999,14125
162001,13684
162044,16217
162088,16057
162089,5387
162101,16216
162103,2485
162126,7803
162135,4812
162144,805
162148,805
162152,16229
162167,14388
162189,7224
162200,3330
162205,13684
162215,8507
162315,3125
162335,11127
162347,2485
162350,11388
162368,12279
162373,12279
162378,159
162381,12817
162384,6204
162385,12817
162393,12279
162395,12279
162396,16264
162397,12279
162400,5679
162402,12279
162404,1957
162406,2040
162417,6720
162423,6720
162441,7290
162448,14730
162454,8507
162457,16270
162460,16270
162464,16270
162470,16270
162478,16270
162504,13702
162506,1549
162516,16274
162528,16192
162530,16274
162533,16274
162567,10172
162595,4001
162599,13104
162621,4001
162623,4001
162639,12279
162642,11388
162649,12279
162654,12279
162655,12279
162658,12279
162670,16296
162671,12188
162687,14156
162689,8141
162695,13680
162704,4001
162728,13201
162763,1075
162783,16293
162804,81
162811,1075
162817,1075
162818,1075
162821,1075
162822,1075
162824,1075
162825,1075
162827,16311
162834,9092
162836,9092
162842,1352
162849,14506
162854,8694
162855,8694
162856,8694
162857,8694
162858,8694
162861,8694
162862,8694
162863,16229
162864,8694
162865,8694
162867,16229
162877,2040
162884,2485
162885,2485
162890,805
162922,3919
162925,4001
162927,4001
162929,4001
162930,3277
162936,4842
162937,4001
162944,4001
162962,5221
162992,13680
162997,13680
163000,8067
163007,11849
163044,6897
163046,6897
163053,4570
163059,8141
163060,8141
163067,7291
163071,2485
163075,8507
163086,10688
163102,8694
163103,8694
163104,8694
163105,8694
163106,8694
163107,8694
163108,8694
163109,8694
163110,8694
163111,8694
163112,11797
163113,8694
163114,8694
163115,8694
163116,8694
163117,8694
163118,8694
163119,8694
163121,8694
163124,8694
163125,8694
163126,8694
163127,8694
163128,8694
163129,8694
163130,8694
163133,7291
163135,7291
163139,3270
163152,2000000001
163173,6204
163177,6204
163186,14887
163212,6917
163219,5450
163227,8141
163236,7290
163237,14554
163246,7290
163264,4829
163283,7291
163284,11511
163309,7290
163312,13880
163316,7290
163319,4001
163324,8494
163332,1075
163337,14699
163338,14699
163349,11397
163364,1075
163365,7649
163372,1352
163375,1352
163411,3488
163429,11878
163430,3019
163443,8141
163449,5594
163454,2040
163457,168
163458,11554
163480,253
163484,2040
163486,8141
163489,2798
163494,12850
163508,8419
163520,9643
163525,8494
163526,8494
163528,13201
163536,8281
163555,16330
163581,1803
163595,16319
163596,8141
163605,307
163610,16319
163611,8141
163616,1834
163651,16175
163653,791
163656,8141
163663,8141
163693,10829
163702,10829
163709,10829
163719,7290
163792,595
163802,12279
163804,5494
163805,8141
163806,8141
163811,8141
163843,12279
163865,4013
163875,16319
163904,805
163909,16319
163912,14730
163913,14730
163914,14730
163920,8141
163934,7486
163936,7486
163950,8141
163952,8141
163979,8141
163980,8141
163981,8141
164014,12552
164037,8141
164038,8141
164039,8141
164040,8141
164041,8141
164043,8141
164044,8141
164045,8141
164062,10069
164063,10069
164075,5594
164089,13587
164120,16330
164137,8694
164151,14156
164157,7135
164166,9657
164175,8141
164176,8141
164184,264
164186,11805
164187,6082
164196,13702
164203,14730
164231,930
164233,805
164254,7968
164258,7968
164262,615
164273,2040
164277,16447
164282,77
164293,8694
164294,8694
164295,8694
164296,2040
164305,8141
164312,22
164325,966
164356,8141
164360,8141
164369,12435
164398,1906
164458,11952
164485,16488
164487,172
164497,11388
164505,16210
164511,6552
164558,8141
164559,8141
164562,6606
164606,6606
164614,8141
164620,14554
164623,8141
164627,9899
164632,9899
164635,9899
164651,16329
164656,6552
164670,13868
164675,930
164677,930
164695,3748
164710,12318
164730,4001
164731,4001
164733,2714
164752,253
164754,8141
164764,11201
164769,7616
164782,11127
164783,11127
164791,11127
164801,5003
164821,6579
164822,6606
164839,13680
164843,8413
164849,7290
164853,8413
164864,11405
164873,8196
164876,11511
164890,1640
164894,3812
164895,16530
164907,8413
164908,10636
164910,8141
164912,6312
164915,6312
164922,8141
164930,172
164941,7418
164943,16537
164946,264
164952,7964
164955,8141
164956,8141
164985,16520
164999,930
165006,16175
165027,2485
165028,4812
165032,2485
165048,16444
165052,16551
165084,9816
165091,12808
165092,11697
165094,16551
165096,3014
165098,16210
165109,10760
165111,10760
165118,8141
165119,1977
165127,4812
165135,9899
165143,791
165148,16547
166151,8006
166157,2126
166169,9657
166171,8413
166175,11832
166176,11832
166181,88
166185,16506
166198,8141
166204,13201
166216,9995
166223,16572
166243,13526
166245,8141
166266,16011
166276,6957
166291,10968
166292,6920
166293,10968
166294,10968
166296,4812
166334,561
166342,16551
166357,11456
166358,16580
166361,2929
166372,12106
166377,2929
166382,6822
166409,9619
166418,12615
166431,1935
166446,8141
166453,16319
166460,16534
166466,16572
166469,13526
166498,4322
166538,6174
166539,6174
166549,2485
166573,13811
166601,5937
166621,12667
166629,8807
166684,6204
166686,9007
166704,2513
166715,4570
166730,7290
166768,16648
166784,1077
166790,197
166797,10622
166800,16654
166823,16659
166878,2912
166882,7172
166885,10612
166915,10341
166938,11511
166943,8067
166964,22
166966,22
166985,16301
166990,9595
166998,6897
167005,11388
167009,6845
167024,10760
167033,7486
167035,7486
167070,791
167103,1150
167105,6606
167121,16690
167123,16690
167148,5280
167149,7964
167186,4812
167189,13022
167204,14803
167207,8402
167209,10028
167217,9126
167225,12318
167240,8413
167244,8141
167246,8141
167250,1327
167254,8141
167257,8141
167258,8141
167270,10069
167282,16708
167283,16708
167293,8141
167324,2179
167330,14730
167337,6606
167352,6606
167366,14715
167382,7290
167396,595
167403,13811
167412,16229
167421,8141
167431,4751
167432,14803
167433,7649
167438,14730
167462,264
167467,3019
167483,6744
167486,6642
167515,16705
167517,8960
167520,8413
167522,16723
167558,7795
167560,805
167563,5047
167577,16738
167581,16738
167582,88
167586,13519
167602,99
167611,99
167614,805
167625,3637
167638,264
167673,8141
167685,7973
167700,9196
167713,2485
167720,7795
167748,12615
167749,7241
167762,8580
167795,3748
167796,3748
167798,3748
167799,16773
167813,16228
167818,8413
167825,16228
167833,791
167836,3919
167839,12808
167849,11511
167862,11388
167869,1114
167872,16228
167889,8141
167893,11511
167894,16744
167900,11511
167918,11388
167919,11388
167926,16774
167938,3014
167947,16804
167953,2714
167964,16804
167966,5795
167992,5494
168002,2485
168007,14730
168022,16809
168031,25
168035,2485
168038,16811
168069,16811
168072,16811
168074,401
168084,1352
168101,16726
168105,2485
168117,5594
168136,16822
168140,930
168147,13201
168153,8413
168166,16705
168177,4812
168178,11388
168179,11388
168180,11388
168190,15997
168191,15997
168214,561
168217,1803
168218,1803
168223,1352
168225,16835
168229,11805
168230,14818
168236,13916
168241,1803
168251,14072
168273,9101
168279,8207
168311,7649
168328,16640
168331,5221
168334,13868
168335,16805
168361,3748
168363,8141
168403,16705
168414,7135
168415,7135
168430,16862
168436,2289
168439,2361
168468,8141
168470,11511
168476,9007
168480,8141
168496,7968
168510,2706
168522,13881
168526,198
168529,16439
168558,7290
168577,8207
168601,7290
168633,8141
168636,8141
168676,12279
168682,12279
168702,16863
168721,16640
168774,14554
168807,264
168834,16705
168841,16705
168849,4570
168854,16922
168860,15920
168876,16697
168877,16697
168880,16697
168881,16697
168882,16697
168884,12318
168885,8141
168934,12286
168958,16228
168968,7071
168969,13636
168972,16811
168974,16811
168976,16935
168981,13684
168983,16811
168986,16937
168988,16811
169002,8141
169007,13128
169009,14727
169013,14730
169015,14730
169017,16937
169018,14730
169021,14730
169022,14730
169023,14730
169024,14730
169044,8413
169050,16942
169052,561
169065,8141
169070,16922
169090,3748
169124,8580
169127,805
169135,14506
169138,14506
169140,14506
169143,3919
169153,8580
169184,8141
169197,11805
169209,12279
169211,7803
169212,7803
169213,7803
169221,1351
169223,1977
169231,12279
169232,11867
169236,12279
169238,16965
169241,8141
169242,1075
169248,6920
169249,6920
169251,8141
169272,2485
169284,3270
169305,7250
169316,7138
169317,10100
169339,8141
169341,8141
169343,5505
169359,13636
169369,8507
169401,9355
169438,16413
169447,16228
169452,8141
169464,6894
169465,16228
169469,8141
169474,16993
169495,2485
169505,12603
169528,8141
169557,643
169579,16228
169580,16228
169585,7420
169612,10968
169616,7071
169621,1803
169626,12318
169633,14730
169652,4751
169658,13680
169673,8141
169676,10829
169683,88
169705,13543
169713,7968
169714,7250
169716,3019
169717,12667
169729,5509
169766,16705
169769,4812
169774,13201
169786,13770
169797,3270
169799,10172
169801,16228
169803,805
169811,16319
169817,2040
169820,2040
169835,8413
169844,307
169856,4812
169861,5464
169870,16843
169872,10823
169876,8141
169881,11805
169884,4751
169890,4751
169894,17054
169900,11849
169917,16811
169936,641
169954,16640
169963,17059
169976,8141
170000,12431
170001,12431
170002,12431
170030,2513
170035,2513
170037,7290
170038,12318
170045,14554
170049,10675
170056,17046
170075,14554
170083,9529
170089,14554
170101,8419
170126,10947
170135,10947
170138,16319
170142,10947
170150,16640
170163,11805
170168,8141
170172,14554
170186,16916
170203,12035
170210,14860
170212,6738
170215,427
170221,6738
170234,5429
170241,8141
170243,12446
170245,12446
170259,1970
170294,101
170302,603
170329,9004
170334,16891
170338,4812
170347,17108
170361,12794
170368,8401
170395,8141
170411,6579
170415,14554
170478,7883
170505,8141
170508,16965
170522,16965
170525,16965
170528,13526
170548,10977
170553,8141
170555,17126
170556,11127
170558,6606
170609,16270
170618,1327
170620,1327
170623,1327
170639,609
170658,12853
170662,8141
170674,15997
170675,15997
170716,14730
170718,14730
170721,14730
170734,16270
170735,16270
170738,16270
170739,16270
170743,5870
170764,9007
170767,17112
170769,12318
170784,5003
170786,5003
170788,8141
170792,5461
170803,17152
170809,8694
170823,8141
170834,12450
170842,114
170846,16949
170849,9899
170855,2798
170857,9650
170872,7964
170877,7964
170889,5280
170890,1443
170897,2072
170899,12446
170901,12446
170902,12446
170906,12446
170925,11127
170931,1538
170934,17174
170957,7780
170958,7780
170960,7780
170978,11867
170982,8141
170993,8205
171021,17192
171079,14730
171102,5594
171112,1075
171123,5619
171154,4523
171160,8580
171164,805
171203,11127
171217,795
171228,3488
171231,17216
171239,8632
171241,2830
171282,14554
171294,11805
171297,12865
171303,17199
171338,2485
171359,16973
171398,919
171414,17248
171422,2485
171446,16915
171470,17258
171495,17260
171514,17214
171518,16834
171521,13636
171538,4812
171553,6357
171564,16938
171576,13680
171588,6606
171605,10217
171649,17273
171654,17273
171659,1352
171666,8141
171672,13526
171675,13526
171679,14554
171686,8053
171695,12446
171700,8053
171706,3162
171708,12446
171720,4812
171726,13604
171732,10926
171733,10926
171736,8141
171738,8141
171740,8141
171778,805
171817,2113
171828,7964
171838,14640
171840,14640
171841,14640
171846,14640
171852,17303
171856,8040
171867,2040
171871,805
171873,805
171898,9657
171904,8141
171916,14640
171959,1349
171994,7964
172007,17322
172008,17322
172009,17322
172012,17322
172044,8141
172049,1352
172084,11511
172087,8413
172096,14010
172110,14729
172115,3263
172122,16915
172145,99
172153,10926
172155,10926
172160,10926
172180,10926
172196,11748
172245,14530
172255,8141
172258,6579
172263,8141
172282,17345
172284,686
172286,8141
172292,806
172294,806
172303,1036
172323,8507
172337,6920
172374,6606
172382,12279
172393,8141
172406,12279
172418,8141
172419,5264
172430,4344
172431,17367
172486,12318
172499,14730
172502,14730
172504,14730
172505,14730
172507,14730
172512,14730
172519,8141
172521,4812
172526,14730
172529,14730
172530,14730
172532,14730
172534,14730
172536,14730
172540,8141
172546,9887
172549,8141
172575,17375
172593,582
172594,14729
172595,16811
172601,14730
172603,14730
172638,3903
172641,8141
172644,4278
172649,16965
172654,8141
172655,8141
172662,16965
172663,16965
172671,7290
172679,17035
172681,1075
172682,1075
172685,8141
172686,8141
172687,8141
172688,17383
172689,14640
172700,14730
172703,14730
172743,14729
172757,805
172772,6606
172782,805
172786,8413
172796,6640
172800,2485
172824,11565
172827,13365
172833,8141
172841,4001
172846,12565
172869,12565
172885,17408
172896,8413
172915,3019
172927,8141
172929,5594
172934,17035
172961,805
172974,4812
172975,6752
172983,805
172989,8141
172992,16802
172995,3919
173008,5056
173075,8141
173077,8141
173082,8141
173086,3443
173092,3443
173096,2719
173103,17403
173113,6606
173127,8141
173140,11030
173147,3488
173152,11336
173165,4812
173166,3443
173176,17327
173199,5594
173203,22
173214,7290
173222,16811
173223,16811
173227,4693
173231,4751
173235,4751
173242,8141
173252,8141
173253,4751
173254,4751
173255,4751
173271,8141
173291,569
173294,11388
173311,2040
173317,8053
173327,16723
173329,17337
173334,17230
173336,17449
173337,17230
173339,17230
173342,12318
173348,10210
173352,12833
173356,17029
173362,17196
173363,561
173364,561
173372,17230
173380,17451
173383,11867
173387,5461
173395,12318
173398,7448
173415,16811
173445,4344
173450,17399
173458,1352
173469,17343
173477,11127
173488,4344
173492,11127
173528,10688
173547,3748
173552,13131
173555,17473
173556,5965
173573,5429
173574,5429
173578,9529
173608,4001
173609,2040
173613,17486
173642,7780
173646,805
173656,7448
173665,4812
173675,17493
173683,8076
173689,13680
173696,230
173721,3488
173737,17511
173753,8347
173754,17516
173771,2485
173773,14532
173781,8076
173782,8076
173787,17230
173796,13636
173833,4812
173837,3748
173843,401
173845,8141
173847,11867
173848,6884
173854,14078
173872,7649
173874,5594
173878,8694
173881,8920
173883,11091
173932,17537
173938,6606
173944,2719
173952,17045
173954,4553
173955,10891
173957,16705
173963,805
173969,16938
173983,7448
173984,7448
173997,17542
174008,17543
174010,17543
174017,7418
174027,3443
174035,11075
174070,5731
174094,10399
174101,11867
174105,17555
174106,17555
174108,17555
174111,17555
174112,17555
174113,17555
174114,17555
174115,17555
174116,17555
174117,17555
174118,17555
174119,1075
174120,17555
174121,17555
174122,17555
174135,17557
174171,17096
174240,11127
174271,11634
174297,8141
174311,4864
174313,14054
174322,16938
174340,16938
174391,3263
174413,17585
174414,2040
174415,13636
174417,13636
174423,8076
174424,16811
174425,16811
174427,14113
174429,14113
174458,8413
174465,6552
174504,5494
174514,11056
174539,8141
174540,8141
174542,17579
174552,13402
174553,13402
174556,6207
174558,16811
174559,14730
174560,14730
174563,14730
174564,14730
174599,16811
174603,16811
174608,16811
174630,16811
174633,7883
174641,2485
174665,8076
174678,7968
174688,8401
174699,16419
174701,16811
174704,16419
174712,17045
174716,2830
174719,8141
174727,5003
174730,5003
174733,5003
174736,14730
174738,6884
174757,5003
174759,5003
174762,8694
174764,5003
174766,230
174767,8694
174768,8694
174771,8694
174773,8694
174777,17349
174803,12279
174809,8141
174823,17636
174843,17636
174854,16375
174861,17636
174874,17636
174886,17636
174896,13702
174908,13525
174915,8141
174917,13636
174928,16375
174937,16375
174942,10117
174950,10947
174959,13424
174971,16811
174984,7290
174990,10947
175007,16922
175011,16811
175012,16811
175013,16811
175019,16811
175022,17665
175029,17486
175047,7649
175062,16811
175068,8141
175084,446
175099,2485
175101,4048
175124,14730
175125,14730
175139,12279
175142,17636
175156,9651
175199,17636
175203,17608
175247,16915
175248,990
175249,7595
175258,17045
175282,17697
175288,8076
175291,3345
175304,14554
175315,8076
175318,2719
175323,16811
175325,88
175355,16375
175374,2485
175378,5339
175417,15964
175443,12279
175444,12279
175451,8797
175452,8494
175457,8067
175459,8067
175461,4812
175463,8067
175466,8076
175467,8676
175470,5429
175471,12279
175492,9788
175515,2719
175541,16672
175548,17495
175556,8076
175565,8141
175569,3310
175571,3310
175602,17763
175623,17463
175630,17214
175632,4337
175658,3310
175670,11748
175687,14730
175704,3019
175710,17740
175711,17214
175724,17214
175749,17463
175761,8041
175764,12318
175790,8494
175811,8413
175814,2798
175816,9201
175830,4812
175853,7290
175860,16811
175861,16811
175879,17214
175885,17214
175898,588
175904,17794
175906,5461
175927,14730
175939,3722
175954,16811
175956,13636
175958,10065
175959,16811
175961,17045
175962,17045
175963,17045
175975,16811
175977,16811
176002,16811
176003,16811
176005,16811
176010,16270
176012,16270
176015,16270
176026,16811
176034,7290
176042,326
176061,11805
176062,11805
176066,8694
176067,8694
176068,8694
176069,8694
176070,11748
176072,8694
176080,17787
176083,4812
176086,6579
176107,1434
176121,17293
176129,4812
176132,14888
176141,597
176142,17463
176144,17463
176145,17463
176146,17463
176147,17463
176148,17463
176150,1352
176166,17636
176171,17463
176172,17463
176173,17463
176174,17463
176175,17463
176176,17463
176177,17463
176178,17463
176179,17463
176180,17463
176181,17463
176182,17463
176183,17463
176195,17045
176198,17045
176207,9162
176216,16811
176219,1005
176245,13680
176253,17112
176257,6579
176260,8076
176262,17463
176267,16811
176276,8402
176279,8402
176303,17463
176304,17463
176305,17463
176306,17463
176307,17463
176308,16937
176309,17463
176310,17463
176311,17463
176312,17463
176314,11867
176325,17463
176327,17463
176333,17463
176334,17463
176335,17463
176336,17463
176339,17463
176344,2485
176346,17463
176347,17463
176352,17463
176353,17463
176354,17463
176362,17463
176372,17836
176375,17838
176382,17838
176395,17463
176402,8580
176434,9529
176436,9529
176438,9529
176442,9529
176448,17214
176464,14156
176519,7290
176535,16557
176537,16811
176538,16811
176549,16811
176554,14730
176564,16811
176571,16811
176573,15964
176574,15964
176575,15964
176582,15964
176586,15964
176587,15964
176589,16811
176595,16811
176596,16811
176599,9201
176600,8109
176601,16811
176609,13140
176612,13140
176615,13140
176627,16811
176628,16811
176659,16776
176678,7290
176681,7290
176684,14554
176685,14554
176700,2088
176701,14730
176710,14730
176743,4048
176745,3270
176747,8076
176778,16811
176789,16811
176807,16811
176811,7290
176815,12279
176816,12279
176817,12279
176818,12279
176821,7972
176822,12279
176823,8141
176835,1443
176836,17717
176838,7448
176858,17877
176859,17877
176861,17877
176862,17877
176866,16811
176867,16811
176871,17877
176873,17877
176874,17877
176877,7448
176881,16811
176883,15964
176885,15964
176886,15964
176887,15964
176888,15964
176889,15964
176890,15964
176891,15964
176892,15964
176894,15964
176895,15964
176896,15964
176897,15964
176899,15964
176902,15964
176904,15964
176943,6884
176949,919
176952,17887
176955,10598
176959,1443
176971,5323
176977,8590
176978,16811
176981,16811
176991,8580
177000,16811
177009,16811
177010,16811
177011,17112
177015,11805
177039,14554
177046,10421
177078,8927
177080,17214
177081,17214
177090,11075
177096,5739
177101,2485
177161,17915
177162,17915
177195,17919
177209,13525
177214,4812
177216,4829
177228,17924
177234,11867
177242,16811
177244,16811
177253,5744
177270,12279
177271,12279
177300,170
177309,6029
177329,11127
177331,1327
177335,11075
177344,11127
177349,16811
177363,12279
177367,7290
177383,17949
177392,12279
177394,5003
177397,7964
177402,5739
177409,4812
177410,3919
177454,17956
177464,13636
177544,1075
177551,8286
177561,17463
177604,17463
177622,603
177629,7828
177656,16811
177657,16811
177658,16811
177661,2485
177678,7290
177688,10172
177692,6658
177698,7555
177702,6897
177715,12552
177720,919
177725,9255
177732,11867
177739,8180
177744,17636
177755,13509
177758,3572
177787,11748
177798,17990
177799,10891
177823,5744
177829,3320
177831,2040
177841,805
177854,7290
177862,7290
177868,17408
177877,14156
177878,17924
177882,15964
177887,9136
177888,9136
177896,17463
177906,17408
177908,17463
177916,14730
177979,10064
177986,9699
177988,9699
178003,4553
178004,4553
178006,4553
178008,12329
178010,17915
178016,16776
178020,9769
178038,9769
178039,7972
178086,2040
178133,805
178144,9769
178145,17045
178179,6606
178197,9595
178213,11981
178249,18020
178252,14727
178264,14054
178270,17997
178292,13680
178297,16776
178308,17408
178316,17045
178343,16811
178352,5505
178366,7290
178369,3310
178372,9769
178377,9769
178476,7448
178477,16811
178481,2040
178500,805
178502,805
178505,17408
178506,17732
178510,8067
178522,15964
178538,9253
178543,12456
178558,5509
178574,17045
178578,6606
178622,15964
178652,11918
178653,11918
178655,11918
178665,5429
178723,8076
178728,8076
178735,18065
178739,16811
178744,8141
178750,8076
178760,18070
178762,13636
178766,17653
178773,8141
178799,8076
178816,18008
178817,18008
178829,4337
178830,17463
178846,14156
178849,8076
178854,17636
178865,17941
178873,16811
178878,230
178879,603
178880,18083
178890,6579
178940,8402
178944,6204
178974,3582
178986,13680
178988,6579
178990,760
178995,6579
179000,17408
179002,805
179003,17998
179006,2669
179009,17998
179026,3903
179027,13636
179045,1349
179048,945
179054,930
179059,603
179078,5429
179081,2040
179088,14730
179092,10913
179102,3826
179108,11867
179110,3019
179131,17408
179134,16274
179165,10064
179166,6153
179167,10064
179169,11867
179177,17557
179189,16596
179196,972
179207,15964
179212,12603
179216,13516
179223,10064
179232,8076
179241,5339
179252,8694
179269,7448
179276,18119
179281,7290
179284,18121
179285,16811
179286,16811
179287,16811
179289,16811
179290,16811
179291,12574
179292,16811
179293,16811
179294,16811
179295,16811
179296,16811
179299,16811
179301,18123
179305,16811
179315,3330
179317,603
179319,3330
179340,75
179342,10172
179359,17383
179363,6579
179379,16811
179400,6658
179407,6579
179422,9651
179425,2040
179434,9651
179445,18144
179459,16811
179460,13636
179461,16811
179467,17408
179500,1327
179506,9174
179510,5264
179521,18100
179524,7448
179530,11477
179531,11477
179532,2040
179536,10172
179539,11748
179544,17327
179545,17956
179551,9651
179569,7744
179573,8413
179577,8413
179581,5264
179591,5179
179593,945
179631,7290
179646,14216
179647,14216
179653,14730
179654,14730
179662,18073
179663,18073
179674,16811
179676,16811
179737,14554
179776,16664
179777,8226
179779,805
179791,7290
179794,14860
179797,18205
179815,8141
179818,17636
179833,3826
179842,13636
179853,3058
179857,11867
179863,16922
179879,169
179889,930
179902,18222
179904,17383
179974,16949
179986,5264
179987,5264
179988,5264
179989,5264
179990,5264
179992,7448
179993,7448
179994,7448
179998,17590
180012,6579
180020,11531
180023,930
180031,18248
180048,9174
180051,9651
180067,1349
180068,1349
180103,18261
180105,12329
180121,71
180132,3419
180154,8413
180179,4812
180182,4812
180192,8580
180224,18250
180226,17998
180230,17998
180245,253
180259,16811
180261,264
180269,6579
180273,8402
180275,8402
180279,18284
180310,18244
180321,1764
180350,10172
180357,9651
180361,16228
180370,11531
180374,13201
180378,13201
180389,5739
180439,12329
180456,227
180461,18300
180494,11984
180555,2511
180573,18234
180579,16811
180580,16811
180590,5264
180595,5339
180597,4784
180600,13140
180607,18320
180610,18321
180611,18321
180618,13636
180630,17973
180638,13636
180640,17463
180647,603
180649,11531
180672,6579
180698,18334
180710,16922
180714,2485
180739,3263
180795,16949
180806,9583
180823,10960
180838,12329
180839,16444
180845,18350
180852,18331
180854,8067
180868,16837
180885,18357
180886,3345
180891,4812
180893,10172
180905,13636
180907,13636
180913,13889
180920,5264
180922,16049
180932,5731
180937,3903
180954,17636
180957,18369
180962,4751
180982,18334
180995,6884
181003,9583
181050,3335
181051,13889
181073,253
181083,5264
181085,10634
181091,16837
181101,3903
181102,13889
181104,17463
181119,13889
181123,8076
181132,3019
181134,17186
181139,3019
181145,13636
181175,18391
181177,16837
181179,17998
181206,8076
181212,11849
181228,9286
181239,6884
181278,12329
181280,4344
181320,16837
181324,15964
181325,15964
181328,15964
181329,15964
181330,15964
181346,2485
181374,1352
181383,7486
181386,7486
181399,7883
181424,3058
181436,18179
181457,4829
181468,11127
181473,17636
181489,4829
181514,7521
181516,7521
181518,7968
181529,16949
181577,3582
181597,88
181601,88
181623,3270
181648,18250
181651,18250
181658,17636
181659,17636
181662,2392
181674,17998
181685,18179
181691,1518
181704,8099
181707,8099
181709,12566
181715,4553
181730,7290
181735,18468
181753,14492
181756,4553
181758,18473
181796,18412
181830,12450
181837,805
181843,18480
181845,17630
181846,14492
181851,13889
181907,18414
181935,17463
181951,14188
181962,11805
181972,8676
181976,17463
182015,3488
182026,14006
183044,7828
183060,18503
183079,4812
183086,4812
183088,13152
183094,4344
183121,13702
183136,81
183214,4856
183267,18519
183290,18461
183300,14554
183318,13665
183367,2817
183384,17463
183392,103
183430,17108
183456,3903
183471,3269
183477,9583
183485,16069
183512,7620
183549,805
183552,17214
183554,3345
183558,17359
183585,6579
183589,8141
183603,17636
183637,6029
183643,6814
183668,919
183679,18580
183688,14188
183696,6657
183702,14730
183704,14730
183707,14730
183709,9767
183720,6657
183725,18256
183766,16738
183769,101
183777,11238
183789,17214
183800,8141
183815,16811
183817,14730
183822,17636
183827,4344
183837,17636
183846,11127
183847,3019
183850,14730
183854,919
183885,5594
183902,17214
183912,297
183928,5646
183942,18592
183977,18482
183996,17636
184007,8141
184015,16811
184041,4812
184043,7448
184057,8413
184116,17045
184119,18256
184124,17636
184126,18643
184130,4344
184145,2796
185157,17463
185175,6512
185197,7486
185242,16748
185261,1614
185288,18637
185319,17463
185329,7375
185339,6606
185343,7420
185344,6606
185353,10172
185370,3019
185380,19680
185407,16811
185410,13702
185417,1349
185428,14188
185429,1349
185432,1349
185433,1349
185434,1349
185457,2485
185464,11462
185474,595
185478,14640
185498,19690
185507,8373
185523,17463
185525,12603
185531,12603
185532,19697
185551,7968
185569,2485
185576,12603
185585,14188
185593,4812
185605,13188
185617,8642
185630,19701
185633,19702
185635,19703
185646,8336
185650,13964
185657,3748
185669,1518
185678,4426
185704,8580
185715,8141
185733,13600
185743,7448
185756,7448
185765,14730
185768,8431
185782,19732
185786,9174
185791,9174
185813,17126
185818,12825
185837,17636
185878,1614
185891,930
185904,1026
185905,1026
185906,17463
185919,17463
185923,19746
185937,4337
185938,595
185939,12603
185941,5836
185942,14730
185944,14730
185947,5659
185948,12755
185952,10891
185961,19747
185995,7071
186003,930
186006,4672
186018,19760
186032,18073
186033,18073
186050,2164
186053,16974
186059,5594
186060,7448
186073,16811
186080,6100
186119,17865
186126,17865
186136,26105
186138,19767
186148,230
186163,11821
186249,19743
186264,595
186265,595
186267,595
186272,595
186293,14730
186312,16811
186325,16811
186329,18574
186332,5509
186335,12603
186345,7172
186349,2040
186357,19785
186366,5509
186379,8114
186406,5503
186408,3488
186415,11821
186417,3345
186418,11821
186419,11821
186420,11821
186421,11821
186428,14108
186430,14108
186434,17408
186439,14054
186500,4751
186502,14730
186503,5509
186506,5509
186507,11531
186508,11531
186512,11531
186516,17636
186526,17636
186531,17636
186538,17636
186545,17636
186558,12147
186587,9490
186595,1614
186606,7290
186609,12410
186612,2328
186616,2970
186624,19788
186629,12450
186632,12450
186650,17636
186659,19816
186665,19818
186666,19818
186667,19818
186668,19818
186672,15964
186677,3335
186678,3335
186689,8067
186690,4856
186701,2040
186702,2040
186704,253
186739,5461
186746,253
186770,8959
186771,8959
186787,8401
186790,8401
186814,6204
186849,214
186856,3919
186863,18642
186866,3335
186870,17636
186871,17463
186872,17463
186900,16776
186901,17998
186937,11233
186940,17275
186948,17636
186986,13188
187001,3345
187010,18334
187021,6103
187059,18321
187068,4751
187070,4751
187076,439
187079,19871
187088,3903
187101,19778
187103,5790
187111,10598
187125,17463
187144,919
187151,5594
187155,9174
187164,7420
187172,1915
187198,2020
187203,17636
187206,12286
187214,19867
187215,19867
187216,19867
187217,19867
187218,19867
187219,19867
187220,19867
187221,19867
187222,19867
187223,19867
187224,19867
187225,19867
187229,7448
187245,6512
187256,13526
187260,1934
187263,13702
187264,10524
187271,19874
187272,10769
187279,19918
187303,19925
187313,10341
187315,2164
187327,3903
187328,12603
187338,19743
187340,4812
187355,19933
187356,19933
187377,5509
187381,5509
187383,11645
187409,8959
187411,8959
187415,11075
187418,18642
187423,8676
187466,10148
187485,14730
187487,14554
187495,17463
187523,1349
187527,18334
187547,13702
187552,12710
187562,1084
187572,17463
187573,17463
187574,17463
187575,17463
187576,17463
187577,17463
187578,17463
187579,17463
187581,17463
187583,17463
187584,17463
187585,17463
187586,17463
187588,17463
187589,17463
187590,17463
187591,17463
187595,17463
187596,17463
187601,5739
187605,19987
187622,19914
187626,18475
187637,19949
187641,3748
187647,439
187653,4607
187679,8694
187680,8694
187681,18644
187705,19867
187713,8067
187720,805
187740,11477
187743,18459
187753,13177
187755,13177
187771,4607
187776,7968
187788,1050
187792,2485
187797,8694
187798,8694
187799,8694
187800,8694
187801,8694
187802,8694
187803,8694
187804,8694
187805,8694
187806,8694
187807,8694
187808,8694
187809,8694
187812,4812
187822,16596
187823,17248
187824,14463
187830,14188
187832,18284
187838,18284
187842,20035
187844,20040
187847,11748
187856,6015
187858,20040
187859,20040
187906,5505
187910,5505
187923,2719
187924,17157
187929,2040
187974,20066
187977,19657
187981,11531
187990,7486
187992,14510
187995,10823
188004,14731
188032,401
188039,18284
188049,18284
188062,4523
188064,4523
188070,4523
188071,20086
188075,4523
188077,4523
188101,3748
188116,17636
188122,9583
188124,16859
188133,3310
188145,20099
188152,20006
188154,4601
188166,5505
188173,2175
188175,17636
188176,6738
188185,17636
188189,20109
188215,2669
188234,20118
188259,10026
188260,16891
188261,16891
188306,18244
188318,19855
188319,17877
188320,17877
188323,1679
188327,7448
188337,7898
188338,7898
188339,6884
188347,930
188351,3903
188353,20112
188358,7448
188375,6884
188388,3919
188389,603
188401,14731
188426,2083
188435,20092
188470,2164
188475,20167
188476,20004
188493,9008
188500,19867
188511,19867
188512,7448
188514,19867
188516,20178
188525,561
188526,19867
188528,13478
188529,19867
188533,19867
188534,7448
188536,7448
188540,4812
188548,12603
188556,10769
188585,17126
188600,18473
188606,20035
188609,9413
188630,9691
188666,5509
188670,9126
188671,16811
188681,9126
188689,5509
188696,11748
188697,3252
188699,3252
188706,20195
188708,20195
188709,20195
188718,5509
188737,7311
188742,5509
188744,5509
188790,2719
188817,16974
188823,2322
188825,976
188826,11821
188834,10829
188840,8099
188850,5509
188864,20218
188869,19925
188872,19925
188908,1152
188933,11748
188955,9249
188965,3310
188970,20049
188984,20240
188994,13636
189000,5429
189001,5429
189029,19868
189036,5509
189046,17230
189049,1114
189052,10749
189076,12318
189078,307
189082,3903
189084,20060
189088,8067
189089,8067
189091,8402
189096,7448
189099,15921
189100,15921
189105,20008
189112,12147
189132,19925
189138,19925
189209,103
189219,10688
189225,18215
189226,603
189232,858
189242,16922
189287,8013
189289,20289
189294,14499
189316,17045
189321,11469
189322,11469
189323,11469
189329,12147
189338,11756
189339,7071
189351,1934
189356,20297
189362,4048
189365,4048
189376,19702
189388,19879
189400,20112
189407,13702
189415,11127
189418,13702
189425,13702
189426,18539
189430,9008
189481,9174
189497,20323
189513,11867
189537,2485
189547,19848
189553,20341
189560,14499
189567,14499
189593,11284
189597,13516
189598,3826
189613,8101
189624,17814
189626,17814
189674,3790
189681,5503
189690,12147
189710,1538
189730,20338
189753,8101
189756,4607
189760,13525
189761,13525
189765,3640
189768,253
189785,14499
189802,8226
189832,17214
189835,2485
189849,20344
189853,5509
189854,13680
189858,5429
189860,5429
189864,17636
189865,16926
189882,17799
189883,12603
189894,20240
189895,20240
189913,3903
189921,3903
189929,3903
189931,5509
189960,13636
189971,10980
189991,8959
189999,805
190023,3903
190034,4812
190039,9174
190042,3903
190047,12318
190077,16097
190083,2522
190120,8986
190159,5509
190199,5429
190200,5264
190215,805
190219,16319
190237,10172
190250,20429
190265,19903
190273,3919
190275,19903
190287,19903
190288,19903
190289,19903
190292,3903
190316,2522
190319,2522
190321,2522
190324,2522
190326,2522
190329,2522
190337,8402
190348,17463
190358,3019
190366,7968
190371,20417
190376,5509
190386,14730
190444,10530
190451,3903
190453,16916
190463,2981
190487,12604
190515,9174
190563,13636
190577,20060
190590,8694
190600,13680
190618,3903
190639,264
190649,20484
190650,20485
190653,3903
190686,18334
190699,12135
190732,8462
190741,16270
190743,16270
190758,919
190760,2798
190777,20506
190803,6440
190813,7448
190828,5892
190844,8580
190863,12833
190864,12833
190868,16319
190881,12147
190885,7972
190889,7972
190892,6579
190893,8694
190894,8694
190903,20535
190937,20541
190960,930
190981,5323
190982,5323
190986,20079
190988,20079
190990,9583
191021,3627
191033,2322
191036,17778
191076,8413
191085,20079
191111,7448
191114,7448
191124,7448
191149,7448
191153,7649
191157,12147
191160,20591
191179,13624
191181,13624
191182,13624
191183,13624
191189,1349
191192,12147
191197,17858
191201,1349
191202,1349
191214,16016
191223,17056
191259,18215
191283,20319
191296,16016
191305,1329
191315,2798
191318,2798
191348,401
191385,19879
191396,5503
191417,4541
191423,20093
191436,7525
191438,8013
191444,805
191470,8281
191472,2522
191475,2522
191477,2522
191480,2522
191486,12329
191488,17076
191496,17858
191522,20603
191533,3790
191538,4253
191543,7685
191556,7448
191561,8507
191598,20066
191606,20079
191610,7529
191618,7420
191627,20492
191638,19879
191639,19879
191640,19879
191642,8291
191650,9899
191669,12450
191671,12450
191689,20211
191690,20211
191691,20211
191693,3919
191694,20211
191695,20211
191696,20211
191700,11626
191718,14730
191720,3364
191724,14730
191726,14730
191728,14730
191729,18244
191736,8413
191786,20684
191791,2798
191793,20688
191803,339
191830,17858
191839,5264
191881,1349
191884,2719
191894,1349
191899,1349
191910,8401
191932,5264
191936,805
191942,10354
191952,7448
191958,805
191979,2522
191983,2522
191986,2522
191988,2522
191990,2522
191992,2522
191994,2522
191995,2522
191998,2522
192000,2522
192002,2522
192004,2522
192009,20719
192010,20719
192011,805
192012,805
192038,8694
192039,8694
192040,8694
192041,8694
192042,8694
192043,8694
192065,7964
192069,17732
192074,9908
192080,11707
192088,7448
192098,20729
192111,2817
192117,20538
192118,17778
192123,20079
192127,7448
192135,11756
192136,20079
192137,18450
192143,16705
192159,17778
192170,7448
192174,5372
192175,14554
192218,2714
192223,19879
192227,19879
192247,18615
192258,12279
192291,16294
192302,2719
192311,29868
192317,29868
192321,29868
192355,11626
192407,18429
192420,10530
192433,1352
192467,20770
192501,4549
192502,4549
192503,4549
192506,3345
192508,19879
192512,19879
192532,2485
192543,2798
192546,2798
192551,11745
192560,11127
192584,2795
192598,2898
192626,19879
192629,19879
192630,19879
192631,19879
192633,19879
192634,19879
192636,19879
192637,19879
192645,401
192661,2485
192662,8494
192671,8141
192672,3454
192674,8141
192676,8141
192677,8141
192682,5264
192709,20798
192735,10530
192762,10530
192797,20807
192821,16922
192824,7250
192832,20810
192862,15997
192863,8874
192872,2719
192884,805
192887,14499
192905,7290
192910,13587
192922,2798
192926,2798
192930,2798
192937,1195
192947,20060
192951,9662
192954,20826
192966,1349
192967,1349
192968,1349
192969,1349
192970,1349
192971,20589
192972,1349
192973,1349
192974,1349
192975,1349
192977,1349
192984,307
192987,1349
192988,1349
192989,1349
192990,1349
192991,1349
192992,1349
192994,1349
192995,1349
192996,1349
193004,20438
193022,7964
193027,930
193030,20663
193033,17463
193065,14730
193079,805
193096,14673
193118,2912
193122,11388
193139,14108
193153,20855
193167,2817
193176,3748
193179,20858
193181,12342
193185,20079
193199,3748
193202,6606
193215,13636
193235,20826
193242,46
193251,5429
193279,805
193280,9339
193282,307
193287,7448
193305,20866
193309,7008
193333,20871
193364,805
193387,25
193398,19933
193413,4553
193431,12450
193445,3651
193447,12279
193455,7250
193458,7290
193468,20344
193471,7746
193511,20563
193519,2485
193521,20396
193524,1735
193535,8402
193553,930
193596,7448
193606,12604
193640,4751
193643,4751
193679,3582
193709,805
193711,805
193729,7290
193766,20847
193802,617
193804,617
193810,20791
193812,8289
193814,7787
193815,196
193818,20943
193819,7376
193834,8289
193840,11707
193849,11707
193878,253
193881,6325
193910,10354
193938,18630
193944,6961
193945,7250
193946,7448
193957,1934
193965,17636
193990,3335
194020,20118
194051,7255
194060,264
194073,17463
194119,20589
194127,9674
194133,1443
194134,1443
194136,20874
194138,7418
194162,9583
194163,21004
194174,1443
194219,7290
194227,805
194230,805
194236,805
194238,805
194244,11981
194256,11867
194260,4829
194283,795
194297,5003
194300,5003
194303,3582
194326,21024
194331,14730
194334,14730
194335,14730
194390,1915
194474,20911
194481,3582
194488,8986
194490,3488
194498,7830
194500,7830
194502,7830
194509,17630
194513,12106
194517,3790
194534,19949
194569,805
194571,805
194581,805
194591,21004
194596,11867
194615,8141
194635,7968
194639,6961
194650,930
194657,20323
194697,264
194713,12872
194719,14529
194746,11748
194758,19879
194759,19879
194764,19879
194765,7448
194778,17463
194779,17463
194794,214
194809,1349
194810,1349
194811,20943
194813,20943
194815,20943
194816,1349
194823,1349
194826,1349
194828,1349
194830,1349
194837,20943
194839,7250
194842,20943
194843,20943
194844,20943
194895,805
194900,805
194908,3162
194932,7448
194936,7448
194946,21086
194977,2852
194979,805
194997,2719
195007,9274
195043,14529
195059,14529
195061,17463
195091,14519
195097,1356
195109,805
195117,20735
195118,805
195133,20389
195158,21115
195166,8763
195177,21115
195178,4607
195197,8763
195205,20389
195212,11405
195215,1935
195217,19879
195229,582
195269,1443
195273,7290
195286,805
195289,11269
195308,11981
195326,805
195333,805
195336,19760
195341,21135
195351,18190
195358,2719
195361,805
195379,7448
195384,12542
195386,13525
195387,14463
195399,21145
195403,21145
195411,21145
195440,812
195442,20871
195443,20871
195450,20735
195452,10968
195455,10185
195479,919
195488,11456
195494,3840
195497,8402
195517,10172
195518,20079
195519,10172
195520,20079
195524,21156
195548,12450
195550,12450
195555,10434
195558,21169
195559,12279
195564,21176
195565,21176
195568,21063
195591,7744
195595,7744
195641,7744
195644,7744
195651,805
195654,805
195662,1075
195670,5494
195672,17636
195676,10675
195697,8413
195709,9146
195711,7744
195722,18190
195723,7744
195725,7744
195732,21194
195738,919
195775,20943
195783,21200
195795,21200
195810,8413
195820,12106
195823,12106
195830,805
195847,805
195857,805
195863,805
195868,805
195873,805
195875,20079
195892,7744
195914,21063
195915,15964
195916,15964
195923,15964
195928,20943
195933,9572
195996,7290
196007,12286
196029,18202
196037,20240
196048,12342
196091,805
196095,805
196104,805
196106,805
196107,805
196112,805
196114,805
196117,7795
196136,8013
196137,805
196142,2719
196157,19848
196165,8775
196204,8
196226,8402
196239,10530
196260,12279
196302,12279
196307,10530
196311,11867
196315,7744
196317,21255
196325,8986
196348,9946
196352,9946
196353,9946
196354,9946
196355,9946
196356,9946
196359,5288
196362,2912
196369,7744
196370,11867
196375,12786
196395,7448
196398,11633
196400,11633
196404,11633
196421,7448
196426,18190
196437,805
196440,805
196444,805
196466,13543
196467,13543
196468,19879
196470,14730
196472,13543
196489,9196
196517,21286
196525,5795
196539,6512
196541,16922
196544,6512
196546,11030
196610,1351
196630,10891
196645,16859
196655,17630
196658,17630
196673,805
196680,18615
196681,21314
196682,21314
196683,21314
196684,8141
196696,12786
196735,805
196745,805
196751,21330
196753,21330
196755,10530
196757,10812
196774,12365
196796,21335
196834,2929
196853,805
196857,16937
196874,805
196884,20344
196893,11127
196897,1448
196907,7448
196910,7448
196912,12024
196916,21357
196918,2040
196919,7448
196928,3826
196935,3019
196944,1349
196947,17630
196953,1349
196956,1349
196958,3335
196977,8413
197004,13526
197010,21339
197023,21390
197024,12431
197031,12431
197038,21154
197054,20028
197059,726
197065,20065
197078,12786
197091,2485
197097,10826
197102,8402
197141,2485
197142,21176
197148,805
197151,2040
197154,20250
197158,19666
197168,805
197179,5429
197181,5790
197185,5790
197186,11469
197196,1075
197197,11469
197198,11469
197199,11469
197200,11469
197241,13525
197255,20363
197256,20363
197257,21255
197280,21255
197283,12450
197286,12450
197289,1724
197315,10530
197318,3269
197328,13680
197351,8413
197367,805
197374,21421
197376,16811
197385,8694
197386,8694
197390,21471
197397,21473
197420,21480
197427,9650
197431,8413
197471,5161
197473,5161
197485,11852
197505,4812
197520,21255
197524,20344
197527,5274
197532,21255
197535,9899
197542,18190
197543,18190
197544,21255
197545,21255
197546,21255
197556,14492
197582,9174
197587,15921
197608,8413
197643,14492
197644,14492
197660,3929
197665,196
197667,805
197671,7448
197687,805
197697,12279
197698,12279
197704,930
197723,2485
197724,1349
197726,21255
197737,11852
197743,18179
197746,16922
197770,196
197790,4485
197803,8852
197823,16640
197826,2817
197830,2485
197834,8413
197840,8413
197846,21255
197857,805
197865,805
197885,9732
197914,18615
197924,3277
197940,21072
197950,5795
197965,6015
197969,8694
197987,20945
197998,21540
198005,18040
198011,12147
198042,19879
198043,19879
198045,6917
198046,19879
198049,8494
198055,2912
198061,21072
198063,13634
198081,21585
198096,19879
198124,805
198136,805
198140,21595
198146,1724
198154,805
198158,805
198162,7250
198163,2719
198165,19806
198173,21597
198174,21597
198175,21597
198176,21598
198178,11634
198188,21602
198193,14045
198207,14769
198215,10829
198216,10829
198230,12147
198232,6621
198256,21616
198272,21072
198279,2910
198282,2910
198294,8694
198295,7448
198302,7244
198317,14463
198320,16041
198323,7244
198331,19806
198344,2798
198350,2040
198351,7247
198366,8984
198369,17519
198391,2040
198396,401
198400,14730
198406,21072
198425,6884
198439,8494
198444,4485
198445,21628
198459,13525
198469,21573
198470,21573
198474,1005
198492,5795
198512,21411
198523,20079
198534,3582
198564,20016
198567,21662
198584,2795
198590,1643
198594,5429
198612,21638
198618,14769
198680,17636
198685,4485
198689,6579
198690,1349
198691,1349
198692,1349
198697,6579
198700,1349
198701,1349
198717,14675
198720,21694
198723,21694
198742,2798
198748,7746
198764,2719
198772,11342
198801,805
198835,19806
198846,10354
198848,7250
198851,4485
198858,11867
198872,14769
198879,6854
198881,7247
198891,7247
198905,88
198909,17636
198931,21732
198940,14730
198948,6522
198978,4485
198994,12342
198999,16235
199003,7620
199005,16837
199008,21145
199015,21145
199033,21756
199038,10947
199069,21762
199079,7244
199082,14730
199124,21030
199127,2040
199136,18630
199146,6738
199153,11453
199162,20409
199174,12342
199176,12342
199183,21779
199186,21779
199192,12342
199194,7376
199203,3454
199204,8401
199215,2328
199216,14650
199234,10947
199282,7291
199284,21799
199289,21799
199307,14769
199309,21801
199314,7448
199319,21072
199321,13561
199326,21804
199334,8694
199340,21375
199368,16837
199373,21375
199387,7448
199390,805
199394,10829
199400,17511
199427,20015
199486,2461
199494,21480
199505,3919
199507,20657
199508,20657
199525,805
199546,12279
199553,12279
199554,12279
199555,12279
199566,2719
199570,16843
199575,6961
199577,21839
199581,7448
199590,1075
199595,14730
199597,1098
199610,12035
199615,1970
199639,12279
199641,20657
199648,15964
199664,13680
199666,20657
199672,21844
199680,13267
199729,7290
199752,13636
199783,21072
199816,6917
199837,13636
199859,1036
199877,21818
199878,21818
199883,7448
199898,13680
199901,805
199914,791
199944,13702
199947,7448
199954,3137
199955,3137
199974,21030
199982,8924
199996,16041
200006,16612
200007,16612
200054,17630
200058,15997
200069,11342
200084,11748
200090,805
200094,21917
200106,20439
200107,7794
200113,7794
200144,9908
200145,427
200160,5795
200161,805
200164,805
200165,11030
200178,21375
200183,16811
200186,1939
200197,7244
200207,16041
200228,16041
200249,16041
200250,5795
200253,16041
200255,20871
200262,21949
200275,3277
200287,21949
200300,7883
200303,21949
200305,9908
200308,20898
200314,3790
200319,20898
200335,21964
200336,11981
200338,6897
200352,2719
200353,2719
200356,805
200358,9126
200378,7397
200386,21683
200393,21920
200406,20866
200407,20866
200438,1643
200446,14730
200448,14730
200470,11355
200574,14640
200577,21683
200578,1724
200586,2929
200600,12446
200611,805
200620,1689
200646,22025
200680,22032
200730,7744
200735,14730
200753,7788
200770,88
200774,88
200790,20409
200814,16612
200827,7244
200828,22054
200870,7397
200876,872
200882,872
200890,872
200897,17096
200904,11867
200919,805
200977,6015
200979,21318
200980,196
200989,930
200996,4812
200997,16612
200998,805
200999,805
201002,13561
201005,13561
201011,2970
201012,2970
201027,3125
201042,805
201044,805
201047,21920
201058,2719
201061,21801
201093,17519
201096,14869
201104,17535
201115,20898
201116,20898
201124,12865
201127,88
201173,12024
201178,1443
201184,1443
201187,13561
201189,8141
201197,2485
201199,2485
201202,7290
201233,7244
201248,14860
201250,805
201271,3270
201285,805
201288,16057
201290,14860
201303,14143
201320,16057
201325,588
201331,16837
201333,1075
201359,1643
201361,10823
201382,12565
201387,3137
201407,22166
201432,22166
201439,3262
201440,22166
201442,22086
201472,21030
201491,5429
201504,12008
201516,2719
201521,22185
201525,8413
201534,14640
201536,805
201537,22195
201552,4856
201553,8494
201554,7244
201556,2040
201557,16076
201563,4812
201577,22184
201594,12279
201616,19848
201627,3454
201639,8694
201676,930
201686,13176
201695,595
201721,4485
201722,4485
201723,4485
201724,4485
201737,4485
201749,21072
201753,835
201759,22232
201773,13659
201779,22239
201796,2040
201803,7787
201816,2929
201839,13140
201842,22239
201843,22239
201853,22253
201861,930
201863,17630
201864,20409
201879,14860
201894,10354
201901,19949
201911,22228
201912,20439
201915,1005
201935,22239
201937,22239
201942,11867
201957,9007
202000,3454
202007,11531
202011,11531
202020,3277
202036,20409
202062,5429
202087,14529
202124,7795
202125,7795
202134,4485
202144,3454
202157,253
202164,14640
202178,14640
202184,22199
202197,22239
202199,2719
202214,16612
202245,16612
202256,2485
202260,2485
202266,22239
202268,7397
202272,22320
202274,21267
202286,10640
202288,7649
202296,22325
202323,10530
202327,22331
202331,7008
202351,14463
202353,14463
202358,20871
202368,6917
202369,6917
202409,4485
202411,4485
202417,8494
202418,20981
202427,22311
202445,20344
202446,12279
202448,12279
202450,20344
202451,17010
202454,14793
202457,401
202482,805
202501,9146
202508,22368
202510,22311
202528,14730
202531,7649
202541,6606
202552,21375
202553,21375
202609,15964
202624,12347
202641,3058
202651,22311
202665,22311
202675,12808
202677,233
202687,16612
202697,805
202699,22409
202703,8297
202730,22419
202747,930
202759,21084
202764,6579
202767,22374
202776,8141
202780,22353
202782,4751
202787,4751
202813,12450
202820,8413
202835,14860
202841,805
202844,22228
202847,4485
202853,12279
202860,22267
202874,15964
202895,4001
202933,22184
202938,3058
202963,3401
202972,12279
202975,12279
202983,4521
202986,4829
202988,4829
203002,9602
203011,12279
203023,11849
203046,22484
203056,22468
203059,22468
203073,5480
203074,5480
203077,13525
203093,9610
203103,22338
203104,21216
203137,22503
203156,603
203158,4050
203160,22409
203168,21812
203176,805
203198,9139
203204,17463
203215,11342
203217,11342
203219,12342
203258,12342
203267,15964
203268,11748
203280,2719
203298,7291
203300,22518
203301,22518
203313,16041
203314,16041
203322,16041
203334,8141
203335,16049
203341,2485
203344,22518
203345,8694
203359,22538
203363,6750
203367,16612
203368,7883
203388,9732
203391,5323
203400,7008
203404,17960
203411,1191
203412,22400
203416,22275
203418,13140
203439,16612
203458,22559
203492,12342
203511,20826
203519,19848
203522,12031
203524,8976
203532,8976
203533,9738
203534,21216
203545,8976
203549,5795
203550,22578
203551,22578
203577,16041
203585,14730
203592,22584
203593,22518
203601,8553
203622,22518
203642,21846
203643,17463
203646,21846
203647,21846
203648,21846
204663,4485
204664,4485
204666,4485
204668,4485
204674,7663
204689,16612
204705,11342
204716,6029
204721,20079
204728,20079
204729,4485
204731,4485
204732,4485
204740,15964
204762,21420
204780,930
204798,23610
204802,17072
204806,17107
204879,1643
204882,805
204899,12786
204900,12786
204901,12786
204903,1643
204935,20836
204944,930
204948,10172
204951,21286
204965,595
204980,13624
205000,10612
205055,11342
205059,4485
205062,4485
205094,14108
205103,5503
205131,5491
205152,11805
205155,14730
205181,4812
205214,21346
205226,21846
205246,4485
205254,9662
205308,17107
205340,20861
205343,11626
205344,23700
205347,16413
205351,805
205377,16738
205415,21307
205464,88
205465,20439
205482,22191
205505,253
205515,1934
205516,11517
205521,20439
205523,7744
205531,11867
205532,4485
205536,4485
205540,3040
205550,16612
205557,3065
205582,7339
205592,6606
205606,12667
205608,15964
205651,11748
205653,11748
205661,11748
205692,3269
205694,9394
205708,3094
205715,6649
205731,21351
205740,20344
205742,20344
205744,20344
205746,11859
205752,23757
205792,805
205857,23782
205862,805
205864,12786
205893,14188
205914,8402
205917,12924
205923,21846
205924,16974
205927,16974
205930,2929
205933,16974
205948,20344
205980,805
206003,20344
206015,805
206016,10640
206028,3040
206046,6579
206106,12786
206110,10640
206118,19746
206119,19746
206130,19746
206141,8320
206160,15997
206173,17630
206175,4363
206176,11852
206185,11037
206208,2719
206212,9808
206218,1327
206220,6899
206224,7794
206230,22356
206250,23843
206256,253
206271,12035
206282,11477
206287,1735
206321,9326
206324,21846
206338,7649
206339,7649
206346,7482
206356,6917
206357,4485
206439,11748
206440,4485
206443,11748
206444,11748
206451,13659
206469,16937
206470,16937
206473,16937
206475,16937
206477,16937
206480,4829
206486,23886
206530,20344
206549,2789
206565,18250
206566,18250
206569,18250
206573,12147
206576,23902
206577,23903
206606,595
206611,6512
206618,11090
206671,3265
206691,23921
206698,20911
206714,2852
206735,20603
206741,13140
206764,17072
206774,6579
206830,805
206832,805
206839,5503
206847,805
206858,12502
206865,3454
206866,23706
206869,19848
206872,2719
206874,264
206887,8158
206889,8158
206892,5480
206893,8158
206896,20395
206901,23808
206906,561
206908,3903
206920,22309
206924,1036
206927,805
206956,22309
206961,4485
206972,11852
206975,8286
206985,20603
206995,11852
206999,11852
207005,11852
207016,11852
207031,805
207042,10612
207044,21998
207050,7290
207060,4485
207062,12786
207063,12786
207064,12786
207076,9899
207080,11127
207091,18334
207123,6897
207148,23982
207159,7290
207163,16705
207179,11127
207193,20389
207198,10172
207201,11127
207234,3040
207249,3040
207259,18493
207261,18493
207262,20875
207267,1643
207279,8413
207300,597
207302,10551
207333,10612
207345,20344
207377,3488
207395,25
207396,23915
207397,23915
207440,20666
207442,23915
207446,23915
207447,1005
207456,23915
207457,23915
207476,22468
207502,9612
207540,9201
207542,9201
207546,8013
207547,1005
207548,1005
207554,805
207556,24032
207559,20663
207589,18493
207655,18334
207673,12551
207674,12279
207683,3040
207692,1586
207724,4485
207739,17072
207758,20015
207769,4485
207779,11974
207797,24081
207854,19867
207864,25
207873,20344
207876,22267
207877,22267
207881,22267
207882,22267
207883,22267
207884,22267
207885,22267
207924,24091
207936,805
207942,19852
207948,14731
207957,13636
207963,805
207975,24059
207977,24091
207993,24091
207996,5221
208002,24091
208003,24091
208009,24110
208010,17814
208011,17814
208038,23612
208040,11748
208046,17832
208053,10840
208071,88
208079,24120
208092,20663
208102,5429
208103,24122
208115,10329
208124,20126
208130,11037
208135,16282
208171,10977
208192,10977
208205,1698
208207,6866
208224,221
208270,24091
208277,20666
208292,21062
208327,14741
208340,24147
208345,18493
208353,19667
208357,19667
208361,21998
208380,18464
208401,19667
208428,930
208437,11037
208438,11037
208488,4908
208504,22156
208552,24139
208563,17630
208575,21267
208577,18482
208583,6866
208588,24153
208589,24153
208590,24153
208591,12551
208592,24153
208593,24153
208596,2719
208606,9738
208613,4541
208643,805
208650,9657
208657,6489
208664,5429
208679,3330
208694,4257
208697,16843
208710,9899
208712,24205
208714,9253
208719,8413
208726,24091
208812,24215
208818,11091
208850,3277
208906,930
208920,10826
208929,24233
208933,1443
208945,12342
208958,805
209013,16235
209022,20181
209031,805
209033,297
209034,18222
209040,2485
209054,24250
209059,14296
209063,18493
209066,24252
209067,18493
209077,1351
209081,1351
209085,13446
209113,24257
209114,8686
209115,24258
209119,24259
209123,805
209125,16811
209132,24261
209140,18446
209157,24091
209164,29868
209169,20735
209177,24275
209208,24284
209215,4485
209254,22463
209255,4712
209256,4712
209261,9908
209264,11748
209279,22236
209297,1443
209301,8281
209310,805
209315,81
209325,4541
209331,23843
209379,11748
209381,21573
209397,805
209408,24305
209409,23843
209425,805
209435,805
209509,10891
209523,6606
209527,930
209539,930
209565,16016
209590,6866
209597,20861
209609,4812
209622,16612
209630,3242
209632,2043
209650,805
209684,11458
209689,16016
209691,16016
209717,13041
209749,6866
209755,6866
209756,16612
209764,11511
209768,17186
209781,14730
209784,4603
209787,4603
209800,22156
209801,17908
209808,8413
209825,11342
209830,24323
209831,24323
209833,24357
209926,24091
209927,24091
209942,24091
209944,4953
209965,13702
209969,6961
209970,8590
209971,8590
209972,8590
209976,7046
209989,1351
210012,12794
210018,7817
210054,6897
210068,919
210078,20810
210082,22236
210084,8676
210096,7290
210113,24004
210121,13041
210140,3488
210142,24400
210144,18644
210145,18644
210147,22409
210180,21703
210205,805
210233,805
210239,21846
210242,23665
210248,8141
210293,16319
210314,5407
210322,24430
210365,23902
210376,4485
210388,805
210412,4485
210429,17630
210435,561
210450,3454
210466,13151
210467,13151
210474,17359
210476,805
210479,10947
210482,22468
210496,22228
210537,6512
210556,264
210584,138
210589,21998
210624,12697
210639,11127
210643,7968
210654,16612
210660,24480
210661,9738
210674,9699
210678,4925
210681,10530
210683,10530
210685,4485
210699,11091
210712,7290
210721,11748
210741,22468
210749,805
210750,805
210761,24496
210790,14526
210803,3335
210805,5161
210812,264
210828,20221
210858,21983
210941,4884
210949,11748
210950,23915
210959,11355
210977,320
210987,14463
210995,8433
210999,3263
211000,13140
211004,13624
211006,2040
211015,5815
211016,5032
211063,2485
211072,5815
211077,1895
211090,13624
211102,805
211111,5503
211152,24323
211161,21346
211180,14463
211186,8686
211226,6606
211243,16843
211262,2322
211295,24503
211296,3335
211298,24503
211313,13038
211319,253
211331,4485
211342,4485
211355,22468
211360,13212
211369,24568
211401,24175
211402,24175
211408,603
211411,24357
211412,24357
211414,8402
211418,6821
211423,7241
211433,7290
211440,24578
211447,14730
211450,24568
211451,805
211454,3277
211456,11443
211457,11443
211458,11443
211463,7968
211469,7968
211473,1005
211482,6029
211485,6029
211501,17908
211510,11697
211511,23610
211512,23610
211513,23610
211514,23610
211517,1005
211530,5505
211532,11634
211536,6866
211538,6866
211549,18352
211564,22468
211567,24605
211616,307
211628,13624
211631,5927
211640,10172
211692,6512
211693,9899
211697,14614
211719,8487
211728,8487
211735,20663
211738,5429
211766,9201
211790,805
211820,9887
211823,11867
211826,24656
211833,24148
211835,805
211839,14730
211842,7138
211850,18190
211858,21846
211881,18464
211882,18464
211891,24503
211892,13038
211915,22468
211970,5407
212018,7290
212023,18493
212034,20778
212038,16738
212084,11469
212085,24688
212086,24689
212103,334
212126,16238
212141,805
212155,10217
212171,805
212172,805
212173,805
212179,1709
212188,16843
212193,19759
212194,19759
212199,16016
212201,17908
212211,21846
212222,21846
212230,21846
212237,21846
212258,805
212263,10530
212269,3488
212273,8402
212275,24712
212276,24712
212280,6029
212296,21846
212311,4485
212315,4485
212339,9174
212351,24736
212363,13041
212367,13624
212374,20574
212391,1443
212394,1443
212414,13041
212419,6897
212423,10023
212429,24327
212446,7620
212455,9171
212470,10023
212475,7794
212484,16612
212485,16612
212526,2719
212530,24327
212534,7448
212539,2719
212542,24712
212548,24327
212550,13624
212564,11355
212575,10069
212623,24091
212634,8193
212657,24671
212667,21846
212674,307
212675,307
212712,22468
212713,22468
212719,22468
212733,22468
212745,16705
212750,16705
212755,17072
212758,13041
212762,24671
212789,24784
212804,13041
212805,20389
212807,8281
212808,7418
212818,11469
212832,9171
212869,805
212873,805
212886,7795
212911,78
212916,805
212926,8067
212927,24808
212928,24808
212930,1005
212934,10069
212939,805
212941,805
212947,805
212949,24814
212950,24814
212951,24814
212955,24814
212964,21846
212975,24814
212977,13624
213004,24824
213022,6512
213045,24765
213050,10231
213129,13041
213185,21846
213189,3263
213206,805
213213,17293
213236,805
213251,805
213255,24752
213256,24752
213314,21846
213320,7448
213346,7968
213359,24102
213387,7968
213393,24887
213400,21779
213406,21779
213407,21779
213438,6897
213468,2676
213475,24910
213481,14730
213496,6897
213502,6897
213508,1934
213528,12786
213558,805
213560,805
213568,805
213570,5179
213572,3582
213575,2522
213578,805
213589,24586
213599,716
213601,805
213606,17192
213619,7968
213623,7968
213634,478
213645,7968
213667,6814
213679,7968
213686,7968
213697,16922
213703,7968
213704,11522
213724,24730
213742,10776
213743,10776
213744,1443
213746,3488
213753,2676
213768,24962
213784,7135
213786,7448
213811,7968
213818,3040
213846,14869
213853,6440
213870,4278
213876,21801
213881,24980
213908,7620
213923,22468
213953,6961
214003,4257
214008,24498
214016,21998
214020,5795
214052,3903
214064,25008
214085,1393
214087,24867
214090,22192
214116,21846
214128,21846
214176,22468
214192,22468
214195,25021
214198,25021
214205,7788
214229,7794
214236,16974
214259,805
214265,805
214268,20307
214273,805
214295,5463
214299,8141
214309,24701
214316,8141
214327,21846
214344,3488
214345,3488
214346,3488
214347,21846
214432,7290
214442,25060
214466,3293
214480,14679
214495,11127
214496,17072
214504,12551
214505,17908
214515,14825
214520,22228
214521,22228
214562,15997
214585,25075
214597,2485
214604,11748
214610,7964
214620,183
214625,24701
214626,24701
214627,24701
214638,13702
214654,6440
214655,5505
214667,22468
214685,21998
214689,11075
214700,11748
214702,17814
214712,4485
214723,25108
214729,13587
214754,20381
214759,17908
214765,24671
214767,4485
214772,4485
214786,13702
214799,13770
214805,9738
214811,13770
214815,22253
214834,18482
214839,6866
214845,23886
214850,23886
214853,23886
214856,23886
214858,23886
214860,23886
214862,23886
214864,23886
214867,23886
214871,427
214885,13702
214941,11091
214963,25054
214964,9724
214970,9643
214975,21998
214985,24721
214987,18429
215002,3903
215010,8141
215013,9610
215019,930
215036,14125
215044,24656
215085,17096
215094,12872
215101,11748
215103,11748
215108,12279
215119,7620
215136,4521
215140,4521
215146,20307
215148,11056
215151,21527
215157,4521
215165,17279
215166,13107
215168,4521
215208,21375
215211,13702
215223,930
215237,25054
215238,6029
215241,13525
215248,5429
215253,5429
215270,7365
215271,14463
215275,14463
215276,14463
215281,11748
215283,10524
215307,7290
215335,24671
215377,9671
215378,6029
215387,8763
215401,11748
215416,11091
215423,22468
215430,11772
215435,22505
215437,8763
215441,25058
215445,25226
215499,8986
215527,11748
215531,3018
215556,11127
215560,858
215579,25103
215600,11511
215625,22468
215629,25254
215630,1005
215633,9887
215675,5778
215702,4812
215715,6814
215747,7968
215753,12551
215762,7448
215808,7138
215821,8694
215822,25273
215823,8694
215824,8694
215828,8694
215829,8694
215830,8694
215831,8694
215832,8694
215833,8694
215834,8694
215835,8694
215836,8694
215837,8694
215838,8694
215839,25274
215842,25184
215851,9162
215889,25277
215896,159
215903,7290
215935,641
215936,13525
215940,5795
215947,6029
215983,1005
215984,1005
215986,25184
215987,805
215989,25231
215998,7291
216007,11127
216062,14073
216063,14073
216064,14073
216065,14073
216088,7950
216090,4485
216094,16615
216095,10829
216102,11748
216106,21846
216134,1725
216137,11748
216139,11748
216151,21855
216161,11748
216166,10329
216184,5795
216191,23915
216202,14382
216204,20240
216217,23808
216229,5795
216231,11522
216233,25054
216253,4751
216256,4751
216284,4751
216289,17279
216290,6141
216300,25332
216305,183
216333,2322
216334,2322
216351,11748
216398,19933
216400,25283
216405,14888
216411,17814
216414,25184
216416,25184
216459,4884
216460,8281
216464,11748
216479,12245
216486,11075
216502,25283
216510,8694
216511,805
216514,11748
216530,25364
216536,25054
216576,25374
216580,14640
216623,10530
216635,22343
216658,1725
216659,25125
216682,1725
216686,2322
216700,5507
216714,22236
216715,290
216716,25392
216730,24864
216752,25364
216768,6897
216774,25414
216776,11756
216781,10776
216789,25417
216790,25417
216792,805
216803,13770
216805,11756
216810,805
216813,7290
216820,7290
216837,25431
216850,8165
216854,25277
216856,25277
216890,25440
216898,25103
216904,25054
216906,11075
216909,11075
216926,8017
216929,17128
216930,11075
216933,4485
216939,4485
216949,7448
216962,805
216972,919
216974,4485
216993,8013
216995,25420
216999,25133
217005,22468
217015,8763
217029,1005
217033,25473
217037,25054
217040,25054
217046,14463
217056,6579
217070,603
217080,16811
217082,12786
217084,23808
217092,12786
217096,12786
217104,5161
217158,13636
217197,22468
217198,22538
217200,8960
217208,25420
217210,646
217241,11056
217255,14730
217257,9162
217261,5003
217276,14288
217303,13041
217329,7138
217332,5398
217385,1349
217406,7291
217415,8986
217456,12786
217483,4749
217485,25260
217486,4749
217488,4749
217489,4749
217490,4749
217491,4749
217493,4749
217494,25260
217495,4749
217496,4749
217502,7291
217515,25538
217535,25054
217536,25054
217537,7224
217538,25058
217550,25513
217559,22468
217560,22468
217598,25103
217604,14390
217606,14390
217610,14390
217612,14390
217614,14390
217616,14390
217618,14390
217620,14390
217622,14390
217624,14390
217629,14390
217631,3443
217634,12279
217742,3269
217744,3269
217759,2719
217772,805
217776,22331
217779,25474
217780,3485
217787,7744
217792,805
217811,17230
217853,10891
217882,14390
217929,13636
217931,13636
217936,8413
217993,9174
218011,6029
218032,25433
218047,7968
218058,25595
218061,25596
218073,11748
218087,23610
218089,23610
218099,24721
218110,24808
218147,930
218165,805
218166,5744
218170,805
218193,16705
218196,7290
218213,24980
218217,25103
218221,858
218245,24205
218246,24205
218247,24205
218248,24205
218258,21846
218263,21846
218267,25618
218286,25624
218287,25624
218288,25624
218289,25624
218290,25624
218291,25624
218292,25624
218293,16843
218307,10147
218320,25439
218325,17186
218331,805
218337,25439
218340,20729
218341,25171
218380,20593
218408,9162
218446,10386
218448,11748
218477,20211
218483,15964
218500,18334
218516,9643
218551,7290
218562,25103
218566,25103
218575,7448
218577,7448
218589,805
218592,805
218596,805
218598,805
218600,5429
218609,21054
218610,21054
218627,11477
218643,25671
218646,13803
218655,24721
218677,930
218710,16843
218712,16843
218724,25680
218734,24617
218735,6961
218774,7290
218781,17941
218792,2361
218803,11748
218809,5795
218815,6029
218842,930
218847,12365
218855,18334
218864,2040
218885,8807
218916,13140
218917,25325
218925,19746
218926,6029
218931,17816
218932,17816
218941,23915
218945,6897
218949,2040
218964,7290
218970,24808
218972,1390
219002,805
219003,805
219023,14541
219038,5739
219071,7290
219090,22311
219098,25634
219101,17192
219105,24808
219106,1666
219115,25737
219129,795
219130,795
219135,25738
219152,25734
219156,25734
219157,25734
219197,13140
219203,8694
219204,8694
219205,8694
219208,8694
219211,8694
219238,805
219240,805
219261,25764
219276,25767
219278,25767
219282,25767
219284,25767
219310,6029
219354,5274
219371,25757
219374,24814
219420,24617
219427,4485
219449,4485
219456,6897
219457,10217
219482,23752
219486,10524
219501,1390
219518,14492
219519,1005
219558,9662
219563,9662
219578,9908
219579,11634
219638,12667
219641,25816
219651,5505
219653,5505
219663,6961
219680,20666
219690,25787
219698,24617
219701,24617
219708,9643
219716,12342
219719,20060
219722,5892
219734,9643
219745,24808
219782,25281
219785,5505
219802,14270
219833,24617
219842,264
219849,25103
219852,25103
219857,770
219861,25433
219875,25433
219890,24503
219912,24617
219915,21286
219921,24617
219933,10688
219943,6897
219951,4514
219966,5505
219973,805
219975,805
219977,1005
219981,5505
219982,1005
219993,183
220004,16843
220006,16843
220012,25054
220014,25054
220016,25054
220024,9908
220026,24503
220033,13525
220048,25433
220081,12710
220090,9162
220094,25877
220108,25433
220125,13526
220127,12551
220128,14730
220130,12551
220134,603
220135,17293
220143,2019
220146,8413
220188,2328
220189,9330
220195,21286
220204,25802
220205,25802
220225,24617
220230,11748
220235,24617
220239,183
220250,1005
220253,24617
220256,24617
220259,25902
220299,24721
220321,21286
220326,21286
220340,3117
220341,3117
220345,17279
220348,25103
220350,24617
220352,13880
220355,22468
220360,22468
220369,14730
220385,8158
220392,25103
220413,14526
220433,4485
220441,21846
220442,21846
220443,21846
220448,3488
220449,21846
220451,1349
220454,21846
220528,24357
220563,14557
220570,22311
220573,5429
220585,25433
220608,9643
220611,9643
220620,24617
220630,11289
220646,11517
220652,24617
220666,9162
220680,8892
220683,19867
220684,19867
220687,11355
220696,13702
220716,10625
220721,13636
220736,805
220742,9162
220746,6029
220752,21846
220771,21846
220787,21846
220796,25675
220797,25054
220816,19667
220824,21998
220829,11867
220837,4485
220839,11748
220841,11748
220852,11748
220854,11048
220881,17688
220887,21998
220889,21318
220892,21998
220893,21998
220912,10147
220915,10147
220919,11748
220936,24617
220953,11805
220969,25524
220983,805
220990,7138
220996,13140
221011,10229
221016,25059
221037,12551
221048,24617
221051,24617
221055,25059
221062,24617
221064,24617
221070,24050
221083,7649
221086,2719
221105,6029
221109,5003
221115,21846
221116,21846
221187,11748
221189,11748
221199,10960
221200,26007
221213,10217
221246,1320
221261,7138
221262,25995
221277,5003
221283,5003
221285,5003
221289,5003
221301,14073
221321,8807
221334,7290
221358,919
221380,24617
221382,16220
221392,22468
221411,26051
221421,24617
221429,2719
221439,24617
221443,14073
221466,24617
221468,26055
221476,805
221484,24091
221486,5836
221505,17359
221523,24308
221527,1349
221528,5505
221538,4607
221559,24617
221566,10530
221579,4485
221591,11748
221593,11748
221595,11748
221596,3310
221610,11363
221612,10530
221621,25103
221626,805
221639,9583
221640,14073
221646,14073
221655,11748
221656,5731
221666,1291
221673,25816
221674,25816
221678,1666
221680,11748
221696,24617
221700,24808
221722,805
221726,24808
221744,14869
221754,24503
221763,26117
221772,1349
221778,25054
221793,9085
221798,25133
221809,21286
221812,25054
221815,25054
221819,25054
221826,25054
221831,22452
221843,20709
221850,8532
221855,2160
221856,17833
221860,4812
221869,14554
221870,22377
221931,24153
221934,6440
221943,1005
221950,14073
221954,21573
221958,25054
221960,21998
221962,25675
221969,23915
221999,8332
222000,24617
222018,14073
222029,14073
222032,14073
222037,14073
222042,603
222046,14073
222050,14073
222055,14073
222060,14073
222064,12667
222065,12667
222079,6897
222107,14073
222112,14073
222114,14073
222117,14073
222120,26017
222141,20058
222161,24617
222168,19867
222177,13636
222178,13636
222180,13636
222182,25634
222184,13702
222185,13702
222188,6579
222189,13702
222190,26016
222198,930
222202,26016
222206,13702
222207,26093
222211,24457
222212,13702
222218,13702
222230,14640
222232,14640
222238,5795
222248,17833
222269,805
222279,16041
222288,4836
222289,4836
222312,1349
222325,26106
222335,7680
222355,4074
222360,14073
222369,14073
222379,8413
222392,17636
222407,14073
222434,11517
222463,16705
222469,2719
222476,12279
222479,812
222488,14073
222490,24617
222497,5461
222508,8487
222527,24617
222534,1349
222575,805
222578,21998
222579,20191
222588,26215
222595,9007
222616,19667
222635,16922
222669,11805
222675,22468
222716,17908
222718,17832
222745,25103
222756,4485
222772,14073
222790,945
222796,17072
222801,10172
222803,2040
222809,25433
222820,15997
222846,9643
222860,12450
222880,3722
222881,3722
222882,14769
222889,24617
222892,23886
222895,16937
222897,16937
222903,805
222908,24503
222910,23886
222917,11355
222926,12035
222954,10960
222983,11517
222994,17186
223011,21395
223021,4485
223037,6884
223041,2798
223050,8807
223070,26200
223098,7529
223101,17230
223123,12008
223129,6029
223138,6029
223143,13364
223159,26294
223162,26294
223187,805
223192,805
223210,6920
223213,7486
223223,24617
223244,1349
223246,26303
223251,1349
223270,26294
223272,26294
223277,14346
223289,6920
223292,26018
223298,26016
223305,26310
223310,16922
223335,3488
223338,22185
223349,8807
223409,5339
223419,6884
223423,12155
223443,23803
223447,24907
223457,8123
223467,71
223479,26324
223494,11772
223495,11772
223509,14073
223532,25273
223554,26173
223563,20716
223571,21030
223578,24617
223582,24721
223587,26341
223590,26341
223595,3640
223605,805
223608,5274
223609,5274
223661,22468
223665,13406
223674,22468
223679,17072
223682,6897
223685,6897
223689,6897
223700,21774
223718,17717
223734,4864
223745,10980
223773,10172
223777,1349
223778,1349
223801,8718
223833,1349
223835,1349
223838,1349
223839,1349
223840,1349
223841,1349
223842,1349
223843,1349
223844,1349
223860,6416
223869,9162
223892,1005
223900,25524
223905,25524
223913,13325
223915,7620
223935,930
223943,930
223946,3488
223948,17010
223951,13636
223956,13325
223960,1349
223961,15964
223962,15964
223978,5505
223985,11772
224017,1349
224018,1349
224020,1349
224021,1349
224022,1349
224023,1349
224024,1349
224025,1349
224026,1349
224027,1349
224028,1349
224029,1349
224030,1349
224031,1349
224032,1349
224033,1349
224034,1349
224035,1349
224038,1349
224044,9007
224045,230
224047,1349
224048,1349
224049,1349
224050,1349
224052,1349
224054,1349
224055,1349
224057,1349
224060,1349
224062,1349
224064,1349
224066,1349
224068,1349
224078,1349
224080,26397
224082,1349
224112,26404
224114,11748
224125,2343
224126,2343
224129,6405
224143,8694
224147,24259
224150,8006
224166,23733
224168,9662
224180,23843
224185,7620
224196,805
224201,10354
224227,7290
224237,10688
224241,7649
224255,26053
224295,22468
224303,11697
224304,11697
224305,11697
224307,11697
224334,26444
224336,5635
224351,919
224363,3525
224384,18248
224404,25103
224418,5269
224426,13022
224427,13022
224431,24617
224443,24503
224462,21971
224468,16922
224471,16922
224501,24153
224521,12258
224532,805
224534,805
224550,1036
224556,22267
224557,22267
224561,2513
224562,1390
224573,805
224599,7448
224612,24617
224615,24617
224621,930
224642,805
224646,805
224652,7649
224654,14463
224671,14463
224675,12566
224700,19667
224721,26484
224746,14188
224761,14556
224768,7788
224769,4485
224775,21030
224779,25319
224781,25319
224790,14382
224814,14730
224829,7290
224844,1349
224851,21998
224852,21998
224866,14390
224868,14390
224870,11127
224891,7250
224894,805
224902,17208
224906,26508
224919,26058
224929,805
224933,805
224951,7448
224957,24503
224968,8553
224982,22419
224988,6440
225012,26477
225020,3488
225053,5274
225062,6440
225073,14463
225085,22468
225086,11867
225089,858
225099,11849
225117,11748
225124,26535
225141,5274
225149,21200
225151,805
225165,23915
225166,23915
225171,872
225199,11748
225213,26545
225216,7290
225221,26535
225224,26535
225226,22311
225227,4485
225228,21200
225236,6658
225242,26548
225246,12736
225247,26535
225250,26535
225265,12736
225268,401
225273,26553
225300,14188
225307,6897
225314,805
225325,11748
225332,805
225335,7290
225339,13561
225346,19767
225359,16843
225360,14463
225381,24617
225402,16645
225415,16645
225416,16645
225422,10318
225426,6714
225427,6714
225429,6714
225436,21104
225438,9007
225487,26581
225528,4485
225563,4363
225578,6897
225589,1443
225592,1443
225611,14730
225614,13592
225620,44995
225628,26238
225652,17688
225664,805
225693,805
225725,8553
225732,13636
225736,26603
225741,13636
225747,26561
225749,13702
225750,13636
225751,13702
225770,6714
225772,6141
225777,199
225824,14463
225829,14463
225879,4829
225882,4829
225884,8086
225894,7135
225901,10172
225902,10172
225926,14541
225945,6897
225961,9253
225962,3794
225963,26639
225982,11385
225989,8028
226001,25538
226036,11867
226049,17362
226051,21054
226061,6897
226077,1724
226078,26656
226157,5003
226160,11324
226173,26435
226205,22468
226269,26179
226277,11127
226286,13525
226289,13525
226309,24503
226311,7290
226367,7448
226369,24617
226372,3488
226378,12786
226383,11708
226385,12786
226391,13525
226394,14650
226412,14346
226416,25450
226417,10244
226463,12932
226472,14541
226483,11748
226493,2322
226500,10530
226516,44995
226529,4485
226548,13702
226573,7290
226587,4485
226591,4485
226592,26338
226607,26124
226624,11127
226625,25538
226637,22538
226699,13325
226700,22214
226704,11867
226752,805
226778,2719
226797,16537
226799,13636
226812,11355
226814,11355
226826,13680
226840,26724
226845,14730
226849,805
226856,805
226866,18250
226918,21062
226935,24671
226937,24641
226939,26745
226961,26649
226966,26745
226970,4485
226976,4485
226978,22468
226981,22468
226983,6029
226986,14860
227001,26466
227015,14730
227025,25450
227026,14730
227031,6029
227035,26736
227048,9643
227057,11127
227061,1390
227062,6606
227083,919
227090,11748
227116,17908
227117,17908
227131,2940
227138,2940
227143,2940
227162,7620
227170,8141
227175,14346
227182,8507
227195,3019
227200,13212
227210,23733
227213,14463
227220,26745
227222,44995
227227,11522
227244,10172
227261,21846
227273,4485
227276,26744
227317,26801
227318,26801
227331,20327
227332,44995
227339,4485
227360,24477
227372,8013
227375,7092
227390,1349
227392,1005
227402,21054
227422,9643
227446,2719
227460,24617
227464,4733
227480,25054
227483,805
227488,805
227517,14346
227532,1352
227537,44995
227538,44995
227540,44995
227545,44995
227548,17192
227565,13525
227579,6029
227586,25054
227599,7271
227607,18419
227609,25054
227613,25898
227614,24617
227661,17463
227668,4485
227674,25816
227677,14073
227694,14073
227722,26868
227735,11748
227742,22208
227778,6897
227793,6897
227796,26875
227805,12279
227806,12279
227807,12279
227813,805
227829,307
227882,805
227885,17192
227916,26352
227941,808
227961,23733
227962,582
227992,5635
227997,26890
227999,23665
228059,22468
228060,44995
228067,199
228070,3903
228072,3903
228073,8141
228093,11531
228100,26908
228118,26352
228119,1349
228122,22559
228150,26915
228153,26915
228161,1349
228162,1349
228169,6429
228170,6429
228173,16705
228176,1005
228180,20058
228182,5836
228193,22214
228195,2750
228208,7649
228239,14730
228251,930
228271,8694
228272,8694
228273,8694
228274,8694
228275,8694
228298,22468
228349,9161
228390,3582
228393,22468
228399,10823
228435,6897
228447,930
228457,17230
228460,9495
228466,24844
228471,8413
228503,9721
228513,6897
228559,14749
228572,14730
228596,930
228619,1349
228632,26945
228633,14749
228637,14749
228681,1349
228694,8413
228702,7290
228709,44995
228710,44995
228722,1349
228727,14073
228737,5348
228742,13364
228745,13364
228761,14073
228764,1005
228780,2210
228781,2210
228794,805
228797,805
228802,805
228813,21054
228815,26959
228821,930
228835,21054
228840,21054
228852,6029
228855,13680
228862,6029
228893,805
228903,17463
228929,14346
228933,4672
228944,26971
228945,26977
228958,4485
228979,11127
228983,11127
228985,11127
228986,11127
228987,11127
228988,44995
229000,4812
229003,8447
229015,11748
229017,11748
229030,13987
229038,71
229054,44995
229061,9136
229073,44995
229085,805
229088,26999
229097,24617
229100,22276
229106,13325
229145,24503
229147,17230
229156,7732
229164,1934
229166,3903
229168,16382
229189,5509
229198,19667
229203,1349
229205,1349
229211,11634
229224,1349
229267,22341
229281,7250
229282,10968
229284,11634
229286,22184
229288,3826
229295,44995
229296,44995
229321,14137
229323,44995
229326,523
229340,805
229346,805
229352,6897
229372,24617
229373,24617
229374,24617
229378,805
229379,805
229387,8251
229392,14730
229398,805
229410,103
229416,19667
229445,11634
229468,54
229506,13880
229522,4829
229529,25103
229564,1349
229566,1349
229577,14073
229589,1349
229591,1349
229592,1349
229593,1349
229594,1349
229595,1349
229603,9583
229606,4240
229617,4672
229620,44995
229622,44995
229624,44995
229637,4672
229639,21054
229643,21998
229645,21846
229647,11748
229649,11748
229653,17463
229664,3331
229668,26943
229691,24617
229702,14137
229748,4812
229754,44995
229755,22427
229756,25085
229767,805
229768,805
229772,805
229776,1349
229797,12786
229815,7788
229823,18528
229836,11355
229839,18528
229845,7649
229859,27102
229861,12486
229863,805
229865,13212
229897,21846
229913,24503
229937,13555
229940,21846
229941,27111
229948,21846
229952,21846
229954,3019
229956,1005
229963,4485
229974,11805
229978,44995
229984,25103
229997,44995
229998,44995
229999,44995
230005,11634
230011,20058
230015,26115
230038,9136
230046,14463
230055,26957
230067,13140
230069,13140
230074,13140
230077,13140
230082,11748
230093,2798
230096,6884
230098,805
230114,11634
230120,11634
230126,24617
230162,9136
230164,9136
230165,24617
230168,9136
230178,24617
230227,24617
230232,1349
230297,6513
230299,930
230308,13212
230309,18357
230314,24503
230319,24503
230320,26724
230334,25675
230342,14390
230348,17953
230366,5032
230374,27157
230398,4485
230400,24073
230405,5509
230412,21988
230415,10172
230420,1005
230429,9136
230432,9136
230435,9136
230454,3488
230455,805
230470,7135
230471,603
230493,21054
230495,805
230511,12035
230550,805
230551,805
230555,27181
230556,27182
230563,13770
230575,11748
230587,24617
230597,18615
230600,10172
230607,11511
230609,11511
230613,9136
230672,14346
230693,930
230702,930
230707,88
230708,22587
230731,17908
230734,3058
230742,196
230744,27122
230751,24844
230773,22468
230784,7135
230785,22468
230787,478
230789,478
230802,7620
230828,14073
230830,14073
230833,5240
230834,5240
230835,5240
230842,4521
230844,4521
230854,7290
230898,5509
230905,3488
230929,17519
230930,25450
230936,10172
230956,27235
230972,27234
230982,5509
230985,11914
230989,18190
230991,27058
231020,26425
231026,11748
231031,4485
231036,14137
231046,14137
231061,7071
231076,7135
231078,24617
231080,24503
231082,26030
231098,26579
231102,24617
231103,24617
231115,14073
231124,27099
231151,805
231158,12932
231166,5509
231188,27262
231213,11469
231216,27265
231218,24865
231220,24865
231221,24865
231223,27265
231226,1390
231231,7135
231233,24617
231234,24617
231238,7290
231239,27265
231240,27265
231255,24865
231270,11849
231299,24865
231300,24865
231314,26724
231332,6029
231377,3903
231409,13525
231427,4672
231447,24617
231466,11748
231471,27258
231498,7135
231501,13538
231516,24617
231526,10217
231528,4829
231530,4829
231535,21681
231539,14137
231544,24671
231574,8017
231590,7135
231595,27301
231599,27301
231614,442
231620,16275
231625,14137
231626,14137
231627,24369
231636,24617
231651,11748
231662,805
231664,1586
231667,14073
231669,6072
231712,14463
231718,21030
231723,21030
231728,21054
231758,3773
231763,307
231781,22468
231825,6029
231855,27332
231872,24617
231877,14289
231907,10172
231910,13587
231917,17230
231926,1005
231951,6897
231952,27344
231955,7744
231956,3117
231961,16498
231967,805
231969,805
232024,5509
232046,23956
232056,26724
232074,22452
232077,14463
232080,10217
232096,24091
232135,26102
232179,11517
232187,24671
232191,7616
232199,26724
232208,26124
232209,26124
232229,14073
232249,3263
232257,5429
232279,6029
232284,27398
232296,2040
232300,805
232307,12279
232310,12279
232311,12279
232316,5503
232320,26030
232322,805
232337,23982
232339,14073
232366,21054
232390,6957
232437,9196
232441,23890
232443,13122
232449,6072
232450,23890
232468,27428
232475,1036
232504,8580
232535,21683
232541,27441
232558,27444
232565,21779
232581,24671
232585,24671
232587,24671
232623,6029
232626,930
232646,11635
232648,805
232679,27459
232680,7968
232681,24617
232684,24369
232699,22543
232703,10688
232704,10688
232721,14270
232753,812
232781,16845
232786,10688
232797,6029
232810,20240
232831,27472
232833,4485
232834,805
232854,805
232855,14730
232861,10172
232878,930
232898,25103
232907,22022
232937,8
232949,24617
232952,4485
232960,27142
232973,930
232979,930
232980,27458
232981,27458
232982,27458
232983,27458
232991,27142
233000,27142
233004,27142
233006,27142
233009,12446
233010,27142
233012,27142
233027,24257
233029,11748
233040,11127
233041,27189
233066,1329
233067,7448
233128,27471
233131,25327
233143,805
233199,14463
233207,13020
233209,14463
233223,27471
233230,11091
233253,805
233270,16520
233278,10172
233280,13528
233296,27142
233323,27158
233328,27513
233330,14888
233338,6029
233339,4290
233350,27519
233363,27142
233365,27142
233366,27142
233368,27142
233378,919
233381,12551
233410,805
233448,5505
233450,5505
233465,805
233470,18528
233491,3137
233498,27471
233506,14463
233516,24617
233522,14463
233533,27458
233540,27540
233563,930
233564,930
233570,930
233605,27543
233630,930
233662,4829
233665,335
233688,24617
233702,24617
233703,24617
233707,24073
233709,27541
233711,25936
233726,24671
233743,7290
233768,27158
233791,24617
233792,1005
233806,8413
233826,24617
233846,13577
233852,7045
233853,27142
233854,27142
233870,27575
233871,27575
233876,21998
233888,4290
233890,27458
233895,27458
233896,20729
233904,27319
233913,14463
233917,11355
233942,1764
233945,930
233950,930
233963,14161
233988,27142
233991,27142
233998,27142
234007,4672
234011,27142
234021,25675
234023,25675
234026,13864
234031,14073
234042,27597
234062,9583
234076,11091
234080,11511
234093,26029
234097,6029
234127,11707
234133,11707
234135,27597
234143,930
234152,11707
234154,595
234166,24617
234189,26226
234193,7744
234194,24617
234197,805
234203,26226
234209,26226
234212,26226
234219,26226
234220,26226
234222,26226
234225,26226
234232,26226
234236,26226
234243,26226
234246,26226
234249,26226
234253,26226
234258,7620
234311,24617
234338,7045
234399,27319
234402,7250
234416,6664
234417,17230
234425,21521
234430,13864
234431,21521
234432,24617
234446,27319
234448,24617
234449,24617
234473,24617
234492,27626
234542,24617
234557,24721
234580,9741
234583,919
234584,7418
234600,1005
234610,3488
234625,27142
234650,930
234674,11127
234676,24205
234689,27651
234706,3137
234728,14346
234729,930
234731,8645
234754,930
234788,196
234794,27142
234797,24617
234821,21054
234824,24617
234838,25433
234847,919
234868,26124
234869,26124
234871,101
234883,26124
234912,21054
234918,7620
234924,25433
234932,6579
234934,27684
234954,1005
234965,1005
234973,930
234978,27575
234990,14731
235011,6897
235026,25944
235091,24617
235125,930
235141,930
235144,930
235149,930
235182,805
235220,1443
235227,805
235246,17617
235247,17617
235272,7354
235273,27718
235290,27720
235333,24617
235342,930
235350,6029
235397,11388
235400,7620
235408,805
235412,805
235413,21919
235439,2325
235440,3651
235449,805
235454,21919
235458,21919
235459,21919
235475,7803
235502,27750
235537,6029
235568,11707
235574,6961
235579,11707
235580,11707
235605,11091
235616,22543
235620,21919
235631,4812
235640,4521
235661,11091
235665,6897
235681,27761
235704,2798
235715,4553
235721,10172
235725,27761
235727,21919
235735,7649
235744,21054
235745,1349
235747,1349
235748,196
235753,25319
235756,25319
235759,17230
235761,1349
235766,17230
235776,21919
235790,11748
235793,24230
235795,21919
235799,805
235810,805
235812,5240
235846,27794
235872,27779
235877,13702
235899,26724
235905,27620
235915,27779
235917,4769
235940,27620
235943,27806
235951,24617
235954,11748
235956,11748
235979,27332
235986,27807
236010,11634
236016,22441
236018,22441
236068,25936
236077,71
236090,7968
236091,27833
236092,2636
236153,27635
236154,1005
236163,27142
236167,24617
236196,14526
236201,27011
236241,13702
236244,930
236249,13702
236253,10675
236268,427
236276,6029
236290,6606
236294,6606
236300,25524
236307,27183
236315,27848
236332,11091
236351,18563
236380,22468
236388,10760
236394,2798
236414,24617
236436,20252
236464,22311
236472,13985
236474,4553
236480,4829
236482,10231
236493,16922
236497,16922
236500,13702
236515,22468
236521,21919
236524,22468
236544,6897
236548,27635
236556,4751
236563,24808
236572,196
236577,21919
236584,7290
236588,4829
236602,27635
236611,27635
236621,6029
236627,3572
236648,264
236689,21054
236724,9311
236733,14650
236742,16382
236744,13702
236778,13254
236792,13702
236810,21919
236854,22311
236856,805
236858,6029
236865,805
236893,24617
236894,21919
236895,24617
236905,27919
236916,930
236936,10172
236941,21054
236943,17941
236945,2072
236947,11075
236952,11075
236953,11075
236963,11075
236967,11075
236979,10790
236989,10172
236993,2798
236996,2798
237007,22330
237015,24617
237064,10996
237066,5047
237070,7649
237076,5274
237101,14463
237154,24617
237202,27957
237205,27962
237210,12932
237211,27962
237212,27962
237214,22311
237276,930
237279,27183
237285,27183
237316,930
237324,919
237352,26945
237360,13964
237362,13864
237363,21176
237372,21919
237375,5505
237379,7055
237381,7055
237383,8451
237401,805
237420,25433
237424,20079
237426,20079
237436,21919
237438,24808
237450,4856
237451,14730
237462,21054
237473,21919
237476,14156
237479,6897
237506,22468
237518,1569
237531,14730
237534,1443
237543,24238
237554,2325
237555,21919
237562,2328
237595,14730
237596,14730
237599,25433
237640,26124
237649,930
237652,1548
237654,21919
237686,930
237687,930
237715,8645
237716,8645
237717,8645
237718,8645
237725,3488
237727,805
237729,10172
237743,21919
237746,2798
237750,21919
237751,21919
237758,196
237772,21919
237774,6897
237799,17814
237826,19767
237844,8645
237880,26124
237889,25936
237904,21919
237909,1005
237952,17814
237953,28057
237956,10055
237959,1036
237964,4485
237995,21054
237998,21919
238000,27969
238006,27969
238023,8402
238027,10055
238028,10055
238029,10055
238030,10055
238042,8419
238043,8419
238044,8694
238045,8694
238046,8694
238048,8694
238049,8694
238060,17816
238065,27969
238094,2798
238097,2798
238105,26656
238111,21919
238112,28066
238114,805
238117,28055
238126,28073
238155,28078
238186,24046
238202,21846
238207,28085
238210,27754
238229,26124
238231,3488
238250,6082
238260,20381
238265,21998
238267,22441
238268,27796
238277,24844
238286,8451
238288,6575
238290,11748
238293,6575
238297,17814
238331,17908
238371,1005
238375,4751
238378,17230
238379,28099
238399,9136
238413,930
238439,22192
238449,24230
238451,28053
238452,28053
238453,28053
238454,28053
238455,28053
238458,6897
238460,9219
238469,28110
238482,6897
238501,7071
238510,28055
238511,26466
238521,930
238539,14730
238552,28053
238560,10675
238573,1005
238574,27403
238586,14888
238606,6029
238636,18250
238639,17814
238640,17814
238649,26466
238666,26124
238667,26124
238671,26124
238695,2040
238702,4485
238706,14156
238722,14730
238794,21054
238800,27435
238803,27435
238820,27158
238829,16939
238831,27158
238853,12245
238883,21054
238890,17908
238894,919
238898,16804
238904,14510
238926,27158
238938,14144
238939,14144
238940,14144
238941,2040
238942,14144
238963,8120
238971,3137
238988,14730
238990,5509
239008,7649
239018,26124
239040,25433
239050,25433
239051,14730
239076,24671
239081,27403
239083,8645
239093,930
239101,24671
239129,26124
239137,12347
239141,22
239143,19667
239160,28183
239162,28183
239163,26124
239181,27142
239199,26124
239206,27403
239212,27635
239214,24671
239223,27635
239240,17816
239253,27183
239258,942
239289,21599
239351,805
239361,27620
239363,307
239369,11748
239378,26267
239379,26124
239387,26124
239391,26124
239393,27183
239401,26124
239409,805
239413,26124
239419,28183
239420,26124
239423,196
239448,3697
239450,3697
239461,27769
239479,21919
239481,22311
239484,21919
239501,27769
239517,24808
239522,13702
239555,14730
239576,28221
239589,14730
239607,22468
239609,14730
239629,5226
239633,10530
239640,27435
239642,18388
239646,28237
239651,5226
239661,13525
239674,18349
239678,25936
239686,21599
239702,21599
239740,401
239755,21919
239759,7290
239793,11805
239796,17814
239827,930
239836,15964
239844,930
239853,8694
239854,8694
239857,28253
239861,13478
239863,27298
239864,14730
239868,6961
239905,14730
239917,22468
239949,26755
239958,26124
239962,6783
239971,25433
239973,5348
239994,2798
240029,28274
240030,28274
240031,28274
240038,6029
240042,21919
240070,20092
240115,26124
240130,13212
240132,930
240148,26124
240166,1005
240179,19949
240190,1538
240229,25433
240235,8105
240338,21919
240385,27915
240425,20740
240432,28306
240453,27800
240487,26105
240523,25433
240527,25433
240528,1005
240531,21919
240536,1036
240539,14730
240541,1390
240544,22311
240550,22311
240554,9643
240559,21919
240564,17230
240567,24808
240578,12486
240579,12486
240618,27158
240625,25936
240630,10530
240638,28216
240639,2798
240647,28336
240651,24808
240671,12786
240683,25433
240686,21054
240692,8694
240693,13702
240695,4034
240700,16845
240730,14156
240814,18528
240822,28349
240826,13702
240842,2856
240859,21919
240866,21030
240869,27841
240873,27952
240893,27952
240903,21030
240905,21030
240911,6029
240915,10968
240921,28339
240931,13702
240932,13702
240949,26124
240954,22311
240962,6491
240965,14616
240994,1390
240995,28370
241000,8281
241022,24808
241028,13140
241035,27597
241067,25
241077,25433
241088,1005
241117,25524
241119,25936
241121,21054
241132,8413
241133,27841
241200,12786
241204,12786
241211,12786
241238,9162
241240,11748
241249,21919
241272,23859
241282,11531
241290,28407
241321,17230
241359,21919
241390,21919
241391,27319
241392,27319
241409,25433
241411,27620
241412,16939
241420,21919
241421,28420
241427,21919
241446,1390
241477,12786
241482,28378
241485,12786
241520,21919
241548,22311
241549,22311
241556,28216
241566,10968
241585,16974
241635,24722
241664,22468
241676,27791
241704,28405
241705,805
241708,27319
241793,16709
241803,13702
241812,264
241818,27319
241820,28411
241828,28428
241829,2019
241841,1448
241856,16542
241866,21030
241869,16419
241930,26069
241949,24808
241974,5555
241989,12786
241990,25680
241994,8927
241997,16474
242020,805
242027,805
242033,14769
242037,11756
242044,14526
242055,22468
242057,21919
242067,12872
242068,11748
242092,14526
242138,14730
242145,25433
242147,14730
242159,2719
242183,930
242185,930
242197,16542
242227,22056
242266,28211
242285,27895
242288,3488
242304,24808
242314,21030
242319,21030
242324,4862
242332,1390
242357,21919
242360,28504
242363,28515
242367,28518
242370,28517
242379,2072
242432,16934
242434,27142
242526,21030
242528,21030
242548,12786
242573,14730
242602,17519
242603,16811
242604,16845
242627,26069
242634,22468
242691,28543
242741,27698
242742,27698
242743,27698
242745,28378
242757,14730
242759,14730
242760,14730
242761,10625
242774,3794
242783,12786
242789,14730
242792,14730
242803,7448
242806,22468
242836,26124
242839,14730
242850,930
242854,27142
242860,7290
242861,7290
242872,14730
242877,11462
242904,6961
242930,9568
242943,21919
242946,8413
242949,2669
242955,28568
242961,805
243014,2210
243015,2210
243039,7055
243048,14650
243072,805
243103,21662
243109,13702
243110,8645
243112,27435
243124,14510
243133,5429
243136,5493
243142,1005
243149,14463
243153,1036
243154,27769
243231,24152
243247,7046
243251,11091
243256,11091
243263,3903
243267,3903
243272,27324
243275,6029
243282,307
243291,28584
243342,24617
243345,17463
243369,805
243381,401
243390,9657
243391,9657
243393,9657
243395,1005
243400,3640
243414,25
243418,2975
243419,2975
243422,14056
243424,2083
243425,8451
243451,28619
243453,27813
243461,5918
243475,10421
243493,14463
243496,13702
243522,24671
243544,22468
243563,28633
243569,21919
243576,4546
243580,4546
243608,12786
243611,12786
243621,24617
243639,158
243644,25734
243646,25734
243647,25734
243648,25734
243649,25734
243654,28633
243676,22468
243679,27813
243685,27813
243695,27142
243696,27142
243697,27142
243703,9426
243704,28653
243705,28653
243707,10172
243711,8401
243717,10416
243729,21919
243736,7290
243760,26124
243772,28281
243784,15953
243789,7448
243790,28647
243814,28053
243815,6606
243838,10088
243840,10088
243843,24357
243848,13702
243876,1005
243880,10968
243883,13702
243892,23832
243895,28644
243896,28644
243908,8141
243916,14640
243949,7733
243959,11658
243973,2789
243974,2789
243980,401
243992,1390
243999,13669
244000,5555
244019,27782
244057,3019
244074,1005
244084,805
244087,582
244088,11355
244089,28701
244090,28701
244100,25965
244101,25965
244123,28504
244131,26124
244149,27538
244151,27538
244156,26294
244161,21919
244172,25433
244173,25433
244175,14730
244179,7964
244192,14346
244193,14346
244196,28504
244197,28504
244204,22311
244206,21919
244227,25433
244229,27962
244230,8645
244239,25433
244243,25433
244247,1390
244250,4553
244281,28701
244285,25433
244295,17130
244307,27996
244312,25433
244339,6244
244362,28727
244373,21919
244374,21919
244389,805
244390,14144
244400,7964
244427,27962
244435,6244
244452,6244
244467,6244
244477,6244
244488,6244
244493,6244
244494,6244
244495,6244
244496,6244
244503,13680
244519,11748
244522,4290
244539,13516
244584,22088
244585,22088
244586,22088
244606,5561
244615,22088
244625,13944
244630,11748
244637,232
244648,28778
244673,10172
244676,16612
244687,8413
244705,27298
244718,27142
244727,10172
244734,28778
244738,20657
244755,28778
244760,24722
244761,24722
244762,24722
244763,3137
244774,27142
244779,27678
244791,20657
244793,20657
244803,27142
244807,17230
244826,20657
244829,28780
244860,1005
244884,17463
244886,10172
244898,10172
244904,21521
244912,28761
244937,28806
244952,13902
244969,28813
244970,3270
244980,14073
244991,11475
245004,27142
245011,27142
245015,21919
245020,7448
245034,13947
245035,26945
245042,27332
245043,27332
245057,28821
245058,28821
245059,28821
245060,28821
245061,28821
245062,28821
245063,28821
245067,28821
245069,26780
245077,28815
245078,28740
245109,930
245115,930
245116,930
245127,8141
245134,25433
245137,27319
245150,27319
245151,27319
245152,14294
245157,27319
245160,22468
245166,14056
245167,12147
245169,25433
245173,25433
245175,1005
245177,595
245193,1005
245198,27332
245218,1390
245232,18503
245237,1349
245240,1349
245242,1349
245243,1349
245244,1349
245251,27324
245262,930
245269,25433
245272,25433
245276,27332
245287,11554
245309,8086
245317,805
245326,7448
245327,7448
245338,26415
245367,25433
245379,58
245381,25433
245382,58
245384,1005
245390,27319
245399,22088
245407,22452
245422,17045
245431,2043
245433,8413
245440,27332
245445,9146
245458,6884
245459,7486
245460,22088
245479,24617
245489,22088
245502,28859
245515,27332
245519,27332
245521,22088
245524,22056
245528,1005
245529,1005
245546,21919
245564,24457
245582,1349
245583,1349
245612,3137
245615,28890
245616,28892
245628,25433
245632,25433
245634,25433
245639,25433
245642,25433
245676,11127
245678,8645
245715,5003
245718,7968
245720,10172
245724,3488
245728,12786
245742,5003
245744,5003
245748,27319
245761,28911
245774,5003
245793,24046
245809,10172
245814,27319
245855,8413
245930,8464
245940,26956
245941,26956
245944,26956
245948,27403
245953,28707
245963,7486
245965,8451
245966,7616
245967,14730
245973,11355
245987,24430
245990,25936
246003,14730
246004,28932
246039,25433
246047,28670
246071,13254
246097,28939
246098,28939
246116,26956
246121,26956
246122,26956
246124,25433
246131,11748
246142,4485
246174,28945
246175,28945
246176,28945
246196,25433
246200,22311
246204,25433
246206,227
246209,25433
246214,25433
246220,21521
246234,27996
246247,2072
246248,22311
246249,22311
246250,22311
246257,12329
246273,7071
246283,28895
246289,27142
246292,8413
246296,21971
246304,15949
246320,27142
246324,27403
246325,27142
246328,27403
246334,2083
246344,14769
246347,27996
246364,7964
246368,28959
246369,28959
246373,25433
246377,28940
246392,25433
246418,5731
246423,6141
246438,22311
246483,13516
246486,28974
246506,27403
246522,27142
246526,27142
246531,13680
246536,28978
246541,24369
246565,19806
246569,11304
246575,27915
246578,28851
246579,28851
246590,28916
246594,4485
246601,6897
246608,22088
246610,8694
246611,8694
246612,8694
246616,28959
246626,22088
246631,16974
246637,27142
246638,27142
246649,25898
246655,805
246659,8451
246670,6897
246673,28959
246675,27142
246683,28845
246684,28845
246692,16811
246702,25433
246728,930
246733,14730
246748,27813
246751,25433
246754,27813
246760,26102
246762,16811
246769,27403
246789,28815
246795,27183
246796,25675
246797,25339
246805,24808
246823,2975
246825,28845
246871,21919
246882,9426
246883,25983
246902,27142
246906,9426
246908,26792
246912,28928
246915,13525
246945,28959
246953,26124
246956,26124
246962,21998
246971,29021
246975,1291
246987,13525
246989,9426
246991,9426
246996,14730
247020,9843
247024,14730
247042,24808
247071,2000000001
247074,9426
247142,13254
247153,24808
247168,2660
247174,25433
247190,8141
247193,17230
247203,7486
247204,264
247225,29009
247226,29009
247231,28959
247265,22311
247270,22311
247275,25433
247278,14730
247290,28664
247293,21054
247310,8281
247332,9201
247338,25675
247346,21919
247348,21919
247394,3582
247396,7968
247408,9426
247412,28778
247415,26102
247422,4812
247423,29075
247433,25936
247438,25936
247443,20657
247449,12329
247450,12329
247480,24808
247488,9426
247494,27324
247497,27324
247509,27785
247519,25433
247525,14730
247559,28740
247579,5509
247583,805
247584,27813
247587,23665
247595,21919
247692,28053
247765,16922
247780,5038
247785,15997
247793,29020
247803,25524
247805,25524
247808,17630
247819,28815
247833,805
247840,4681
247847,25184
247864,7968
247874,10069
247884,28740
247887,13209
247893,6454
247901,9201
247922,13525
247924,26736
247925,5429
247929,10088
247942,8413
247961,13525
247962,13525
247964,28740
247966,11477
247970,27183
247976,11462
247981,29153
247986,13702
248003,10088
248013,22056
248051,29153
248093,27332
248110,9583
248118,2072
248136,5387
248162,28959
248182,10968
248187,27464
248188,1390
248203,5240
248207,9426
248210,4812
248212,9426
248214,4812
248233,2975
248234,2975
248235,2975
248237,2975
248238,2975
248239,2975
248243,25629
248244,2975
248266,10117
248268,10117
248269,28053
248280,27099
248281,11477
248295,9426
248300,28664
248303,10088
248304,10088
248309,10088
248314,5739
248329,28664
248384,2798
248397,1102
248400,7290
248420,26294
248429,805
248430,805
248438,28664
248439,28664
248440,28664
248441,28664
248443,28664
248447,28664
248463,805
248473,27142
248475,27142
248488,27142
248494,1352
248495,5098
248500,4907
248503,4907
248512,29196
248517,9657
248527,250
248531,5731
248548,7071
248555,7649
248558,11748
248562,11748
248571,2522
248574,2522
248592,28864
248594,28740
248659,14640
248662,14640
248686,26294
248702,26294
248703,29207
248704,29207
248707,805
248715,10675
248718,29214
248736,1036
248739,21919
248763,24808
248768,28740
248770,24808
248775,29222
248783,7649
248795,21919
248803,28851
248826,24808
248840,24808
248847,805
248849,8402
248856,13234
248860,25259
248916,26115
248922,27538
248927,14390
248963,1036
248969,21919
248970,21919
248988,29249
248991,6785
248998,4051
248999,27074
249007,12565
249013,805
249014,4051
249023,27620
249030,27620
249031,27620
249035,9394
249046,7290
249058,29258
249073,11477
249075,27183
249094,8590
249100,17814
249112,17359
249115,17359
249133,10675
249147,14073
249167,16716
249168,8006
249175,29196
249215,8302
249255,20657
249257,27142
249261,4812
249264,805
249267,27620
249287,2622
249305,805
249311,2072
249316,12667
249335,29243
249339,14585
249342,12043
249343,12043
249373,20240
249379,27403
249424,21919
249438,8960
249470,13107
249480,10088
249493,20657
249500,8960
249504,9174
249507,22311
249542,26352
249552,26579
249554,805
249618,20657
249619,24073
249623,28778
249627,29287
249700,9426
249721,28408
249724,8391
249725,8391
249741,264
249747,8960
249755,29020
249758,24864
249788,28053
249799,24844
249823,11748
249827,28053
249835,29356
249872,28726
249888,805
249930,1803
249983,26435
249986,26435
249987,28053
249997,2164
250002,17814
250021,29389
250031,221
250035,29389
250063,7290
250088,14640
250097,7290
250100,27962
250108,8451
250129,28488
250137,27291
250153,16286
250155,5003
250157,2072
250159,5003
250167,199
250184,27866
250216,4812
250273,29330
250277,29414
250288,1678
250334,25374
250437,4485
250450,14730
250506,22311
250521,8402
250523,29451
250527,19933
250529,8402
250535,8402
250560,29451
250573,1390
250592,805
250599,805
250602,805
250603,805
250624,8419
250630,7290
250637,10598
250638,5829
250643,3321
250682,26582
250683,26582
250687,24972
250692,805
250701,11355
250717,1803
250730,11805
250734,17754
250747,17230
250774,7968
250791,10172
250793,21919
250805,8960
250826,57
250859,7290
250861,24409
250867,8960
250884,12786
250885,29183
250893,7290
250896,12786
250898,7290
250911,9899
250962,10968
250995,7290
250998,29452
251000,5731
251022,26124
251027,29475
251038,11477
251043,13525
251059,582
251069,12786
251071,12786
251078,12872
251138,8694
251142,7290
251168,805
251177,14730
251190,28815
251193,28815
251194,28815
251196,28815
251198,20657
251200,7135
251210,28815
251216,28815
251226,26038
251229,28815
251247,24808
251275,87
251293,29466
251305,3454
251326,930
251338,28815
251343,28815
251350,3794
251356,22571
251360,8694
251368,21149
251403,5731
251442,23607
251450,6897
251462,29466
251465,24409
251468,9007
251472,14073
251473,7486
251478,3454
251479,3454
251487,7706
251514,11355
251518,24972
251520,14730
251522,10172
251526,26124
251534,21030
251537,10256
251538,29544
251539,29068
251550,22311
251552,29545
251556,29546
251567,24972
251572,6513
251579,6072
251580,6072
251581,6072
251586,6513
251589,27620
251590,27620
251596,29183
251603,9162
251634,14463
251646,1005
251649,29522
251656,22311
251665,1349
251666,21030
251673,1349
251685,22311
251693,5829
251697,7616
251700,27324
251704,7616
251715,28815
251717,28815
251720,29563
251733,28815
251737,24000
251752,21919
251810,2719
251814,9013
251825,9162
251826,9162
251828,9811
251855,24865
251858,24865
251859,24865
251864,14463
251868,7649
251871,22311
251873,29021
251874,7649
251875,25936
251877,25936
251971,29590
252003,17557
252007,10830
252010,29021
252018,9651
252024,14463
252030,13176
252073,9643
252080,29595
252081,9741
252095,28381
252097,28381
252098,28381
252102,28381
252106,4485
252126,28520
252129,29608
252130,8701
252132,28815
252133,3262
252149,24865
252154,805
252188,13525
252196,5829
252205,264
252238,29628
252253,805
252255,25867
252256,20633
252281,9162
252326,7883
252328,7883
252333,25
252370,5096
252394,3488
252395,3488
252421,14730
252423,14730
252434,29655
252444,2072
252503,13947
252509,8451
252526,23605
252544,28053
252546,805
252553,21030
252560,229
252572,7649
252591,17362
252593,17362
252607,29021
252621,28518
252622,28518
252623,28518
252624,28518
252625,28518
252629,28518
252644,26267
252652,19658
252661,7883
252690,28815
252700,29597
252701,29688
252718,22468
252768,14730
252799,25936
252813,805
252816,805
252818,4541
252833,8289
252852,24148
252867,805
252882,16301
252884,8402
252893,13128
252895,13525
252917,22468
252918,22468
252944,10760
252958,8141
253008,14730
253042,4541
253043,4541
253044,4541
253045,4541
253051,25319
253071,1036
253073,16922
253080,5505
253086,28365
253120,22468
253139,2669
253145,21886
253149,27613
253160,7290
253180,14730
253191,3019
253202,17230
253210,17230
253243,22468
253245,17230
253261,7290
253262,2316
253285,22468
253292,10947
253293,13212
253305,5744
253346,16922
253361,9201
253373,7290
253379,9162
253380,9162
253381,9162
253394,28707
253396,10760
253399,10760
253416,8413
253423,21773
253433,10172
253466,17230
253472,7290
253477,28815
253479,29677
253485,14888
253490,29451
253495,14826
253519,3582
253527,20657
253533,805
253536,11051
253537,11051
253538,14143
253551,20657
253552,20657
253555,7448
253566,230
253576,7448
253577,7448
253581,11748
253589,25433
253590,24477
253616,14730
253636,17362
253650,25179
253652,25179
253656,25179
253678,22311
253681,14144
253682,14144
253697,7290
253725,20911
253733,28288
253747,1666
253771,805
253781,8960
253788,2719
253802,805
253821,14144
253832,805
253839,7448
253841,7448
253874,5829
253910,930
253924,13212
253952,29850
253956,13312
253987,6141
253989,6141
253993,6141
254005,3293
254020,22311
254021,28851
254023,28851
254025,28851
254026,24808
254029,28851
254047,14730
254067,29868
254078,29816
254081,29868
254086,29868
254091,29491
254096,10598
254116,17230
254128,24073
254153,16716
254170,24808
254182,8006
254189,1390
254190,24808
254191,24808
254234,20633
254248,17481
254249,29892
254253,264
254256,9899
254278,22468
254283,7883
254296,4278
254308,6714
254344,23610
254346,23610
254353,17230
254381,21030
254388,21030
254396,23970
254398,12279
254409,26908
254431,29876
254445,20657
254447,23610
254453,7964
254458,29914
254461,7964
254469,16286
254474,7883
254481,13234
254488,5871
254489,5871
254496,28928
254498,3248
254502,24865
254506,12024
254511,28786
254518,28786
254539,11522
254561,10117
254573,11522
254578,17010
254584,8076
254593,22468
254613,25898
254628,7290
254686,17010
254696,24808
254697,24808
254700,2000000001
254720,29183
254721,25898
254765,24073
254783,24517
254807,29973
254822,7290
254829,29974
254833,29977
254835,29977
254836,14730
254841,5744
254843,14730
254844,25629
254850,19879
254856,7131
254866,25629
254869,14346
254932,22311
254955,29996
254956,14730
254958,29868
254962,29868
254971,22468
254972,29868
254998,29624
255003,11829
255011,3025
255023,14730
255025,29914
255050,805
255062,20657
255076,7620
255096,24864
255106,14730
255112,8141
255142,21919
255184,22468
255189,10172
255217,26584
255231,5829
255235,14730
255237,842
255244,24808
255254,22468
255266,805
255270,8141
255283,7448
255288,30045
255299,20633
255309,2522
255316,2522
255337,29942
255369,16365
255373,29544
255376,29544
255378,22559
255385,29020
255404,7448
255408,805
255409,13864
255412,2000000001
255413,4603
255417,28928
255420,1005
255434,30078
255466,28664
255504,71
255510,21030
255516,7968
255517,14730
255520,2817
255531,22311
255533,22311
255541,30073
255550,29367
255566,14556
255579,14730
255607,30094
255624,22468
255627,22468
255657,17230
255678,28815
255685,12752
255691,805
255697,21650
255699,11051
255700,29617
255718,30103
255730,12752
255734,27183
255743,24771
255757,9311
255769,29367
255776,17230
255777,17230
255779,17230
255797,11355
255833,930
255841,24073
255862,10947
255871,25433
255880,12667
255881,12667
255885,30125
255896,919
255905,4485
255911,3488
255921,24073
255937,17230
255945,994
255964,8451
255967,8413
255968,27813
255986,22311
255989,14730
255992,14730
256006,4672
256011,30134
256045,1349
256053,12752
256057,4681
256069,30148
256079,5429
256085,11441
256094,7964
256096,14361
256104,14730
256114,10649
256115,28664
256123,81
256143,4253
256172,24844
256181,28664
256188,24844
256201,29617
256223,8067
256234,6811
256235,6811
256273,22468
256275,6029
256276,6029
256279,29183
256288,28778
256298,30091
256308,6897
256314,22468
256342,21773
256348,6897
256389,930
256395,25433
256397,7448
256402,24568
256412,1640
256414,2820
256415,28538
256424,30209
256425,30209
256444,29765
256447,930
256489,595
256493,30220
256514,11829
256543,25339
256556,10968
256566,12752
256567,27342
256607,20810
256611,10968
256614,30239
256615,10968
256616,24649
256622,7448
256623,29617
256628,8413
256636,12566
256656,230
256663,22518
256667,28707
256668,28707
256670,28707
256675,22518
256684,2020
256693,3293
256701,14463
256707,22518
256714,10649
256717,14730
256730,25629
256732,25629
256756,12752
256766,12359
256820,442
256843,4485
256844,29765
256852,10968
256855,11748
256864,8451
256876,11441
256878,22468
256893,28903
256907,22518
256915,12752
256916,17230
256925,8402
256927,24503
256936,12752
256940,27813
256946,22468
256977,16238
256979,812
256983,27158
256985,27813
256986,27813
256997,20810
256998,27813
257003,253
257007,28815
257025,14730
257052,10172
257053,10172
257067,8413
257100,24808
257111,230
257117,7964
257121,27620
257122,27620
257123,10823
257129,14163
257131,12752
257145,4864
257149,805
257150,805
257160,8960
257163,1678
257167,14730
257174,9007
257186,12566
257197,14730
257199,230
257215,29109
257230,14888
257232,22468
257233,28851
257238,17463
257244,22468
257248,22468
257257,8402
257260,22468
257264,16382
257280,17953
257305,4769
257306,4769
257311,19658
257323,17230
257340,22468
257349,17010
257387,17230
257400,27244
257405,19883
257412,30355
257429,28220
257434,4949
257435,4949
257438,4949
257440,4949
257441,4949
257444,9112
257447,4485
257458,27099
257477,30301
257506,10354
257511,805
257514,805
257516,8451
257533,12071
257536,1640
257538,29226
257546,25119
257547,25119
257550,8451
257576,7486
257577,7486
257581,29187
257583,28778
257584,28778
257585,29187
257586,29187
257591,81
257598,1351
257604,18248
257613,28281
257615,230
257618,27813
257619,27813
257620,27813
257621,14346
257623,17010
257630,22468
257632,22468
257634,27813
257640,27813
257643,27813
257644,27813
257645,27813
257646,27813
257647,27813
257649,27813
257650,27813
257651,27813
257694,25119
257697,30391
257714,25629
257718,4829
257720,4829
257728,22468
257732,24808
257734,25433
257743,29533
257753,14156
257796,24864
257799,24864
257804,25122
257832,930
257843,27099
257852,30369
257887,30413
257895,20525
257916,29386
257922,29386
257949,29774
257952,264
257958,28664
257965,6491
257994,27813
257999,10913
258006,7291
258014,17275
258016,14730
258024,14730
258075,27841
258080,24153
258084,1390
258113,22377
258114,21030
258121,25119
258144,18503
258146,6453
258148,30088
258153,18202
258156,28815
258180,28288
258198,27996
258199,27996
258200,29187
258213,7448
258217,3454
258222,30237
258230,11756
258236,6897
258237,17010
258238,8451
258269,25629
258278,12667
258288,28285
258290,7616
258321,1496
258336,30192
258351,30192
258358,30192
258368,29597
258370,29187
258377,19883
258382,9068
258395,595
258405,28664
258406,25119
258452,19848
258454,19848
258458,30237
258484,9643
258491,1390
258504,17230
258543,11511
258560,29695
258580,805
258583,22468
258585,11511
258592,2175
258616,9738
258620,20009
258643,12359
258647,87
258652,5829
258654,19848
258662,19848
258664,7448
258666,12071
258668,805
258669,805
258671,805
258674,26881
258675,805
258677,805
258678,805
258682,805
258685,7448
258688,7968
258696,7968
258700,27813
258714,6029
258723,17230
258725,6029
258739,6029
258756,29187
258758,27813
258759,13478
258761,29068
258764,12565
258769,8694
258770,8694
258771,8694
258775,14730
258777,8694
258779,8694
258780,8694
258782,930
258787,7649
258798,3137
258817,14730
258828,17732
258836,9169
258839,9169
258844,21054
258850,22468
258861,230
258883,19848
258895,7290
258911,3640
258912,14730
258922,29707
258962,3125
258976,17230
259010,2676
259023,16580
259037,14730
259038,5003
259044,27620
259045,24865
259048,12342
259064,22468
259074,16580
259080,7794
259082,7290
259095,7290
259104,17230
259115,3919
259117,22545
259122,24808
259123,24765
259125,16922
259148,6072
259150,30308
259157,805
259203,14730
259204,8076
259207,30540
259208,30540
259209,30540
259222,5429
259227,14730
259228,1349
259229,1349
259240,30201
259241,30201
259248,25119
259251,30548
259262,8076
259275,28740
259278,609
259342,21919
259346,12752
259347,21054
259355,7290
259361,8006
259363,16716
259364,25246
259365,7448
259367,7448
259369,7448
259372,7448
259376,7448
259378,24865
259381,3058
259385,24865
259386,24865
259387,24865
259390,24865
259397,20585
259403,30201
259413,4976
259421,7448
259425,10172
259429,7964
259432,230
259443,27620
259448,16041
259471,27813
259477,30192
259479,81
259489,16041
259515,16041
259518,13803
259522,10998
259553,1390
259576,6907
259582,14730
259583,22518
259588,9643
259593,22518
259598,22468
259600,22518
259602,22468
259605,22518
259614,7486
259647,8013
259689,22468
259692,13587
259693,10172
259712,8413
259731,16329
259744,30490
259753,27142
259754,27142
259755,27142
259756,27142
259822,13424
259837,8694
259840,24503
259871,14730
259874,14730
259886,8076
259891,21054
259894,6664
259899,6664
259902,6664
259905,28940
259920,14730
259929,4147
259939,26743
259941,26743
259946,27235
259972,5931
259975,14463
259981,8960
259997,7290
260004,21030
260010,21030
260022,26743
260024,7649
260025,30209
260033,26743
260034,26743
260035,26743
260042,27813
260061,4485
260064,21286
260067,28940
260078,28707
260091,30629
260093,27813
260094,27813
260099,27813
260100,27813
260109,4485
260128,919
260131,27813
260135,20657
260156,25119
260188,9643
260193,27813
260199,30577
260206,26743
260219,27332
260220,27332
260222,19848
260227,11408
260258,7290
260262,25119
260278,14730
260310,10172
260324,30700
260330,25433
260344,30695
260354,30695
260355,30695
260386,11002
260393,30682
260428,12393
260458,30577
260470,26579
260493,30630
260504,27838
260518,9858
260543,9858
260553,4829
260561,26023
260564,12342
260568,12342
260574,12342
260575,30729
260591,12024
260599,16319
260608,3019
260612,1390
260633,7418
260634,7418
260646,264
260666,29187
260672,30739
260705,5465
260707,7649
260712,14730
260723,30209
260746,28940
260756,30540
260770,10088
260780,28546
260785,1390
260789,5836
260796,5836
260811,9534
260814,30755
260835,805
260843,28815
260844,14730
260849,28786
260853,7486
260863,22311
260864,5053
260896,230
260899,22311
260909,28345
260934,1640
260939,28815
260940,30767
260945,1640
260947,12359
260948,30767
260960,8451
260963,5503
260973,30776
260984,21655
260988,28928
260994,30779
260995,30770
261003,930
261004,28778
261010,930
261032,10088
261034,1803
261048,442
261066,8694
261068,7649
261072,22468
261078,442
261080,442
261135,30577
261145,603
261151,8076
261161,21919
261176,1390
261182,28546
261184,28546
261197,28546
261198,28546
261200,28546
261202,28546
261203,28546
261204,29187
261251,1390
261269,25119
261283,19666
261290,27183
261295,5429
261301,26124
261308,11046
261315,30220
261332,28546
261338,279
261352,6897
261357,6897
261362,28778
261374,16922
261397,22468
261449,30540
261470,7964
261479,30172
261514,14730
261521,930
261523,8226
261528,29187
261533,8960
261545,29891
261550,29891
261552,28707
261554,17010
261571,1390
261587,9162
261604,9162
261610,29020
261614,13525
261630,30540
261634,1390
261656,30232
261660,264
261675,9738
261677,30826
261680,30577
261686,7148
261704,9330
261718,30577
261719,30854
261721,2719
261739,9162
261770,805
261775,3856
261778,3856
261781,29537
261784,3856
261786,29537
261814,17230
261815,28940
261819,427
261821,14463
261822,28904
261827,29068
261834,9162
261841,28740
261860,1666
261863,25743
261878,8402
261879,2676
261886,30873
261896,5096
261917,1390
261918,14730
261928,11511
261947,16831
261951,11511
262002,26014
262003,26014
262004,26014
262008,11091
262014,30892
262016,12359
262019,4253
262021,17072
262022,24073
262025,7290
262040,22419
262049,30896
262061,24808
262077,30192
262088,25743
262098,30840
262170,8645
262193,20603
262195,30201
262196,30425
262208,101
262212,101
262220,19666
262268,11511
262289,21054
262296,11145
262317,30933
262326,30935
262335,7290
262337,30609
262342,16716
262368,1390
262373,21054
262380,2719
262389,2719
262394,30425
262397,8413
262398,8413
262413,10172
262417,6897
262435,11511
262436,30951
262437,30951
262438,30951
262442,24808
262444,24808
262459,1390
262463,30955
262466,9964
262508,19848
262510,28740
262513,28740
262525,14463
262534,14463
262535,28740
262539,11235
262541,26724
262544,29187
262558,11953
262584,4485
262591,7649
262598,6920
262608,28053
262619,5635
262626,27183
262635,14038
262649,71
262659,81
262662,805
262668,29868
262672,28740
262678,17230
262682,14730
262694,509
262702,10968
262714,8960
262752,28928
262765,21655
262786,22559
262787,22559
262790,28815
262814,29068
262833,12279
262834,12279
262835,14730
262839,14730
262850,31016
262851,17230
262873,30473
262905,14369
262912,5053
262923,919
262949,71
262985,603
262986,28740
262989,30951
262998,4048
263008,22468
263029,14730
263033,2817
263049,28274
263053,31043
263065,12279
263067,12279
263084,6312
263087,6312
263093,10688
263094,10688
263096,10688
263122,12279
263127,5829
263128,5829
263133,7448
263136,31061
263137,7448
263143,2676
263145,14730
263195,7486
263215,11355
263227,31075
263247,30779
263250,442
263251,24153
263256,24153
263257,7883
263303,442
263320,21919
263326,13714
263336,9738
263337,14730
263349,14730
263367,20587
263368,11511
263376,8413
263377,8413
263395,7290
263400,31091
263406,16716
263410,2040
263425,28959
263429,1390
263435,307
263454,20657
263456,20657
263463,20587
263464,20587
263465,20587
263474,14730
263490,9007
263504,14730
263506,14730
263517,17230
263526,14730
263535,25119
263536,25119
263537,14730
263552,11511
263566,20657
263574,14730
263585,7290
263596,28274
263598,28274
263601,930
263608,20657
263612,31119
263617,14137
263630,31122
263637,8694
263641,8694
263642,8694
263643,8694
263644,26724
263681,12752
263690,28274
263691,28274
263692,14730
263693,30840
263697,805
263699,28274
263701,25433
263714,14730
263724,27435
263728,14730
263733,31090
263734,31090
263743,31090
263754,31090
263755,31090
263764,8694
263765,8694
263766,8694
263767,8694
263768,8694
263769,8694
263770,8694
263771,8694
263773,31139
263800,8413
263806,30809
263810,14730
263813,7290
263814,28707
263815,7649
263819,31090
263833,26105
263834,6497
263839,31146
263842,30845
263851,25165
263878,31150
263901,28904
263904,22468
263905,22468
263908,1390
263919,22468
263934,31090
263938,14104
263946,4812
263949,24324
263960,8413
263963,5429
263965,30209
263973,7883
263975,25433
263977,5429
263983,31090
263989,31090
263991,138
263998,31164
264001,28740
264003,28740
264012,14730
264013,14730
264014,31171
264016,14730
264018,26294
264020,11522
264027,7883
264052,14730
264056,14730
264059,14730
264060,14730
264065,22311
264070,26294
264089,31090
264111,22311
264127,17732
264129,17732
264143,20587
264156,28740
264160,14730
264164,31090
264170,8645
264180,14730
264196,29021
264230,26023
264231,26023
264233,26023
264246,7290
264258,25184
264266,21970
264268,919
264270,30692
264272,11852
264275,21970
264291,26640
264302,7964
264312,805
264318,8993
264319,8993
264329,26124
264350,26023
264354,14730
264366,31152
264373,31152
264379,31152
264380,28664
264398,19883
264399,22192
264430,28664
264433,28664
264464,7964
264467,8495
264472,26023
264473,26023
264489,19852
264514,22468
264527,930
264529,930
264530,930
264533,930
264563,28786
264569,30845
264577,12752
264578,12752
264592,4681
264613,13234
264622,12359
264679,12342
264684,930
264687,930
264690,28740
264694,31090
264695,14730
264699,14730
264702,264
264716,10069
264718,10069
264725,30701
264740,10217
264742,29020
264743,31275
264744,31275
264769,11748
264773,17230
264774,28940
264789,22468
264791,31285
264792,31285
264800,22311
264824,31228
264831,14730
264832,14730
264833,14730
264834,14730
264835,14730
264836,14730
264843,264
264853,31296
264872,21919
264911,22468
264915,2719
264926,900
264932,28928
264937,12752
264938,7138
264944,7448
264945,7448
264958,15941
264970,5829
264972,2676
264978,14730
264983,14730
264984,14730
264986,10675
264989,14730
264991,14730
264995,892
265004,24865
265005,24865
265008,31324
265015,31327
265022,3019
265024,8694
265029,31090
265054,17230
265058,8223
265063,26724
265071,31334
265084,20603
265110,14730
265114,8223
265142,20603
265157,31349
265174,31053
265180,20508
265192,22468
265210,805
265221,31363
265233,31321
265234,31321
265245,805
265254,31375
265261,805
265277,27813
265278,27813
265279,27813
265310,17230
265325,16843
265375,30951
265379,30951
265402,307
265405,12342
265410,22311
265412,16811
265416,31334
265468,31077
265469,31077
265476,14163
265497,31334
265500,31334
265524,805
265544,11462
265545,30951
265551,930
265552,930
265562,6920
265586,22468
265587,22468
265610,29893
265615,2322
265677,9657
265681,14730
265701,582
265705,805
265707,20657
265714,24000
265728,22311
266766,11462
266790,17045
266792,17045
266829,31445
266845,12279
266847,27838
266852,10032
266857,31451
266861,27838
266866,31053
266868,31053
266876,20307
266885,805
266891,22559
266902,17045
266903,31314
266906,31458
266925,24808
266932,28218
266955,28664
266970,11805
266976,2669
266978,19657
266981,28664
266987,29187
266990,7486
266992,17908
266998,28664
267017,12853
267018,12853
267019,12853
267031,11511
267043,27838
267051,31488
267053,8076
267057,12450
267062,30630
267063,30630
267064,30630
267065,30630
267066,30630
267072,25944
267081,28978
267097,805
267098,805
267119,31503
267122,11748
267125,4812
267135,20657
267153,5429
267158,10172
267167,13424
267170,2824
267174,28218
267176,29187
267179,17045
267192,8489
267194,8081
267195,12552
267200,8997
267236,28904
267237,28904
267238,26753
267245,18464
267256,4546
267273,5491
267299,9219
267309,29021
267310,9330
267317,7250
267319,12279
267320,28664
267321,28664
267322,28664
267323,28664
267328,28740
267329,14730
267340,11091
267342,14137
267343,14137
267350,14730
267351,14730
267359,9583
267363,31090
267374,17732
267386,17045
267388,31540
267401,25319
267408,6497
267412,6497
267416,930
267422,19666
267423,28218
267425,2798
267427,27838
267444,6497
267454,9219
267456,17297
267462,27301
267479,805
267488,14730
267490,5429
267496,13628
267497,24721
267503,12035
267518,14463
267520,10977
267526,30951
267540,31341
267543,4485
267544,4485
267553,16140
267561,28740
267578,25283
267584,4485
267623,12359
267641,29187
267644,28904
267646,21030
267651,31477
267652,31477
267653,31477
267665,582
267669,30471
267685,28218
267712,17230
267727,27332
267734,27332
267738,17230
267767,7290
267782,27597
267794,8333
267800,26179
267802,6453
267817,9002
267822,930
267839,22468
267845,11462
267846,31090
267853,805
267860,7964
267880,22468
267888,30510
267904,14463
267906,4485
267910,24073
267916,14463
267921,28664
267926,5731
267944,5836
267962,11462
267989,14137
267997,4829
268007,20932
268014,12279
268017,31053
268018,16580
268020,12279
268030,31053
268031,31053
268059,31090
268062,24000
268078,1689
268082,8081
268091,4812
268099,9219
268119,28740
268142,30577
268157,22311
268159,25973
268161,9219
268182,10675
268203,13636
268218,17778
268223,31656
268228,25433
268239,3287
268248,14730
268250,14730
268252,14730
268258,27332
268282,29109
268284,8076
268285,8076
268288,805
268305,930
268306,930
268307,14730
268308,14730
268337,27301
268342,13636
268357,31053
268362,17010
268373,22311
268376,17010
268378,25656
268380,26092
268388,22468
268397,7290
268401,4290
268408,31285
268417,31285
268418,22518
268428,8076
268434,8076
268461,14730
268468,31285
268483,8076
268496,31053
268497,31689
268499,31689
268512,307
268516,6497
268520,14730
268540,29021
268545,25433
268558,30201
268565,8076
268566,31053
268579,6897
268585,22311
268595,6877
268602,8076
268617,8451
268619,29021
268623,14730
268625,25433
268637,14730
268641,10172
268646,8223
268647,8223
268651,14730
268656,930
268657,30951
268658,14730
268659,18643
268662,22468
268676,31711
268678,31711
268684,6497
268685,14730
268689,31711
268693,31711
268699,13636
268700,26294
268708,22088
268714,8076
268736,28815
268743,31711
268744,31711
268763,22468
268776,26776
268801,31053
268802,31053
268806,30951
268808,30951
268849,9568
268860,25339
268868,31749
268872,930
268874,31749
268879,28664
268881,28664
268889,17676
268901,31708
268902,3856
268904,19767
268920,29286
268928,14730
268929,14730
268967,10414
268982,14443
268985,30201
269000,20666
269014,17186
269024,30540
269025,20836
269029,8223
269034,31778
269045,31708
269046,31708
269051,14730
269052,14730
269067,17230
269085,13472
269104,2294
269121,8642
269132,27620
269135,7469
269166,20587
269174,17814
269177,17814
269179,17230
269182,17493
269186,17493
269188,17493
269191,17493
269193,17493
269195,17493
269204,4083
269252,31420
269274,28978
269295,930
269313,28978
269315,28978
269317,28978
269324,7290
269349,31091
269352,11708
269373,28815
269403,14646
269404,31830
269407,22468
269410,22468
269412,28664
269426,7649
269454,31053
269458,11708
269464,14671
269471,28740
269473,28740
269474,8451
269485,28740
269498,18244
269502,8451
269510,24808
269528,31847
269582,26965
269607,5493
269618,17535
269619,24808
269626,21599
269653,24808
269654,14730
269655,14730
269657,7418
269664,28740
269696,8645
269699,22468
269706,22088
269736,31053
269748,17130
269750,31522
269758,28218
269765,930
269770,27813
269776,31219
269778,31334
269809,8013
269812,14646
269814,27813
269823,31334
269830,7795
269839,3488
269843,3826
269846,31902
269847,31903
269848,31903
269854,179
269855,31334
269856,21272
269869,28740
269881,31906
269892,28740
269893,7486
269902,31910
269903,28664
269917,13636
269927,17230
269929,22468
269949,28664
269959,14730
269960,3856
269980,22468
270000,14730
270003,14730
270006,14730
270043,31902
270044,31902
270045,31053
270064,17493
270066,6897
270082,9568
270090,805
270098,31935
270111,6897
270119,25325
270121,4812
270123,25325
270124,25325
270125,5429
270127,14730
270128,14730
270129,14730
270131,14730
270142,14730
270143,14730
270158,14730
270187,9583
270198,28218
270213,27838
270233,8223
270234,8223
270235,8223
270237,31152
270240,31152
270243,10675
270245,31152
270247,28928
270248,28928
270250,3019
270260,26130
270261,24617
270282,14730
270289,31152
270291,12450
270294,31152
270314,28218
270323,21480
270324,28218
270326,31152
270350,31152
270353,28218
270366,4485
270383,2322
270412,14888
270422,11849
270424,10172
270439,30951
270440,30951
270442,31995
270463,20218
270465,28740
270471,28740
270477,21374
270514,27838
270521,23840
270533,28218
270534,28218
270535,28218
270557,27838
270568,21988
270574,14443
270601,11708
270602,30951
270603,30951
270623,16275
270624,20826
270631,21988
270637,31488
270640,25433
270645,21374
270662,18592
270663,7964
270670,2798
270693,16843
270701,4485
270706,22468
270709,22468
270724,9651
270740,7290
270757,227
270760,22468
270787,23840
270791,23840
270804,23840
270807,20079
270819,930
270826,930
270829,930
270831,930
270835,11708
270844,23840
270846,26130
270851,26130
270854,13339
270855,25843
270859,4426
270862,13041
270866,32077
270874,32084
270878,31961
270880,27403
270895,30201
270896,28218
270897,8694
270898,8694
270930,5053
270939,5053
270961,31853
270967,21374
270970,930
270980,14730
270984,14730
270991,2798
271045,32105
271049,6897
271081,20657
271087,7746
271090,31375
271111,17230
271118,805
271139,14156
271149,32117
271156,27838
271171,27838
271179,32124
271184,582
271209,31152
271218,31152
271220,11462
271238,31152
271240,14730
271246,31152
271255,21374
271263,22088
271265,22088
271282,22088
271285,32144
271289,7746
271298,32144
271303,31334
271320,28740
271324,2126
271327,14730
271329,25179
271330,22518
271334,5594
271344,28218
271345,30490
271356,7290
271374,8718
271375,18025
271376,32124
271379,32124
271386,32159
271388,32124
271393,32124
271395,32124
271401,22518
271404,930
271406,14730
271414,25325
271415,22228
271431,16922
271433,24457
271434,32068
271442,31152
271444,32170
271450,32171
271452,4705
271454,8694
271459,14369
271460,25629
271492,14730
271511,29367
271517,32178
271531,31152
271534,22468
271537,28740
271542,32183
271566,27838
271619,29367
271648,31343
271670,14730
271679,11756
271703,805
271713,6497
271726,9643
271749,12279
271758,26124
271761,14730
271790,17230
271792,31090
271825,18493
271828,17814
271834,20980
271866,14730
271867,14730
271872,2940
271879,3919
271882,25433
271891,805
271906,20164
271907,1679
271913,17230
271922,22228
271923,22228
271928,32237
271931,30192
271942,11634
271955,25325
271998,14730
272009,14730
272011,8226
272023,14730
272025,14730
272026,14730
272029,14730
272044,13636
272052,8413
272054,10088
272058,29816
272064,22468
272074,4812
272088,12279
272092,28518
272094,12279
272098,9426
272106,25433
272108,25433
272115,32265
272117,32265
272118,32265
272119,32265
272120,32265
272122,7898
272123,7898
272124,7898
272125,7898
272126,32266
272145,22228
272160,26323
272166,30951
272172,11772
272173,31152
272181,11634
272183,12359
272186,307
272190,11609
272191,29949
272192,16596
272202,29187
272207,32265
272223,12603
272226,442
272244,11634
272247,17230
272248,17230
272251,31708
272253,28673
272256,11634
272260,31708
272265,11634
272274,11634
272276,8451
272277,31152
272308,32184
272316,7290
272324,26356
272336,17230
272346,22468
272354,31375
272364,7964
272367,22228
272393,23840
272396,13519
272418,22228
272421,22228
272430,22228
272433,26945
272449,17732
272454,28740
272459,44995
272460,31708
272462,11748
272466,13525
272483,32332
272520,29973
272528,11867
272531,7135
272542,13880
272544,32295
272550,32180
272558,27636
272576,14730
272577,14730
272579,14730
272583,32330
272594,32357
272597,32255
272599,32295
272602,32295
272609,28384
272615,20790
272619,32339
272684,22228
272697,24073
272708,22228
272709,22228
272731,805
272732,805
272736,307
272737,32068
272740,25843
272748,25433
272750,25433
272765,3077
272770,28740
272780,10172
272782,10172
272820,29367
272822,30755
272827,10172
272830,17778
272832,32402
272846,13880
272856,14730
272866,14730
272874,14730
272877,11748
272897,32295
272912,32381
272916,12844
272921,24689
272922,22468
272929,11748
272933,30701
272944,32425
272952,24230
272955,24808
272964,29868
272968,17045
272990,8937
272991,11583
272996,858
273001,32440
273010,23812
273012,30192
273049,27636
273060,28740
273076,25433
273087,28740
273089,27636
273098,20218
273118,29367
273134,478
273137,17045
273159,11772
273164,1390
273177,25060
273186,11772
273188,12359
273218,9651
273220,10449
273236,22468
273237,9651
273245,17493
273254,32483
273258,32483
273268,24457
273269,28221
273274,31334
273282,11748
273286,11091
273291,32483
273292,32492
273326,26124
273330,26124
273347,45022
273349,1349
273352,2912
273360,14730
273364,32498
273368,32085
273379,6141
273381,7964
273406,2392
273413,32510
273420,25433
273444,12603
273457,14730
273465,29617
273483,31334
273494,31661
273497,32172
273504,31661
273512,14137
273514,17010
273521,17230
273549,22228
273554,25433
273556,6497
273557,22228
273571,14730
273573,14730
273576,2816
273578,22559
273585,20307
273596,32089
273601,32549
273607,22518
273613,3019
273615,30192
273625,22468
273692,22468
274688,31978
274707,34569
274716,12329
274734,11091
274737,40729
274759,9605
274769,7290
274773,34574
274780,4737
274784,1349
274787,1349
274790,1349
274791,1349
274792,1349
274793,1349
274794,1349
274801,32519
274803,32519
274805,32519
274814,6961
274825,9253
274833,16663
274845,13680
274866,22468
274868,14730
274869,14730
274914,14730
274916,14730
274928,30701
274930,25433
274934,34585
274937,34585
274943,20307
274947,20307
274959,442
274967,20307
274973,22468
274975,28904
274976,28904
275018,16596
275034,307
275040,30866
275042,34627
275056,25843
275087,28904
275112,28904
275116,805
275133,14730
275146,22468
275161,1934
275175,7290
275180,20327
275200,14730
275203,24808
275205,22468
275221,3640
275253,10069
275256,8067
275257,19918
275264,30755
275267,30755
275268,4553
275271,30755
275276,30755
275282,13636
275287,25898
275317,31334
275318,31053
275335,8451
275343,7290
275344,7290
275352,23840
275353,32068
275355,805
275362,10675
275364,14730
275380,14730
275387,31474
275417,13636
275425,31774
275430,34700
275453,11634
275460,17010
275462,34694
275475,28786
275484,21746
275490,3162
275506,12566
275514,11634
275516,7744
275518,7744
275525,11634
275531,253
275535,253
275542,4553
275557,805
275561,22468
275580,22468
275601,17630
275610,17045
275616,11634
275617,6383
275618,25624
275619,25624
275622,25624
275625,25624
275626,25624
275640,9162
275642,24808
275651,14108
275653,30192
275654,30192
275660,32068
275663,29848
275664,30192
275665,30192
275677,31266
275687,2294
275710,805
275717,30192
275727,30540
275738,25433
275747,30951
275773,4553
275785,7290
275787,22468
275802,22468
275804,22468
275818,20871
275820,19776
275828,25319
275909,11748
275930,4812
275932,34636
275935,26802
275939,4553
275942,3488
275969,805
275970,11634
275979,20790
275981,30540
275985,7448
275986,34788
275995,26264
275998,22311
276001,805
276005,12342
276008,9568
276014,12342
276017,9568
276019,22559
276026,1670
276034,16596
276038,805
276040,34623
276048,32068
276051,16596
276056,12279
276057,12279
276059,12279
276078,13680
276079,26124
276083,18004
276086,14730
276087,4543
276088,22377
276089,18493
276095,28740
276097,34800
276098,34800
276099,34800
276105,30192
276109,34808
276110,30192
276111,34808
276113,34808
276117,34808
276120,34792
276122,26124
276128,25898
276130,34792
276135,34808
276139,34808
276142,34809
276143,34809
276145,34792
276152,8451
276160,29867
276175,34808
276177,8451
276186,11091
276201,32172
276202,14730
276203,14730
276219,5594
276223,34808
276232,34792
276242,11708
276246,14730
276253,7649
276256,20557
276269,34792
276273,10172
276274,8076
276281,8451
276285,34817
276292,930
276297,12279
276299,25319
276300,25319
276301,24073
276311,30192
276314,29537
276320,805
276322,2970
276324,24000
276335,8451
276338,12279
276339,14730
276340,12279
276343,11748
276369,10088
276373,12342
276374,19879
276375,19879
276380,34844
276381,805
276394,19879
276402,3406
276408,8451
276409,8451
276414,22311
276424,6497
276428,2117
276434,28740
276447,30205
276449,9570
276451,8076
276453,23610
276467,9068
276471,8196
276490,20836
276502,5594
276509,14730
276510,14730
276511,34865
276518,9068
276521,24617
276527,7620
276529,7620
276531,8080
276537,23840
276544,4812
276555,31152
276566,34865
276567,34865
276570,11748
276578,14730
276580,805
276588,6897
276596,805
276599,14888
276602,21527
276606,22518
276609,22518
276613,22468
276637,14730
276651,28511
276655,14730
276695,34790
276723,34913
276724,10088
276728,27636
276730,14730
276731,13680
276747,805
276766,12245
276777,34926
276783,6957
276793,7290
276805,8076
276809,24617
276834,24617
276835,24617
276838,31903
276841,34935
276855,11772
276861,14137
276873,12786
276883,28786
276889,2485
276901,805
276915,14730
276917,31231
276925,14888
276929,2117
276934,8451
276946,28904
276947,28904
276948,28904
276949,28904
276962,27761
276965,9769
276974,28218
276985,17230
276987,17230
276992,17519
276999,5829
277008,25119
277011,25119
277015,7290
277017,6897
277023,14730
277039,9769
277041,9769
277047,29868
277054,3640
277056,8451
277057,22311
277065,27838
277076,2798
277077,27838
277079,6897
277085,9769
277093,16596
277095,22468
277100,23840
277101,22468
277115,34653
277122,9769
277124,9769
277125,9769
277132,14730
277136,34999
277137,27620
277139,14730
277147,2392
277149,3364
277153,35005
277165,29021
277178,30192
277195,25433
277213,27636
277225,27838
277230,5509
277237,32050
277242,25898
277292,26947
277294,25898
277302,28904
277312,11511
277328,25433
277337,805
277347,25867
277353,24073
277356,13360
277362,13880
277367,858
277385,805
277388,35034
277396,24073
277413,24000
277428,858
277431,8451
277434,27636
277435,27636
277437,27636
277438,27636
277439,27636
277453,28740
277459,28740
277463,2392
277481,25898
277487,29868
277493,22468
277500,22311
277504,29868
277525,22468
277526,35034
277535,24097
277544,7290
277547,29868
277554,29868
277555,29868
277562,9330
277569,4337
277572,11748
277574,35067
277579,35067
277580,30230
277583,11748
277588,29868
277599,31333
277600,29868
277603,34982
277606,25433
277610,35075
277611,35075
277612,34787
277617,1666
277618,1666
277620,28904
277622,28904
277624,8413
277634,31400
277638,31400
277639,31400
277640,31400
277645,31400
277647,16049
277658,27636
277674,25319
277678,25319
277685,17230
277691,35088
277695,25319
277702,23915
277703,23915
277708,25319
277713,25319
277716,25319
277720,25319
277726,35101
277731,35101
277732,35101
277737,35060
277748,20525
277771,31152
277778,20836
277818,30192
277819,34817
277824,31998
277828,31998
277842,34948
277849,13091
277853,8451
277858,27301
277862,25319
277863,24073
277867,25319
277881,24073
277899,25319
277950,11748
277952,13702
277970,5339
277975,14073
277988,27636
277990,25319
278026,919
278045,23915
278050,686
278052,25319
278075,35142
278107,5503
278110,16049
278114,17748
278133,3903
278148,34994
278150,34737
278151,34994
278156,35160
278168,31903
278188,13636
278218,17676
278231,2019
278237,28740
278241,12667
278246,35172
278248,12667
278257,18036
278261,14730
278262,14730
278263,14730
278264,34787
278265,34787
278266,14730
278270,32167
278275,35173
278279,32167
278300,27838
278301,7290
278320,22311
278323,7787
278330,14730
278350,805
278355,35195
278356,35195
278357,35195
278365,11748
278367,11748
278382,29021
278385,35203
278389,31152
278390,31152
278406,14730
278408,990
278413,35213
278437,31830
278440,17992
278451,32554
278462,21919
278498,35223
278501,23840
278504,13680
278508,13680
278516,14730
278530,14730
278545,35099
278555,22088
278562,2392
278592,29655
278596,230
278600,25433
278606,14730
278608,14730
278638,32554
278661,7968
278662,7968
278670,11953
278682,26947
278685,1679
278687,25433
278689,35241
278691,11748
278693,11748
278695,11748
278698,11748
278700,7290
278701,7290
278711,5913
278717,35262
278735,35131
278739,10117
278742,44995
278751,8451
278753,10823
278760,35273
278764,7290
278774,7448
278777,35279
278783,10675
278795,28740
278798,28740
278803,22468
278815,27657
278833,10675
278846,35289
278866,28740
278867,13525
278879,18284
278880,18284
278912,25433
278916,26569
278918,22311
278926,29068
278930,22468
278934,35060
278937,22468
278988,8451
279026,24617
279029,25433
279040,8076
279042,101
279046,29662
279054,29537
279058,17732
279097,31152
279105,32405
279111,7290
279116,31152
279117,14730
279120,14730
279122,14730
279123,14730
279130,35227
279131,35227
279132,35227
279133,35227
279134,35227
279138,7968
279141,32167
279161,28732
279162,22387
279164,29367
279165,29367
279178,16843
279185,44995
279196,32061
279223,22468
279230,35345
279235,35344
279246,14730
279252,35060
279266,14730
279272,27620
279299,29758
279325,26124
279352,17230
279371,8013
279374,7127
279376,26792
279377,34658
279379,35060
279418,35047
279431,25660
279441,7732
279446,35372
279449,35163
279462,35163
279466,30701
279471,17230
279472,31152
279477,17273
279498,35382
279499,103
279501,103
279502,35384
279506,28670
279508,17230
279511,31152
279523,31774
279529,1150
279538,28740
279558,28978
279571,28740
279576,26724
279584,26724
279596,22387
279597,22387
279610,35099
279613,21919
279618,7127
279621,3277
279628,34817
279636,9394
279657,14730
279658,14730
279664,14730
279671,17273
279677,17273
279680,17273
279686,8451
279687,23915
279718,11748
279735,35414
279736,35414
279737,35414
279738,35414
279743,17230
279768,31152
279769,17748
279777,35099
279782,31152
279785,31152
279788,14730
279797,31152
279806,7968
279818,32167
279819,32167
279821,29466
279822,35060
279824,29466
279830,35060
279839,14730
279846,24566
279847,29466
279854,28740
279866,8076
279867,20525
279886,28740
279887,26792
279890,12752
279897,12035
279898,12035
279902,24808
279903,12359
279907,32068
279908,5706
279910,17230
279913,23915
279914,7138
279915,7138
279942,32068
279943,8076
279985,5509
279994,11748
279995,14730
279998,31152
280002,35454
280003,35454
280004,35454
280006,11091
280015,20932
280023,12233
280040,7127
280042,9568
280043,8694
280044,8694
280045,8694
280046,8694
280047,8694
280048,8694
280049,8694
280050,8694
280051,8694
280052,8694
280053,8694
280054,8694
280055,8694
280056,8694
280060,35099
280061,31152
280062,35099
280063,30695
280064,17273
280071,17273
280072,17273
280078,17273
280080,17273
280086,221
280107,31152
280108,31152
280109,35426
280126,35223
280130,35454
280134,9690
280143,35454
280145,24000
280149,26124
280192,17230
280199,595
280207,24503
280222,20112
280223,35060
280242,14730
280244,27327
280246,35454
280255,230
280303,6497
280319,12233
280320,12233
280331,7127
280333,20525
280335,20525
280341,35099
280344,35488
280349,35488
280354,35454
280359,35454
280360,35454
280365,35491
280366,35099
280369,11046
280373,35099
280387,27977
280393,32003
280394,31152
280403,31152
280428,17797
280449,14730
280458,13795
280466,11748
280467,31152
280475,11046
280476,11046
280520,31152
280522,8451
280549,6497
280557,11046
280579,900
280596,8451
280601,30192
280616,3794
280643,14730
280651,19744
280658,14730
280659,31334
280661,14730
280662,8451
280663,31334
280672,17908
280674,20587
280676,10530
280684,20587
280703,9330
280716,5829
280717,27636
280725,20112
280729,7127
280744,11852
280749,35519
280750,35060
280751,35060
280753,11195
280797,7127
280825,35060
280837,805
280847,35131
280851,30192
280852,8076
280864,8451
280865,21756
280866,21756
280875,25059
280878,25059
280880,25059
280882,25059
280884,25059
280896,31152
280912,20112
280916,31152
280918,31774
280921,1990
280925,17748
280927,31774
280931,28740
280935,13278
280940,261
280954,17230
280961,35564
280962,35564
280975,253
280977,103
280978,19744
280982,595
280984,34653
281007,7127
281010,7947
281059,11748
281061,11748
281063,22311
281065,3019
281069,35557
281076,34658
281077,22518
281081,13212
281104,17719
281108,24515
281115,253
281121,17186
281128,8067
281134,35578
281136,35546
281150,22407
281154,8694
281155,8694
281158,8013
281163,11633
281174,11633
281187,16915
281188,16915
281195,6497
281196,22559
281197,16922
281200,16915
281201,16915
281207,44995
281208,1114
281252,8451
281256,30192
281257,7448
281260,7448
281267,35099
281280,805
281300,18528
281305,30192
281310,28740
281326,4976
281338,35454
281349,17230
281350,805
281358,31474
281363,17719
281364,28864
281371,5946
281373,8645
281375,8645
281392,35621
281398,17230
281418,34817
281432,23810
281436,7344
281438,29868
281439,11127
281447,18284
281458,221
281464,17230
281467,7290
281473,17230
281475,11477
281482,30413
281488,22088
281503,805
281507,20200
281508,20200
281510,5053
281525,4485
281527,26030
281532,7787
281535,10341
281540,26238
281545,1381
281554,35427
281567,805
281583,35649
281586,35099
281630,30192
281635,17630
281641,2940
281644,29433
281647,30192
281660,8413
281676,17230
281678,930
281695,31774
281696,13212
281699,2795
281705,3826
281712,10172
281716,31334
281725,44995
281730,25433
281735,34809
281738,264
281742,28864
281748,13212
281764,3572
281766,12678
281790,14730
281792,14730
281794,26238
281828,31486
281834,253
281846,35695
281852,31420
281857,34658
281859,34658
281861,24073
281862,24073
281867,16113
281876,35414
281882,17230
281889,101
281893,101
281913,27327
281916,27332
281918,27332
281920,27332
281925,7138
281939,27183
281942,7448
281945,8076
281977,35714
281980,14730
281985,35715
281991,805
281997,1756
282003,365
282017,12147
282020,30540
282021,30540
282034,10416
282043,17230
282059,8076
282061,17230
282062,34752
282081,31718
282112,28740
282127,13795
282192,24808
282202,1513
282211,7071
282213,27099
282217,27332
282228,16974
282250,26238
282272,805
282273,1542
282277,4485
282278,24808
282288,8076
282290,35694
282291,35060
282293,22468
282303,7290
282360,11748
282372,30192
282374,30192
282375,30192
282378,35760
282381,22387
282383,11355
282391,26124
282392,29367
282394,26124
282400,26553
282417,7258
282420,17230
282436,14730
282440,3748
282442,7795
282467,31363
282481,31363
282495,22311
282496,35779
282499,31668
282507,28386
282527,17719
282534,24627
282537,35779
282538,35454
282540,35454
282544,26276
282549,35795
282550,35791
282571,14730
282573,35802
282583,26356
282592,31152
282609,1756
282612,25325
282614,1756
282616,14156
282627,14730
282648,31152
282651,25059
282671,11748
282677,31152
282682,11748
282691,442
282709,13989
282714,29137
282720,23840
282721,11046
282767,11046
282772,25433
282777,14289
282785,7290
282790,16049
282795,31152
282796,31152
282820,7555
282827,14730
282848,35831
282924,17230
282937,30192
282951,35763
282972,29466
282981,29867
282989,30192
282993,16140
283017,12431
283023,27086
283034,12342
283036,10329
283037,10329
283038,10329
283039,10329
283040,10329
283060,3794
283069,805
283078,8487
283081,7246
283098,35866
283101,35866
283119,24097
283132,7127
283138,3488
283143,10329
283154,25119
283162,595
283167,31152
283175,2040
283177,10172
283241,16140
283245,3794
283255,18268
283257,29706
283274,30192
283276,20657
283279,3125
283283,1670
283284,805
283285,24457
283288,253
283290,24721
283291,24721
283292,24721
283293,24721
283296,29187
283300,9845
283323,14463
283326,31774
283330,30192
283334,14730
283356,8141
283375,22311
283377,8141
283378,8141
283387,14346
283406,35904
283415,35916
283417,35904
283426,16922
283447,22311
283466,10968
283469,10968
283470,18357
283499,35935
283508,805
283511,30192
283520,4673
283521,8320
283524,29868
283561,35935
283562,26553
283566,8413
283634,31152
283641,805
283672,7290
283680,11756
283682,307
283686,31774
283700,5509
283701,5003
283703,5003
283705,5003
283707,5003
283709,5003
283711,20112
283716,30192
283735,25433
283739,13140
283757,35966
283758,35966
283762,5429
283765,427
283768,9720
283796,10069
283811,29466
283812,29466
283825,230
283836,30557
283837,24139
283851,27657
283852,27657
283861,25660
283868,8141
283870,34658
283879,11233
283886,5053
283902,442
283915,35053
283919,35996
283926,35973
283930,16424
283940,5509
283947,5509
283949,31774
283973,22228
283991,36005
283994,35099
283996,31152
284015,30192
284016,36012
284023,11756
284035,11355
284036,35488
284052,36016
284082,22468
284091,3293
284093,20058
284095,14730
284108,10622
284113,14730
284131,22311
284134,36038
284137,3293
284140,29137
284168,28670
284174,12359
284176,12359
284189,36051
284202,36051
284217,35916
284226,24808
284250,22311
284268,805
284273,35454
284279,14137
284291,22468
284294,16113
284302,31774
284307,31774
284322,179
284340,36077
284342,805
284351,28384
284358,24808
284361,1934
284372,14730
284376,28740
284384,36086
284386,8694
284387,8694
284388,8694
284389,8694
284390,8694
284391,8694
284396,20557
284405,6738
284409,29833
284420,11233
284427,8487
284430,13176
284477,36097
284478,36097
284483,5323
284500,35904
284501,31053
284514,31334
284520,8163
284526,4521
284529,36105
284533,253
284536,253
284580,25433
284598,17908
284601,21967
284603,25319
284619,21970
284621,24457
284634,4681
284641,24808
284644,36130
284661,31830
284669,2824
284673,2824
284678,24808
284680,36130
284685,30540
284698,28740
284699,30192
284712,28740
284717,19767
284724,29187
284755,29868
284770,595
284778,28740
284802,22088
284804,16891
284810,24139
284812,24139
284813,24139
284814,16843
284815,24139
284870,22468
284875,22468
284912,1036
284913,24073
284914,36130
284920,11046
284921,11046
284929,22311
284934,29707
284935,36040
284948,34800
284951,4913
284969,35510
284970,5594
284972,13573
284979,22468
284992,30192
285008,30192
285016,23659
285027,30192
285041,589
285044,28109
285045,30192
285081,22468
285084,8076
285090,36040
285100,14730
285101,36012
285103,24626
285106,31334
285110,25431
285111,25431
285122,35099
285125,36214
285136,30192
285139,5323
285140,22468
285145,35099
285147,24808
285150,35099
285151,35099
285152,35099
285154,35099
285160,17186
285164,27332
285165,27332
285167,35131
285171,3293
285175,24317
285185,5221
285188,2392
285196,17732
285202,5003
285224,35160
285230,35510
285231,35510
285236,36228
285238,31243
285255,11748
285262,14730
285264,35510
285269,10172
285282,22353
285283,805
285291,25335
285294,31334
285298,36209
285306,28384
285319,25431
285330,21599
285332,9007
285334,14492
285338,22257
285345,21599
285372,8141
285404,26352
285409,8603
285424,14730
285430,805
285435,30192
285436,8645
285451,29707
285461,22311
285469,31294
285486,5739
285495,17732
285511,20587
285517,27782
285525,27782
285526,22468
285536,35053
285539,35053
285540,13680
285550,22311
285564,805
285568,22468
285576,805
285579,7620
285608,16294
285619,36286
285624,24617
285641,25103
285650,23915
285652,23915
285666,22468
285667,35510
285668,35510
285669,31774
285673,22468
285676,11748
285677,21599
285694,7127
285696,36302
285697,14137
285703,29377
285704,30192
285713,5323
285715,30192
285716,30192
285761,2860
285770,5404
285778,30192
285786,12540
285795,14730
285796,14730
285797,14730
285808,24864
285816,22468
285817,19883
285820,22468
285827,36317
285835,19666
285866,25431
285867,25431
285881,14730
285892,3293
285906,22468
285912,5053
285919,26238
285923,14443
285933,179
285941,5113
285945,805
285967,31152
285968,31152
285974,273
285975,30192
285981,273
285983,5323
285991,17519
285997,22387
285999,17519
286004,14730
286015,2795
286018,35473
286020,31152
286021,13310
286026,35473
286031,14730
286039,25433
286041,24515
286044,28740
286048,27812
286068,14730
286095,17230
286102,11852
286108,25119
286117,1666
286120,14054
286139,24073
286149,35531
286183,8291
286186,30602
286207,805
286236,805
286258,11091
286272,34658
286273,11091
286287,2040
286294,31152
286342,36391
286343,36391
286355,35099
286359,35099
286362,7448
286370,36319
286381,14730
286389,31774
286395,14803
286396,29367
286408,35099
286421,35099
286431,31065
286447,88
286462,35842
286466,36422
286480,24073
286502,6897
286518,6897
286537,35099
286545,36229
286546,36229
286548,31243
286552,36229
286554,17918
286555,8141
286561,22468
286566,8163
286567,8163
286568,35750
286570,8163
286572,35917
286585,29109
286591,27183
286608,11748
286623,6720
286633,13610
286644,18592
286652,36451
286659,31774
286670,36229
286671,273
286673,273
286676,7448
286682,36454
286706,17186
286708,28637
286720,28637
286724,14730
286736,6664
286738,28740
286740,36460
286741,36460
286743,29433
286744,32091
286746,32091
286755,36463
286757,14730
286759,26755
286780,29547
286785,29109
286799,14730
286819,35099
286842,29068
286843,32405
286845,36381
286848,11748
286856,11748
286867,805
286895,35998
286898,35998
286900,31334
286905,29707
286919,13680
286924,44995
286933,29707
286946,31774
286951,35060
286961,14730
286965,14896
286968,35917
286974,14730
286977,35060
286979,35060
286980,35060
286989,8076
287000,8451
287005,14730
287009,12540
287024,36497
287027,10530
287038,9568
287043,31774
287057,14730
287068,36500
287071,22518
287085,44995
287089,34588
287101,35243
287102,35243
287103,35243
287104,35243
287105,3287
287111,36381
287113,2322
287121,7290
287126,11748
287128,11748
287138,17572
287140,30192
287141,8076
287143,30192
287144,30192
287146,16049
287147,30192
287150,25431
287156,25713
287172,35842
287195,603
287200,13902
287214,8141
287234,35842
287235,16026
287237,30192
287238,30192
287239,8141
287243,3903
287256,31488
287285,589
287296,25734
287304,24617
287320,26338
287331,6821
287339,8694
287340,8694
287344,8141
287351,9394
287370,30192
287380,28637
287383,28637
287388,35002
287403,10530
287421,25629
287426,36462
287428,25103
287433,35750
287446,26124
287448,26124
287450,28670
287455,28916
287467,24000
287486,1915
287506,3019
287518,30192
287528,36229
287529,36229
287532,35998
287566,588
287578,36555
287587,930
287612,14730
287614,14730
287637,14730
287682,6606
287683,24617
287689,31564
287695,6324
287712,36099
287714,19666
287715,19666
287716,805
287722,35917
287728,5594
287744,30540
287750,36574
287756,25660
287757,25660
287764,30192
287765,8413
287771,36576
287775,36574
287777,17037
287780,31152
287783,31152
287785,31152
287789,31152
287790,19666
287791,19666
287792,19666
287798,35243
287799,35243
287805,36577
287820,29367
287831,27070
287836,19666
287837,19666
287838,14730
287840,14730
287846,11748
287850,36462
287851,19666
287853,19666
287854,19666
287855,290
287870,12359
287880,36130
287883,36130
287884,36130
287890,30540
287891,30192
287904,30192
287907,30540
287912,2669
287915,30540
287921,930
287928,6961
287945,14730
287958,36565
287961,35842
287967,35842
287977,35842
287981,25059
288000,13201
288004,1764
288008,22468
288042,9068
288049,805
288054,31152
288073,34588
288076,11748
288078,25059
288081,7138
288104,30192
288106,22518
288127,30540
288129,14730
288142,19666
288160,35099
288191,35060
288204,34694
288207,16915
288212,8487
288214,16097
288216,16097
288218,16097
288219,16097
288220,16097
288221,16097
288225,14730
288226,14730
288237,19666
288253,21756
288270,11462
288274,10530
288287,35917
288289,36635
288290,36635
288291,36635
288296,31152
288300,35917
288301,36229
288306,36229
288309,36229
288311,36229
288318,25103
288320,35917
288327,16097
288328,16097
288329,16097
288332,16097
288333,16097
288334,16097
288336,35060
288343,805
288353,36229
288354,36645
288355,31075
288372,36229
288380,6072
288384,31774
288396,11748
288397,16097
288398,24000
288406,19666
288411,14730
288429,24000
288434,36229
288436,36229
288437,36229
288445,8141
288451,8141
288474,35060
288487,16097
288488,16097
288491,31152
288494,31152
288532,36569
288538,1390
288551,21471
288553,18357
288555,8141
288565,31152
288572,31152
288577,273
288578,34588
288582,273
288584,24515
288588,36678
288594,36678
288601,36678
288605,5505
288611,3903
288622,12542
288643,24617
288648,10530
288659,3903
288667,8141
288687,8141
288691,19767
288697,14730
288708,36238
288711,36462
288720,3270
288728,10172
288733,35917
288783,27183
288818,24772
288826,24617
288860,36462
288878,12803
288879,28864
288881,26294
288890,36724
288902,19767
288927,6897
288929,6897
288946,7964
288948,7964
288959,36725
288982,26595
289009,35842
289012,2817
289026,11867
289035,25
289041,5907
289048,2040
289052,35099
289063,273
289064,273
289065,273
289068,273
289101,36743
289133,22088
289139,5805
289145,36381
289169,4363
289172,36766
289175,36766
289178,900
289183,14730
289210,25431
289216,24617
289226,17630
289236,36130
289237,11075
289242,36130
289264,31152
289267,31152
289268,36733
289269,36733
289270,36733
289271,36733
289272,36733
289273,36733
289285,2970
289299,1349
289304,8141
289313,1349
289314,8141
289319,14188
289326,35414
289329,10172
289335,795
289346,17398
289360,36743
289368,36785
289369,17045
289370,17045
289376,273
289377,17045
289378,35099
289379,35131
289381,35131
289383,19692
289384,9219
289390,9219
289398,22518
289408,8076
289410,8076
289415,1349
289416,8141
289424,36540
289433,8141
289439,10172
289463,30540
289467,22311
289476,19991
289486,10172
289498,35131
289515,1349
289532,21433
289561,8141
289565,25433
289575,31152
289576,31152
289581,7964
289586,22311
289589,24808
289595,6897
289599,19666
289607,805
289616,35060
289619,10172
289621,8451
289623,36809
289626,12279
289629,36814
289632,36229
289652,31152
289654,28740
289665,28740
289673,31152
289677,27812
289687,6015
289692,28904
289695,13864
289699,31152
289701,36826
289710,6512
289724,27183
289725,27183
289734,36831
289735,36831
289736,36831
289737,36831
289738,13636
289743,35842
289756,35842
289788,6897
289830,22262
289831,21918
289833,19883
289834,36155
289842,1349
289846,21599
289847,22311
289854,8114
289870,16915
289871,16915
289894,22468
289907,11748
289914,34882
289916,11748
289927,36574
289929,5348
289937,795
289944,35099
289951,35099
289952,35099
289957,273
289959,3277
289966,273
289967,273
289975,34787
290005,22518
290008,36229
290011,36229
290022,10958
290023,10958
290033,4976
290060,5221
290076,36842
290083,36867
290085,273
290086,36751
290087,22359
290090,21599
290091,14730
290092,16049
290093,36872
290127,11748
290130,11748
290153,7290
290172,36576
290173,36576
290174,36576
290175,30192
290196,930
290200,36889
290210,8141
290212,31152
290213,31152
290217,36574
290244,35917
290271,14485
290276,3277
290280,31053
290294,21471
290296,11748
290297,23840
290305,10530
290318,36896
290319,36896
290324,14730
290326,36882
290330,36785
290331,8413
290341,31152
290352,36312
290392,28955
290408,805
290413,20657
290416,20657
290419,20657
290420,20657
290455,6512
290456,14730
290468,7138
290477,31774
290481,14730
290485,24728
290499,22311
290503,36918
290518,22311
290524,31774
290528,31774
290539,3017
290542,36873
290547,11091
290559,14163
290590,34913
290612,21958
290615,10416
290620,36646
290629,36932
290630,36932
290638,31053
290639,36936
290643,22311
290666,16915
290682,12808
290689,4672
290692,36944
290728,9650
290738,14163
290740,21919
290766,35842
290773,36896
290781,30192
290790,31152
290804,36968
290808,17230
290810,17230
290818,14803
290821,14730
290826,30192
290833,5744
290843,36976
290865,36982
290923,25103
290936,34817
290944,36976
290966,36515
290967,36515
290977,8388
290980,15997
291065,36880
291070,37005
291072,14249
291172,35227
291179,13636
291183,28740
291187,3293
291189,29367
291190,29367
291212,35099
291217,19789
291225,14730
291227,30192
291228,30192
291231,30192
291232,30192
291233,30192
291264,16137
291269,28520
291274,6015
291275,36462
291276,28053
291285,36867
291311,13702
291317,31053
291321,21958
291375,36952
291382,13636
291387,36952
291398,17630
291405,8141
291449,7290
291453,36130
291457,37064
291460,20529
291461,20529
291470,6897
291476,22518
291515,28053
291538,26105
291542,30192
291586,1443
291590,14730
291599,19999
291615,28053
291623,3903
291624,10524
291625,10524
291642,25433
291693,264
291711,9112
291713,37093
291722,37093
291731,35917
291736,1443
291751,25450
291762,22468
291804,31418
291807,29758
291816,12947
291822,10829
291825,36462
291828,22584
291832,22584
291835,22584
291843,27051
291852,37119
291853,14730
291870,3812
291874,36465
291888,36462
291921,35842
291929,36994
291940,35099
291941,35099
291945,22468
291953,7964
291980,35060
291982,1443
291993,27838
292040,2046
292064,4843
292074,21200
292098,37155
292107,1390
292127,18268
292135,36465
292137,25433
292149,11046
292150,36952
292156,36312
292160,22468
292164,11046
292184,30192
292190,35099
292218,31774
292235,1349
292237,307
292243,8495
292256,22518
292280,36465
292288,11462
292292,11462
292332,17481
292371,35917
292388,22468
292392,17045
292399,20307
292403,20307
292413,20307
292417,20307
292436,20307
292438,36465
292449,20307
292453,22353
292454,34787
292483,36462
292487,30693
292491,35917
292504,20307
292540,36779
292549,2392
292568,1036
292602,35842
292610,37215
292633,37220
292634,35099
292641,16922
292663,22468
292672,19767
292684,37226
292688,37213
292689,37213
292696,37108
292700,18449
292715,37229
292732,17230
292742,7448
292755,10619
292777,35917
292821,25433
292823,14249
292830,9139
292836,13636
292845,29367
292855,17230
292870,32464
292880,37258
292889,35099
292893,1443
292910,37265
292911,37265
292914,26105
292945,35099
292965,37265
292977,11748
292981,35099
292990,35099
292992,31053
293003,29617
293005,1349
293006,1349
293024,6720
293050,32405
293054,31152
293071,2719
293078,35099
293094,30192
293101,37138
293154,21593
293184,35227
293185,7486
293202,27779
293210,36465
293215,29367
293236,35099
293244,28916
293275,26130
293289,6454
293297,228
293307,22468
293308,35099
293315,37308
293348,7250
293359,13312
293362,29367
293363,29367
293376,35099
293379,35099
293380,29367
293381,35099
293402,25433
293409,8141
293411,29367
293462,21200
293504,36444
293508,21654
293510,11609
293514,36444
293519,23918
293556,36535
293559,427
293565,17230
293575,87
293579,704
293594,36535
293620,37339
293671,6920
293672,1349
293727,24073
293734,28904
293744,37310
293754,4553
293763,20874
293766,20874
293775,14188
293780,4553
293781,4553
293794,31075
293795,20874
293796,20874
293798,20874
293814,35842
293835,35842
293838,35842
293866,24808
293875,37375
293892,17630
293896,36465
293899,36465
293905,37377
293909,805
293923,37379
293930,7819
293934,30192
293935,30192
293938,34935
293955,35842
293971,35842
294014,37389
294020,14730
294021,14730
294022,14730
294054,17230
294065,37188
294081,37188
294083,32505
294092,29868
294094,37188
294108,14188
294136,29868
294145,29868
294163,17778
294183,28053
294192,21394
294207,8163
294212,36465
294218,27251
294225,9741
294242,29868
294250,14249
294265,28216
294281,35099
294282,35099
294318,30192
294321,37188
294336,24808
294342,12347
294345,30192
294358,26945
294359,32036
294360,32036
294365,32036
294366,30192
294369,14730
294370,14730
294371,14730
294372,956
294373,14730
294374,35791
294379,8223
294389,30755
294409,22308
294414,32036
294431,36465
294469,13636
294479,8223
294525,28218
294545,22468
294563,17230
294565,26724
294580,17778
294583,3293
294598,16709
294602,25335
294622,25816
294638,11462
294640,7486
294644,37360
294655,11530
294668,22468
294671,25273
294680,37213
294693,17230
294715,35842
294723,35842
294741,17778
294746,805
294747,805
294755,805
294759,805
294764,14730
294768,35842
294780,37466
294783,21593
294784,20112
294788,37473
294789,37473
294803,37466
294804,35842
294807,35842
294808,37466
294817,31466
294821,12895
294836,24000
294858,35842
294876,26045
294894,22468
294902,14730
294910,17230
294918,17304
294922,919
294948,37213
294964,35842
294970,37497
294976,11758
294994,35842
294998,8223
295001,35092
295080,13310
295090,37512
295093,22468
295105,36444
295110,1934
295145,11758
295173,2719
295179,31152
295181,37057
295186,13310
295209,3265
295210,3265
295213,3265
295221,87
295231,24617
295234,805
295240,29137
295250,29367
295257,8141
295258,8141
295272,37540
295285,36462
295297,11849
295298,26724
295304,31904
295306,24462
295320,4843
295322,427
295323,427
295326,21593
295335,13636
295337,13636
295338,21200
295339,10530
295347,30510
295352,25433
295358,1390
295361,4485
295362,35637
295371,17304
295375,13628
295390,35917
295393,1390
295394,28053
295438,27158
295443,8402
295447,36535
295452,24808
295521,22228
295541,37580
295553,14137
295557,20148
295561,30192
295562,30192
295570,14346
295590,28218
295601,36535
295605,36535
295643,30755
295713,4541
295718,37631
295755,13864
295756,15997
295759,20932
295760,20932
295763,17230
295768,17630
295769,17630
295773,37638
295774,37638
295775,37638
295782,4541
295805,14203
295812,3919
295830,37642
295835,37642
295845,35510
295852,13424
295856,24721
295864,37585
295871,7620
295879,30692
295884,4351
295891,37638
295928,25743
295932,31474
295939,37654
295941,37654
295945,28666
295970,21919
295976,14730
295986,30755
296008,28666
296012,17230
296048,14730
296067,25103
296079,273
296100,37676
296107,37311
296121,5509
296134,5509
296139,13702
296144,3320
296157,24649
296158,3269
296173,5829
296183,22468
296188,22468
296205,9529
296206,23607
296207,3320
296241,5536
296282,307
296284,307
296300,35060
296306,28218
296307,4976
296310,37253
296313,10829
296315,27070
296330,37253
296337,37253
296364,32036
296368,35917
296377,37253
296381,37265
296390,29868
296394,29868
296397,19883
296403,29868
296406,30755
296411,30755
296417,29868
296429,29868
296433,29868
296439,37722
296454,24153
296465,7290
296466,28053
296468,8645
296501,14730
296519,36465
296531,22468
296602,37253
296607,37738
296629,22468
296657,37750
296663,37752
296664,37752
296679,30192
296682,25433
296693,25433
296703,28904
296736,37769
296738,37770
296745,805
296759,805
296770,30192
296773,13107
296782,24205
296785,3265
296787,273
296789,16811
296795,5242
296815,7649
296819,28698
296836,29600
296851,29600
296871,24462
296882,37796
296884,29600
296900,3708
296904,14730
296911,13966
296914,26524
296932,10829
296939,36785
296949,26724
296955,29153
296971,35916
297027,11284
297040,22468
297041,5509
297049,28520
297068,29137
297085,37844
297089,5836
297093,11046
297187,805
297210,32085
297224,24617
297225,14387
297228,3320
297231,3320
297235,17493
297245,9742
297256,12393
297257,30192
297276,14730
297282,35580
297286,5509
297332,805
297351,653
297383,10675
297387,37893
297388,14730
297398,37896
297401,30192
297402,37899
297406,24617
297425,12542
297439,37729
297445,8876
297463,29600
297476,16811
297478,16811
297498,37910
297518,37483
297524,37912
297538,2860
297547,81
297572,22407
297593,31346
297600,37188
297646,16811
297663,30192
297678,14730
297680,22088
297681,37949
297685,30192
297760,37957
297808,6793
297824,17868
297839,14730
297846,21846
297865,36785
297870,36540
297871,36785
297887,37983
297907,88
297931,36540
297966,19666
297994,30192
297997,3826
298011,36391
298017,27623
298025,16498
298064,30192
298072,34944
298073,30192
298074,30192
298075,30192
298089,36785
298096,1996
298098,35005
298119,38016
298123,38020
298128,28666
298129,14730
298148,11091
298157,29137
298158,3320
298160,3320
298165,230
298190,36515
298199,4672
298210,5836
298217,4672
298248,27841
298250,37983
298251,25433
298264,37729
298268,29868
298300,38031
298307,11748
298330,38055
298342,35842
298359,36785
298367,36785
298370,36785
298371,36785
298415,31672
298426,35372
298453,38076
298464,36465
298474,38086
298504,38086
298523,38089
298524,28904
298529,442
298553,32036
298563,18464
298565,14818
298567,25898
298582,16811
298590,38003
298594,5744
298605,28092
298610,279
298618,28218
298621,37253
298624,279
298626,16107
298629,11748
298633,16811
298634,10619
298635,36465
298646,36465
298647,13797
298654,28637
298668,29868
298672,29868
298686,37311
298687,16811
298690,8960
298691,29612
298699,36465
298702,29342
298705,10414
298708,12752
298735,1349
298736,29868
298738,8413
298740,37510
298764,11687
298776,22468
298779,37253
298789,20307
298791,36785
298809,22311
298815,7616
298821,36771
298831,2719
298839,37253
298842,17230
298861,11944
298890,11091
298895,7250
298900,38139
298923,30540
298933,38146
298939,37213
299002,930
299005,930
299010,38156
299028,14730
299047,35227
299062,17230
299073,17230
299078,10069
299120,38182
299124,4485
299125,17230
299146,1970
299154,38189
299156,15964
299172,9610
299186,9610
299192,9610
299193,29367
299200,24808
299208,23878
299218,13972
299245,30692
299247,7889
299252,31152
299280,21919
299299,11091
299313,37905
299324,38201
299329,32405
299333,36465
299335,14137
299336,36831
299341,14137
299359,805
299382,38214
299393,26875
299395,26875
299401,32405
299409,16811
299413,34623
299417,3269
299421,38220
299422,38220
299432,9738
299452,7250
299484,81
299486,16811
299489,16811
299491,16811
299496,16811
299519,20603
299523,38235
299539,38082
299554,9738
299560,35917
299571,31474
299574,5509
299577,12752
299578,12752
299585,14730
299595,13471
299598,16419
299613,36317
299618,10172
299643,9610
299681,30404
299692,36785
299699,35099
299700,37275
299738,539
299744,21919
299773,2719
299783,8413
299785,11748
299790,14730
299880,9568
299883,37631
299924,34623
299925,26875
299966,5191
299970,805
299974,427
299978,25433
299998,21054
300006,1445
300016,29707
300026,29868
300032,35842
300033,16811
300037,37275
300054,29868
300059,29868
300065,27836
300086,37076
300092,37076
300095,37076
300098,6141
300120,7290
300121,36771
300127,29367
300133,36465
300136,36785
300137,36465
300138,38285
300195,35842
300204,12450
300226,13535
300229,38320
300238,36312
300249,22404
300252,38324
300267,25319
300272,38329
300273,805
300294,3269
300327,1829
300352,10829
300361,16534
300363,13680
300376,10829
300378,10829
300392,36785
300394,27901
300403,35060
300438,446
300481,20932
300486,35414
300513,31420
300523,31474
300546,17230
300549,7616
300583,35414
300664,24617
300689,20307
300702,7616
300719,805
300744,17908
300771,1005
300788,36670
300794,14188
300803,36785
300804,36785
300821,8413
300824,24617
300871,26640
300880,7964
300888,36785
300889,17230
300892,38413
300897,36306
300898,38413
300899,38413
300901,38413
300911,38413
300913,36785
300917,805
300925,179
300929,805
300932,805
300935,38413
300936,38241
300961,36945
300966,8120
300969,805
300986,38413
300988,31152
300989,2849
301035,805
301036,38424
301041,38425
301048,38425
301065,37253
301071,37636
301080,38308
301081,427
301103,28218
301108,14730
301112,32005
301114,9843
301124,38281
301139,8718
301156,805
301161,13666
301170,603
301209,38452
301211,30767
301216,37842
301218,34658
301226,37253
301227,30767
301228,30767
301229,30767
301230,30767
301231,31346
301291,24864
301295,36896
301299,38206
301302,11511
301303,11511
301304,36896
301313,36896
301321,38206
301322,38206
301338,36785
301397,24243
301410,805
301424,21104
301463,12339
302456,39497
302462,39498
302481,29367
302484,3454
302486,1349
302487,1349
302488,1349
302494,22468
302501,39501
302529,38206
302530,36785
302533,36785
302537,39494
302539,3454
302570,25433
302579,38206
302592,25433
302619,17230
302650,20920
302651,20920
302652,20920
302653,20920
302654,20920
302655,20920
302656,20920
302658,20920
302659,20920
302660,20920
302679,38452
302707,29137
302710,36785
302714,21919
302728,22311
302747,37381
302750,37994
302752,32094
302757,11848
302768,26950
302783,39536
302790,35510
302792,31488
302797,10641
302812,10641
302814,35887
302825,35842
302839,38102
302842,17630
302854,37642
302880,38274
302922,3454
302927,16811
302938,7732
302956,7259
302974,11748
302975,32397
302976,26947
302996,11748
302999,14463
303003,2040
303006,17230
303007,38206
303018,36381
303027,8413
303030,27813
303031,35973
303056,11667
303075,5288
303079,26724
303101,31152
303106,35895
303110,37642
303115,39564
303127,27779
303128,20932
303138,38452
303167,25319
303170,25319
303175,25319
303186,39594
303188,39595
303190,9007
303203,8565
303206,805
303224,32036
303226,25543
303248,36444
303251,39595
303252,39595
303261,39595
303274,4553
303276,9174
303282,5744
303285,25319
303287,25319
303298,5744
303320,14730
303334,36540
303337,39612
303349,29367
303367,7788
303372,36593
303386,37074
303394,29868
303409,38206
303438,14730
303441,22468
303449,29868
303462,7258
303465,595
303472,38457
303488,29868
303502,9738
303506,6861
303512,10649
303514,39630
303517,34600
303518,4553
303529,37452
303534,39634
303560,37253
303569,8645
303600,21599
303619,36465
303620,38206
303634,23915
303643,10968
303663,39630
303669,39630
303670,39630
303685,8196
303697,25273
303703,29183
303707,36465
303736,71
303777,17493
303814,36465
303822,273
303837,32036
303896,30192
303907,7290
303910,196
303921,273
303922,273
303923,273
303926,5113
303932,28791
303933,28778
303938,10069
303979,8413
303994,6029
304003,17230
304029,26016
304048,25180
304049,25180
304060,14730
304077,31474
304093,22468
304096,36465
304108,22468
304117,229
304124,36465
304126,22468
304130,17908
304136,5494
304164,39589
304200,28940
304219,39708
304233,10172
304278,14730
304313,25734
304326,22468
304377,16612
304418,16811
304419,16811
304421,14730
304423,38206
304425,16198
304435,7291
304438,28218
304453,2000000001
304456,39732
304467,39594
304468,35099
304480,22387
304482,7148
304494,7486
304495,7486
304499,28666
304502,37642
304508,38398
304511,17322
304515,3488
304518,17908
304561,6610
304608,35973
304646,30540
304649,30540
304660,11748
304677,27183
304688,16811
304692,39765
304698,30540
304738,31420
304741,7291
304742,35060
304745,805
304755,39771
304756,39771
304758,39594
304759,39771
304770,11748
304776,26743
304785,37253
304789,37253
304790,39779
304791,39779
304804,39784
304805,39784
304806,36306
304825,31152
304831,35973
304840,8413
304844,3454
304849,21919
304860,31488
304865,37632
304879,29612
304880,29612
304884,5744
304936,31152
304960,25325
304974,9219
304975,9219
304985,39812
304988,9219
304996,198
305015,10389
305069,22531
305075,37585
305081,17010
305085,17010
305088,28518
305104,39840
305118,36558
305138,39848
305141,12853
305144,17322
305177,39854
305181,39856
305183,6415
305189,37585
305209,29367
305214,29367
305225,13989
305260,6920
305262,29367
305263,6920
305266,39885
305268,29868
305271,35060
305279,35060
305280,39890
305281,39890
305284,3262
305289,39899
305292,39897
305298,38021
305300,35350
305309,39903
305317,39905
305329,22468
305333,39912
305360,23915
305364,38305
305378,22311
305391,22356
305397,39930
305432,39925
305440,38206
305447,39937
305456,9709
305477,39706
305478,1349
305481,29137
305490,39958
305502,37294
305532,21642
305555,21642
305624,39984
305637,24205
305640,13107
305660,31672
305669,39954
305692,39831
305701,16498
305710,1909
305711,8451
305720,3454
305722,582
305727,26947
305730,36785
305739,28218
305742,14045
305747,8413
305779,8694
305780,8694
305781,8694
305782,8694
305783,8694
305784,8694
305785,8694
305786,8694
305787,8694
305788,8694
305789,8694
305790,8694
305791,8694
305792,8694
305793,8694
305794,8694
305795,8694
305796,8694
305797,8694
305798,8694
305799,8694
305800,8694
305809,28386
305815,40020
305818,40021
305848,35382
305853,40027
305858,21030
305861,7968
305863,7968
305865,40028
305870,27813
305875,22311
305896,40034
305922,40038
305933,22468
305941,10633
305946,39541
305952,12565
305960,38452
305965,12043
305969,12043
305972,12043
305974,12043
305975,12043
305977,12043
306008,14730
306011,13985
306031,20920
306066,36785
306077,27239
306081,31711
306087,35917
306088,40059
306090,7795
306104,39501
306105,31711
306184,38214
306191,31711
306220,40075
306224,13966
306244,40078
306260,805
306265,21599
306266,40082
306270,16580
306280,37243
306298,26959
306305,28218
306312,37275
306322,26959
306337,37275
306338,37275
306362,13795
306363,38086
306366,38086
306367,38086
306374,7290
306376,20603
306425,8485
306439,26221
306452,38080
306465,600
306469,22311
306485,20804
306501,1390
306502,38080
306504,38080
306518,3856
306519,40129
306553,38216
306584,17493
306587,17493
306599,39959
306606,16561
306616,7620
306617,29612
306626,8413
306628,40155
306647,81
306660,40163
306665,40167
306679,10172
306689,8297
306697,8297
306713,14137
306782,4485
306785,14137
306809,29367
306811,29367
306869,22404
306949,24808
306954,27838
306960,11748
306962,24175
306971,39890
306982,17230
306983,40206
306984,40207
306985,25184
307010,26030
307014,40215
307029,2798
307032,39930
307048,10598
307055,7138
307083,39541
307090,20932
307091,27620
307107,25184
307111,5795
307123,40216
307130,36540
307142,14730
307145,17230
307153,10172
307171,805
307192,3899
307202,7241
307212,21200
307220,37140
307292,40247
307343,28791
307347,40254
307348,14730
307352,40259
307354,29367
307355,40263
307358,18388
307361,8298
307383,40246
307390,36733
307408,22356
307411,17230
307426,26474
307427,26474
307435,20657
307436,20657
307451,39930
307471,16235
307472,40276
307476,25167
307494,36785
307499,34949
307505,42239
307515,40216
307531,29868
307561,20657
307622,40303
307634,1834
307650,28940
307657,40313
307667,22468
307669,88
307674,14045
307685,14045
307695,1390
307701,22468
307713,4485
307751,17010
307772,40332
307785,37674
307792,1443
307798,7148
307812,40338
307842,40340
307863,26755
307889,7290
307897,3269
307910,37632
307913,307
307923,31152
307924,31152
307950,10649
307952,40365
307955,5679
307980,25
307984,40342
307987,22311
308007,27620
308011,16049
308013,595
308018,27620
308019,27620
308020,27620
308042,31152
308048,37483
308063,17230
308092,40387
308093,40387
308096,40387
308113,24808
308146,22468
308162,22311
308174,2622
308188,7138
308216,20657
308218,13702
308219,37275
308220,35866
308225,37275
308231,37253
308256,17519
308261,11849
308269,36975
308270,40409
308276,20657
308283,37253
308289,12489
308293,22311
308301,40416
308345,36540
308350,6015
308367,24808
308373,17230
308376,32203
308378,35099
308383,35099
308385,35099
308449,37976
308459,24808
308469,40429
308472,38005
308481,4521
308489,35099
308495,40438
308497,8451
308504,40429
308506,4485
308507,40429
308521,35099
308525,35099
308528,14260
308573,22468
308590,40387
308591,12140
308598,35099
308599,35099
308600,3919
308602,36854
308607,14163
308617,40468
308620,26352
308622,273
308631,17908
308651,36785
308667,27779
308671,25
308672,14730
308680,12853
308682,37699
308686,14730
308692,20112
308693,40482
308704,17230
308719,28218
308729,22468
308743,11748
308751,38080
308773,17676
308781,29707
308785,16811
308790,16811
308816,10875
308821,25816
308828,11687
308853,9709
308860,14888
308869,17010
308879,2798
308910,15997
308917,20932
308918,20932
308921,20932
308931,17630
308933,22468
308934,39890
308973,40416
308986,31711
308988,31711
309000,14896
309012,17128
309021,6606
309035,25167
309036,35099
309038,35099
309041,559
309044,14640
309048,31152
309075,5429
309077,5429
309083,11748
309086,27806
309088,27806
309091,29877
309095,2940
309098,27813
309102,17230
309121,1349
309137,40549
309157,20920
309165,19789
309168,28172
309179,35243
309180,35243
309183,39691
309187,36896
309195,25167
309201,4991
309211,36293
309216,16534
309221,808
309241,21683
309250,17230
309251,20574
309270,17010
309281,40560
309308,35099
309313,2798
309316,9659
309318,1463
309324,6552
309335,4981
309342,40566
309354,5221
309358,2798
309362,8451
309364,9671
309367,6015
309371,6015
309375,7037
309389,40523
309401,35802
309444,6517
309466,2719
309489,24205
309491,17230
309500,31486
309511,32036
309530,22468
309549,24617
309568,20932
309569,40585
309576,21654
309578,35426
309593,16811
309595,250
309622,40597
309656,28218
309665,16498
309668,15921
309671,40602
309682,36465
309703,38206
309723,6552
309726,38080
309727,21030
309747,27813
309781,5191
309785,27813
309787,27813
309789,27813
309800,11748
309806,7258
309809,7258
309819,38206
309832,5221
309843,1390
309851,21030
309854,40729
309903,5221
309924,20932
309929,40629
309930,12710
309934,24617
309940,24073
309965,29109
309973,9769
309983,7448
309995,8411
310040,1349
310043,13326
310114,14730
310115,30540
310127,14730
310139,35163
310146,28518
310149,37253
310156,16041
310160,16041
310166,32183
310168,17230
310191,40665
310192,17230
310225,21801
310228,21801
310234,21801
310235,21801
310260,1390
310262,29342
310297,6153
310315,22311
310316,17010
310317,34658
310318,34658
310319,32096
310324,40682
310343,40684
310359,26474
310371,40677
310379,24808
310382,40689
310396,40691
310401,805
310423,26743
310425,34658
310427,40677
310429,40172
310430,40172
310432,805
310434,40699
310446,4812
310472,40660
310480,2175
310486,14730
310490,16243
310510,28825
310513,20920
310535,22468
310543,6649
310546,22468
310565,23607
310568,22468
310585,17935
310609,12540
310610,16694
310615,16694
310635,21030
310639,14730
310652,24617
310662,22468
310668,39890
310669,39890
310670,39890
310672,39890
310673,39890
310677,14730
310685,14730
310687,24808
310688,14730
310697,14730
310699,14730
310704,34658
310730,3454
310748,7290
310752,31208
310763,30540
310770,11626
310797,30540
310824,26053
310841,16937
310844,40755
310886,6750
310887,8413
310892,37642
310893,31610
310895,14730
310896,29433
310904,20817
310906,13680
310911,37535
310913,34658
310914,35414
310920,39541
310921,22311
310928,40770
310949,40763
310978,40774
310981,29919
310999,36619
311013,14346
311014,35413
311025,27813
311027,805
311066,27464
311080,4485
311086,28940
311110,36896
311131,36515
311134,36515
311136,36515
311151,36515
311156,26743
311203,24808
311216,14730
311222,14730
311238,28218
311279,40817
311281,40826
311286,22228
311287,22228
311296,20060
311310,34658
311334,23790
311338,12140
311339,12140
311341,12140
311347,3488
311348,39520
311359,22228
311368,14045
311378,26755
311380,26755
311392,8451
311397,11790
311399,4521
311434,4521
311463,40849
311467,11462
311469,36816
311471,11790
311477,3454
311478,3454
311479,3454
311480,40851
311490,26743
311491,26743
311510,35053
311521,11849
311529,17230
311545,29868
311558,22531
311572,40624
311600,40880
311603,26755
311608,4485
311613,14730
311619,37632
311624,900
311643,37632
311678,22468
311683,4485
311685,22468
311698,8580
311712,13140
311716,13140
311734,17630
311749,34658
311756,25273
311772,8289
311778,25892
311808,36515
311813,7290
311839,12097
311861,31221
311867,24000
311868,12097
311880,29137
311886,8289
311889,35099
311914,13587
311917,40387
311919,40387
311923,20060
311932,7290
311947,37499
311959,31158
311961,8451
311964,40920
311966,36515
311972,36515
311975,36515
311997,16843
312008,17230
312013,35591
312026,13158
312032,307
312067,20486
312075,10598
312091,40940
312119,31231
312120,36515
312124,36515
312126,5594
312127,36515
312129,36515
312131,36515
312158,22228
312172,2039
312183,21521
312184,36515
312191,29130
312201,27464
312208,40416
312212,40959
312225,36557
312237,40350
312240,29433
312284,12924
312289,35099
312302,5387
312303,31158
312323,31158
312331,22228
312366,27076
312417,40977
312418,24000
312425,39595
312426,39595
312429,31152
312438,10675
312444,27620
312456,35434
312465,36515
312478,19883
312484,19883
312491,26352
312492,10675
312500,16041
312519,7746
312535,7746
312557,31152
312559,14730
312567,4432
312571,35564
312581,17230
312585,14730
312603,17230
312606,41008
312607,16041
312614,41010
312618,27915
312672,35916
312702,14730
312703,41020
312713,22377
312718,22377
312721,40750
312724,20932
312742,41029
312743,41030
312766,36540
312774,34792
312776,8413
312789,22468
312827,13587
312831,2294
312847,3454
312856,35053
312859,3454
312866,5744
312871,9174
312888,805
312889,39595
312899,22468
312919,24808
312932,37253
312943,11758
312945,36540
312951,22228
312954,41056
312956,41057
312973,40852
312974,18424
312982,14730
312985,14730
312996,44995
312997,26947
313003,41077
313007,25433
313025,8413
313034,41090
313049,41095
313060,22468
313089,25145
313091,41102
313102,10454
313119,35099
313122,31861
313126,38452
313137,41087
313164,14888
313174,4521
313190,41125
313229,36540
313237,39849
313240,7172
313251,41134
313254,35060
313284,26593
313291,32036
313301,22387
313305,22387
313307,16107
313336,41142
313337,25895
313346,13138
313350,24808
313351,30540
313354,40350
313359,35099
313360,35099
313366,35099
313380,14730
313387,36097
313389,36097
313406,30192
313407,14045
313419,36540
313437,31420
313441,37483
313462,20932
313463,20932
313464,39526
313467,39526
313468,39526
313469,39526
313470,39526
313471,39526
313472,39526
313476,39526
313478,35099
313479,8694
313484,39526
313491,14730
313514,35099
313515,14730
313521,40539
313522,35131
313525,14730
313527,14730
313541,3794
313546,41172
313548,41172
313555,25433
313564,14730
313575,41172
313576,41172
313584,10172
313595,8373
313599,3488
313611,40416
313612,31304
313631,25325
313642,4521
313660,14730
313661,14730
313664,41102
313685,27620
313693,14730
313698,7291
313702,40940
313708,3903
313722,20079
313727,14730
313746,20587
313754,14730
313755,14730
313759,13587
313760,41102
313772,1247
313775,11748
313807,12097
313810,40761
313815,12097
313816,12097
313842,10172
313843,10172
313848,10172
313851,10172
313855,10172
313857,3364
313860,36451
313861,10172
313863,10172
313864,10172
313876,41194
313885,7290
313917,13587
313940,7290
313942,11748
313976,40416
313994,9170
313996,8
313999,28218
314006,8610
314019,11748
314026,41243
314027,41243
314028,41243
314029,41243
314030,41243
314031,41243
314032,41240
314046,28940
314048,36441
314064,11748
314108,11748
314114,12097
314115,22387
314117,36515
314119,36515
314121,36515
314123,36515
314125,36515
314140,36515
314142,36515
314148,36515
314164,13797
314183,39930
314184,35099
314193,3701
314201,20932
314210,11091
314218,20307
314222,20932
314223,4553
314225,4553
314233,1934
314241,27620
314250,36738
314256,12279
314257,12279
314271,12279
314275,27620
314276,27620
314295,8413
314299,8413
314303,41275
314316,35099
314324,805
314332,22311
314347,1036
314366,23665
314379,253
314385,41283
314408,25138
314415,22377
314416,22377
314422,22531
314438,41181
314439,7448
314445,13312
314462,5493
314467,5493
314477,36515
314479,36515
314483,25986
314486,4553
314500,5739
314519,35243
314535,37863
314539,40740
314579,41102
314580,41102
314588,13438
314598,41322
314599,31053
314602,22468
314614,22377
314615,22377
314624,8
314631,9162
314644,41328
314656,22468
314673,27620
314687,5493
314694,3454
314698,5493
314720,20932
314724,31208
314725,20932
314726,35099
314734,35099
314757,7448
314759,3454
314761,25936
314783,2798
314786,20932
314797,39595
314810,37499
314815,13989
314819,13989
314824,41322
314837,39595
314849,39595
314854,4862
314875,28637
314877,40104
314890,29600
314896,6920
314938,41102
314949,3488
314960,41369
314981,36302
315001,27620
315009,35099
315013,27464
315017,35099
315028,5493
315038,40751
315047,36540
315053,41378
315063,2669
315066,36540
315090,7064
315097,1764
315110,13398
315113,31053
315122,20657
315136,39630
315149,24384
315150,8723
315167,36515
315175,20657
315179,17230
315204,26755
315224,31053
315226,16041
315234,22199
315240,22311
315244,34658
315273,26593
315282,35099
315284,7900
315287,7900
315289,22199
315294,41403
315310,26945
315322,9174
315326,40875
315335,41413
315351,27813
315358,25433
315366,1349
315367,1349
315379,36515
315386,36515
315407,36515
315409,36540
315410,37609
315425,30589
315429,12043
315431,12043
315434,12043
315437,12043
315443,12043
315471,12043
315489,28218
315499,12043
315517,36515
315519,36515
315524,36540
315525,36515
315527,36515
315545,35414
315549,35414
315555,36515
315557,36515
315559,36515
315561,36515
315566,36515
315579,36515
315586,36515
315597,3320
315601,36515
315603,36515
315607,36515
315608,24073
315631,36515
315640,41081
315698,12097
315702,22468
315708,17072
315710,20009
315711,29868
315722,28371
315730,40608
315731,36515
315738,8413
315753,6072
315755,3320
315756,22199
315759,20079
315762,22199
315778,4862
315788,11748
315794,22199
315798,22199
315800,22199
315807,22199
315814,11974
315816,41483
315822,6752
315830,29612
315842,6383
315852,36515
315863,36515
315864,36515
315879,36515
315881,36515
315883,36515
315886,36515
315891,36515
315895,36515
315900,36515
315903,37275
315911,11290
315921,35053
315924,22311
315945,36540
315947,36515
315963,41496
315973,11748
315978,14463
315982,22468
315995,22311
315998,13538
316029,27620
316031,17230
316049,29868
316063,22468
316086,13985
316104,35099
316106,4485
316110,16965
316132,4570
316135,17072
316184,3320
316189,41530
316193,22228
316197,41530
316200,22228
316212,28940
316221,20525
316262,22228
316263,14730
316278,8413
316289,31466
316302,14730
316315,14730
316321,41552
316342,24808
316351,2798
316366,34588
316368,27779
316373,14730
316382,9709
316387,14730
316390,12814
316405,5594
316406,5594
316413,40940
316416,16965
316438,25936
316442,34826
316452,16235
316458,41570
316464,22468
316490,24808
316493,3903
316518,41431
316555,27620
316573,40208
316576,40208
316580,40208
316582,40208
316592,36515
316597,36515
316603,36515
316609,36515
316616,36515
316619,36515
316623,36515
316631,40091
316634,14163
316657,41557
316665,22228
316667,41197
316668,7354
316672,7744
316678,26743
316691,36515
316692,36515
316698,13140
316703,28940
316708,22199
316715,22199
316726,27620
316728,12097
316731,805
316762,22257
316769,27158
316779,40691
316797,6358
316806,40913
316809,22199
316811,27620
316814,41622
316815,41622
316826,40875
316848,36515
316853,36515
316857,36515
316859,36515
316862,36515
316865,10675
316873,28218
316876,40852
316877,36771
316879,36515
316881,36515
316883,36515
316885,36515
316888,36515
316905,41641
316907,41102
316908,41641
316918,14730
316952,2175
316954,41243
316958,20587
316962,20587
316974,26628
317005,40401
317006,27620
317018,1422
317032,34658
317039,31428
317064,40880
317085,24808
317101,36540
317107,14514
317108,14514
317117,14730
317127,40508
317141,40416
317177,31547
317182,20587
317189,36462
317208,29612
317209,30774
317210,30774
317226,22311
317238,34658
317243,11458
317269,24808
317272,2164
317274,2940
317282,22199
317284,40852
317298,36515
317303,11148
317309,44995
317312,40104
317314,25433
317327,14163
317347,14197
317350,7291
317369,20587
317379,25433
317381,31221
317383,7291
317397,9608
317422,30550
317438,20587
317455,25898
317456,26490
317457,20587
317459,24736
317461,31573
317465,4328
317469,40547
317522,24844
317551,41731
317554,7448
317569,41734
317575,27620
317621,35099
317626,25757
317646,25936
317659,25273
317668,41752
317680,35414
317741,805
317745,36515
317749,36515
317757,13525
317761,36515
317764,36515
317772,22531
317779,41779
317783,37253
317786,9941
317808,12097
317809,39541
317823,35053
317848,9162
317856,36540
317874,38427
317880,35099
317886,36515
317890,10812
317892,28218
317894,37253
317897,37253
317943,4553
317964,18268
317968,14463
317970,28218
317993,16111
318011,28218
318031,7071
318035,39912
318037,27099
318038,27099
318062,36302
318063,36302
318071,36302
318074,22228
318096,24808
318121,40852
318123,40852
318135,40852
318138,22199
318142,31208
318149,31208
318155,9008
318187,805
318189,36574
318192,8413
318204,35768
318289,31564
318296,22404
318303,1352
318311,10980
318313,9605
318320,27813
318327,24462
318338,27970
318357,13636
318385,41871
318391,41751
318400,14730
318415,40555
318442,11462
318448,3454
318464,805
318494,11748
318514,20009
318523,14640
318528,24808
318556,41900
318559,29433
318566,40852
318567,40852
318582,40852
318585,40852
318587,40852
318591,40852
318592,36515
318595,28218
318601,14730
318605,588
318632,7064
318633,3812
318635,12140
318638,7649
318673,41925
318678,12140
318685,320
318696,41930
318718,36540
318732,887
318734,41326
318746,14730
318771,11748
318775,11748
318795,11748
318822,25319
318841,13587
318903,39721
318945,805
318953,41975
319012,8413
319035,38223
319041,12872
319046,16663
319062,41384
319069,41991
319112,37253
319128,36462
319148,2798
319149,39630
319153,805
319160,39630
319169,10980
319170,10980
319186,42005
319227,24808
319246,14730
319250,30540
319274,40208
319295,12542
319296,12318
319302,6497
319307,6497
319310,38005
319317,42022
319323,3454
319327,3454
319330,3488
319331,3488
319336,20249
319356,30767
319371,24808
319381,1355
319382,1355
319424,45022
319426,36540
319445,40212
319457,22199
319464,2798
319469,2798
319471,42048
319472,42048
319506,42054
319514,40852
319517,26755
319543,29600
319558,21104
319560,39541
319561,27813
319570,9650
319579,42085
319622,24900
319644,16175
319678,4485
319695,42099
319724,41623
319727,20009
319734,12279
319739,12279
319743,42049
319746,9602
319747,20009
319750,25936
319783,41073
319790,40852
319795,12279
319800,39630
319823,18482
319824,7290
319827,25
319832,22045
319836,24808
319839,27051
319843,4521
319844,22387
319852,16508
319853,37080
319854,16508
319856,4521
319860,40852
319865,42132
319867,4521
319885,14443
319891,13636
319910,31963
319921,14730
319947,19666
319957,12552
319959,9608
319966,11075
319968,32464
319969,11075
319972,13989
319976,38427
319978,38427
319987,16083
319998,37399
319999,28420
320010,31346
320061,25936
320064,25936
320069,39890
320070,25936
320071,42166
320075,805
320108,5509
320117,40208
320123,40208
320129,13587
320141,31901
320142,35060
320143,42094
320154,2860
320157,36540
320158,36540
320162,39930
320190,36540
320202,12279
320220,9007
320238,16111
320243,42117
320244,42117
320254,11708
320260,12097
320261,42117
320274,5918
320292,17630
320293,42195
320310,6358
320313,14640
320326,24819
320340,36540
320362,12287
320367,16041
320372,12279
320375,18391
320395,39890
320398,39890
320401,38172
320402,22311
320411,1036
320417,31195
320419,42210
320425,4764
320426,22311
320433,23902
320442,41530
320444,41530
320453,1352
320477,30433
320493,40761
320498,42117
320503,3454
320504,3454
320505,36540
320508,27051
320512,8413
320519,11013
320536,4451
320550,24808
320580,40252
320604,34
320605,34
320608,12342
320618,24808
320622,12342
320635,12342
320653,35099
320655,35099
320667,14730
320670,7448
320673,1349
320674,1349
320675,1349
320676,1349
320677,1349
320684,17908
320688,40852
320698,42029
320703,26105
320713,13636
320721,31428
320736,35099
320740,6358
320767,14675
320768,38172
320773,7172
320777,35060
320795,13533
320798,38172
320802,27534
320806,6358
320809,31428
320834,8076
320842,11832
320848,11832
320858,25936
320873,16041
320875,10622
320893,1422
320899,8314
320910,10663
320915,35099
320983,11832
320996,27051
321018,25898
321033,7744
321035,42296
321037,805
321039,36540
321050,24808
321052,805
321068,36608
321096,44995
321111,6141
321144,35099
321173,5493
321204,12279
321208,11974
321211,26014
321213,27051
321215,42323
321240,39997
321246,20195
321250,36465
321258,13636
321263,29640
321283,39930
321296,18268
321314,42355
321315,42176
321317,17072
321324,11708
321327,7744
321350,42333
321352,42333
321353,12279
321355,1118
321358,42333
321359,42333
321366,3077
321384,17908
321387,805
321389,9274
321400,13587
321411,40747
321415,14730
321417,22308
321444,808
321452,14730
321461,7744
321469,20587
321475,11748
321481,25433
321485,17908
321486,17908
321489,40761
321492,8413
321493,42029
321495,20932
321496,20932
321500,16041
321505,20587
321508,12097
321514,26124
321517,16694
321519,26124
321523,24814
321527,22468
321531,42389
321546,1349
321547,14730
321548,38172
321561,17230
321570,34588
321580,1118
321589,7744
321597,40429
321606,24808
321609,11509
321616,39930
321618,45022
321625,12097
321656,21773
321663,6358
321675,25936
321677,320
321713,37638
321729,41146
321731,25119
321741,13636
321798,26569
321820,4812
321824,25433
321827,11708
321834,1689
321847,42129
321913,40852
321914,24515
321918,5509
321936,28218
321945,42456
321968,25898
321978,38080
321979,42465
321983,3488
321984,3488
321986,41138
321988,1443
321992,2392
322000,42454
322010,32490
322022,30621
322048,9769
322051,38130
322053,36540
322072,36515
322074,36515
322077,36515
322080,36515
322098,7486
322103,11388
322106,20148
322114,20148
322126,16041
322139,25319
322141,25319
322169,30290
322177,805
322179,10172
322189,39930
322191,22311
322207,14769
322211,14769
322223,40736
322260,36867
322263,19982
322284,14818
322286,18086
322289,12552
322290,12552
322295,9162
322309,35572
322313,18504
322345,28904
322364,3812
322375,4485
322385,36540
322407,40761
322444,29868
322450,38130
322451,38130
322478,9769
322479,25936
322486,9769
322487,17535
322529,3058
322533,40913
322551,38172
322558,12140
322559,12140
322563,19982
322581,19982
322601,10960
322606,27855
322608,42536
322609,36540
322614,38130
322624,805
322627,24617
322634,23649
322674,36867
322682,6358
322683,35887
322691,39587
322700,14730
322702,14730
322717,427
322725,11450
322784,19982
322791,41294
322794,17481
322798,12097
322800,36515
322802,36515
322810,42589
322820,29868
322833,11511
322837,27099
322849,36515
322854,36515
322890,21054
322894,35388
322897,35099
322943,21054
322944,37722
322947,35388
322948,37722
322949,35388
322951,37722
322952,35388
322955,11867
322961,3790
322967,2817
322990,16508
322994,5836
323000,12097
323015,8413
323018,40747
323026,805
323040,2719
323046,24808
323048,42424
323050,30767
323051,30767
323061,30540
323068,28462
323091,31967
323092,5824
323113,22505
323132,28218
323135,14730
323136,14730
323138,14730
323146,39849
323152,42634
323157,20307
323168,40761
323176,28420
323181,12097
323184,29868
323201,42536
323216,2798
323231,6358
323233,40501
323234,5509
323238,14730
323244,8645
323247,21919
323250,919
323257,14144
323270,35099
323276,37399
323297,37722
323298,37722
323303,30369
323307,17230
323322,37722
323353,42536
323355,42536
323357,808
323374,29868
323377,40165
323381,42665
323391,22311
323398,42667
323400,17230
323407,42668
323422,9162
323439,12097
323440,24808
323442,16612
323450,7291
323452,37451
323468,36515
323478,7291
323495,17230
323520,37722
323521,37722
323525,37722
323537,632
323538,42695
323541,42695
323543,339
323545,42696
323552,37722
323564,32490
323572,7746
323574,5509
323576,35242
323594,1050
323624,36540
323683,37722
323687,14730
323693,3019
323695,14730
323716,12359
323733,40406
323752,22311
323763,17230
323805,12097
323806,12097
323808,1390
323811,11867
323813,20307
323822,5399
323840,14888
323845,36515
323853,42744
323854,27565
323865,1349
323891,11748
323894,10172
323902,42454
323907,42454
323909,42454
323910,42454
323932,14730
323934,42760
323937,42454
323957,7291
323978,254
323996,7250
324009,20148
324017,20307
324072,38146
324076,14730
324094,8960
324096,8960
324110,27779
324118,7620
324137,40755
324142,40755
324145,29693
324154,27779
324155,27779
324156,27779
324165,11002
324166,11002
324174,582
324233,805
324236,12342
324262,22468
324288,22468
324294,175
324295,35887
324300,42730
324302,42730
324304,40429
324315,42804
324318,805
324334,22531
324343,230
324344,7744
324349,14769
324351,42807
324352,230
324365,16709
324369,24148
324375,42212
324377,42454
324380,42454
324382,36540
324383,22199
324388,42454
324392,42454
324394,2970
324404,37722
324412,3812
324415,25546
324437,9162
324447,42818
324448,42094
324455,42827
324461,1829
324464,27051
324471,17230
324477,10172
324505,36465
324515,11832
324521,40416
324525,22452
324526,21919
324530,21919
324537,42836
324565,22311
324573,11867
324575,6752
324578,21919
324588,1666
324619,3269
324625,42856
324637,22311
324662,22531
324677,16663
324693,42454
324747,11832
324758,27276
324761,10064
324762,42454
324763,42454
324779,44995
324792,35510
324793,35510
324800,42887
324822,42892
324843,5764
324858,21054
324872,14730
324881,32490
324886,41975
324888,42902
324910,38102
324911,36771
324929,8180
324944,42920
324953,20932
324963,42927
324966,6606
324973,35887
324998,32036
325000,31418
325027,27813
325034,5429
325046,31372
325047,31372
325053,40852
325055,40852
325063,28281
325082,29537
325083,7968
325085,27813
325116,1352
325117,16135
325122,25898
325144,31564
325151,6547
325167,36540
325176,30589
325179,8494
325180,3812
325186,12164
325191,24000
325197,5739
325198,5739
325201,38427
325203,17230
325227,18268
325236,40252
325238,21919
325241,30550
325244,8206
325257,11462
325273,20009
325297,1088
325343,30589
325349,25325
325354,42988
325362,22468
325389,35131
325391,10172
325393,8320
325412,20932
325427,40852
325430,805
325439,24370
325471,42977
325477,11284
325508,36771
325513,17230
325517,2461
325520,805
325536,20221
325549,29868
325568,37722
325574,37722
325575,37722
325590,25433
325604,37722
325608,37722
325621,1390
325625,21919
325639,43040
325655,9008
325656,14188
325660,42977
325668,11517
325670,11517
325681,43020
325714,39890
325715,39890
325739,27181
325742,27181
325747,43069
325748,25103
325785,35887
325786,35887
325789,2796
325800,19982
325809,43082
325826,14730
325831,32094
325839,10064
325860,13212
325869,8076
325870,8076
325874,37270
325877,9162
325878,42872
325885,24073
325887,13212
325889,36302
325913,12752
325915,36540
325916,43123
325923,1247
325927,27813
325934,11748
325935,43127
325952,26743
325979,43143
325984,28462
325985,28462
325991,28462
326002,42221
326004,686
326007,35988
326020,41284
326037,17230
326041,42494
326043,16915
326044,21919
326051,21919
326052,21919
326063,40208
326070,21919
326073,21919
326077,11046
326089,686
326100,13212
326112,7649
326125,21919
326139,14730
326145,8193
326175,35060
326201,21919
326202,21919
326204,26124
326221,19789
326222,19789
326243,43001
326247,43001
326259,1005
326265,35243
326342,36771
326344,21919
326352,25319
326354,25319
326356,25319
326358,43007
326364,43186
326365,43186
326381,7746
326391,26743
326392,26743
326396,41243
326401,14443
326414,7486
326422,21919
326425,27779
326426,13212
326429,9769
326432,29707
326455,38172
326460,25319
326497,17230
326500,43215
326505,16709
326509,43217
326519,25319
326521,32420
326539,43165
326540,40208
326541,27813
326543,25319
326552,1098
326557,42856
326558,42856
326565,1084
326573,24808
326575,175
326578,30540
326584,21919
326589,17493
326590,1466
326596,32483
326597,22253
326606,9162
326613,805
326614,24814
326643,17230
326647,42883
326653,43237
326658,8694
326688,3812
326702,5824
326718,595
326721,1841
326723,29868
326724,38172
326725,38172
326759,29068
326763,21493
326765,320
326770,21919
326782,21919
326785,27620
326798,43183
326807,36465
326814,1422
326816,1422
326821,27620
326823,27620
326831,19767
326845,11517
326847,27620
326849,36540
326851,36540
326866,22311
326888,42160
326889,27620
326891,27620
326898,34779
326901,27181
326906,20307
326923,8163
326932,12097
326933,12097
326985,13610
326995,40387
327003,12097
327008,10413
327023,42868
327034,22330
327035,11849
327040,36465
327054,43343
327057,43343
327058,43343
327061,43343
327062,14730
327063,43343
327064,43343
327078,22468
327087,21840
327093,31179
327094,27813
327109,16843
327117,9162
327120,8694
327121,8694
327122,8694
327139,27813
327140,27813
327144,27813
327146,24073
327149,27813
327150,29068
327160,27620
327173,28172
327181,1957
327184,42927
327186,3903
327189,21919
327201,43394
327212,43398
327215,14156
327216,35580
327218,14156
327220,35580
327221,35580
327232,43400
327265,43304
327269,5829
327274,25764
327282,26755
327288,27813
327310,40416
327314,27620
327315,27620
327318,27620
327322,27620
327325,3488
327345,25936
327364,805
327365,21919
327381,20307
327390,805
327398,31324
327401,3025
327404,805
327429,22045
327431,38080
327438,24808
327448,21840
327459,4494
327466,4494
327477,35510
327488,38229
327492,8487
327527,16912
327529,43466
327540,42454
327541,42454
327542,42454
327543,42454
327563,21654
327566,27620
327572,11748
327573,13636
327574,1841
327583,11748
327585,42333
327593,10535
327614,29868
327624,5032
327638,29868
327640,5032
327643,5032
327650,20932
327651,20932
327652,5032
327665,5032
327671,27620
327677,18268
327692,43507
327694,1871
327702,25936
327704,25936
327708,35414
327714,27620
327716,27620
327717,27620
327719,10172
327755,43521
327757,28151
327765,23812
327766,43521
327768,12140
327780,18643
327785,805
327789,19788
327793,43523
327795,43466
327798,18643
327823,31324
327837,36465
327843,42454
327851,43537
327858,42872
327860,43540
327861,42872
327903,5429
327911,42454
327919,22311
327922,29337
327932,43558
327956,5594
327977,27106
327988,29032
327992,35414
327997,704
328008,704
328024,20009
328028,36454
328048,32483
328050,25936
328052,18643
328054,18449
328060,805
328062,25273
328077,43425
328079,250
328089,35414
328091,40852
328094,12097
328099,12097
328111,12097
328113,24808
328115,12097
328142,18192
328145,43560
328146,250
328148,43598
328155,30589
328169,43610
328179,29597
328187,22330
328206,5383
328221,10172
328255,930
328257,27813
328268,20858
328270,805
328274,4485
328285,35099
328288,43630
328355,919
328357,37381
328363,43640
328365,43630
328387,36106
328400,4764
328401,25392
328406,30765
328407,30765
328415,17230
328416,17230
328433,9112
328435,9112
328477,4479
328499,43666
328508,14144
328532,12097
328550,42514
328551,14144
328556,26124
328592,26415
328616,4015
328618,38130
328633,4812
328650,13944
328666,43700
328667,43700
328679,8694
328680,8694
328681,8694
328682,8694
328683,43706
328693,5429
328717,5429
328725,28904
328726,24819
328742,21919
328744,7968
328789,37632
328796,10675
328797,20486
328805,16508
328823,22311
328831,24808
328834,27403
328840,27620
328842,27620
328845,27620
328846,27620
328849,14249
328862,26352
328907,23918
328913,31418
328914,9162
328920,24808
328930,1352
328943,37313
328944,27813
328947,35131
328953,40023
328960,41442
328962,3485
328980,10421
328983,8451
328984,43750
328985,43165
328990,36465
328994,43664
329020,264
329021,13966
329028,27620
329031,43560
329033,38305
329035,24175
329038,27620
329047,30433
329048,27620
329054,27620
329055,27620
329057,27620
329100,5536
329105,28172
329116,11867
329120,3019
329124,28904
329140,919
329142,43183
329144,43183
329153,4485
329166,38172
329168,38172
329169,26089
329178,26593
329183,2796
329184,2796
329196,21919
329201,43779
329206,43779
329218,43783
329223,27620
329225,27620
329226,27620
329227,27620
329250,9608
329265,5824
329275,805
329277,22311
329283,7448
329285,7448
329311,27620
329313,5429
329375,30209
329376,30209
329383,43818
329385,9162
329470,31382
329490,26474
329516,43836
329556,43844
329560,25319
329571,38172
329604,5032
329620,29642
329621,43844
329633,43779
329644,29183
329645,25319
329649,25319
329651,20425
329652,20425
329655,805
329656,805
329658,25319
329660,25319
329664,25319
329666,25319
329668,25319
329670,25319
329674,16798
329676,25319
329678,25319
329687,34787
329693,805
329725,42094
329730,32490
329732,25184
329737,805
329741,7448
329749,14144
329753,40416
329755,805
329773,11748
329781,16596
329799,26474
329806,30433
329813,11355
329840,17230
329843,805
329858,28172
329882,12097
329896,23902
329898,13966
329915,5594
329922,31418
329931,22311
329944,42454
329946,28462
329947,40940
329954,14443
329959,8507
329962,27779
329969,3640
329974,4485
329987,17186
329994,20587
330006,40208
330013,3903
330051,42333
330062,13587
330081,43857
330083,30765
330085,4328
330097,805
330105,36312
330109,36312
330110,43930
330122,805
330125,43572
330163,11678
330175,11678
330182,32036
330183,11678
330184,41243
330187,43909
330208,40852
330218,40852
330219,40852
330222,41106
330258,26838
330272,3903
330279,43969
330285,43115
330348,36515
330397,43986
330430,5032
330431,32036
330436,5032
330443,14730
330447,5594
330455,5032
330471,32036
330472,5032
330489,39890
330491,582
330501,5032
330506,9394
330511,44003
330522,43909
330540,11748
330566,805
330567,6783
330570,21919
330572,24612
330574,19767
330576,10675
330585,14730
330599,3137
330603,36867
330644,39684
330651,44034
330652,44034
330660,38102
330674,43988
330678,44037
330685,38102
330690,4485
330696,40416
330699,22311
330702,22311
330703,43988
330704,44006
330709,43304
330732,2322
330734,44050
330748,44044
330764,2798
330768,24808
330786,27620
330807,22311
330822,22311
330826,22311
330833,14144
330837,307
330839,44064
330844,26124
330863,7448
330866,35531
330867,35531
330872,44075
330873,43304
330915,18179
330919,30540
330934,22311
330946,32483
330986,43920
330997,17230
331000,5429
331006,43750
331009,40429
331015,40429
331017,40429
331028,44102
331030,40429
331043,6783
331046,11867
331048,20009
331081,8141
331082,24568
331103,805
331114,805
331142,44126
331143,29209
331144,14144
331158,17908
331159,44127
331174,16282
331189,44105
331199,42132
331200,42132
331213,3640
331217,24808
331242,9394
331252,42609
331257,44144
331262,17908
331267,37632
331271,11748
331289,17230
331296,12097
331300,34638
331306,17230
331313,30765
331321,43273
331338,11748
331340,11748
331342,11748
331344,11748
331350,14144
331351,14144
331382,44173
331389,10977
331398,43877
331403,44177
331407,27747
331435,31564
331449,43824
331457,2020
331461,28221
331468,44189
331477,24808
331498,23607
331530,17908
331533,44206
331542,30413
331586,25433
331593,44217
331599,12279
331606,1820
331609,8632
331621,18192
331626,30540
331628,20092
331654,40077
331676,44181
331709,43877
331723,27962
331731,5795
331771,43304
331775,43328
331777,44268
331781,2798
331786,17297
331794,2798
331803,16282
331835,37363
331865,16915
331867,16915
331896,4812
331924,21919
331929,31007
331936,44191
331940,12097
331978,39630
331985,37632
331988,20363
332022,39630
332030,43877
332051,44236
332054,43750
332064,10386
332101,42514
332108,19789
332109,19789
332115,22228
332118,19789
332144,2798
332147,43877
332160,43877
332163,26474
332169,26474
332173,26474
332186,930
332199,930
332207,5429
332215,41317
332233,3058
332234,44330
332272,36284
332284,11697
332291,22531
332294,11748
332302,17230
332303,28940
332306,38172
332328,42514
332338,805
332352,805
332371,21919
332393,44350
332397,21919
332401,21919
332408,41317
332410,21919
332427,14671
332433,40416
332439,17230
332440,8694
332441,8694
332442,8694
332444,13325
332447,39806
332449,44362
332456,8487
332462,27620
332467,930
332472,44367
332508,20663
332509,20663
332533,34
332537,41403
332547,307
332548,43273
332555,16709
332557,16709
332562,20587
332566,5836
332570,930
332578,41317
332593,28740
332601,2940
332604,29758
332612,21928
332625,36574
332638,16175
332643,16938
332663,26569
332664,615
332667,8694
332709,28172
332718,44416
332726,30413
332733,28172
332755,44422
332757,13636
332758,29973
332761,42843
332766,20085
332801,44129
332807,31564
332811,27051
332841,25319
332854,16294
332857,44440
332871,8694
332897,43645
332906,24073
332912,44429
332940,43645
332957,3572
332965,11790
332967,44368
332976,9394
332985,307
332986,30765
332987,44443
332988,30765
332989,30765
332990,30765
332993,44443
332994,44443
332995,44443
333002,44458
333009,20587
333017,5946
333019,5946
333028,43877
333039,44435
333043,30433
333056,17186
333058,930
333067,17192
333069,26743
333076,34935
333082,34935
333088,43155
333095,31420
333103,43560
333119,43304
333131,27962
333152,13312
333158,27813
333161,28218
333165,43560
333166,35750
333202,10217
333211,35510
333220,29825
333228,21746
333231,39630
333237,39630
333240,6606
333248,37483
333299,26163
333321,21654
333327,3920
333329,28377
333333,28384
333342,4239
333362,23820
333373,30540
333377,930
333387,4479
333414,24457
333426,43877
333429,44512
333445,11748
333453,8694
333454,8694
333455,8694
333456,8694
333457,8694
333458,8694
333463,930
333500,11748
333504,11748
333506,11748
333511,23918
333518,26743
333522,28384
333532,44523
333541,19767
333556,17688
333564,26569
333573,20932
333578,44451
333584,44534
333585,44534
333618,35959
333668,6552
333694,44548
333730,25119
333737,805
333761,22311
333791,24568
333802,27403
333803,27403
333804,27403
333805,27403
333806,27403
333811,12097
333835,5946
333836,13702
333871,43307
333875,8694
333876,8694
333886,2975
333887,12097
333894,44572
333895,5113
333908,24808
333913,805
333930,10386
333940,27403
333944,38080
333962,805
333967,44581
333968,44582
333975,44451
333977,26780
333982,4812
333993,42952
333997,14730
334022,16922
334023,6579
334033,41317
334061,8076
334070,16723
334079,595
334087,11748
334089,40208
334093,930
334176,44615
334196,5493
334208,35195
334211,36540
334219,805
334228,805
334258,2970
334265,12097
334274,17493
334298,28384
334304,27403
334320,7770
334322,38172
334328,30201
334349,40917
334350,44373
334357,43067
334370,44651
334379,13212
334397,805
334398,44373
334417,11748
334421,6747
334432,20079
334439,44670
334469,13212
334485,14163
334493,44269
334515,8494
334516,8494
334525,8694
334556,7291
334591,44703
334635,16498
334638,17297
334655,17230
334659,5084
334692,7968
334701,9162
334702,28740
334711,42609
334743,17192
334749,35510
334751,8645
334752,8645
334756,42356
334759,30765
334760,30765
334761,30765
334771,9253
334775,43877
334780,16891
334782,27813
334784,17230
334795,29109
334798,27813
334799,8645
334805,44269
334819,44739
334837,13212
334840,13212
334856,38457
334861,37155
334880,22156
334882,14038
334893,22409
334917,10688
334935,11790
334940,27813
334952,43868
334968,44760
334974,44760
334979,34792
334985,31324
334986,595
335003,37631
335007,27403
335019,43404
335021,29226
335023,10829
335035,41317
335044,44561
335048,27813
335049,2940
335051,2940
335052,2940
335066,17230
335068,17230
335080,29868
335094,27813
335095,9169
335096,27813
335101,27813
335103,27813
335105,41317
335108,18563
335109,44760
335114,32091
335115,27813
335119,44782
335132,8645
335138,25319
335161,38329
335180,18063
335185,36302
335188,4479
335201,2940
335233,3269
335257,44805
335258,44807
335272,14163
335274,44760
335279,22468
335283,18073
335327,44816
335344,35582
335345,35582
335378,28740
335382,9253
335395,1349
335410,5323
335414,44126
335415,31488
335417,43877
335423,5323
335467,42668
335468,44269
335481,44843
335547,31372
335549,44861
335559,31372
335562,31372
335564,31372
335566,31372
335571,31372
335576,31372
335581,44797
335586,17362
335632,31372
335646,36575
335648,42176
335661,22330
335663,11790
335670,7291
335677,11790
335681,10688
335694,20932
335697,44269
335698,12359
335705,16220
335724,7291
335738,40486
335765,8141
335766,8141
335770,20109
335775,8141
335779,3488
335789,44894
335792,40416
335801,44894
335809,36391
335813,42556
335814,28288
335829,44144
335841,43560
335862,28288
335879,12097
335904,43750
335911,10172
335926,44914
335929,2719
335957,9219
336000,16041
336002,7244
336011,827
336047,10172
336056,40691
336058,17147
336061,24808
336065,10172
336066,44933
336067,10172
336069,10172
336072,10172
336081,21919
336085,21919
336098,11748
336109,12097
336114,25319
336117,43560
336143,8694
336145,8694
336146,8694
336148,25319
336153,24808
336167,20307
336177,25319
336180,25319
336182,805
336189,12872
336191,12872
336193,4812
336196,25319
336205,16203
336210,8464
336231,27403
336236,32332
336239,27813
336248,3293
336258,22088
336259,10823
336264,22088
336265,22088
336271,27813
336273,14730
336279,9162
336283,27813
336297,43464
336300,17908
336304,17908
336328,45002
336340,9162
336343,44760
336353,32420
336364,9162
336384,8694
336401,39890
336409,31418
336412,2860
336431,26946
336433,42887
336438,35750
336445,8694
336446,8694
336447,8694
336463,24073
336467,8464
336472,805
336491,12140
336497,2322
336503,4426
336509,20574
336510,20574
336514,38457
336543,9162
336545,44624
336547,44624
336549,44624
336566,26776
336574,43824
336582,30161
336583,45053
336590,38227
336624,32490
336640,28740
336644,9162
336647,28218
336649,38080
336670,9162
336676,16922
336698,27028
336720,28740
336727,43891
336754,38130
336775,34779
336779,34779
336782,44760
336789,44760
336794,29109
336853,805
336873,5323
336906,805
336911,45103
336920,20932
336924,22253
336927,22253
336943,21919
336947,9162
336958,7448
336960,18528
336965,609
336975,588
336977,40740
336984,588
336991,11355
337000,4278
337017,17908
337020,17908
337042,22088
337045,22088
337049,26223
337064,8451
337065,8451
337074,36302
337077,32085
337104,17908
337107,4812
337119,10389
337120,44760
337122,45123
337123,45123
337128,23918
337138,5323
337141,5323
337145,5323
337146,5323
337147,5323
337170,36771
337207,31564
337211,31564
337215,30767
337226,44939
337229,10217
337237,34863
337244,4485
337258,22253
337269,16915
337270,16915
337285,2020
337323,25170
337326,35777
337337,805
337349,20307
337393,31774
337397,26553
337400,27779
337410,27779
337412,28740
337428,2000000001
337450,44939
337456,45005
337462,1512
337467,38227
337472,45197
337493,31474
337499,31418
337502,22088
337513,35750
337540,45170
337544,17230
337551,17877
337554,44268
337564,43334
337566,43334
337575,5646
337576,5646
337580,22311
337587,8006
337591,12545
337596,11511
337597,11511
337598,11511
337613,44903
337628,42632
337633,22359
337639,28986
337666,45243
337686,45085
337687,14188
337709,45248
337736,42768
337737,8141
337750,11352
337753,8141
337764,44189
337768,45260
337786,11355
337790,8451
337800,11522
337809,41650
337812,16041
337815,230
337844,230
337850,930
337904,17230
337915,40917
337926,44269
337930,44760
337938,8
337949,45290
337970,27962
337999,45297
338028,8204
338029,45022
338041,6244
338049,45022
338050,45022
338051,45022
338052,45022
338053,45022
338054,45022
338055,45022
338056,45022
338058,45022
338059,45022
338060,45022
338061,45022
338062,45022
338063,45022
338077,28825
338092,45312
338094,37632
338097,7291
338099,36867
338100,36867
338108,25259
338119,38005
338120,38005
338123,44451
338127,930
338131,45317
338134,11272
338140,29070
338144,19767
338156,44939
338191,25433
338197,45065
338199,12097
338201,27403
338218,45333
338227,37632
338230,37632
338245,8013
338249,45338
338251,22387
338252,22387
338256,45347
338266,5003
338276,45073
338279,5003
338284,5003
338286,5003
338294,45352
338305,25319
338309,25319
338313,25319
338317,25319
338321,16922
338335,8141
338357,8141
338361,8141
338368,10172
338374,45073
338375,45375
338376,45073
338403,10591
338472,36465
338473,45082
338486,12097
338502,8694
338503,8694
338560,40501
338564,40501
338570,45347
338581,23918
338600,22311
338608,23918
338615,3019
338631,39997
338632,16140
338636,930
338641,43304
338645,20307
338652,31324
338654,43155
338680,10675
338681,44939
338684,27403
338695,28393
338707,45421
338720,36680
338722,25319
338726,27434
338727,27434
338733,45423
338774,4485
338776,29497
338781,4764
338785,196
338787,17908
338794,40917
338798,6552
338802,45434
338878,40917
338901,30172
338931,45439
338939,24073
338953,43750
338971,35158
338975,11867
338976,12097
338978,12097
338981,8141
338983,17007
338991,14382
338998,42632
339003,14382
339012,14382
339022,20574
339030,45458
339053,45005
339056,45462
339064,27403
339075,45005
339077,42454
339079,5829
339084,30859
339095,28172
339098,45415
339113,26336
339118,45005
339125,27403
339131,45411
339136,45411
339143,45482
339166,4351
339169,45477
339186,42987
339193,27051
339195,40206
339196,27051
339203,42987
339228,45347
339235,1356
339265,40917
339280,39890
339293,45391
339295,40206
339306,21200
339308,40206
339322,44451
339327,27403
339333,930
339342,9162
339370,7616
339372,4673
339385,12765
339437,31375
339462,5429
339468,2631
339469,42632
339483,37632
339489,27813
339492,40917
339493,9162
339526,27403
339531,26557
339541,5480
339546,43889
339561,27813
339572,26027
339578,264
339589,3920
339598,40206
339603,38172
339618,2798
339620,32091
339624,27838
339633,805
339639,35564
339665,45240
339668,4812
339678,4812
339681,16041
339690,603
339699,45338
339702,44939
339705,31564
339742,42632
339743,42632
339746,11279
339747,2860
339771,24617
339775,17908
339786,11667
339788,41317
339790,17230
339795,31363
339798,44096
339836,930
339837,805
339839,44451
339848,7746
339856,37632
339861,25319
339864,25319
339865,16596
339866,16596
339867,16596
339870,25319
339882,28986
339887,14188
339890,14188
339892,1084
339911,6142
339926,2719
339928,45529
339931,31324
339935,45578
339938,45352
339939,45352
339962,45584
339967,32467
339974,11887
339978,4140
340002,38231
340003,38231
340004,38231
340005,38231
340006,38231
340007,38231
340013,38231
340014,38231
340025,1354
340036,21919
340040,42987
340042,14730
340044,14730
340051,37585
340053,2798
340070,23619
340073,24073
340076,45605
340096,43922
340100,41317
340102,27070
340107,35925
340108,45539
340111,27813
340125,14806
340130,14806
340162,24073
340165,45622
340182,1320
340224,4812
340246,14163
340254,44269
340261,35158
340314,31324
340316,44764
340318,44764
340323,10515
340327,24808
340343,179
340348,179
340357,44451
340361,44451
340364,44451
341375,45652
341391,16922
341392,42424
341397,34658
341410,36796
341413,36796
341428,45665
341435,12097
341444,29367
341447,6142
341462,12097
341474,13138
341479,21424
341484,5323
341490,37403
341502,5594
341504,45518
341520,16915
341521,16915
341522,45683
341528,31261
341541,45686
341569,1443
341599,45696
341621,7291
341624,264
341630,7291
341631,41132
341639,7291
341668,7448
341684,36462
341692,21357
341705,21054
341715,16882
341738,8141
341774,7291
341781,45608
341783,28986
341787,28986
341789,28986
341790,28986
341798,11867
341805,45654
341806,3058
341813,43304
341851,8694
341852,8694
341862,44451
341874,7291
341878,42356
341885,44451
341888,7291
341894,7291
341919,8137
341947,8141
341950,7291
341961,11272
341967,7291
341978,43560
341997,8076
342007,31372
342025,21919
342027,29130
342040,14888
342050,23632
342056,8694
342058,35510
342070,8694
342084,25816
342110,21357
342113,22468
342121,8413
342124,21737
342137,4812
342138,20657
342142,20657
342145,44451
342148,44451
342150,44451
342156,45764
342178,22468
342179,32420
342196,24808
342224,45339
342228,22311
342229,21919
342251,34
342264,45720
342267,45658
342269,27813
342273,6386
342274,2325
342275,10760
342278,7787
342287,30540
342289,30540
342321,24205
342341,41442
342342,43534
342345,45785
342356,8141
342379,2039
342383,2039
342385,2039
342387,6606
342391,28664
342398,16041
342403,40416
342405,30540
342406,45722
342407,37640
342416,16041
342419,10747
342426,16663
342427,919
342432,17186
342467,35591
342469,45810
342478,20932
342484,11748
342489,11748
342496,595
342497,595
342508,8141
342511,8141
342513,8141
342516,8141
342517,8141
342521,8141
342550,11609
342556,29695
342583,11867
342589,17908
342596,4337
342597,10414
342601,32036
342604,22311
342608,8694
342609,8694
342615,8694
342622,45818
342626,30540
342635,12140
342637,26352
342641,30540
342642,8267
342643,8267
342644,22468
342645,22468
342651,36566
342654,45832
342658,44760
342659,36796
342673,31324
342687,45745
342709,930
342711,35434
342714,2860
342715,45065
342720,7291
342723,45841
342727,30540
342731,31975
342749,43750
342770,28172
342775,40755
342780,28183
342815,14760
342845,9162
342846,19982
342850,19982
342862,45065
342895,8141
342900,5594
342907,26415
342910,45869
342911,38172
342925,45022
342926,21919
342933,44965
342934,21919
342936,4607
342940,21846
342942,14038
342950,37640
342972,7244
342992,36155
342997,36155
343002,45763
343006,9608
343007,9608
343021,40091
343024,9162
343027,71
343035,45822
343044,35080
343091,22199
343099,5505
343132,8076
343137,14730
343139,13234
343142,2719
343143,45788
343168,20307
343173,930
343176,28740
343184,44760
343187,43750
343194,26338
343206,11887
343223,31564
343224,45916
343230,44760
343249,23878
343251,6491
343252,21919
343258,16843
343263,8451
343270,4485
343273,3019
343276,40501
343278,45480
343284,38005
343289,18244
343309,7244
343312,40501
343315,44191
343320,45221
343328,21846
343332,30201
343340,11748
343361,30413
343382,5795
343388,12572
343393,5429
343397,36796
343399,24869
343403,5823
343404,24869
343406,13212
343408,6738
343409,6738
343415,7448
343424,196
343427,43956
343432,4812
343436,5927
343438,24257
343444,5927
343451,30676
343452,30676
343458,30676
343460,11756
343463,7291
343469,4715
343478,7448
343482,25259
343489,32036
343496,38086
343507,45788
343511,31466
343516,31466
343517,31466
343520,31466
343522,31466
343525,31466
343527,31466
343530,31466
343532,31466
343534,31466
343536,31466
343538,31466
343550,42630
343551,5927
343564,7418
343568,45980
343575,5927
343578,36312
343580,43560
343582,11355
343586,11355
343588,45654
343590,31466
343592,31466
343595,40852
343597,40852
343600,26130
343602,36077
343614,42630
343618,45654
343622,45990
343625,45993
343635,28664
343639,27183
343646,4485
343647,4485
343657,20932
343668,46006
343683,30209
343706,24808
343712,5238
343729,36499
343736,43805
343745,12542
343754,36771
343758,36462
343768,46006
343781,46006
343784,46006
343785,46006
343792,28786
343796,46006
343809,36540
343811,24808
343851,930
343853,11462
343858,11462
343867,40438
343877,40120
343886,22311
343887,24457
343899,29109
343906,29879
343913,46045
343937,11748
343944,45629
343945,22505
343946,22505
343947,22505
343948,22505
343962,930
343966,812
343979,27276
343983,28664
343986,19883
343994,32085
343995,37585
343997,37585
344009,37186
344018,43877
344021,16843
344051,13538
344056,22468
344073,11748
344083,36540
344085,28740
344097,7515
344102,36540
344108,919
344111,11748
344160,12097
344178,29137
344184,26959
344192,37313
344223,1036
344225,40104
344240,22468
344247,46086
344265,3640
344293,46094
344294,46094
344295,46094
344297,46094
344299,31661
344300,46094
344321,37751
344322,14066
344352,17045
344353,17045
344362,41203
344366,28218
344376,11522
344379,30540
344382,40208
344402,2970
344403,37226
344413,44760
344414,44760
344430,45763
344434,17493
344439,23918
344440,23918
344449,17493
344457,17493
344461,17493
344495,8694
344499,24808
344502,46130
344506,930
344510,930
344512,20775
344523,44967
344531,36575
344540,36796
344541,36796
344543,37585
344545,44760
344551,40917
344559,805
344581,18419
344584,42632
344589,5679
344593,22468
344601,11887
344613,3019
344622,29600
344634,8413
344642,46134
344680,36796
344682,36796
344688,31314
344693,7244
344705,7244
344716,4681
344723,22387
344737,46150
344761,10172
344766,36796
344776,31243
344788,46163
344791,46094
344801,46042
344806,11756
344807,27327
344822,10594
344823,46094
344830,37751
344847,37751
344862,3000
344865,27813
344868,27403
344869,27403
344885,44189
344890,44189
344894,46053
344896,44760
344906,35735
344908,35735
344911,35735
344918,38172
344932,46191
344947,35591
344950,35591
344952,27477
344960,595
344969,29600
344982,14154
345005,4401
345014,6649
345039,27684
345065,12140
345066,12140
345070,28545
345080,11748
345088,9287
345102,9162
345104,9162
345105,46094
345109,27747
345126,37585
345127,46220
345128,13525
345129,27813
345132,37585
345135,37585
345141,27813
345151,686
345159,8694
345164,27813
345168,27813
345183,307
345184,46168
345185,46168
345186,31612
345191,27813
345193,27813
345195,3172
345196,3172
345198,16275
345200,16275
345201,27813
345203,16275
345213,28740
345215,44760
345241,46168
345258,2719
345272,41326
345287,36540
345290,45277
345292,28183
345293,28183
345295,35564
345298,15972
345310,36540
345333,27911
345340,10172
345343,44760
345347,27911
345352,4485
345362,27911
345386,20932
345398,595
345408,7620
345412,4485
345414,17493
345439,37416
345441,21654
345442,21654
345443,21654
345448,31661
345458,5032
345461,44862
345462,44862
345464,6491
345467,42333
345469,930
345471,44862
345476,7244
345480,13158
345483,14154
345485,46267
345493,22468
345509,20307
345512,36733
345516,36733
345517,25392
345521,6781
345551,30676
345553,25640
345561,45434
345562,45434
345563,45434
345565,45434
345566,45434
345567,45434
345569,45434
345571,45434
345575,14066
345591,11756
345598,20307
345602,20307
345603,20307
345612,20307
345616,41552
345621,1036
345622,19762
345624,19762
345633,37585
345634,7244
345637,46283
345644,37540
345645,37540
345646,37540
345647,37540
345649,37540
345650,37540
345658,43719
345667,7649
345673,7448
345675,7448
345679,28740
345689,6649
345710,9162
345711,9162
345712,46300
345713,21493
345714,9162
345715,45140
345718,9162
345721,9162
345722,9162
345723,9162
345724,39771
345733,36312
345738,42025
345742,5429
345748,45907
345751,8694
345766,22468
345768,18391
345771,2461
345775,14188
345777,22468
345798,22468
345801,44760
345816,44965
345827,9162
345829,4812
345832,4812
345836,4812
345838,4812
345839,9162
345841,9162
345846,41326
345853,9162
345857,9162
345858,9162
345860,35750
345861,9162
345874,27181
345875,27181
345877,11748
345902,22468
345914,22468
345940,39890
345951,27327
345953,43805
345960,35750
345969,22377
345973,11748
345977,11748
345989,8694
345990,8694
345993,11748
345997,9112
346011,11342
346029,2975
346030,2975
346034,930
346051,11748
346093,30385
346098,10067
346123,7448
346124,7448
346125,7448
346127,27495
346134,37076
346135,37540
346136,43645
346137,37540
346138,37540
346139,37540
346140,37540
346147,27403
346151,23607
346161,44293
346164,28740
346177,42062
346199,46366
346224,22468
346234,26194
346249,41243
346255,46134
346266,46134
346283,43610
346284,43610
346297,25184
346306,14006
346307,22311
346315,17322
346344,46402
346386,43805
346387,24689
346391,40761
346433,30385
346436,22199
346443,26956
346445,21919
346461,45767
346466,22559
346499,13128
346504,44469
346506,44469
346507,44469
346510,29070
346513,4836
346514,45076
346521,23607
346524,1098
346529,40761
346531,9162
346541,22468
346549,45434
346565,46444
346566,3903
346579,35099
346584,7250
346592,28740
346627,8976
346628,20921
346650,31661
346653,40998
346672,21919
346674,36277
346710,2921
346724,45157
346744,46472
346765,2719
346791,9162
346801,930
346803,12542
346805,24617
346807,36796
346819,35735
346820,44431
346821,41781
346829,24457
347836,24073
347849,14188
347853,46494
347862,45716
347870,22311
347873,9162
347877,9162
347884,37311
347885,37311
347889,13950
347918,40438
347943,8976
347944,27403
347948,29367
347949,29367
347954,30494
347956,44939
347958,44862
347959,44862
347960,44862
347961,44862
347963,44862
347965,44862
347969,22468
347974,43560
347978,22311
347993,11668
347999,44862
348008,21919
348011,11867
348016,36465
348018,7397
348021,4485
348025,11462
348028,7397
348040,19762
348049,18152
348057,24617
348064,24617
348068,24808
348070,22468
348102,22468
348122,42556
348125,40880
348130,5321
348138,588
348160,1098
348167,23840
348171,32036
348181,12786
348188,12097
348193,36126
348204,46423
348205,46423
348206,1512
348215,16596
348228,12147
348230,12147
348232,12147
348243,25538
348247,25538
348256,44469
348267,26553
348268,26553
348270,26553
348279,26553
348285,5731
348288,28386
348289,30540
348300,13128
348314,27779
348329,7250
348339,14154
348340,27813
348354,45148
348357,3167
348358,3167
348371,40852
348373,36540
348392,28053
348397,45434
348428,6141
348430,46570
348432,74
348448,45745
348452,16606
348457,14382
348468,22468
348512,16111
348523,8413
348564,26553
348580,5429
348591,14382
348607,21160
348610,24617
348617,12752
348634,30540
348637,9162
348642,40852
348656,6738
348659,39997
348662,46619
348665,42632
348692,44939
348722,11462
348727,17192
348731,37540
348732,37540
348741,31152
348742,37540
348743,37540
348748,10172
348788,11289
348792,43343
348794,13041
348798,31428
348816,6497
348817,6497
348823,22468
348833,27813
348846,27962
348857,38172
348863,6153
348864,12765
348870,930
348886,6072
348909,43805
348915,43805
348924,28288
348926,37363
348929,930
348940,14154
348954,45580
348965,22468
348970,10172
348977,13950
348978,36809
348981,6072
348982,44224
348983,7397
348991,39997
348993,16127
348997,46669
349006,805
349016,10675
349023,11887
349030,46691
349031,14154
349036,14154
349039,14154
349040,14154
349041,46173
349043,10329
349045,14154
349046,14154
349052,14154
349054,19762
349055,26553
349056,26553
349058,46695
349062,7397
349076,27403
349080,22468
349081,10172
349090,27813
349116,14154
349120,28183
349122,28183
349137,44760
349172,30451
349178,38173
349179,45268
349195,43135
349201,30201
349214,46134
349216,46134
349223,11748
349229,28740
349245,22468
349248,46134
349257,46134
349268,29068
349269,29068
349276,38173
349283,4485
349316,43805
349322,24617
349330,25319
349335,41871
349340,8076
349349,22468
349362,25319
349365,25319
349367,25319
349369,46538
349374,25319
349380,25319
349382,25319
349387,7250
349388,41871
349403,22468
349421,22199
349433,16915
349434,16915
349435,16915
349436,16915
349443,6153
349445,16596
349467,31171
349480,44469
349484,8694
349498,14154
349500,27813
349506,1349
349512,27782
349515,38173
349518,3137
349530,442
349538,17230
349570,17230
349595,44760
349604,25125
349627,1935
349633,27813
349641,25319
349647,38172
349653,38172
349660,44847
349662,27813
349674,25319
349684,13966
349693,41030
349696,35916
349697,10958
349698,10958
349699,6141
349708,27813
349714,27813
349723,11708
349730,27813
349740,10675
349743,32036
349744,25125
349745,44469
349750,22468
349757,22311
349759,31363
349767,36771
349774,36229
349777,11748
349779,39851
349792,27813
349799,27813
349812,46815
349823,1248
349825,19692
349839,26593
349846,24617
349870,41871
349878,30540
349881,30951
349894,12097
349905,30951
349908,24808
349943,42062
349956,46757
349959,43534
349965,41289
349984,2795
349991,28172
349994,40104
349996,37896
350025,46858
350032,37655
350054,27433
350068,27433
350087,28740
350096,28740
350120,4485
350123,582
350127,14188
350129,6579
350135,13770
350141,37188
350161,43890
350166,22468
350170,41871
350181,7555
350184,35099
350198,12808
350203,31152
350209,22311
350212,32125
350217,25319
350234,43046
350249,22468
350276,12765
350289,5264
350291,5264
350303,7290
350333,27433
350380,1349
350383,45511
350392,6579
350401,26553
350410,26724
350424,22468
350432,22468
350485,2328
350486,2328
350490,10117
350499,7376
350514,11748
350535,5339
350536,5113
350537,5113
350570,20587
350572,20587
350599,30589
350628,22468
350644,3017
350649,13525
350659,28462
351663,47958
351666,47958
351673,47959
351681,26272
351688,22468
351693,47964
351705,7376
351715,7376
351728,47971
351749,26743
351762,36575
351771,46824
351772,46824
351773,46824
351774,46824
351777,4426
351783,7898
351790,40833
351792,47971
351795,31152
351825,6153
351826,6153
351839,44451
351843,47971
351866,29911
351867,290
351935,27028
351938,27028
351967,36312
351978,582
351979,11091
351996,40582
352018,43805
352037,8196
352040,23918
352044,31321
352045,31321
352046,45856
352056,11748
352058,30451
352059,21919
352064,45434
352065,20943
352090,6153
352092,11748
352093,48037
352114,35735
352120,11867
352142,43805
352160,14382
352166,43805
352183,44114
352204,36771
352253,5339
352254,40852
352271,43560
352298,20030
352314,16843
352318,10823
352341,16843
352343,16843
352359,43560
352363,19982
352370,1538
352381,28940
352388,27813
352390,26069
352394,45065
352431,20921
352450,48007
352476,7397
352482,46134
352494,27028
352501,29068
352503,22161
352504,29068
352508,11355
352525,5083
352551,4553
352563,22468
352585,29068
352596,4812
352598,4812
352601,39953
352602,795
352613,26950
352620,28462
352637,44650
352647,930
352649,14896
352664,46417
352676,25319
352683,10172
352689,25319
352692,25319
352694,25319
352703,46900
352704,46900
352708,5505
352717,48151
352759,29130
352768,45065
352782,48164
352794,22161
352809,13952
352845,11867
352854,12147
352855,12147
352863,7746
352865,7746
352880,48186
352892,31564
352899,588
352918,29068
352926,36540
352930,36540
352932,48193
352939,31243
352943,31243
352944,30589
352957,10172
352966,27838
352967,2798
352978,14154
352981,36602
352988,11748
352990,11748
352996,11748
353002,43135
353011,6153
353013,6153
353019,22161
353022,11887
353027,2040
353031,47988
353032,31363
353036,26356
353039,26352
353048,48218
353054,48218
353061,45628
353109,44845
353112,588
353115,588
353120,588
353135,588
353192,28740
353197,27838
353200,2798
353201,48249
353212,930
353218,27099
353229,25
353239,45065
353274,2798
353278,27099
353284,31152
353301,930
353315,48271
353326,46900
353339,42494
353363,7397
353378,36540
353383,22468
353386,11748
353411,30540
353412,48088
353417,22468
353422,2719
353430,4812
353459,28218
353463,4479
353466,253
353478,46643
353485,22161
353490,22161
353502,41289
353505,37063
353506,41289
353513,43884
353522,44469
353530,31363
353538,27540
353542,48321
353550,19762
353570,30695
353610,7898
353616,13797
353641,12765
353654,12566
353657,48341
353659,30433
353670,31661
353671,31661
353673,28386
353686,46134
353715,17230
353726,13989
353734,44340
353746,11046
353749,9568
353768,48364
353774,28448
353780,31372
353785,14888
353793,48369
353812,46134
353815,46134
353845,7746
353846,7746
353858,45434
353862,29850
353876,46134
353880,11887
353891,8196
353916,27813
353918,42609
353920,40761
353922,13952
353923,13952
353925,13952
353926,13952
353928,13952
353929,13952
353930,13952
353932,13952
353949,8076
353952,48398
353970,17230
353981,48401
353989,26743
353992,21919
354001,40416
354007,5264
354013,31372
354017,31372
354066,17230
354071,43750
354073,14888
354079,43750
354106,46134
354124,6153
354131,27575
354133,27575
354157,16444
354158,19762
354162,37226
354166,19883
354174,48417
354177,8413
354179,41220
354195,19762
354206,26743
354222,7397
354260,46925
354280,46925
354289,2970
354294,582
354304,27813
354305,22468
354313,27099
354322,36451
354325,34874
354327,34874
354331,34874
354339,13950
354340,588
354344,10067
354349,9394
354353,36979
354361,159
354366,47971
354367,47971
354369,6487
354373,6487
354378,19883
354388,31563
354402,8645
354409,19762
354411,44469
354412,19762
354418,44469
354466,44417
354474,7397
354484,22468
354496,10960
354501,37451
354512,12765
354516,46523
354553,48461
354559,41530
354567,4479
354582,35873
354607,21521
354633,48136
354635,13107
354651,44269
354657,46134
354659,46134
354668,46427
354671,45434
354673,45434
354684,26223
354686,26223
354692,48369
354701,48432
354702,36540
354735,9330
354742,12140
354745,45065
354752,43384
354757,46671
354758,30676
354760,30676
354788,43384
354789,43384
354798,4812
354816,13950
354817,13950
354819,46494
354839,46494
354841,2999
354854,20943
354856,48528
354858,25119
354879,17630
354880,8289
354903,8076
354912,48506
354922,2175
354923,2175
354943,21919
354945,48506
354962,2328
354972,48554
354981,46086
354991,4116
355016,41172
355017,16596
355018,41172
355024,8267
355050,44731
355052,13122
355062,21527
355065,37942
355072,19762
355074,26223
355075,26223
355076,26223
355084,30494
355122,36229
355167,26956
355182,5264
355196,19883
355211,3903
355220,36229
355221,36229
355223,16444
355233,21919
355236,28218
355240,17459
355243,29817
355244,21919
355254,41146
355330,12765
355334,39630
355357,46643
355405,28218
355407,35907
355417,28518
355418,28518
355419,42589
355436,37188
355453,44760
355456,38241
355466,44760
355481,17288
355486,10633
355495,40120
355502,41172
355506,1443
355511,48366
355521,40120
355547,31661
355571,9330
355581,48669
355589,37311
355592,21335
355596,5339
355605,10968
355612,16444
355616,43889
355617,25119
355618,3364
355619,3364
355621,40880
355646,21919
355654,34779
355667,43681
355682,1349
355694,48680
355711,7397
355723,19762
355724,13950
355746,32018
355749,39630
355751,13950
355755,39630
355760,46643
355771,29617
355772,45434
355773,609
355779,37661
355794,930
355817,28791
355818,36229
355821,48706
355826,7258
355829,14196
355835,14196
355844,43384
355854,43384
355869,19762
355886,10172
355890,22468
355901,32068
355902,6512
355910,39890
355911,39890
355917,8196
355918,8196
355938,4485
355949,48733
355952,18163
355954,11756
355955,18268
355959,29068
355960,12097
355961,29068
355964,28462
355968,43889
355976,36444
355985,21919
356023,14188
356025,21919
356028,21919
356033,8067
356040,39890
356041,45628
356072,43805
356078,41146
356080,27684
356093,12765
356109,46134
356112,27684
356119,31363
356126,27684
356127,27684
356128,27684
356129,27684
356130,27684
356131,27684
356134,27684
356135,27684
356136,27684
356137,27684
356138,27684
356139,27684
356140,27684
356141,27684
356149,930
356155,27494
356157,37540
356160,43750
356187,28746
356223,8413
356233,46134
356234,40946
356239,46134
356243,46134
356247,21919
356248,21919
356254,36229
356258,36229
356259,36229
356261,36229
356265,26567
356290,19762
356293,8413
356299,4485
356300,26205
356301,26205
356305,36229
356311,21167
356314,20656
356317,36229
356321,36229
356335,20307
356354,36444
356357,29137
356361,36229
356374,20307
356376,3117
356379,48595
356391,930
356392,27684
356393,27684
356396,38427
356404,48277
356432,48790
356434,31420
356438,7397
356442,28288
356470,37188
356490,6015
356499,48796
356500,48796
356506,48453
356514,13950
356516,5264
356518,36229
356541,44660
356562,17230
356588,48581
356592,46134
356598,48807
356603,17045
356620,12359
356627,36229
356636,16939
356639,36229
356646,38329
356647,38329
356648,38329
356658,8413
356659,44469
356664,19883
356667,7365
356670,7365
356675,25433
356682,5824
356688,48773
356689,25343
356707,21919
356720,21919
356733,37188
356741,37275
356765,9162
356770,32397
356773,44129
356775,1352
356779,8515
356785,31363
356787,36540
356789,36540
356793,48619
356807,29109
356809,48838
356810,5264
356811,39953
356817,43681
356822,3058
356823,48836
356825,45005
356827,45005
356840,21919
356843,21599
356849,36540
356850,29367
356868,17230
356871,37722
356872,37722
356874,46749
356895,37722
356896,29068
356904,48807
356905,12765
356906,12765
356908,35099
356909,48682
356910,43106
356911,43106
356913,35099
356919,35099
356924,37722
356935,5032
356936,5032
356964,37722
356972,22228
357005,48639
357010,9162
357029,5836
357037,34874
357044,7250
357056,48680
357063,2719
357068,48846
357078,36447
357093,11522
357099,10760
357102,38086
357106,37722
357107,37722
357113,43304
357120,28762
357126,17045
357128,14154
357133,42810
357146,48900
357150,35099
357161,2461
357170,37188
357177,48906
357184,30623
357185,37722
357188,37722
357193,48911
357198,6738
357208,29367
357221,10976
357240,14154
357243,13950
357253,21919
357260,13950
357263,20338
357264,37540
357285,45745
357292,11522
357301,37275
357302,48931
357303,19762
357306,45605
357335,5594
357342,14188
357343,39851
357355,28462
357365,19762
357367,19762
357375,35076
357385,26356
357422,4812
357423,7397
357431,43805
357432,42333
357455,40208
357470,48948
357478,46134
357496,12318
357512,46134
357515,46134
357524,38329
357551,28568
357593,37188
357613,36229
357614,36229
357615,36229
357616,43186
357618,36229
357619,28055
357622,5429
357626,37540
357644,930
357651,42541
357660,16498
357673,264
357684,1352
357691,48969
357697,48653
357699,30951
357714,26117
357724,1352
357733,17230
357754,41326
357762,8226
357772,20858
357778,13526
357801,25433
357809,12359
357819,17230
357822,44764
357825,4981
357830,17908
357833,46427
357834,48986
357841,36540
357853,42134
357861,38214
357862,48654
357863,35243
357884,615
357919,19762
357936,12765
357937,12765
357949,14154
357959,11748
357966,25433
357971,28055
357976,36952
357986,11748
357994,14154
358000,46643
358001,46643
358010,49005
358021,5323
358026,930
358034,44561
358036,46925
358045,48639
358071,8067
358088,43805
358089,43805
358091,4087
358103,24457
358115,38086
358121,40852
358125,5057
358134,19762
358137,21683
358142,49029
358144,10968
358147,16709
358148,48909
358153,7883
358191,1349
358198,14730
358223,30892
358278,43304
358286,36229
358290,49051
358308,49052
358312,28740
358314,49053
358327,36144
358336,16596
358342,14154
358346,45605
358358,26500
358374,48926
358375,48926
358405,19762
358411,48926
358419,43805
358421,43805
358424,7397
358429,39953
358436,24814
358442,4173
358467,7244
358469,7244
358471,7244
358475,7397
358483,7397
358489,49074
358494,48825
358514,25319
358518,5744
358522,11748
358531,13041
358533,204
358540,36302
358547,43805
358548,39890
358582,49095
358593,25319
358623,5695
358630,46176
358631,46176
358632,46176
358639,4812
358642,4812
358643,43805
358644,43805
358645,43805
358658,37188
358659,5240
358661,43805
358669,4087
358699,8141
358700,5429
358708,40246
358716,42134
358718,588
358726,31634
358735,49097
358743,24814
358748,36540
358757,28904
358770,7733
358779,48973
358780,16887
358787,48071
358788,48071
358807,42950
358808,42950
358809,42950
358830,5750
358832,42950
358846,48906
358851,7397
358853,43877
358854,44443
358858,25433
358946,7397
358964,12765
358968,8507
358977,40120
358978,40120
358988,45605
358989,45605
358990,2669
359015,39779
359025,49146
359029,9651
359039,40120
359067,17230
359071,36771
359075,43805
359078,43805
359097,9602
359098,9602
359099,9602
359101,9602
359102,9602
359103,9602
359104,9602
359134,10210
359143,5976
359150,17045
359162,37188
359174,37188
359182,42950
359188,37188
359197,49130
359200,4812
359208,42833
359209,21919
359213,48846
359214,48846
359255,7883
359262,49177
359270,43805
359290,8694
359298,28986
359301,37632
359309,7397
359313,45580
359331,38329
359332,13107
359340,36229
359359,48619
359362,49196
359364,37540
359378,16244
359389,31563
359400,19762
359404,6961
359410,37585
359411,48893
359415,930
359450,16444
359451,22213
359460,45580
359461,45580
359487,31844
359498,31346
359506,805
359517,44269
359531,24563
359545,588
359556,307
359577,805
359584,49243
359586,20587
359589,28637
359609,49246
359622,48982
359637,28740
359644,49257
359648,6141
359657,9330
359702,28740
359705,5161
359708,28740
359724,26956
359726,36229
359727,41307
359732,49275
359748,737
359774,20943
359803,10210
359819,12140
359828,22468
359841,13950
359846,805
359859,36229
359868,48619
359872,45372
359878,20587
359880,21919
359915,49310
359917,49310
359933,28939
359934,28939
359945,7489
359951,15979
359968,43560
359970,44096
359982,6153
359983,43805
359988,17230
359994,35881
360002,12808
360020,44096
360022,42632
360023,12945
360078,49336
360079,49336
360099,48619
360100,48619
360101,48619
360102,48619
360181,31243
360185,46925
360190,17045
360192,31324
360198,805
360209,10968
360215,10968
360225,45065
360228,30310
360235,49361
360245,49310
360247,21527
360249,49365
360270,24457
360271,44862
360272,27813
360281,49378
360287,615
360304,13526
360319,37585
360322,27838
360324,44368
360332,25538
360352,14137
360365,43805
360391,27838
360396,44027
360408,26223
360432,45832
360439,12690
360448,26956
360464,21654
360496,48931
360501,43106
360502,588
360503,48931
360506,48931
360507,48931
360508,48931
360509,48931
360511,22311
360520,10172
360521,38172
360523,36229
360524,13950
360531,31243
360533,805
360548,48778
360550,48778
360551,48778
360554,48778
360558,21919
360564,49421
360573,38329
360588,11522
360628,38329
360630,3277
360631,38329
360632,38329
360634,38329
360635,38329
360637,38329
360638,38329
360639,38329
360656,28940
360658,28218
360660,38080
360673,40501
360676,4829
360682,4829
360684,22468
360696,930
360727,8267
360728,42810
360741,42810
360744,17230
360746,31611
360751,42810
360754,46483
360765,49122
360770,49442
360776,28939
360834,49440
360841,40252
360847,49337
360865,49449
360874,196
360888,17414
360926,29070
360939,17230
360946,49480
360949,5288
360950,16210
360967,46134
360974,34623
360976,48846
361007,36312
361009,37540
361029,37540
361035,37540
361038,37540
361053,14154
361099,40785
361101,14154
361105,13526
361128,48906
361133,49506
361138,24568
361140,48906
361155,8515
361159,5161
361186,45338
361205,16709
361221,16709
361241,17010
361243,28543
361281,6793
361289,48766
361305,46134
361310,49536
361321,35414
361322,35414
361323,35414
361342,26352
361367,17230
361374,805
361381,6015
361383,582
361392,37627
361401,42521
361405,48639
361408,14154
361426,22468
361438,22468
361439,28939
361442,6793
361450,805
361458,2970
361471,25524
361489,8413
361493,6793
361519,4812
361523,37188
361531,4812
361537,805
361550,32003
361552,37540
361565,36229
361566,36229
361568,36229
361569,36229
361579,8141
361589,45372
361605,26352
361617,8141
361627,22468
361652,8694
361661,21961
361662,9330
361675,35881
361685,38329
361693,49590
361730,49597
361731,49597
361735,603
361740,49600
361769,22468
361771,29137
361779,2040
361799,10787
361825,34623
361830,37722
361858,25962
361865,42632
361867,35881
361873,48554
361874,42632
361878,5505
361883,49620
361894,27779
361896,37155
361915,28904
361924,20587
361928,7244
361935,8645
361947,5429
361949,36229
361952,273
361953,273
361957,42632
361958,12540
361961,24073
361962,24073
361974,196
361978,805
361985,805
361990,26757
362017,7290
362019,7290
362020,42952
362027,7244
362042,13702
362048,42333
362049,31052
362050,10849
362052,49647
362059,37585
362060,37585
362062,43805
362065,44862
362084,19883
362088,25325
362106,36229
362110,41024
362118,11511
362120,8413
362121,11511
362128,36771
362130,11511
362132,43805
362141,46947
362153,49674
362155,49674
362158,49674
362160,21654
362163,38457
362171,36229
362177,588
362200,48906
362203,36144
362223,609
362224,28904
362238,45907
362247,17230
362256,49709
362275,22468
362276,22468
362292,22468
362303,196
362320,5288
362321,36540
362343,44760
362348,37627
362376,3269
362382,45628
362383,45628
362396,28055
362412,22228
362416,36465
362423,20943
362451,14154
362476,30331
362478,36988
362506,35510
362514,35466
362526,41753
362527,41753
362533,7138
362535,16915
362543,7616
362545,49754
362558,2719
362559,27099
362560,27099
362565,41638
362578,17230
362584,38457
362585,38457
362607,49773
362612,37540
362613,37540
362624,12043
362635,48931
362636,48931
362665,39520
362675,49795
362680,17230
362684,25325
362688,46890
362690,45605
362699,42632
362706,17230
362735,37722
362737,37722
362738,37722
362752,8141
362765,11091
362784,11748
362815,36229
362816,36229
362818,36229
362819,36229
362820,36229
362822,21654
362825,21654
362827,49810
362828,21654
362830,35580
362850,8694
362851,8694
362852,8694
362854,36229
362856,36229
362857,36229
362862,31052
362870,49597
362875,37722
362880,37722
362882,37722
362888,588
362939,46427
362985,22468
363981,36229
363985,49833
363987,49833
363990,49833
364004,51844
364005,51844
364008,5744
364009,5744
364016,31372
364037,36540
364057,49759
364058,49759
364065,22468
364067,49787
364084,49122
364085,36229
364087,36229
364091,30005
364092,30005
364104,13982
364107,51849
364111,26956
364114,17230
364133,37722
364134,37722
364136,37722
364144,44269
364152,8587
364158,12097
364169,26956
364172,3269
364175,5323
364185,14154
364216,5323
364258,12393
364285,12393
364296,45876
364301,37722
364308,27838
364318,805
364325,7616
364336,2975
364339,36229
364351,1349
364361,36515
364396,307
364402,37540
364408,45065
364415,27747
364418,43926
364421,31171
364449,805
364467,41172
364490,51921
364497,51879
364502,38172
364507,38172
364532,13636
364538,31582
364540,31582
364557,40036
364569,32018
364574,26956
364588,40571
364599,51914
364600,4485
364605,41810
364614,16915
364625,5429
364637,31661
364656,46824
364659,46824
364664,43805
364682,2040
364694,35802
364697,28729
364701,35802
364704,35447
364706,37188
364718,74
364727,74
364752,45876
364758,307
364767,14154
364774,3903
364783,42848
364834,44063
364839,42927
364840,17908
364854,36229
364867,7883
364879,44362
364885,44362
364889,5003
364896,26352
364898,21919
364900,5003
364909,49326
364910,48807
364912,51935
364916,51935
364931,8141
364932,8141
364977,49647
364992,7244
364993,27779
365059,17147
365078,20109
365079,42356
365092,48931
365104,27838
365112,2798
365122,16111
365124,41450
365125,41450
365127,2798
365142,29137
365148,36635
365155,49686
365163,17147
365166,17230
365169,17382
365174,17230
365183,27779
365187,7649
365190,17230
365191,13702
365195,28904
365201,25343
365202,28633
365214,48490
365216,13702
365220,36229
365232,28904
365237,42375
365239,13702
365240,39953
365249,39953
365256,28904
365258,28740
365263,20866
365272,37155
365278,21886
365281,21919
365285,52056
365296,11511
365316,52056
365329,27028
365331,27028
365333,13669
365356,8141
365357,52076
365358,52074
365366,52063
365367,52063
365372,52074
365378,52074
365384,52077
365411,17908
365412,27028
365413,48931
365414,34872
365417,48931
365420,34872
365421,52081
365423,36077
365431,18163
365433,18163
365435,18163
365444,36229
365448,47964
365450,43805
365451,24808
365497,2040
365511,36229
365519,51935
365520,51935
365524,41810
365534,17908
365541,52099
365546,20486
365556,17230
365557,52108
365577,24457
365578,28904
365579,28904
365580,36229
365581,52115
365584,28904
365586,258
365598,36312
365603,48931
365615,35414
365636,30540
365652,45261
365684,11748
365686,13636
365688,11748
365698,5003
365713,44862
365724,11748
365728,11748
365737,31582
365740,31582
365743,12083
365744,12083
365746,26474
365749,49326
365758,5323
365770,44269
365798,52151
365808,52153
365820,52155
365824,52155
365843,11355
365857,37311
365860,18070
365870,805
365871,41810
365873,12140
365875,6250
365894,8451
365897,7138
365907,36229
365915,40785
365919,23649
365935,26474
365938,11324
365940,11324
365941,26917
365951,37188
365957,28904
365969,26105
365982,28740
365990,49674
366002,19762
366005,7244
366022,18528
366039,21562
366043,27028
366049,4087
366085,4398
366128,43706
366136,5829
366149,28761
366153,48838
366208,40120
366209,9330
366232,43805
366239,43805
366244,52229
366245,52229
366246,40634
366249,21654
366254,46890
366255,36229
366259,49677
366261,39531
366265,52233
366266,52233
366281,37751
366283,307
366298,52242
366302,49759
366310,40873
366313,40873
366314,17908
366352,13702
366359,35305
366363,42952
366369,36975
366380,48968
366398,30433
366402,9651
366407,9651
366414,52277
366423,12359
366448,28740
366454,12097
366460,44269
366463,52284
366486,4829
366488,4829
366510,52279
366529,45876
366539,52295
366565,24073
366568,52020
366569,43805
366587,45876
366595,7244
366597,945
366604,20917
366610,7244
366612,7244
366621,11091
366623,36451
366630,7448
366634,52285
366653,19762
366662,49228
366667,8141
366699,28707
366700,40416
366701,44189
366724,10675
366725,9330
366729,44760
366743,52187
366763,19762
366765,28904
366766,52303
366767,40571
366772,28904
366776,7397
366779,28904
366789,2798
366790,27838
366797,52279
366809,12765
366830,1689
366831,52336
366836,48517
366850,29068
366854,52340
366859,19762
366868,36229
366871,10217
366885,48838
366892,24797
366895,4829
366900,36229
366902,52350
366912,48517
366913,48517
366916,36796
366929,36229
366931,36229
366932,36229
366946,19762
366952,37188
366956,46824
366957,11091
366967,45469
367016,5594
367033,41810
367036,32405
367041,7244
367044,19762
367047,22468
367057,43046
367096,52303
367101,19762
367103,14382
367109,32405
367110,32405
367121,7138
367123,588
367131,805
367193,17230
367201,5003
367214,21919
367218,16596
367220,7397
367226,36229
367227,36229
367228,36229
367229,37188
367231,36229
367234,36229
367235,52416
367236,36229
367238,582
367240,36229
367241,36229
367242,36229
367243,36229
367244,36229
367245,36229
367249,36229
367250,36229
367251,36229
367252,36229
367253,36229
367271,7397
367272,7397
367278,19762
367297,45876
367299,7557
367300,7138
367302,22468
367303,36229
367308,4485
367310,52422
367322,36229
367329,45876
367365,41734
367367,48931
367368,48931
367378,48554
367384,2040
367390,36229
367399,7397
367406,45876
367410,39953
367415,28019
367421,36229
367437,5829
367450,19762
367459,805
367471,41810
367489,34623
367496,49130
367515,45876
367540,29342
367544,45338
367546,45338
367547,45338
367550,45338
367553,45338
367554,45338
367557,45338
367560,36229
367561,36229
367562,36229
367566,17908
367571,2461
367589,6738
367598,17230
367611,20587
367619,2798
367648,4812
367656,2000000001
367658,52274
367664,37280
367665,52481
367670,36229
367671,36229
367675,27620
367685,24814
367686,40501
367708,45876
367742,31363
367759,17230
367770,40416
367783,22468
367785,2719
367791,36229
367794,7397
367795,7397
367797,40208
367798,46041
367799,5288
367819,52485
367840,24001
367842,49674
367865,52274
367886,36229
367889,52520
367891,28707
367892,28707
367895,40852
367899,28904
367900,28904
367901,19883
367904,52274
367918,52525
367935,42434
367937,17833
367940,48931
367948,40501
367951,28740
367955,1351
367961,22468
367970,52533
367980,43343
367991,48838
367994,52540
368001,9162
368010,9162
368013,52553
368014,9162
368024,4485
368050,21654
368071,24814
368072,24814
368073,24814
368080,24073
368092,38329
368093,38329
368094,38329
368095,38329
368100,13702
368101,32397
368103,34645
368116,44269
368121,8694
368122,8694
368123,8694
368124,8694
368144,44760
368149,842
368157,9162
368173,4812
368178,51935
368179,51935
368185,41810
368186,52563
368188,48838
368210,52595
368211,52100
368214,16974
368215,16974
368222,52242
368228,13041
368240,46041
368243,13684
368249,52603
368257,4543
368274,48911
368275,48911
368289,28740
368290,17908
368299,52624
368331,12565
368336,11678
368369,52485
368373,52420
368377,41810
368378,41810
368379,41810
368380,52644
368390,3019
368410,7397
368412,52610
368414,48088
368428,42760
368429,25119
368430,52151
368437,42760
368449,44353
368450,4485
368462,40501
368498,43610
368525,44764
368528,46824
368529,46824
368530,5323
368536,45099
368552,40501
368570,25319
368602,19788
368623,32249
368633,36229
368641,28384
368686,46490
368690,19788
368695,46490
368696,49298
368712,37188
368716,37188
368717,37188
368727,49298
368735,37188
368739,49298
368761,37188
368772,49298
368783,37751
368785,37751
368789,35564
368790,45347
368798,38012
368817,16843
368825,16843
368829,14730
368862,45240
368883,5594
368897,19666
368901,40501
368911,40501
368913,40501
368917,40501
368920,27779
368924,44862
368932,11091
368935,595
368963,5879
368970,19762
368972,8024
368977,44862
368990,40501
368992,320
369000,40501
369004,40501
369021,40501
369025,14640
369032,40501
369036,40501
369046,27779
369054,25273
369062,52727
369071,40501
369076,26014
369079,40501
369084,44862
369085,25877
369089,44862
369092,42134
369115,8163
369133,8163
369134,8163
369138,7616
369163,8226
369167,52768
369212,805
369213,38214
369219,52769
369221,52769
369222,52769
369223,52769
369226,21919
369230,805
369244,45469
369250,52775
369251,52775
369258,6579
369262,6579
369266,21710
369275,52780
369282,17908
369286,27779
369288,52782
369290,20112
369293,27213
369297,52785
369303,6579
369321,52793
369327,43464
369333,11849
369336,43610
369339,12960
369343,4504
369346,45876
369360,37188
369370,9692
369371,8489
369373,49590
369376,19762
369377,19762
369388,13107
369398,1443
369411,27239
369412,16444
369413,16444
369422,52811
369438,21683
369440,37627
369443,12999
369456,44862
369459,12883
369462,52673
369472,615
369483,27213
369490,32377
369495,22468
369501,52831
369502,52831
369503,52831
369504,52831
369505,52831
369523,37751
369529,37751
369548,52274
369552,41810
369563,27779
369567,5221
369579,16444
369589,49024
369591,20085
369596,14730
369599,17908
369602,17908
369604,17908
369614,36229
369616,7244
369622,27213
369643,8694
369644,8694
369649,4812
369655,52740
369660,36229
369661,45240
369682,52859
369690,22468
369694,36229
369715,25734
369717,25734
369719,52740
369722,46094
369723,46094
369728,28637
369736,46094
369740,46094
369747,46094
369779,52740
369780,46094
369784,28545
369787,52875
369796,21599
369815,52054
369816,52054
369832,43750
369845,8694
369858,27213
369859,5790
369870,42429
369871,42429
369872,46490
369883,43358
369911,36229
369913,41901
369924,52909
369936,41296
369941,36229
369942,36229
369945,52740
369950,36229
369953,43610
369960,43610
369966,36229
369979,19762
369993,43610
369997,28986
370000,43610
370001,10633
370005,52919
370007,52919
370017,49235
370020,8694
370021,41810
370022,40416
370028,52786
370042,32404
370050,52935
370054,36515
370056,52935
370059,30462
370072,17908
370078,28904
370079,4116
370116,52740
370121,52553
370122,28904
370128,42333
370129,43610
370137,40501
370157,14730
370176,4812
370199,17414
370201,40501
370205,22468
370208,22468
370219,31363
370232,3364
370235,4541
370239,40501
370244,41810
370246,40501
370270,31489
370274,46490
370280,52982
370282,40120
370290,52811
370296,52986
370301,37092
370302,46490
370305,17908
370317,43610
370325,42429
370327,45099
370340,12999
370347,52994
370352,46925
370356,41810
370365,46925
370368,26956
370381,46490
370382,46490
370396,52219
370401,2461
370421,53016
370425,27779
370426,53016
370429,28904
370446,5323
370461,53016
370464,24073
370469,30231
370473,17908
370476,40501
370502,5594
370526,5594
370534,53024
370552,28055
370575,11748
370584,99
370591,17230
370598,22311
370601,91
370611,16915
370613,16915
370621,20663
370632,45231
370646,53059
370648,4908
370656,27779
370671,40085
370674,16915
370676,16915
370677,16915
370678,43920
370684,41753
370692,43805
370696,5339
370714,53065
370716,53065
370727,46094
370740,53070
370744,52740
370746,52740
370754,20917
370761,49674
370793,45065
370802,28904
370850,14730
370855,49787
370879,17230
370885,42632
370887,49260
370889,13212
370905,24617
370913,40416
370922,17877
370938,10217
370941,52644
370945,17230
370948,53007
370966,44269
370976,49674
370995,10633
371003,49674
371013,4812
371024,25433
371029,6738
371039,49674
371057,5264
371067,49326
371069,37381
371078,3287
371084,35131
371087,17908
371091,17908
371099,805
371103,52874
371113,36229
371115,5264
371122,805
371124,53151
371125,53151
371127,6822
371140,46925
371151,28055
371152,19762
371158,8694
371159,8694
371160,8694
371170,37188
371173,52054
371184,34623
371212,36520
371213,11849
371216,17230
371245,25816
371259,53160
371260,53160
371262,53160
371268,37188
371290,4812
371295,17908
371335,7746
371358,8413
371360,36229
371371,8163
371386,49221
371389,49221
371392,27028
371393,27028
371417,52554
371421,24073
371425,7616
371430,11511
371441,27028
371448,41810
371460,805
371467,46643
371475,41810
371476,41810
371478,41810
371487,36229
371509,48778
371510,49674
371512,48778
371513,48778
371514,48778
371545,53221
371551,34
371556,9162
371596,37188
371598,13702
371614,36229
371616,10633
371618,36229
371620,36229
371650,42494
371652,40252
371671,36229
371675,19762
371687,13178
371689,44760
371690,19762
371692,52209
371696,36229
371712,24617
371721,919
371723,21972
371724,36229
371734,8694
371735,8694
371737,36465
371739,53215
371743,53171
371747,27213
371748,8694
371765,29109
371768,52867
371769,7397
371770,52874
371774,40120
371802,21967
371807,31052
371808,53266
371817,36229
371819,41267
371823,52874
371825,5829
371827,36229
371828,36229
371831,9583
371834,36229
371835,36229
371843,7397
371849,52874
371852,19762
371853,53270
371858,8451
371863,21961
371864,52874
371866,9162
371868,37540
371871,37540
371873,37540
371876,37540
371917,17230
371934,35735
371935,22161
371936,22161
371940,35735
371957,36229
371961,19762
371962,27213
371964,40416
371969,8694
371970,8694
371971,8694
371972,8694
371973,8694
371974,8694
371975,8694
371976,8694
371977,8694
371995,10849
372007,43046
372018,5918
372019,7244
372053,12359
372055,44353
372061,53298
372069,37627
372077,20058
372083,35802
372086,22468
372092,7244
372094,442
372102,37188
372104,36229
372107,44760
372136,19762
372141,9162
372151,17908
372159,8141
372169,8141
372170,9668
372177,42455
372178,42455
372192,38427
372197,38427
372199,13952
372201,49674
372205,49674
372210,37627
372216,14730
372219,42632
372232,42632
372238,40501
372243,7397
372266,13636
372282,8141
372286,36954
372307,36229
372315,36954
372316,36954
372317,36954
372323,22468
372331,53328
372337,52054
372338,53328
372342,49674
372345,36954
372346,36954
372354,36954
372356,36954
372364,12999
372365,36954
372375,805
372380,12999
372382,12999
372384,12999
372391,30310
372395,36954
372401,805
372403,7138
372406,7138
372407,7138
372410,24649
372412,53332
372418,49674
372442,11849
372446,52274
372447,49833
372457,5480
372463,8694
372488,24515
372497,805
372499,805
372501,52219
372505,53362
372511,28904
372516,19762
372525,919
372531,20917
372556,48453
372562,11748
372603,3617
372608,13636
372619,5264
372620,5264
372621,5264
372627,42856
372698,49674
372700,11511
372709,52867
372721,43805
372723,20048
372725,6897
372727,11511
372730,49674
372738,48395
372745,2719
372753,38261
372754,38261
372786,38261
372787,38261
372789,2909
372791,21919
372801,19762
372803,5744
372807,49674
372816,805
372822,46603
372823,53406
372833,46761
372872,17908
372873,52274
372877,26302
372880,19883
372884,42630
372905,40207
372931,12960
372935,39953
372937,39953
372944,49674
372945,42249
372949,45065
372952,17908
372960,49674
372963,13212
372969,53458
372983,49674
372986,17908
372997,37275
373003,30462
373009,28978
373012,6897
373016,6897
373018,6897
373020,49336
373021,43610
373031,53468
373033,48931
373044,19762
373046,41810
373047,19762
373076,31372
373077,919
373080,25319
373083,25319
373088,52874
373104,51935
373107,17455
373116,37270
373121,49674
373130,52432
373156,19762
373169,22468
373175,22468
373194,26356
373200,36229
373201,36229
373211,6508
373233,3617
373242,10829
373255,22468
373283,52553
373285,17908
373292,4812
373299,27028
373301,7244
373338,17908
373339,38305
373376,17230
373381,22559
373389,8196
373390,7883
373396,22311
373417,36229
373418,22468
373428,7138
373446,21599
373452,2040
373468,53592
373470,46263
373484,46498
373494,46263
373508,49674
373511,49674
373515,16887
373522,39630
373523,49674
373530,12359
373532,49674
373537,805
373556,45065
373560,45065
373562,41810
373563,41810
373565,45065
373567,19883
373570,49674
373571,49674
373575,52432
373591,13212
373616,45065
373635,19762
373642,28218
373684,31324
373707,36229
373711,28740
373720,30767
373742,24808
373755,4485
373758,45099
373769,13797
373780,4485
373798,13797
373807,196
373808,196
373820,13797
373821,22311
373836,38277
373840,53659
373849,49674
373892,51935
373893,53666
373901,19762
373904,28986
373912,36796
373917,46643
373918,36229
373930,53670
373933,53670
373936,53670
373945,53618
373958,10675
373960,49315
373967,13702
373973,5469
373976,53685
373978,48968
373993,27779
373994,8694
374004,28740
374009,52707
374019,45065
374024,53697
374033,42632
374048,13702
374062,7244
374064,13702
374066,13702
374071,28740
374080,30510
374100,41220
374103,5594
374105,53715
374118,27779
374187,17908
374190,17908
374191,17908
374194,52874
374197,9568
374204,49674
374207,25895
374211,51935
374227,805
374233,26041
374238,31661
374243,31661
374276,37921
374280,49674
374282,40357
374285,40357
374288,8694
374290,49674
374292,49674
374308,36229
374325,7244
374327,36229
374328,7244
374334,22311
374335,19762
374340,46086
374359,32397
374380,5594
374382,40357
374391,7290
374396,48365
374400,17908
374408,23853
374411,28778
374419,603
374425,20109
374457,53333
374458,39771
374461,49674
374468,49674
374479,18592
374487,49674
374492,28055
374500,49473
374504,49473
374507,49473
374508,49473
374510,49674
374529,22468
374546,36574
374550,22468
374562,37743
374569,53797
374576,29779
374581,42397
374594,22559
374604,25433
374612,17908
374616,53810
374617,53810
374619,53810
374623,53810
374631,53697
374636,37253
374637,53697
374644,53810
374651,21801
374658,53240
374666,25319
374675,53333
374676,53333
374680,53333
374693,24073
374709,52432
374711,31372
374712,11341
374714,34623
374733,31418
374741,49674
374744,36574
374747,53829
374749,7244
374751,307
374758,53670
374782,49188
374784,49188
374798,13636
374802,53618
374812,858
374843,28740
374846,47964
374850,31418
374852,27028
374856,36540
374863,21919
374873,19762
374882,32397
374893,34623
374900,13516
374901,5264
374925,37479
374938,28904
374941,5264
374968,37722
374969,53872
374978,53873
374979,53876
374988,36796
374989,53858
374990,53862
375013,5264
375017,7397
375018,25325
375022,43046
375025,37751
375028,43534
375051,49502
375055,22468
375060,12140
375062,12140
375068,53897
375069,28309
375070,16915
375083,51935
375089,51935
375101,53458
375104,221
375107,48724
375115,53618
375128,930
375138,53458
375166,37253
375170,11849
375181,49188
375185,22468
375195,49188
375197,27782
375255,5829
375259,5829
375282,17045
375294,37155
375301,44703
375312,5264
375315,27952
375336,43805
375337,7397
375348,17630
375350,17630
375364,52740
375366,52740
375376,21599
375410,49188
375413,45065
375424,45065
375430,48906
375438,31372
375460,53618
375473,53618
375475,17230
375517,684
375520,8694
375528,45603
375534,52705
375539,1351
375549,22311
375552,54003
375558,35488
375601,48279
375606,48279
375611,48279
375613,40501
375614,48554
375624,48279
375643,45352
375647,8141
375656,22468
375658,8141
375671,39630
375683,36229
375684,36229
375691,28384
375700,34658
375701,49674
375703,49674
375712,49674
375720,53070
375729,54042
375733,54046
375736,5288
375740,16984
375744,27838
375758,24808
375763,49620
375764,49620
375766,30192
375767,30192
375768,30192
375769,30192
375770,30192
375773,8694
375774,8694
375783,7616
375788,14730
375796,11355
375802,37275
375819,10539
375821,17230
375854,930
375861,10539
375874,14730
375876,22088
375879,23890
375883,45065
375890,14553
375891,16709
375905,54083
375906,54083
375926,53469
375960,54089
375962,14188
375966,45065
375975,24808
375988,54096
375996,43805
376006,35466
376018,48756
376019,7788
376020,21286
376023,54024
376028,26757
376030,13587
376035,45065
376040,54083
376041,45065
376046,6121
376060,31418
376061,31418
376062,46645
376064,45065
376072,42832
376077,13140
376085,42832
376098,42832
376103,42832
376113,46789
376115,42907
376125,41024
376126,54026
376127,5264
376132,49674
376153,8694
376156,2040
376179,40689
376183,46086
376186,43046
376192,54119
376202,30192
376215,48778
376216,48778
376219,48778
376228,45065
376238,27782
376243,36229
376247,11887
376249,3617
376270,48279
376274,48279
376278,43534
376289,31372
376300,17230
376302,45065
376304,53979
376318,53458
376320,48279
376324,4485
376325,36771
376326,36771
376347,43805
376355,17493
376356,28740
376359,52740
376369,27838
376371,2798
376388,40120
376408,8402
376413,48578
376415,28762
376451,879
376481,36540
376486,45222
376489,45222
376491,45222
376501,31661
376545,35400
376549,6153
376556,48279
376557,48279
376568,54186
376587,31503
376589,53869
376599,19936
376606,48279
376611,52763
376614,14730
376629,36540
376645,46427
376669,28218
376676,17908
376679,40416
376682,29109
376685,11867
376700,35243
376742,22088
376759,37155
376765,31372
376772,36540
376804,53866
376828,20085
376829,28698
376839,36540
376846,31998
376847,31998
376848,31998
376849,31998
376856,25
376872,43534
376875,24808
376877,48279
376878,48279
376908,48931
376921,52334
376930,4116
376944,11511
376952,7290
376957,10067
376958,36229
376966,54250
376971,6153
376972,6153
376975,27213
376986,48968
377000,307
377014,7721
377028,53656
377030,53656
377041,25103
377042,36540
377043,36540
377060,27838
377067,10829
377070,54012
377073,28740
377075,48279
377079,53788
377103,28462
377106,36540
377131,20587
377152,25741
377157,52811
377166,22311
377194,54281
377203,27838
377219,3125
377220,6153
377241,4485
377259,38154
377269,54295
377282,40120
377323,179
377340,21654
377342,20557
377345,3269
377346,3269
377351,7290
377352,28778
377368,14818
377376,20112
377418,48279
377421,36540
377427,36540
377428,20112
377429,36540
377430,9619
377437,52811
377439,52811
377443,52811
377445,37275
377446,52811
377451,3269
377459,20112
377473,34658
377499,39588
377515,9866
377518,6153
377525,6109
377540,9866
377544,22359
377545,40207
377555,54341
377567,54341
377571,13636
377575,40120
377587,48931
377593,32490
377602,46493
377605,46493
377613,10416
377616,44269
377623,14116
377624,46824
377626,54083
377628,48838
377637,48838
377649,35131
377651,28778
377665,36540
377669,31611
377685,6793
377686,5731
377694,42632
377704,43805
377709,46824
377718,36540
377739,35099
377744,12140
377760,11511
377768,26352
377782,44269
377786,36229
377790,20112
377796,36229
377797,36229
377798,36229
377800,14730
377819,8924
377835,39588
377838,39588
377842,54379
377843,30892
377845,54379
377849,49647
377856,12989
377861,28740
377875,54391
377888,42434
377905,31372
377906,31372
377907,31372
377941,11091
377943,12989
377954,38172
377956,5829
377958,46493
377969,12083
377988,54099
377994,48279
377996,48279
378036,54375
378040,35099
378044,684
378046,43645
378047,35280
378057,52092
378063,53419
378070,44952
378099,46824
378102,11511
378105,46824
378106,46824
378107,46824
378115,52151
378122,52151
378145,12710
378152,29137
378155,11748
378156,40219
378164,26223
378169,26223
378170,26223
378171,26223
378178,26223
378185,5829
378191,4398
378207,44737
378208,44737
378217,24808
378224,11511
378227,5264
378228,5264
378232,43805
378240,307
378243,28740
378244,52233
378257,36540
378273,54119
378289,48279
378291,28740
378292,43534
378296,48279
378297,48279
378302,10829
378305,10829
378307,8475
378311,48279
378314,48279
378347,54385
378355,28462
378362,44952
378364,28740
378379,48145
378390,31611
378394,48279
378401,47964
378402,3277
378430,6920
378446,14154
378457,37585
378464,22311
378477,54480
378486,54480
378497,31428
378507,31428
378513,54485
378525,35099
378527,35099
378533,9651
378534,43805
378535,54099
378555,52553
378560,9651
378562,4485
378564,11511
378568,22468
378572,52151
378575,14896
378579,34826
378583,29695
378608,27213
378617,22311
378622,54313
378630,805
378641,279
378650,54485
378654,46824
378660,44269
378668,36229
378672,40120
378676,3167
378680,11324
378694,17908
378700,11355
378704,36144
378709,20543
378711,22377
378713,54519
378718,54123
378731,7649
378736,21054
378740,31275
378741,31275
378754,10829
378761,7649
378763,52811
378776,5264
378780,7800
378784,42134
378795,13022
378796,13022
378807,31372
378816,31418
378830,36229
378833,52151
378839,48799
378841,3277
378843,36229
378844,52092
378847,3287
378861,22468
378865,13636
378877,40501
378885,21357
378889,31372
378903,52432
378907,31428
378926,49674
378942,40120
378943,40120
378944,40120
378947,39796
378948,11511
378959,20633
378965,20587
378979,5829
378998,36229
379000,7138
379008,805
379020,54464
379021,54464
379030,26474
379059,36229
379066,13041
379086,21919
379104,14730
379143,49674
379150,49674
379157,49674
379169,46954
379173,36229
379180,26352
379183,48279
379189,805
379196,14730
379202,31420
379203,31372
379204,31372
379205,31372
379207,6513
379215,37483
379217,4553
379237,45070
379238,45070
379239,45070
379240,45070
379241,45070
379242,45070
379281,6153
379309,5429
379310,46493
379320,26724
379328,54626
379330,43521
379360,11852
379361,11852
379363,25741
379364,25741
379373,9426
379377,36144
379379,16915
379381,19731
379389,40852
379390,40852
379398,18276
379406,30209
379407,30209
379416,6513
379419,40852
379429,46548
379462,1050
379482,39953
379489,31372
379490,54666
379492,52811
379494,28055
379496,28462
379500,10539
379517,21683
379519,21683
379521,21683
379522,21683
379527,37253
379533,37253
379541,36312
379544,52151
379553,9068
379555,9068
379558,52811
379571,54676
379591,32036
379607,54684
379616,54686
379622,11511
379630,11511
379636,39771
379660,54687
379665,48838
379676,11511
379680,11511
379691,54695
379703,805
379706,14294
379709,14294
379713,51861
379714,45597
379718,45597
379741,49647
379744,43521
379749,46168
379750,43521
379754,43521
379755,52274
379758,52274
379765,20587
379768,603
379775,2795
379782,43450
379786,51935
379788,51935
379792,54719
379793,54719
379829,46760
379832,21919
379836,39588
379839,46168
379844,17230
379848,27464
379871,34645
379921,27464
379928,36229
379931,25325
379956,31275
379965,9651
379993,28698
380003,40120
380015,11511
380019,54743
380022,36229
380031,40120
380062,40252
380078,54752
380082,805
380105,54756
380109,32490
380110,21683
380111,21683
380113,51935
380121,12140
380123,32036
380148,3617
380150,3617
380151,3617
380153,54767
380160,11887
380163,53332
380170,40252
380172,28740
380174,40252
380176,26223
380182,45065
380205,54781
380227,28904
380233,14640
380236,53468
380238,54788
380239,54099
380256,54789
380259,4485
380272,36229
380276,14137
380282,14137
380307,5829
380312,31243
380314,48931
380316,54724
380337,54099
380351,29107
380360,48279
380377,13022
380381,25433
380388,1666
380393,4737
380395,54809
380399,54810
380426,17246
380442,7795
380447,53137
380463,39588
380488,46900
380523,36229
380548,43521
380550,14806
380555,14163
380567,26474
380571,31052
380575,34623
380578,40852
380585,930
380586,43519
380618,28740
380657,48968
380661,28740
380672,43534
380677,30192
380684,38172
380685,13212
380687,17096
380691,230
380726,17230
380731,54781
380735,17246
380750,53376
380751,43534
380779,54099
380801,38398
380802,38398
380832,54788
380870,54862
380875,23607
380893,20836
380897,20836
380905,54300
380908,21054
380918,11511
380923,11511
380924,45745
380932,48932
380934,39588
380935,36757
380950,11511
380963,42760
380964,42760
380969,930
380973,54888
380981,40120
380987,7795
380998,54887
380999,54894
381011,36229
381012,36229
381013,41871
381015,6750
381016,6750
381022,44443
381028,805
381029,40852
381030,54901
381031,54901
381038,31324
381052,53798
381091,40852
381092,40852
381109,20587
381118,230
381156,54909
381184,858
381189,21654
381245,38215
381263,54725
381302,49640
381309,54925
381311,7795
381324,3617
381325,36381
381327,54931
381349,17230
381368,40120
381400,54942
381407,54941
381414,22228
381416,28545
381425,36988
381428,21919
381445,26223
381454,91
381465,37664
381515,48409
381532,36229
381536,307
381547,16398
381549,36229
381555,8451
381561,39588
381562,40549
381565,20587
381567,54959
381586,307
381605,45065
381613,36229
381615,40252
381641,22228
381647,22228
381650,24289
381652,34653
381667,19666
381679,22311
381681,51935
381702,31526
381710,8141
381712,8141
381725,43534
381734,805
381755,4360
381780,21054
381782,40719
381783,54986
381795,43534
381800,54989
381804,48162
381805,48162
381825,54990
381831,36796
381832,36796
381836,8694
381837,8694
381840,8694
381841,8694
381842,8694
381844,8694
381846,8694
381867,21054
381868,1349
381870,1349
381871,1349
381874,19666
381893,30494
381903,27838
381905,2798
381907,55004
381910,2798
381912,8040
381915,55004
381916,55004
381929,22468
381950,4360
381958,17590
381989,13511
381993,7045
381996,51861
381998,5339
382003,13525
382007,28740
382019,26352
382066,42249
382068,25898
382071,55028
382103,54959
382110,2798
382122,17230
382132,43750
382133,43750
382140,42760
382143,44269
382149,9196
382160,52740
382176,8960
382183,18462
382188,3903
382204,38130
382205,38130
382207,38130
382208,55004
382210,55056
382217,22228
382221,12140
382223,9162
382229,46493
382241,9162
382243,17590
382244,9162
382251,55003
382252,55003
382260,55066
382266,17908
382268,17908
382306,35998
382312,43805
382313,35998
382315,35998
382327,55088
382336,26843
382340,55089
382347,36144
382351,55091
382358,55096
382366,52151
382372,28740
382374,39953
382391,36540
382393,17908
382398,17908
382427,43534
382442,13022
382448,39953
382449,55004
382450,55004
382456,53647
382462,36144
382474,48162
382478,46427
382481,48162
382492,55121
382509,22253
382516,13525
382519,41219
382520,11609
382524,22253
382551,53430
382556,27813
382559,40120
382570,30192
382580,31372
382594,7616
382598,805
382620,230
382625,28740
382626,27813
382631,6153
382632,35770
382666,22
382675,36540
382686,5795
382687,43534
382688,20112
382697,9162
382699,37722
382708,28740
382719,37722
382720,27813
382721,54724
382722,54724
382742,20921
382743,55171
382755,43534
382759,43750
382768,52197
382775,4812
382778,27813
382790,27813
382793,36954
382829,27813
382842,54099
382844,55187
382847,7795
382856,4278
382857,7795
382867,4485
382877,21654
382885,27813
382898,91
382906,55004
382909,55004
382927,442
382946,28309
382949,55203
382950,31372
382952,31372
382953,12359
382956,31372
382957,31372
382977,11852
382993,91
382998,3167
383002,36954
383037,36954
383054,2676
383066,55229
383078,53419
383079,53419
383081,38329
383090,858
383092,31372
383095,26008
383102,14553
383105,36499
383107,44816
383109,24503
383111,27813
383115,27813
383121,26008
383141,19666
383151,29342
383152,14294
383167,38172
383177,7800
383180,24626
383181,55252
383182,30231
383186,36540
383196,14396
383205,28740
383209,43534
383213,27050
383218,27813
383245,8694
383248,40120
383262,54300
383270,22311
383278,55266
383289,3277
383302,27838
383313,44703
383325,55004
383333,36229
383347,27838
383352,31372
383353,31372
383363,31372
383377,30802
383385,4681
383394,42760
383404,36229
383408,21961
383424,10069
383443,49465
383444,49465
383445,49465
383448,55279
383449,7721
383467,2798
383484,10675
383488,27813
383500,4812
383513,48549
383524,5264
383527,54083
383531,20866
383546,31418
383547,5264
383553,8413
383568,52188
383591,14163
383593,14163
383650,13022
383663,31661
383666,31661
383673,16997
383676,8196
383686,7795
383699,2164
383710,88
383720,20917
383725,54772
383733,35802
383756,43534
383760,14382
383767,11305
383769,52274
383774,20307
383777,41652
383793,54272
383809,55331
383810,55331
383811,55331
383813,55331
383817,55331
383821,39907
383824,39907
383852,19666
383853,54379
383862,42246
383875,8694
383880,27813
383881,27813
383882,27813
383885,27813
383891,27813
383892,31420
383922,7795
383932,11511
383935,11511
383949,30005
383957,11852
383958,11852
383961,34
383998,55352
384038,24617
384039,27813
384043,37704
384057,34623
384062,34623
384076,54159
384077,26014
384091,8413
384137,25877
384139,26959
384140,26959
384141,26959
384151,43534
384157,36515
384162,7616
384193,21160
384212,25283
384213,40120
384246,5829
384247,11511
384249,37704
384251,37704
384252,37704
384253,37704
384256,37704
384257,52898
384258,52898
384263,52769
384275,21527
384276,52769
384290,11887
384291,845
384294,8141
384302,45053
384304,17230
384308,25898
384313,17230
384329,55407
384330,27813
384334,26959
384336,230
384352,53324
384370,27028
384385,55418
384386,32094
384389,919
384393,42033
384401,9651
384431,55423
384432,55423
384433,55423
384434,55423
384440,55428
384441,55423
384442,55423
384448,1970
384457,44269
384458,5264
384465,37381
384475,26008
384484,1390
384491,40501
384500,53324
384512,54313
384524,25319
384538,24617
384543,795
384557,21054
384607,43805
384622,24699
384624,28055
384630,45365
384631,45365
384644,8267
384662,26008
384663,43400
384678,42836
384687,845
384706,42836
384712,54824
384713,30192
384720,26959
384733,28218
384737,230
384740,11462
384743,55474
384745,26959
384746,26959
384762,8076
384777,54313
384789,12279
384811,19762
384864,7365
384867,307
384870,8013
384891,2798
384907,17908
384909,44269
384911,55435
384919,930
384922,930
384924,18223
384926,55492
384937,37381
384939,805
384944,9651
384952,11056
384977,805
384983,36229
385003,55004
385008,22468
385009,7244
385016,55499
385019,12140
385047,55502
385066,27813
385068,26008
385082,37540
385101,31382
385117,45140
385118,45140
385122,17230
385136,36144
385152,55523
385177,55530
385182,55423
385183,26008
385195,43622
385200,5829
385202,35916
385211,1970
385215,43962
385216,43962
385218,55539
385225,11667
385230,11667
385233,11748
385236,11748
385238,55505
385239,31372
385243,31372
385249,7135
385254,11511
385256,55551
385261,54075
385264,42428
385270,37381
385276,22311
385277,31359
385281,54990
385282,14137
385286,31359
385288,31359
385292,28462
385303,11075
385310,24778
385328,16915
385329,22311
385336,31372
385337,31372
385357,31372
385382,22468
385391,43805
385396,14730
385417,55590
385434,26474
385437,32094
385439,27813
385447,36540
385448,36144
385450,36540
385463,35660
385465,26508
385479,44458
385499,22311
385521,14249
385558,7795
385567,38329
385570,12786
385571,38329
385581,7795
385595,44287
385604,17514
385650,6744
385659,6744
385667,27813
385684,24778
385685,26959
385698,55649
385699,55649
385739,30767
385740,46048
385746,31296
385751,13564
385763,30192
385770,42062
385774,7172
385778,3826
385780,55666
385786,55648
385787,42632
385804,28218
385808,41203
385818,10069
385830,24814
385831,31382
385834,42134
385844,12043
385854,43565
385876,26008
385891,30802
385896,5323
385909,26959
385912,19883
385920,55693
385924,19883
385939,34653
385949,48745
385955,6744
385983,25319
385989,14730
385995,12786
385997,12786
386000,54909
386005,4360
386008,25319
386010,54909
386029,55706
386040,55706
386041,55706
386042,41024
386052,48778
386064,2719
386067,31372
386070,45525
386085,18321
386096,55429
386098,21004
386103,13564
386104,13564
386106,53798
386120,30540
386133,21599
386149,48162
386150,48162
386192,30005
386196,13564
386204,36423
386220,24808
386255,31466
