query,true_cardinality,time_s,status,error,pattern_path,sql
query_dense_16_1,102298132672478,,ok,,/home/zxz/miniGU_experiment_master/experiment/patterns/truecard/dblp/query_dense_16_1.graph,
query_dense_16_10,69444809291388,,ok,,/home/zxz/miniGU_experiment_master/experiment/patterns/truecard/dblp/query_dense_16_10.graph,
query_dense_16_100,23614401123921,,ok,,/home/zxz/miniGU_experiment_master/experiment/patterns/truecard/dblp/query_dense_16_100.graph,
query_dense_16_101,95754724928375,,ok,,/home/zxz/miniGU_experiment_master/experiment/patterns/truecard/dblp/query_dense_16_101.graph,
query_dense_16_102,44564495029368,,ok,,/home/zxz/miniGU_experiment_master/experiment/patterns/truecard/dblp/query_dense_16_102.graph,
query_dense_16_103,250702840667942,,ok,,/home/zxz/miniGU_experiment_master/experiment/patterns/truecard/dblp/query_dense_16_103.graph,
query_dense_16_104,693934427986499,,ok,,/home/zxz/miniGU_experiment_master/experiment/patterns/truecard/dblp/query_dense_16_104.graph,
query_dense_16_105,1186573897064,,ok,,/home/zxz/miniGU_experiment_master/experiment/patterns/truecard/dblp/query_dense_16_105.graph,
query_dense_16_106,27875674406148,,ok,,/home/zxz/miniGU_experiment_master/experiment/patterns/truecard/dblp/query_dense_16_106.graph,
query_dense_16_107,24122156100597,,ok,,/home/zxz/miniGU_experiment_master/experiment/patterns/truecard/dblp/query_dense_16_107.graph,
query_dense_16_108,256595309663140,,ok,,/home/zxz/miniGU_experiment_master/experiment/patterns/truecard/dblp/query_dense_16_108.graph,
query_dense_16_109,189556074789443,,ok,,/home/zxz/miniGU_experiment_master/experiment/patterns/truecard/dblp/query_dense_16_109.graph,
query_dense_16_110,26505746667192,,ok,,/home/zxz/miniGU_experiment_master/experiment/patterns/truecard/dblp/query_dense_16_110.graph,
query_dense_16_111,31780203473442,,ok,,/home/zxz/miniGU_experiment_master/experiment/patterns/truecard/dblp/query_dense_16_111.graph,
query_dense_16_112,16108690031528,,ok,,/home/zxz/miniGU_experiment_master/experiment/patterns/truecard/dblp/query_dense_16_112.graph,
query_dense_16_113,84309376804538,,ok,,/home/zxz/miniGU_experiment_master/experiment/patterns/truecard/dblp/query_dense_16_113.graph,
query_dense_16_114,4841680208440,,ok,,/home/zxz/miniGU_experiment_master/experiment/patterns/truecard/dblp/query_dense_16_114.graph,
query_dense_16_115,187304257056812,,ok,,/home/zxz/miniGU_experiment_master/experiment/patterns/truecard/dblp/query_dense_16_115.graph,
query_dense_16_116,100290422704812,,ok,,/home/zxz/miniGU_experiment_master/experiment/patterns/truecard/dblp/query_dense_16_116.graph,
query_dense_16_117,4466338299413,,ok,,/home/zxz/miniGU_experiment_master/experiment/patterns/truecard/dblp/query_dense_16_117.graph,
query_dense_16_118,3969613122702,,ok,,/home/zxz/miniGU_experiment_master/experiment/patterns/truecard/dblp/query_dense_16_118.graph,
query_dense_16_12,12632026052719,,ok,,/home/zxz/miniGU_experiment_master/experiment/patterns/truecard/dblp/query_dense_16_12.graph,
query_dense_16_120,60996860368608,,ok,,/home/zxz/miniGU_experiment_master/experiment/patterns/truecard/dblp/query_dense_16_120.graph,
query_dense_16_121,38656873335541,,ok,,/home/zxz/miniGU_experiment_master/experiment/patterns/truecard/dblp/query_dense_16_121.graph,
query_dense_16_122,2094736061394,,ok,,/home/zxz/miniGU_experiment_master/experiment/patterns/truecard/dblp/query_dense_16_122.graph,
query_dense_16_123,1539313242883704,,ok,,/home/zxz/miniGU_experiment_master/experiment/patterns/truecard/dblp/query_dense_16_123.graph,
query_dense_16_124,12006359329834,,ok,,/home/zxz/miniGU_experiment_master/experiment/patterns/truecard/dblp/query_dense_16_124.graph,
query_dense_16_125,54778367951133,,ok,,/home/zxz/miniGU_experiment_master/experiment/patterns/truecard/dblp/query_dense_16_125.graph,
query_dense_16_126,14564580856304,,ok,,/home/zxz/miniGU_experiment_master/experiment/patterns/truecard/dblp/query_dense_16_126.graph,
query_dense_16_127,57991322762808,,ok,,/home/zxz/miniGU_experiment_master/experiment/patterns/truecard/dblp/query_dense_16_127.graph,
query_dense_16_128,38544536591308,,ok,,/home/zxz/miniGU_experiment_master/experiment/patterns/truecard/dblp/query_dense_16_128.graph,
query_dense_16_129,210027157150996,,ok,,/home/zxz/miniGU_experiment_master/experiment/patterns/truecard/dblp/query_dense_16_129.graph,
query_dense_16_13,30885197138746,,ok,,/home/zxz/miniGU_experiment_master/experiment/patterns/truecard/dblp/query_dense_16_13.graph,
query_dense_16_130,6075168283816,,ok,,/home/zxz/miniGU_experiment_master/experiment/patterns/truecard/dblp/query_dense_16_130.graph,
query_dense_16_131,22071850497320,,ok,,/home/zxz/miniGU_experiment_master/experiment/patterns/truecard/dblp/query_dense_16_131.graph,
query_dense_16_132,281472459104259,,ok,,/home/zxz/miniGU_experiment_master/experiment/patterns/truecard/dblp/query_dense_16_132.graph,
query_dense_16_133,12880010949576,,ok,,/home/zxz/miniGU_experiment_master/experiment/patterns/truecard/dblp/query_dense_16_133.graph,
query_dense_16_134,609488388617302,,ok,,/home/zxz/miniGU_experiment_master/experiment/patterns/truecard/dblp/query_dense_16_134.graph,
query_dense_16_135,8380783354856,,ok,,/home/zxz/miniGU_experiment_master/experiment/patterns/truecard/dblp/query_dense_16_135.graph,
query_dense_16_136,50218826725265,,ok,,/home/zxz/miniGU_experiment_master/experiment/patterns/truecard/dblp/query_dense_16_136.graph,
query_dense_16_137,38446544907832,,ok,,/home/zxz/miniGU_experiment_master/experiment/patterns/truecard/dblp/query_dense_16_137.graph,
query_dense_16_139,32332965099312,,ok,,/home/zxz/miniGU_experiment_master/experiment/patterns/truecard/dblp/query_dense_16_139.graph,
query_dense_16_14,106887884918816,,ok,,/home/zxz/miniGU_experiment_master/experiment/patterns/truecard/dblp/query_dense_16_14.graph,
query_dense_16_140,62937618186030,,ok,,/home/zxz/miniGU_experiment_master/experiment/patterns/truecard/dblp/query_dense_16_140.graph,
query_dense_16_143,119107214997284,,ok,,/home/zxz/miniGU_experiment_master/experiment/patterns/truecard/dblp/query_dense_16_143.graph,
query_dense_16_144,15697607195408,,ok,,/home/zxz/miniGU_experiment_master/experiment/patterns/truecard/dblp/query_dense_16_144.graph,
query_dense_16_145,120388869319232,,ok,,/home/zxz/miniGU_experiment_master/experiment/patterns/truecard/dblp/query_dense_16_145.graph,
query_dense_16_146,212631933163950,,ok,,/home/zxz/miniGU_experiment_master/experiment/patterns/truecard/dblp/query_dense_16_146.graph,
query_dense_16_147,710833327968,,ok,,/home/zxz/miniGU_experiment_master/experiment/patterns/truecard/dblp/query_dense_16_147.graph,
query_dense_16_148,23331616492678,,ok,,/home/zxz/miniGU_experiment_master/experiment/patterns/truecard/dblp/query_dense_16_148.graph,
query_dense_16_15,67041143473110,,ok,,/home/zxz/miniGU_experiment_master/experiment/patterns/truecard/dblp/query_dense_16_15.graph,
query_dense_16_150,346035315696712,,ok,,/home/zxz/miniGU_experiment_master/experiment/patterns/truecard/dblp/query_dense_16_150.graph,
query_dense_16_151,453967475090130,,ok,,/home/zxz/miniGU_experiment_master/experiment/patterns/truecard/dblp/query_dense_16_151.graph,
query_dense_16_152,126488700433638,,ok,,/home/zxz/miniGU_experiment_master/experiment/patterns/truecard/dblp/query_dense_16_152.graph,
query_dense_16_154,12003898027102,,ok,,/home/zxz/miniGU_experiment_master/experiment/patterns/truecard/dblp/query_dense_16_154.graph,
query_dense_16_155,63234274134992,,ok,,/home/zxz/miniGU_experiment_master/experiment/patterns/truecard/dblp/query_dense_16_155.graph,
query_dense_16_156,83198884608116,,ok,,/home/zxz/miniGU_experiment_master/experiment/patterns/truecard/dblp/query_dense_16_156.graph,
query_dense_16_158,11317004483664,,ok,,/home/zxz/miniGU_experiment_master/experiment/patterns/truecard/dblp/query_dense_16_158.graph,
query_dense_16_16,43128441811704,,ok,,/home/zxz/miniGU_experiment_master/experiment/patterns/truecard/dblp/query_dense_16_16.graph,
query_dense_16_160,33990469105706,,ok,,/home/zxz/miniGU_experiment_master/experiment/patterns/truecard/dblp/query_dense_16_160.graph,
query_dense_16_161,49980387609864,,ok,,/home/zxz/miniGU_experiment_master/experiment/patterns/truecard/dblp/query_dense_16_161.graph,
query_dense_16_162,4246793429290,,ok,,/home/zxz/miniGU_experiment_master/experiment/patterns/truecard/dblp/query_dense_16_162.graph,
query_dense_16_163,171166080884576,,ok,,/home/zxz/miniGU_experiment_master/experiment/patterns/truecard/dblp/query_dense_16_163.graph,
query_dense_16_164,2984416651557,,ok,,/home/zxz/miniGU_experiment_master/experiment/patterns/truecard/dblp/query_dense_16_164.graph,
query_dense_16_165,49848029248328,,ok,,/home/zxz/miniGU_experiment_master/experiment/patterns/truecard/dblp/query_dense_16_165.graph,
query_dense_16_166,50459199663470,,ok,,/home/zxz/miniGU_experiment_master/experiment/patterns/truecard/dblp/query_dense_16_166.graph,
query_dense_16_168,297346525292980,,ok,,/home/zxz/miniGU_experiment_master/experiment/patterns/truecard/dblp/query_dense_16_168.graph,
query_dense_16_169,190520900723608,,ok,,/home/zxz/miniGU_experiment_master/experiment/patterns/truecard/dblp/query_dense_16_169.graph,
query_dense_16_17,18298431343206,,ok,,/home/zxz/miniGU_experiment_master/experiment/patterns/truecard/dblp/query_dense_16_17.graph,
query_dense_16_172,26466561298752,,ok,,/home/zxz/miniGU_experiment_master/experiment/patterns/truecard/dblp/query_dense_16_172.graph,
query_dense_16_173,5313970521790,,ok,,/home/zxz/miniGU_experiment_master/experiment/patterns/truecard/dblp/query_dense_16_173.graph,
query_dense_16_175,2036175823536,,ok,,/home/zxz/miniGU_experiment_master/experiment/patterns/truecard/dblp/query_dense_16_175.graph,
query_dense_16_176,112137991544950,,ok,,/home/zxz/miniGU_experiment_master/experiment/patterns/truecard/dblp/query_dense_16_176.graph,
query_dense_16_177,26542154573502,,ok,,/home/zxz/miniGU_experiment_master/experiment/patterns/truecard/dblp/query_dense_16_177.graph,
query_dense_16_178,38162033696160,,ok,,/home/zxz/miniGU_experiment_master/experiment/patterns/truecard/dblp/query_dense_16_178.graph,
query_dense_16_179,101408361694523,,ok,,/home/zxz/miniGU_experiment_master/experiment/patterns/truecard/dblp/query_dense_16_179.graph,
query_dense_16_18,10366528530215,,ok,,/home/zxz/miniGU_experiment_master/experiment/patterns/truecard/dblp/query_dense_16_18.graph,
query_dense_16_181,29668980121490,,ok,,/home/zxz/miniGU_experiment_master/experiment/patterns/truecard/dblp/query_dense_16_181.graph,
query_dense_16_184,16966252302440,,ok,,/home/zxz/miniGU_experiment_master/experiment/patterns/truecard/dblp/query_dense_16_184.graph,
query_dense_16_185,36164811507410,,ok,,/home/zxz/miniGU_experiment_master/experiment/patterns/truecard/dblp/query_dense_16_185.graph,
query_dense_16_186,105861081844802,,ok,,/home/zxz/miniGU_experiment_master/experiment/patterns/truecard/dblp/query_dense_16_186.graph,
query_dense_16_187,81157949513759,,ok,,/home/zxz/miniGU_experiment_master/experiment/patterns/truecard/dblp/query_dense_16_187.graph,
query_dense_16_188,9848168109474,,ok,,/home/zxz/miniGU_experiment_master/experiment/patterns/truecard/dblp/query_dense_16_188.graph,
query_dense_16_189,104145054047168,,ok,,/home/zxz/miniGU_experiment_master/experiment/patterns/truecard/dblp/query_dense_16_189.graph,
query_dense_16_19,119838236622703,,ok,,/home/zxz/miniGU_experiment_master/experiment/patterns/truecard/dblp/query_dense_16_19.graph,
query_dense_16_192,58248829554614,,ok,,/home/zxz/miniGU_experiment_master/experiment/patterns/truecard/dblp/query_dense_16_192.graph,
query_dense_16_193,192274043762535,,ok,,/home/zxz/miniGU_experiment_master/experiment/patterns/truecard/dblp/query_dense_16_193.graph,
query_dense_16_194,32478933940674,,ok,,/home/zxz/miniGU_experiment_master/experiment/patterns/truecard/dblp/query_dense_16_194.graph,
query_dense_16_195,741646837811018,,ok,,/home/zxz/miniGU_experiment_master/experiment/patterns/truecard/dblp/query_dense_16_195.graph,
query_dense_16_196,15708728475632,,ok,,/home/zxz/miniGU_experiment_master/experiment/patterns/truecard/dblp/query_dense_16_196.graph,
query_dense_16_197,79264895748730,,ok,,/home/zxz/miniGU_experiment_master/experiment/patterns/truecard/dblp/query_dense_16_197.graph,
query_dense_16_199,33253510358794,,ok,,/home/zxz/miniGU_experiment_master/experiment/patterns/truecard/dblp/query_dense_16_199.graph,
query_dense_16_2,64226428850690,,ok,,/home/zxz/miniGU_experiment_master/experiment/patterns/truecard/dblp/query_dense_16_2.graph,
query_dense_16_20,41300848016924,,ok,,/home/zxz/miniGU_experiment_master/experiment/patterns/truecard/dblp/query_dense_16_20.graph,
query_dense_16_200,96926197689340,,ok,,/home/zxz/miniGU_experiment_master/experiment/patterns/truecard/dblp/query_dense_16_200.graph,
query_dense_16_21,59388954898864,,ok,,/home/zxz/miniGU_experiment_master/experiment/patterns/truecard/dblp/query_dense_16_21.graph,
query_dense_16_22,92796881595394,,ok,,/home/zxz/miniGU_experiment_master/experiment/patterns/truecard/dblp/query_dense_16_22.graph,
query_dense_16_25,176584357829554,,ok,,/home/zxz/miniGU_experiment_master/experiment/patterns/truecard/dblp/query_dense_16_25.graph,
query_dense_16_26,26201984461138,,ok,,/home/zxz/miniGU_experiment_master/experiment/patterns/truecard/dblp/query_dense_16_26.graph,
query_dense_16_27,55904167890452,,ok,,/home/zxz/miniGU_experiment_master/experiment/patterns/truecard/dblp/query_dense_16_27.graph,
query_dense_16_28,3530554091150,,ok,,/home/zxz/miniGU_experiment_master/experiment/patterns/truecard/dblp/query_dense_16_28.graph,
query_dense_16_29,38656057595662,,ok,,/home/zxz/miniGU_experiment_master/experiment/patterns/truecard/dblp/query_dense_16_29.graph,
query_dense_16_30,187329981583264,,ok,,/home/zxz/miniGU_experiment_master/experiment/patterns/truecard/dblp/query_dense_16_30.graph,
query_dense_16_31,5791970568724,,ok,,/home/zxz/miniGU_experiment_master/experiment/patterns/truecard/dblp/query_dense_16_31.graph,
query_dense_16_32,60592772803346,,ok,,/home/zxz/miniGU_experiment_master/experiment/patterns/truecard/dblp/query_dense_16_32.graph,
query_dense_16_33,101565709456208,,ok,,/home/zxz/miniGU_experiment_master/experiment/patterns/truecard/dblp/query_dense_16_33.graph,
query_dense_16_34,11834070717351,,ok,,/home/zxz/miniGU_experiment_master/experiment/patterns/truecard/dblp/query_dense_16_34.graph,
query_dense_16_35,23615121024278,,ok,,/home/zxz/miniGU_experiment_master/experiment/patterns/truecard/dblp/query_dense_16_35.graph,
query_dense_16_36,223014583225064,,ok,,/home/zxz/miniGU_experiment_master/experiment/patterns/truecard/dblp/query_dense_16_36.graph,
query_dense_16_37,776099622560,,ok,,/home/zxz/miniGU_experiment_master/experiment/patterns/truecard/dblp/query_dense_16_37.graph,
query_dense_16_38,210291730737131,,ok,,/home/zxz/miniGU_experiment_master/experiment/patterns/truecard/dblp/query_dense_16_38.graph,
query_dense_16_39,54408223870816,,ok,,/home/zxz/miniGU_experiment_master/experiment/patterns/truecard/dblp/query_dense_16_39.graph,
query_dense_16_4,263854062848000,,ok,,/home/zxz/miniGU_experiment_master/experiment/patterns/truecard/dblp/query_dense_16_4.graph,
query_dense_16_40,34229896255738,,ok,,/home/zxz/miniGU_experiment_master/experiment/patterns/truecard/dblp/query_dense_16_40.graph,
query_dense_16_41,254950726473002,,ok,,/home/zxz/miniGU_experiment_master/experiment/patterns/truecard/dblp/query_dense_16_41.graph,
query_dense_16_42,68879713499698,,ok,,/home/zxz/miniGU_experiment_master/experiment/patterns/truecard/dblp/query_dense_16_42.graph,
query_dense_16_43,112385944542592,,ok,,/home/zxz/miniGU_experiment_master/experiment/patterns/truecard/dblp/query_dense_16_43.graph,
query_dense_16_44,137156122171807,,ok,,/home/zxz/miniGU_experiment_master/experiment/patterns/truecard/dblp/query_dense_16_44.graph,
query_dense_16_46,297624919540464,,ok,,/home/zxz/miniGU_experiment_master/experiment/patterns/truecard/dblp/query_dense_16_46.graph,
query_dense_16_49,41934783733270,,ok,,/home/zxz/miniGU_experiment_master/experiment/patterns/truecard/dblp/query_dense_16_49.graph,
query_dense_16_5,34960621841520,,ok,,/home/zxz/miniGU_experiment_master/experiment/patterns/truecard/dblp/query_dense_16_5.graph,
query_dense_16_50,193470958216893,,ok,,/home/zxz/miniGU_experiment_master/experiment/patterns/truecard/dblp/query_dense_16_50.graph,
query_dense_16_51,231741143401654,,ok,,/home/zxz/miniGU_experiment_master/experiment/patterns/truecard/dblp/query_dense_16_51.graph,
query_dense_16_52,482400385274639,,ok,,/home/zxz/miniGU_experiment_master/experiment/patterns/truecard/dblp/query_dense_16_52.graph,
query_dense_16_53,143211368575444,,ok,,/home/zxz/miniGU_experiment_master/experiment/patterns/truecard/dblp/query_dense_16_53.graph,
query_dense_16_54,98057475679002,,ok,,/home/zxz/miniGU_experiment_master/experiment/patterns/truecard/dblp/query_dense_16_54.graph,
query_dense_16_55,72181451902956,,ok,,/home/zxz/miniGU_experiment_master/experiment/patterns/truecard/dblp/query_dense_16_55.graph,
query_dense_16_57,99803031789010,,ok,,/home/zxz/miniGU_experiment_master/experiment/patterns/truecard/dblp/query_dense_16_57.graph,
query_dense_16_58,25361075287766,,ok,,/home/zxz/miniGU_experiment_master/experiment/patterns/truecard/dblp/query_dense_16_58.graph,
query_dense_16_59,14524409240394,,ok,,/home/zxz/miniGU_experiment_master/experiment/patterns/truecard/dblp/query_dense_16_59.graph,
query_dense_16_6,301665596072742,,ok,,/home/zxz/miniGU_experiment_master/experiment/patterns/truecard/dblp/query_dense_16_6.graph,
query_dense_16_60,64407776136074,,ok,,/home/zxz/miniGU_experiment_master/experiment/patterns/truecard/dblp/query_dense_16_60.graph,
query_dense_16_63,483649387242375,,ok,,/home/zxz/miniGU_experiment_master/experiment/patterns/truecard/dblp/query_dense_16_63.graph,
query_dense_16_64,144634317377682,,ok,,/home/zxz/miniGU_experiment_master/experiment/patterns/truecard/dblp/query_dense_16_64.graph,
query_dense_16_65,62858706758150,,ok,,/home/zxz/miniGU_experiment_master/experiment/patterns/truecard/dblp/query_dense_16_65.graph,
query_dense_16_66,26971610497154,,ok,,/home/zxz/miniGU_experiment_master/experiment/patterns/truecard/dblp/query_dense_16_66.graph,
query_dense_16_67,6268802212018,,ok,,/home/zxz/miniGU_experiment_master/experiment/patterns/truecard/dblp/query_dense_16_67.graph,
query_dense_16_68,745370482976,,ok,,/home/zxz/miniGU_experiment_master/experiment/patterns/truecard/dblp/query_dense_16_68.graph,
query_dense_16_69,606873479178118,,ok,,/home/zxz/miniGU_experiment_master/experiment/patterns/truecard/dblp/query_dense_16_69.graph,
query_dense_16_70,112129219016243,,ok,,/home/zxz/miniGU_experiment_master/experiment/patterns/truecard/dblp/query_dense_16_70.graph,
query_dense_16_71,32315151300152,,ok,,/home/zxz/miniGU_experiment_master/experiment/patterns/truecard/dblp/query_dense_16_71.graph,
query_dense_16_73,70120651190786,,ok,,/home/zxz/miniGU_experiment_master/experiment/patterns/truecard/dblp/query_dense_16_73.graph,
query_dense_16_74,86620587213452,,ok,,/home/zxz/miniGU_experiment_master/experiment/patterns/truecard/dblp/query_dense_16_74.graph,
query_dense_16_75,33387054853936,,ok,,/home/zxz/miniGU_experiment_master/experiment/patterns/truecard/dblp/query_dense_16_75.graph,
query_dense_16_76,20593426637570,,ok,,/home/zxz/miniGU_experiment_master/experiment/patterns/truecard/dblp/query_dense_16_76.graph,
query_dense_16_77,7297024814154,,ok,,/home/zxz/miniGU_experiment_master/experiment/patterns/truecard/dblp/query_dense_16_77.graph,
query_dense_16_78,107312345783828,,ok,,/home/zxz/miniGU_experiment_master/experiment/patterns/truecard/dblp/query_dense_16_78.graph,
query_dense_16_8,7538985496016,,ok,,/home/zxz/miniGU_experiment_master/experiment/patterns/truecard/dblp/query_dense_16_8.graph,
query_dense_16_80,173801177646442,,ok,,/home/zxz/miniGU_experiment_master/experiment/patterns/truecard/dblp/query_dense_16_80.graph,
query_dense_16_81,41716760302408,,ok,,/home/zxz/miniGU_experiment_master/experiment/patterns/truecard/dblp/query_dense_16_81.graph,
query_dense_16_82,57575688596696,,ok,,/home/zxz/miniGU_experiment_master/experiment/patterns/truecard/dblp/query_dense_16_82.graph,
query_dense_16_83,431446695369588,,ok,,/home/zxz/miniGU_experiment_master/experiment/patterns/truecard/dblp/query_dense_16_83.graph,
query_dense_16_84,18220143012576,,ok,,/home/zxz/miniGU_experiment_master/experiment/patterns/truecard/dblp/query_dense_16_84.graph,
query_dense_16_86,47238548991917,,ok,,/home/zxz/miniGU_experiment_master/experiment/patterns/truecard/dblp/query_dense_16_86.graph,
query_dense_16_87,23050192713606,,ok,,/home/zxz/miniGU_experiment_master/experiment/patterns/truecard/dblp/query_dense_16_87.graph,
query_dense_16_88,6878077723424,,ok,,/home/zxz/miniGU_experiment_master/experiment/patterns/truecard/dblp/query_dense_16_88.graph,
query_dense_16_89,178237477776158,,ok,,/home/zxz/miniGU_experiment_master/experiment/patterns/truecard/dblp/query_dense_16_89.graph,
query_dense_16_9,122218140532611,,ok,,/home/zxz/miniGU_experiment_master/experiment/patterns/truecard/dblp/query_dense_16_9.graph,
query_dense_16_90,2386998759457,,ok,,/home/zxz/miniGU_experiment_master/experiment/patterns/truecard/dblp/query_dense_16_90.graph,
query_dense_16_91,15496771912612,,ok,,/home/zxz/miniGU_experiment_master/experiment/patterns/truecard/dblp/query_dense_16_91.graph,
query_dense_16_92,45532292683292,,ok,,/home/zxz/miniGU_experiment_master/experiment/patterns/truecard/dblp/query_dense_16_92.graph,
query_dense_16_93,145987258057960,,ok,,/home/zxz/miniGU_experiment_master/experiment/patterns/truecard/dblp/query_dense_16_93.graph,
query_dense_16_94,127951619613768,,ok,,/home/zxz/miniGU_experiment_master/experiment/patterns/truecard/dblp/query_dense_16_94.graph,
query_dense_16_95,5398348634532,,ok,,/home/zxz/miniGU_experiment_master/experiment/patterns/truecard/dblp/query_dense_16_95.graph,
query_dense_16_96,95149817174300,,ok,,/home/zxz/miniGU_experiment_master/experiment/patterns/truecard/dblp/query_dense_16_96.graph,
query_dense_16_97,308771129345854,,ok,,/home/zxz/miniGU_experiment_master/experiment/patterns/truecard/dblp/query_dense_16_97.graph,
query_dense_16_98,6355137605877,,ok,,/home/zxz/miniGU_experiment_master/experiment/patterns/truecard/dblp/query_dense_16_98.graph,
query_dense_16_99,16312171463252,,ok,,/home/zxz/miniGU_experiment_master/experiment/patterns/truecard/dblp/query_dense_16_99.graph,
query_dense_24_1,375728329163549425028,1.005552,ok,,experiment/run_tmp/dblp_gcard_partitioned_patterns/query_dense_24_1.json,
query_dense_24_10,1959738162020113043798,0.549725,ok,,experiment/run_tmp/dblp_gcard_partitioned_patterns/query_dense_24_10.json,
query_dense_24_101,429122754851659621368,0.526697,ok,,experiment/run_tmp/dblp_gcard_partitioned_patterns/query_dense_24_101.json,
query_dense_24_104,44306454852646991680,6.524351,ok,,experiment/run_tmp/dblp_gcard_partitioned_patterns/query_dense_24_104.json,
query_dense_24_106,166775057039541533382,0.635187,ok,,experiment/run_tmp/dblp_gcard_partitioned_patterns/query_dense_24_106.json,
query_dense_24_108,247264538586167564344,0.858734,ok,,experiment/run_tmp/dblp_gcard_partitioned_patterns/query_dense_24_108.json,
query_dense_24_11,850425773408208452460,0.464567,ok,,experiment/run_tmp/dblp_gcard_partitioned_patterns/query_dense_24_11.json,
query_dense_24_110,80769956930462108360,2.157710,ok,,experiment/run_tmp/dblp_gcard_partitioned_patterns/query_dense_24_110.json,
query_dense_24_113,1054115771112220513486,0.812025,ok,,experiment/run_tmp/dblp_gcard_partitioned_patterns/query_dense_24_113.json,
query_dense_24_115,81801916616082853229,0.563950,ok,,experiment/run_tmp/dblp_gcard_partitioned_patterns/query_dense_24_115.json,
query_dense_24_117,102717830244086739512,56.224554,ok,,experiment/run_tmp/dblp_gcard_partitioned_patterns/query_dense_24_117.json,
query_dense_24_118,666641369664514855691,1.089610,ok,,experiment/run_tmp/dblp_gcard_partitioned_patterns/query_dense_24_118.json,
query_dense_24_12,2898296170851854635,0.451038,ok,,experiment/run_tmp/dblp_gcard_partitioned_patterns/query_dense_24_12.json,
query_dense_24_120,188829487532838470870,0.605007,ok,,experiment/run_tmp/dblp_gcard_partitioned_patterns/query_dense_24_120.json,
query_dense_24_125,1646838322802184562644,0.550474,ok,,experiment/run_tmp/dblp_gcard_partitioned_patterns/query_dense_24_125.json,
query_dense_24_126,986054969746080443172,0.639057,ok,,experiment/run_tmp/dblp_gcard_partitioned_patterns/query_dense_24_126.json,
query_dense_24_127,38969958336678615818,0.975273,ok,,experiment/run_tmp/dblp_gcard_partitioned_patterns/query_dense_24_127.json,
query_dense_24_129,2144725981184298101494,0.950521,ok,,experiment/run_tmp/dblp_gcard_partitioned_patterns/query_dense_24_129.json,
query_dense_24_131,337516026179020864312,1.419188,ok,,experiment/run_tmp/dblp_gcard_partitioned_patterns/query_dense_24_131.json,
query_dense_24_132,62398651554944068600,1.363106,ok,,experiment/run_tmp/dblp_gcard_partitioned_patterns/query_dense_24_132.json,
query_dense_24_133,22437314377820417768,12.262652,ok,,experiment/run_tmp/dblp_gcard_partitioned_patterns/query_dense_24_133.json,
query_dense_24_135,61898262409481207680,10.537680,ok,,experiment/run_tmp/dblp_gcard_partitioned_patterns/query_dense_24_135.json,
query_dense_24_137,152323989626357167542,11.245034,ok,,experiment/run_tmp/dblp_gcard_partitioned_patterns/query_dense_24_137.json,
query_dense_24_139,577717228446329577022,0.626373,ok,,experiment/run_tmp/dblp_gcard_partitioned_patterns/query_dense_24_139.json,
query_dense_24_14,1200291749574276557664,1.474874,ok,,experiment/run_tmp/dblp_gcard_partitioned_patterns/query_dense_24_14.json,
query_dense_24_142,427851657592249562642,0.459047,ok,,experiment/run_tmp/dblp_gcard_partitioned_patterns/query_dense_24_142.json,
query_dense_24_147,1464650067775963816656,89.900319,ok,,experiment/run_tmp/dblp_gcard_partitioned_patterns/query_dense_24_147.json,
query_dense_24_148,684950252925444532480,0.906412,ok,,experiment/run_tmp/dblp_gcard_partitioned_patterns/query_dense_24_148.json,
query_dense_24_152,647427596265434162042,1.053319,ok,,experiment/run_tmp/dblp_gcard_partitioned_patterns/query_dense_24_152.json,
query_dense_24_162,1257559668957791908745,2.326201,ok,,experiment/run_tmp/dblp_gcard_partitioned_patterns/query_dense_24_162.json,
query_dense_24_163,9688489275832825775364,0.418014,ok,,experiment/run_tmp/dblp_gcard_partitioned_patterns/query_dense_24_163.json,
query_dense_24_165,465995317733237920568,0.605384,ok,,experiment/run_tmp/dblp_gcard_partitioned_patterns/query_dense_24_165.json,
query_dense_24_166,59928371284209552624,9.143576,ok,,experiment/run_tmp/dblp_gcard_partitioned_patterns/query_dense_24_166.json,
query_dense_24_173,203861634539498257008,1.496779,ok,,experiment/run_tmp/dblp_gcard_partitioned_patterns/query_dense_24_173.json,
query_dense_24_175,984047305905870016460,8.663082,ok,,experiment/run_tmp/dblp_gcard_partitioned_patterns/query_dense_24_175.json,
query_dense_24_178,93112108383305363318,0.625207,ok,,experiment/run_tmp/dblp_gcard_partitioned_patterns/query_dense_24_178.json,
query_dense_24_194,1258302344437212690244,13.041884,ok,,experiment/run_tmp/dblp_gcard_partitioned_patterns/query_dense_24_194.json,
query_dense_24_196,635677036472314091880,0.827503,ok,,experiment/run_tmp/dblp_gcard_partitioned_patterns/query_dense_24_196.json,
query_dense_24_197,154477650617601909780,3.093071,ok,,experiment/run_tmp/dblp_gcard_partitioned_patterns/query_dense_24_197.json,
query_dense_24_198,465956469946261755849,0.543745,ok,,experiment/run_tmp/dblp_gcard_partitioned_patterns/query_dense_24_198.json,
query_dense_24_20,7367066689569898298208,0.459856,ok,,experiment/run_tmp/dblp_gcard_partitioned_patterns/query_dense_24_20.json,
query_dense_24_21,336100279080458850978,9.304236,ok,,experiment/run_tmp/dblp_gcard_partitioned_patterns/query_dense_24_21.json,
query_dense_24_22,2366449282745239085568,0.445629,ok,,experiment/run_tmp/dblp_gcard_partitioned_patterns/query_dense_24_22.json,
query_dense_24_24,684852068332904316822,0.473451,ok,,experiment/run_tmp/dblp_gcard_partitioned_patterns/query_dense_24_24.json,
query_dense_24_27,99545730235142006108,9.692510,ok,,experiment/run_tmp/dblp_gcard_partitioned_patterns/query_dense_24_27.json,
query_dense_24_30,3753034583831599727240,1.156320,ok,,experiment/run_tmp/dblp_gcard_partitioned_patterns/query_dense_24_30.json,
query_dense_24_32,210024674595973090862,0.781481,ok,,experiment/run_tmp/dblp_gcard_partitioned_patterns/query_dense_24_32.json,
query_dense_24_34,113829139924900882456,0.533159,ok,,experiment/run_tmp/dblp_gcard_partitioned_patterns/query_dense_24_34.json,
query_dense_24_4,226237857419418806550,26.999400,ok,,experiment/run_tmp/dblp_gcard_partitioned_patterns/query_dense_24_4.json,
query_dense_24_41,2899769746712219543224,0.680836,ok,,experiment/run_tmp/dblp_gcard_partitioned_patterns/query_dense_24_41.json,
query_dense_24_42,21479016166946697600,54.436319,ok,,experiment/run_tmp/dblp_gcard_partitioned_patterns/query_dense_24_42.json,
query_dense_24_48,665786208640485869532,5.924548,ok,,experiment/run_tmp/dblp_gcard_partitioned_patterns/query_dense_24_48.json,
query_dense_24_5,228127101839320738896,23.105123,ok,,experiment/run_tmp/dblp_gcard_partitioned_patterns/query_dense_24_5.json,
query_dense_24_54,137512809430490289840,8.878781,ok,,experiment/run_tmp/dblp_gcard_partitioned_patterns/query_dense_24_54.json,
query_dense_24_56,130971414740686363800,0.458676,ok,,experiment/run_tmp/dblp_gcard_partitioned_patterns/query_dense_24_56.json,
query_dense_24_57,14253423371485346350084,0.588993,ok,,experiment/run_tmp/dblp_gcard_partitioned_patterns/query_dense_24_57.json,
query_dense_24_6,1846954432255368218200,133.952829,ok,,experiment/run_tmp/dblp_gcard_partitioned_patterns/query_dense_24_6.json,
query_dense_24_60,943482140694008819438,0.781576,ok,,experiment/run_tmp/dblp_gcard_partitioned_patterns/query_dense_24_60.json,
query_dense_24_61,2406239176134230123907,0.595874,ok,,experiment/run_tmp/dblp_gcard_partitioned_patterns/query_dense_24_61.json,
query_dense_24_64,1439379483609806837979,0.630643,ok,,experiment/run_tmp/dblp_gcard_partitioned_patterns/query_dense_24_64.json,
query_dense_24_69,227517523442614871480,1.581717,ok,,experiment/run_tmp/dblp_gcard_partitioned_patterns/query_dense_24_69.json,
query_dense_24_71,136226424617863381823,0.657437,ok,,experiment/run_tmp/dblp_gcard_partitioned_patterns/query_dense_24_71.json,
query_dense_24_72,3139330855242029967699,0.453581,ok,,experiment/run_tmp/dblp_gcard_partitioned_patterns/query_dense_24_72.json,
query_dense_24_73,40038434465761241604,1.136158,ok,,experiment/run_tmp/dblp_gcard_partitioned_patterns/query_dense_24_73.json,
query_dense_24_75,1938201809077490528864,0.451298,ok,,experiment/run_tmp/dblp_gcard_partitioned_patterns/query_dense_24_75.json,
query_dense_24_80,39953572849779583880,4.928151,ok,,experiment/run_tmp/dblp_gcard_partitioned_patterns/query_dense_24_80.json,
query_dense_24_82,9453139885616278244628,1.116116,ok,,experiment/run_tmp/dblp_gcard_partitioned_patterns/query_dense_24_82.json,
query_dense_24_83,1793846471442926955648,0.484028,ok,,experiment/run_tmp/dblp_gcard_partitioned_patterns/query_dense_24_83.json,
query_dense_24_86,63165663070193362176,1.165356,ok,,experiment/run_tmp/dblp_gcard_partitioned_patterns/query_dense_24_86.json,
query_dense_24_91,44537390577567994577,0.466663,ok,,experiment/run_tmp/dblp_gcard_partitioned_patterns/query_dense_24_91.json,
query_dense_24_93,25629372013617864304,1.107885,ok,,experiment/run_tmp/dblp_gcard_partitioned_patterns/query_dense_24_93.json,
query_dense_32_1,3513916411811928198100634112,52.613776,ok,,experiment/run_tmp/dblp_gcard_partitioned_patterns/query_dense_32_1.json,
query_dense_32_103,73627922564291842195056298,0.764479,ok,,experiment/run_tmp/dblp_gcard_partitioned_patterns/query_dense_32_103.json,
query_dense_32_11,35379131857682228084729683170,0.576782,ok,,experiment/run_tmp/dblp_gcard_partitioned_patterns/query_dense_32_11.json,
query_dense_32_111,184853749759186041967497352,2.648570,ok,,experiment/run_tmp/dblp_gcard_partitioned_patterns/query_dense_32_111.json,
query_dense_32_114,2248233241143459522114598048,0.767544,ok,,experiment/run_tmp/dblp_gcard_partitioned_patterns/query_dense_32_114.json,
query_dense_32_117,6735511730566439798941395432,15.939056,ok,,experiment/run_tmp/dblp_gcard_partitioned_patterns/query_dense_32_117.json,
query_dense_32_12,27217935521409714622653657314,0.619985,ok,,experiment/run_tmp/dblp_gcard_partitioned_patterns/query_dense_32_12.json,
query_dense_32_123,1126759362845547333888899532,4.900066,ok,,experiment/run_tmp/dblp_gcard_partitioned_patterns/query_dense_32_123.json,
query_dense_32_127,1997223446837830240068026212,2.686040,ok,,experiment/run_tmp/dblp_gcard_partitioned_patterns/query_dense_32_127.json,
query_dense_32_136,211423601939059573514418720,2.554210,ok,,experiment/run_tmp/dblp_gcard_partitioned_patterns/query_dense_32_136.json,
query_dense_32_139,21567007986207643780475089968,0.664449,ok,,experiment/run_tmp/dblp_gcard_partitioned_patterns/query_dense_32_139.json,
query_dense_32_14,757338923871935066006300433,0.601495,ok,,experiment/run_tmp/dblp_gcard_partitioned_patterns/query_dense_32_14.json,
query_dense_32_143,30198058159533019182901744,1.053709,ok,,experiment/run_tmp/dblp_gcard_partitioned_patterns/query_dense_32_143.json,
query_dense_32_145,4265401900893950275824076140,5.990481,ok,,experiment/run_tmp/dblp_gcard_partitioned_patterns/query_dense_32_145.json,
query_dense_32_146,80255753364850455704313768,15.506572,ok,,experiment/run_tmp/dblp_gcard_partitioned_patterns/query_dense_32_146.json,
query_dense_32_147,1300369864051909678952189312,0.706302,ok,,experiment/run_tmp/dblp_gcard_partitioned_patterns/query_dense_32_147.json,
query_dense_32_148,54306384126189258330611280,1.362680,ok,,experiment/run_tmp/dblp_gcard_partitioned_patterns/query_dense_32_148.json,
query_dense_32_149,4397935428963406744581440768,0.753585,ok,,experiment/run_tmp/dblp_gcard_partitioned_patterns/query_dense_32_149.json,
query_dense_32_151,120034306519024825516107840,1.421914,ok,,experiment/run_tmp/dblp_gcard_partitioned_patterns/query_dense_32_151.json,
query_dense_32_154,1561079396828073182164023718,0.592942,ok,,experiment/run_tmp/dblp_gcard_partitioned_patterns/query_dense_32_154.json,
query_dense_32_163,3693048536732383706847795200,0.983169,ok,,experiment/run_tmp/dblp_gcard_partitioned_patterns/query_dense_32_163.json,
query_dense_32_164,29967526555488030090312920,352.244992,ok,,experiment/run_tmp/dblp_gcard_partitioned_patterns/query_dense_32_164.json,
query_dense_32_166,474344689987318078731851544,0.841324,ok,,experiment/run_tmp/dblp_gcard_partitioned_patterns/query_dense_32_166.json,
query_dense_32_167,22012691620154600234489401120,7.921729,ok,,experiment/run_tmp/dblp_gcard_partitioned_patterns/query_dense_32_167.json,
query_dense_32_18,593657539338190138861244048,1.146685,ok,,experiment/run_tmp/dblp_gcard_partitioned_patterns/query_dense_32_18.json,
query_dense_32_183,1488816034017888722497161992,1.727857,ok,,experiment/run_tmp/dblp_gcard_partitioned_patterns/query_dense_32_183.json,
query_dense_32_189,17107029342368004143359284768,12.931073,ok,,experiment/run_tmp/dblp_gcard_partitioned_patterns/query_dense_32_189.json,
query_dense_32_197,2167612634334877054775341392,5.864017,ok,,experiment/run_tmp/dblp_gcard_partitioned_patterns/query_dense_32_197.json,
query_dense_32_199,324592860228535368939751224,0.515230,ok,,experiment/run_tmp/dblp_gcard_partitioned_patterns/query_dense_32_199.json,
query_dense_32_2,1393431705956911482351371008,0.725312,ok,,experiment/run_tmp/dblp_gcard_partitioned_patterns/query_dense_32_2.json,
query_dense_32_21,70126157402871428736180218604,0.694365,ok,,experiment/run_tmp/dblp_gcard_partitioned_patterns/query_dense_32_21.json,
query_dense_32_22,6526179117862672911661607284,0.567398,ok,,experiment/run_tmp/dblp_gcard_partitioned_patterns/query_dense_32_22.json,
query_dense_32_33,650028639826168490766465432,54.865196,ok,,experiment/run_tmp/dblp_gcard_partitioned_patterns/query_dense_32_33.json,
query_dense_32_34,1409881554067924651138586182,1.001573,ok,,experiment/run_tmp/dblp_gcard_partitioned_patterns/query_dense_32_34.json,
query_dense_32_39,107777828671037157084401700,0.702411,ok,,experiment/run_tmp/dblp_gcard_partitioned_patterns/query_dense_32_39.json,
query_dense_32_42,104655366178412328900094990,1.207036,ok,,experiment/run_tmp/dblp_gcard_partitioned_patterns/query_dense_32_42.json,
query_dense_32_44,4375605261208578134036874896,1.391281,ok,,experiment/run_tmp/dblp_gcard_partitioned_patterns/query_dense_32_44.json,
query_dense_32_45,6017688209312537445620593464,0.588885,ok,,experiment/run_tmp/dblp_gcard_partitioned_patterns/query_dense_32_45.json,
query_dense_32_46,14684351769932518056199594776,16.145840,ok,,experiment/run_tmp/dblp_gcard_partitioned_patterns/query_dense_32_46.json,
query_dense_32_49,2721234330296447499909141936,1.334690,ok,,experiment/run_tmp/dblp_gcard_partitioned_patterns/query_dense_32_49.json,
query_dense_32_54,119138517389451810321432176,0.540194,ok,,experiment/run_tmp/dblp_gcard_partitioned_patterns/query_dense_32_54.json,
query_dense_32_6,39665862170576283390393506496,1.696158,ok,,experiment/run_tmp/dblp_gcard_partitioned_patterns/query_dense_32_6.json,
query_dense_32_62,75828138716094774195769348,1.642516,ok,,experiment/run_tmp/dblp_gcard_partitioned_patterns/query_dense_32_62.json,
query_dense_32_68,93078916112232813199531520,178.097722,ok,,experiment/run_tmp/dblp_gcard_partitioned_patterns/query_dense_32_68.json,
query_dense_32_70,252837256442861344687642040,5.604336,ok,,experiment/run_tmp/dblp_gcard_partitioned_patterns/query_dense_32_70.json,
query_dense_32_72,114307732813419927141213040,0.822374,ok,,experiment/run_tmp/dblp_gcard_partitioned_patterns/query_dense_32_72.json,
query_dense_32_81,715158535582104208996499508,6.075334,ok,,experiment/run_tmp/dblp_gcard_partitioned_patterns/query_dense_32_81.json,
query_dense_32_85,861125151788202971052420784,1.414672,ok,,experiment/run_tmp/dblp_gcard_partitioned_patterns/query_dense_32_85.json,
query_dense_32_89,241390543510039109108749760,5.441343,ok,,experiment/run_tmp/dblp_gcard_partitioned_patterns/query_dense_32_89.json,
query_dense_32_95,243683362577185365933656278,1.824946,ok,,experiment/run_tmp/dblp_gcard_partitioned_patterns/query_dense_32_95.json,
query_dense_32_97,8906535657631494193038487944,0.961992,ok,,experiment/run_tmp/dblp_gcard_partitioned_patterns/query_dense_32_97.json,
query_dense_32_99,68664331581916264769196584,0.866699,ok,,experiment/run_tmp/dblp_gcard_partitioned_patterns/query_dense_32_99.json,
query_dense_4_1,53077,,ok,,/home/zxz/miniGU_experiment_master/experiment/patterns/truecard/dblp/query_dense_4_1.graph,
query_dense_4_10,9001,,ok,,/home/zxz/miniGU_experiment_master/experiment/patterns/truecard/dblp/query_dense_4_10.graph,
query_dense_4_100,30912,,ok,,/home/zxz/miniGU_experiment_master/experiment/patterns/truecard/dblp/query_dense_4_100.graph,
query_dense_4_101,30326,,ok,,/home/zxz/miniGU_experiment_master/experiment/patterns/truecard/dblp/query_dense_4_101.graph,
query_dense_4_102,7260,,ok,,/home/zxz/miniGU_experiment_master/experiment/patterns/truecard/dblp/query_dense_4_102.graph,
query_dense_4_103,7771,,ok,,/home/zxz/miniGU_experiment_master/experiment/patterns/truecard/dblp/query_dense_4_103.graph,
query_dense_4_104,6660,,ok,,/home/zxz/miniGU_experiment_master/experiment/patterns/truecard/dblp/query_dense_4_104.graph,
query_dense_4_105,14820,,ok,,/home/zxz/miniGU_experiment_master/experiment/patterns/truecard/dblp/query_dense_4_105.graph,
query_dense_4_106,5295,,ok,,/home/zxz/miniGU_experiment_master/experiment/patterns/truecard/dblp/query_dense_4_106.graph,
query_dense_4_107,3850,,ok,,/home/zxz/miniGU_experiment_master/experiment/patterns/truecard/dblp/query_dense_4_107.graph,
query_dense_4_108,12110,,ok,,/home/zxz/miniGU_experiment_master/experiment/patterns/truecard/dblp/query_dense_4_108.graph,
query_dense_4_109,11344,,ok,,/home/zxz/miniGU_experiment_master/experiment/patterns/truecard/dblp/query_dense_4_109.graph,
query_dense_4_11,11301,,ok,,/home/zxz/miniGU_experiment_master/experiment/patterns/truecard/dblp/query_dense_4_11.graph,
query_dense_4_110,12319,,ok,,/home/zxz/miniGU_experiment_master/experiment/patterns/truecard/dblp/query_dense_4_110.graph,
query_dense_4_111,14479,,ok,,/home/zxz/miniGU_experiment_master/experiment/patterns/truecard/dblp/query_dense_4_111.graph,
query_dense_4_112,8154,,ok,,/home/zxz/miniGU_experiment_master/experiment/patterns/truecard/dblp/query_dense_4_112.graph,
query_dense_4_113,18081,,ok,,/home/zxz/miniGU_experiment_master/experiment/patterns/truecard/dblp/query_dense_4_113.graph,
query_dense_4_114,6477,,ok,,/home/zxz/miniGU_experiment_master/experiment/patterns/truecard/dblp/query_dense_4_114.graph,
query_dense_4_115,11370,,ok,,/home/zxz/miniGU_experiment_master/experiment/patterns/truecard/dblp/query_dense_4_115.graph,
query_dense_4_116,12679,,ok,,/home/zxz/miniGU_experiment_master/experiment/patterns/truecard/dblp/query_dense_4_116.graph,
query_dense_4_117,3361,,ok,,/home/zxz/miniGU_experiment_master/experiment/patterns/truecard/dblp/query_dense_4_117.graph,
query_dense_4_118,8964,,ok,,/home/zxz/miniGU_experiment_master/experiment/patterns/truecard/dblp/query_dense_4_118.graph,
query_dense_4_119,26324,,ok,,/home/zxz/miniGU_experiment_master/experiment/patterns/truecard/dblp/query_dense_4_119.graph,
query_dense_4_12,10869,,ok,,/home/zxz/miniGU_experiment_master/experiment/patterns/truecard/dblp/query_dense_4_12.graph,
query_dense_4_120,9932,,ok,,/home/zxz/miniGU_experiment_master/experiment/patterns/truecard/dblp/query_dense_4_120.graph,
query_dense_4_121,11860,,ok,,/home/zxz/miniGU_experiment_master/experiment/patterns/truecard/dblp/query_dense_4_121.graph,
query_dense_4_122,22543,,ok,,/home/zxz/miniGU_experiment_master/experiment/patterns/truecard/dblp/query_dense_4_122.graph,
query_dense_4_123,11036,,ok,,/home/zxz/miniGU_experiment_master/experiment/patterns/truecard/dblp/query_dense_4_123.graph,
query_dense_4_124,8747,,ok,,/home/zxz/miniGU_experiment_master/experiment/patterns/truecard/dblp/query_dense_4_124.graph,
query_dense_4_125,8632,,ok,,/home/zxz/miniGU_experiment_master/experiment/patterns/truecard/dblp/query_dense_4_125.graph,
query_dense_4_126,26731,,ok,,/home/zxz/miniGU_experiment_master/experiment/patterns/truecard/dblp/query_dense_4_126.graph,
query_dense_4_127,6586,,ok,,/home/zxz/miniGU_experiment_master/experiment/patterns/truecard/dblp/query_dense_4_127.graph,
query_dense_4_128,36456,,ok,,/home/zxz/miniGU_experiment_master/experiment/patterns/truecard/dblp/query_dense_4_128.graph,
query_dense_4_129,9764,,ok,,/home/zxz/miniGU_experiment_master/experiment/patterns/truecard/dblp/query_dense_4_129.graph,
query_dense_4_13,13921,,ok,,/home/zxz/miniGU_experiment_master/experiment/patterns/truecard/dblp/query_dense_4_13.graph,
query_dense_4_130,37151,,ok,,/home/zxz/miniGU_experiment_master/experiment/patterns/truecard/dblp/query_dense_4_130.graph,
query_dense_4_131,12260,,ok,,/home/zxz/miniGU_experiment_master/experiment/patterns/truecard/dblp/query_dense_4_131.graph,
query_dense_4_132,25085,,ok,,/home/zxz/miniGU_experiment_master/experiment/patterns/truecard/dblp/query_dense_4_132.graph,
query_dense_4_133,11884,,ok,,/home/zxz/miniGU_experiment_master/experiment/patterns/truecard/dblp/query_dense_4_133.graph,
query_dense_4_134,10047,,ok,,/home/zxz/miniGU_experiment_master/experiment/patterns/truecard/dblp/query_dense_4_134.graph,
query_dense_4_135,9432,,ok,,/home/zxz/miniGU_experiment_master/experiment/patterns/truecard/dblp/query_dense_4_135.graph,
query_dense_4_136,7338,,ok,,/home/zxz/miniGU_experiment_master/experiment/patterns/truecard/dblp/query_dense_4_136.graph,
query_dense_4_137,5632,,ok,,/home/zxz/miniGU_experiment_master/experiment/patterns/truecard/dblp/query_dense_4_137.graph,
query_dense_4_138,12250,,ok,,/home/zxz/miniGU_experiment_master/experiment/patterns/truecard/dblp/query_dense_4_138.graph,
query_dense_4_139,7808,,ok,,/home/zxz/miniGU_experiment_master/experiment/patterns/truecard/dblp/query_dense_4_139.graph,
query_dense_4_14,5863,,ok,,/home/zxz/miniGU_experiment_master/experiment/patterns/truecard/dblp/query_dense_4_14.graph,
query_dense_4_140,8141,,ok,,/home/zxz/miniGU_experiment_master/experiment/patterns/truecard/dblp/query_dense_4_140.graph,
query_dense_4_141,10517,,ok,,/home/zxz/miniGU_experiment_master/experiment/patterns/truecard/dblp/query_dense_4_141.graph,
query_dense_4_142,6915,,ok,,/home/zxz/miniGU_experiment_master/experiment/patterns/truecard/dblp/query_dense_4_142.graph,
query_dense_4_143,11827,,ok,,/home/zxz/miniGU_experiment_master/experiment/patterns/truecard/dblp/query_dense_4_143.graph,
query_dense_4_144,7605,,ok,,/home/zxz/miniGU_experiment_master/experiment/patterns/truecard/dblp/query_dense_4_144.graph,
query_dense_4_145,12651,,ok,,/home/zxz/miniGU_experiment_master/experiment/patterns/truecard/dblp/query_dense_4_145.graph,
query_dense_4_146,26384,,ok,,/home/zxz/miniGU_experiment_master/experiment/patterns/truecard/dblp/query_dense_4_146.graph,
query_dense_4_147,7834,,ok,,/home/zxz/miniGU_experiment_master/experiment/patterns/truecard/dblp/query_dense_4_147.graph,
query_dense_4_148,32881,,ok,,/home/zxz/miniGU_experiment_master/experiment/patterns/truecard/dblp/query_dense_4_148.graph,
query_dense_4_149,10465,,ok,,/home/zxz/miniGU_experiment_master/experiment/patterns/truecard/dblp/query_dense_4_149.graph,
query_dense_4_15,7994,,ok,,/home/zxz/miniGU_experiment_master/experiment/patterns/truecard/dblp/query_dense_4_15.graph,
query_dense_4_150,9816,,ok,,/home/zxz/miniGU_experiment_master/experiment/patterns/truecard/dblp/query_dense_4_150.graph,
query_dense_4_151,23091,,ok,,/home/zxz/miniGU_experiment_master/experiment/patterns/truecard/dblp/query_dense_4_151.graph,
query_dense_4_152,3884,,ok,,/home/zxz/miniGU_experiment_master/experiment/patterns/truecard/dblp/query_dense_4_152.graph,
query_dense_4_153,6306,,ok,,/home/zxz/miniGU_experiment_master/experiment/patterns/truecard/dblp/query_dense_4_153.graph,
query_dense_4_154,13319,,ok,,/home/zxz/miniGU_experiment_master/experiment/patterns/truecard/dblp/query_dense_4_154.graph,
query_dense_4_155,14961,,ok,,/home/zxz/miniGU_experiment_master/experiment/patterns/truecard/dblp/query_dense_4_155.graph,
query_dense_4_156,4317,,ok,,/home/zxz/miniGU_experiment_master/experiment/patterns/truecard/dblp/query_dense_4_156.graph,
query_dense_4_157,14573,,ok,,/home/zxz/miniGU_experiment_master/experiment/patterns/truecard/dblp/query_dense_4_157.graph,
query_dense_4_158,10011,,ok,,/home/zxz/miniGU_experiment_master/experiment/patterns/truecard/dblp/query_dense_4_158.graph,
query_dense_4_159,9265,,ok,,/home/zxz/miniGU_experiment_master/experiment/patterns/truecard/dblp/query_dense_4_159.graph,
query_dense_4_16,20654,,ok,,/home/zxz/miniGU_experiment_master/experiment/patterns/truecard/dblp/query_dense_4_16.graph,
query_dense_4_160,8776,,ok,,/home/zxz/miniGU_experiment_master/experiment/patterns/truecard/dblp/query_dense_4_160.graph,
query_dense_4_161,5947,,ok,,/home/zxz/miniGU_experiment_master/experiment/patterns/truecard/dblp/query_dense_4_161.graph,
query_dense_4_162,3840,,ok,,/home/zxz/miniGU_experiment_master/experiment/patterns/truecard/dblp/query_dense_4_162.graph,
query_dense_4_163,31975,,ok,,/home/zxz/miniGU_experiment_master/experiment/patterns/truecard/dblp/query_dense_4_163.graph,
query_dense_4_164,11676,,ok,,/home/zxz/miniGU_experiment_master/experiment/patterns/truecard/dblp/query_dense_4_164.graph,
query_dense_4_165,11232,,ok,,/home/zxz/miniGU_experiment_master/experiment/patterns/truecard/dblp/query_dense_4_165.graph,
query_dense_4_166,19108,,ok,,/home/zxz/miniGU_experiment_master/experiment/patterns/truecard/dblp/query_dense_4_166.graph,
query_dense_4_167,7069,,ok,,/home/zxz/miniGU_experiment_master/experiment/patterns/truecard/dblp/query_dense_4_167.graph,
query_dense_4_168,24016,,ok,,/home/zxz/miniGU_experiment_master/experiment/patterns/truecard/dblp/query_dense_4_168.graph,
query_dense_4_169,8985,,ok,,/home/zxz/miniGU_experiment_master/experiment/patterns/truecard/dblp/query_dense_4_169.graph,
query_dense_4_17,22849,,ok,,/home/zxz/miniGU_experiment_master/experiment/patterns/truecard/dblp/query_dense_4_17.graph,
query_dense_4_170,30808,,ok,,/home/zxz/miniGU_experiment_master/experiment/patterns/truecard/dblp/query_dense_4_170.graph,
query_dense_4_171,5959,,ok,,/home/zxz/miniGU_experiment_master/experiment/patterns/truecard/dblp/query_dense_4_171.graph,
query_dense_4_172,7276,,ok,,/home/zxz/miniGU_experiment_master/experiment/patterns/truecard/dblp/query_dense_4_172.graph,
query_dense_4_173,4003,,ok,,/home/zxz/miniGU_experiment_master/experiment/patterns/truecard/dblp/query_dense_4_173.graph,
query_dense_4_174,26218,,ok,,/home/zxz/miniGU_experiment_master/experiment/patterns/truecard/dblp/query_dense_4_174.graph,
query_dense_4_175,20655,,ok,,/home/zxz/miniGU_experiment_master/experiment/patterns/truecard/dblp/query_dense_4_175.graph,
query_dense_4_176,9916,,ok,,/home/zxz/miniGU_experiment_master/experiment/patterns/truecard/dblp/query_dense_4_176.graph,
query_dense_4_177,9118,,ok,,/home/zxz/miniGU_experiment_master/experiment/patterns/truecard/dblp/query_dense_4_177.graph,
query_dense_4_178,5513,,ok,,/home/zxz/miniGU_experiment_master/experiment/patterns/truecard/dblp/query_dense_4_178.graph,
query_dense_4_179,9055,,ok,,/home/zxz/miniGU_experiment_master/experiment/patterns/truecard/dblp/query_dense_4_179.graph,
query_dense_4_18,5284,,ok,,/home/zxz/miniGU_experiment_master/experiment/patterns/truecard/dblp/query_dense_4_18.graph,
query_dense_4_180,11498,,ok,,/home/zxz/miniGU_experiment_master/experiment/patterns/truecard/dblp/query_dense_4_180.graph,
query_dense_4_181,6048,,ok,,/home/zxz/miniGU_experiment_master/experiment/patterns/truecard/dblp/query_dense_4_181.graph,
query_dense_4_182,10068,,ok,,/home/zxz/miniGU_experiment_master/experiment/patterns/truecard/dblp/query_dense_4_182.graph,
query_dense_4_183,15391,,ok,,/home/zxz/miniGU_experiment_master/experiment/patterns/truecard/dblp/query_dense_4_183.graph,
query_dense_4_184,22168,,ok,,/home/zxz/miniGU_experiment_master/experiment/patterns/truecard/dblp/query_dense_4_184.graph,
query_dense_4_185,5856,,ok,,/home/zxz/miniGU_experiment_master/experiment/patterns/truecard/dblp/query_dense_4_185.graph,
query_dense_4_186,9748,,ok,,/home/zxz/miniGU_experiment_master/experiment/patterns/truecard/dblp/query_dense_4_186.graph,
query_dense_4_187,11240,,ok,,/home/zxz/miniGU_experiment_master/experiment/patterns/truecard/dblp/query_dense_4_187.graph,
query_dense_4_188,9965,,ok,,/home/zxz/miniGU_experiment_master/experiment/patterns/truecard/dblp/query_dense_4_188.graph,
query_dense_4_189,9664,,ok,,/home/zxz/miniGU_experiment_master/experiment/patterns/truecard/dblp/query_dense_4_189.graph,
query_dense_4_19,7708,,ok,,/home/zxz/miniGU_experiment_master/experiment/patterns/truecard/dblp/query_dense_4_19.graph,
query_dense_4_190,8693,,ok,,/home/zxz/miniGU_experiment_master/experiment/patterns/truecard/dblp/query_dense_4_190.graph,
query_dense_4_191,12227,,ok,,/home/zxz/miniGU_experiment_master/experiment/patterns/truecard/dblp/query_dense_4_191.graph,
query_dense_4_192,5389,,ok,,/home/zxz/miniGU_experiment_master/experiment/patterns/truecard/dblp/query_dense_4_192.graph,
query_dense_4_193,41041,,ok,,/home/zxz/miniGU_experiment_master/experiment/patterns/truecard/dblp/query_dense_4_193.graph,
query_dense_4_194,11363,,ok,,/home/zxz/miniGU_experiment_master/experiment/patterns/truecard/dblp/query_dense_4_194.graph,
query_dense_4_195,28360,,ok,,/home/zxz/miniGU_experiment_master/experiment/patterns/truecard/dblp/query_dense_4_195.graph,
query_dense_4_196,7792,,ok,,/home/zxz/miniGU_experiment_master/experiment/patterns/truecard/dblp/query_dense_4_196.graph,
query_dense_4_197,7602,,ok,,/home/zxz/miniGU_experiment_master/experiment/patterns/truecard/dblp/query_dense_4_197.graph,
query_dense_4_198,11043,,ok,,/home/zxz/miniGU_experiment_master/experiment/patterns/truecard/dblp/query_dense_4_198.graph,
query_dense_4_199,4060,,ok,,/home/zxz/miniGU_experiment_master/experiment/patterns/truecard/dblp/query_dense_4_199.graph,
query_dense_4_2,37913,,ok,,/home/zxz/miniGU_experiment_master/experiment/patterns/truecard/dblp/query_dense_4_2.graph,
query_dense_4_20,5852,,ok,,/home/zxz/miniGU_experiment_master/experiment/patterns/truecard/dblp/query_dense_4_20.graph,
query_dense_4_200,9509,,ok,,/home/zxz/miniGU_experiment_master/experiment/patterns/truecard/dblp/query_dense_4_200.graph,
query_dense_4_21,8092,,ok,,/home/zxz/miniGU_experiment_master/experiment/patterns/truecard/dblp/query_dense_4_21.graph,
query_dense_4_22,11115,,ok,,/home/zxz/miniGU_experiment_master/experiment/patterns/truecard/dblp/query_dense_4_22.graph,
query_dense_4_23,29258,,ok,,/home/zxz/miniGU_experiment_master/experiment/patterns/truecard/dblp/query_dense_4_23.graph,
query_dense_4_24,9916,,ok,,/home/zxz/miniGU_experiment_master/experiment/patterns/truecard/dblp/query_dense_4_24.graph,
query_dense_4_25,8220,,ok,,/home/zxz/miniGU_experiment_master/experiment/patterns/truecard/dblp/query_dense_4_25.graph,
query_dense_4_26,7277,,ok,,/home/zxz/miniGU_experiment_master/experiment/patterns/truecard/dblp/query_dense_4_26.graph,
query_dense_4_27,7828,,ok,,/home/zxz/miniGU_experiment_master/experiment/patterns/truecard/dblp/query_dense_4_27.graph,
query_dense_4_28,41658,,ok,,/home/zxz/miniGU_experiment_master/experiment/patterns/truecard/dblp/query_dense_4_28.graph,
query_dense_4_29,11427,,ok,,/home/zxz/miniGU_experiment_master/experiment/patterns/truecard/dblp/query_dense_4_29.graph,
query_dense_4_3,7671,,ok,,/home/zxz/miniGU_experiment_master/experiment/patterns/truecard/dblp/query_dense_4_3.graph,
query_dense_4_30,7345,,ok,,/home/zxz/miniGU_experiment_master/experiment/patterns/truecard/dblp/query_dense_4_30.graph,
query_dense_4_31,15314,,ok,,/home/zxz/miniGU_experiment_master/experiment/patterns/truecard/dblp/query_dense_4_31.graph,
query_dense_4_32,13793,,ok,,/home/zxz/miniGU_experiment_master/experiment/patterns/truecard/dblp/query_dense_4_32.graph,
query_dense_4_33,26523,,ok,,/home/zxz/miniGU_experiment_master/experiment/patterns/truecard/dblp/query_dense_4_33.graph,
query_dense_4_34,7838,,ok,,/home/zxz/miniGU_experiment_master/experiment/patterns/truecard/dblp/query_dense_4_34.graph,
query_dense_4_35,16417,,ok,,/home/zxz/miniGU_experiment_master/experiment/patterns/truecard/dblp/query_dense_4_35.graph,
query_dense_4_36,9883,,ok,,/home/zxz/miniGU_experiment_master/experiment/patterns/truecard/dblp/query_dense_4_36.graph,
query_dense_4_37,14522,,ok,,/home/zxz/miniGU_experiment_master/experiment/patterns/truecard/dblp/query_dense_4_37.graph,
query_dense_4_38,10492,,ok,,/home/zxz/miniGU_experiment_master/experiment/patterns/truecard/dblp/query_dense_4_38.graph,
query_dense_4_39,12346,,ok,,/home/zxz/miniGU_experiment_master/experiment/patterns/truecard/dblp/query_dense_4_39.graph,
query_dense_4_4,22662,,ok,,/home/zxz/miniGU_experiment_master/experiment/patterns/truecard/dblp/query_dense_4_4.graph,
query_dense_4_40,15758,,ok,,/home/zxz/miniGU_experiment_master/experiment/patterns/truecard/dblp/query_dense_4_40.graph,
query_dense_4_41,11787,,ok,,/home/zxz/miniGU_experiment_master/experiment/patterns/truecard/dblp/query_dense_4_41.graph,
query_dense_4_42,5964,,ok,,/home/zxz/miniGU_experiment_master/experiment/patterns/truecard/dblp/query_dense_4_42.graph,
query_dense_4_43,26123,,ok,,/home/zxz/miniGU_experiment_master/experiment/patterns/truecard/dblp/query_dense_4_43.graph,
query_dense_4_44,15719,,ok,,/home/zxz/miniGU_experiment_master/experiment/patterns/truecard/dblp/query_dense_4_44.graph,
query_dense_4_45,25577,,ok,,/home/zxz/miniGU_experiment_master/experiment/patterns/truecard/dblp/query_dense_4_45.graph,
query_dense_4_46,19501,,ok,,/home/zxz/miniGU_experiment_master/experiment/patterns/truecard/dblp/query_dense_4_46.graph,
query_dense_4_47,13206,,ok,,/home/zxz/miniGU_experiment_master/experiment/patterns/truecard/dblp/query_dense_4_47.graph,
query_dense_4_48,17686,,ok,,/home/zxz/miniGU_experiment_master/experiment/patterns/truecard/dblp/query_dense_4_48.graph,
query_dense_4_49,26183,,ok,,/home/zxz/miniGU_experiment_master/experiment/patterns/truecard/dblp/query_dense_4_49.graph,
query_dense_4_5,10621,,ok,,/home/zxz/miniGU_experiment_master/experiment/patterns/truecard/dblp/query_dense_4_5.graph,
query_dense_4_50,4696,,ok,,/home/zxz/miniGU_experiment_master/experiment/patterns/truecard/dblp/query_dense_4_50.graph,
query_dense_4_51,11759,,ok,,/home/zxz/miniGU_experiment_master/experiment/patterns/truecard/dblp/query_dense_4_51.graph,
query_dense_4_52,5765,,ok,,/home/zxz/miniGU_experiment_master/experiment/patterns/truecard/dblp/query_dense_4_52.graph,
query_dense_4_53,5273,,ok,,/home/zxz/miniGU_experiment_master/experiment/patterns/truecard/dblp/query_dense_4_53.graph,
query_dense_4_54,21164,,ok,,/home/zxz/miniGU_experiment_master/experiment/patterns/truecard/dblp/query_dense_4_54.graph,
query_dense_4_55,6959,,ok,,/home/zxz/miniGU_experiment_master/experiment/patterns/truecard/dblp/query_dense_4_55.graph,
query_dense_4_56,42136,,ok,,/home/zxz/miniGU_experiment_master/experiment/patterns/truecard/dblp/query_dense_4_56.graph,
query_dense_4_57,7834,,ok,,/home/zxz/miniGU_experiment_master/experiment/patterns/truecard/dblp/query_dense_4_57.graph,
query_dense_4_58,10508,,ok,,/home/zxz/miniGU_experiment_master/experiment/patterns/truecard/dblp/query_dense_4_58.graph,
query_dense_4_59,20019,,ok,,/home/zxz/miniGU_experiment_master/experiment/patterns/truecard/dblp/query_dense_4_59.graph,
query_dense_4_6,7804,,ok,,/home/zxz/miniGU_experiment_master/experiment/patterns/truecard/dblp/query_dense_4_6.graph,
query_dense_4_60,12863,,ok,,/home/zxz/miniGU_experiment_master/experiment/patterns/truecard/dblp/query_dense_4_60.graph,
query_dense_4_61,10318,,ok,,/home/zxz/miniGU_experiment_master/experiment/patterns/truecard/dblp/query_dense_4_61.graph,
query_dense_4_62,13336,,ok,,/home/zxz/miniGU_experiment_master/experiment/patterns/truecard/dblp/query_dense_4_62.graph,
query_dense_4_63,17019,,ok,,/home/zxz/miniGU_experiment_master/experiment/patterns/truecard/dblp/query_dense_4_63.graph,
query_dense_4_64,7744,,ok,,/home/zxz/miniGU_experiment_master/experiment/patterns/truecard/dblp/query_dense_4_64.graph,
query_dense_4_65,24043,,ok,,/home/zxz/miniGU_experiment_master/experiment/patterns/truecard/dblp/query_dense_4_65.graph,
query_dense_4_66,11525,,ok,,/home/zxz/miniGU_experiment_master/experiment/patterns/truecard/dblp/query_dense_4_66.graph,
query_dense_4_67,12136,,ok,,/home/zxz/miniGU_experiment_master/experiment/patterns/truecard/dblp/query_dense_4_67.graph,
query_dense_4_68,15138,,ok,,/home/zxz/miniGU_experiment_master/experiment/patterns/truecard/dblp/query_dense_4_68.graph,
query_dense_4_69,19124,,ok,,/home/zxz/miniGU_experiment_master/experiment/patterns/truecard/dblp/query_dense_4_69.graph,
query_dense_4_7,7343,,ok,,/home/zxz/miniGU_experiment_master/experiment/patterns/truecard/dblp/query_dense_4_7.graph,
query_dense_4_70,14364,,ok,,/home/zxz/miniGU_experiment_master/experiment/patterns/truecard/dblp/query_dense_4_70.graph,
query_dense_4_71,22944,,ok,,/home/zxz/miniGU_experiment_master/experiment/patterns/truecard/dblp/query_dense_4_71.graph,
query_dense_4_72,6099,,ok,,/home/zxz/miniGU_experiment_master/experiment/patterns/truecard/dblp/query_dense_4_72.graph,
query_dense_4_73,12443,,ok,,/home/zxz/miniGU_experiment_master/experiment/patterns/truecard/dblp/query_dense_4_73.graph,
query_dense_4_74,10468,,ok,,/home/zxz/miniGU_experiment_master/experiment/patterns/truecard/dblp/query_dense_4_74.graph,
query_dense_4_75,14890,,ok,,/home/zxz/miniGU_experiment_master/experiment/patterns/truecard/dblp/query_dense_4_75.graph,
query_dense_4_76,19548,,ok,,/home/zxz/miniGU_experiment_master/experiment/patterns/truecard/dblp/query_dense_4_76.graph,
query_dense_4_77,15381,,ok,,/home/zxz/miniGU_experiment_master/experiment/patterns/truecard/dblp/query_dense_4_77.graph,
query_dense_4_78,12154,,ok,,/home/zxz/miniGU_experiment_master/experiment/patterns/truecard/dblp/query_dense_4_78.graph,
query_dense_4_79,6721,,ok,,/home/zxz/miniGU_experiment_master/experiment/patterns/truecard/dblp/query_dense_4_79.graph,
query_dense_4_8,10068,,ok,,/home/zxz/miniGU_experiment_master/experiment/patterns/truecard/dblp/query_dense_4_8.graph,
query_dense_4_80,9744,,ok,,/home/zxz/miniGU_experiment_master/experiment/patterns/truecard/dblp/query_dense_4_80.graph,
query_dense_4_81,11127,,ok,,/home/zxz/miniGU_experiment_master/experiment/patterns/truecard/dblp/query_dense_4_81.graph,
query_dense_4_82,6226,,ok,,/home/zxz/miniGU_experiment_master/experiment/patterns/truecard/dblp/query_dense_4_82.graph,
query_dense_4_83,12971,,ok,,/home/zxz/miniGU_experiment_master/experiment/patterns/truecard/dblp/query_dense_4_83.graph,
query_dense_4_84,12971,,ok,,/home/zxz/miniGU_experiment_master/experiment/patterns/truecard/dblp/query_dense_4_84.graph,
query_dense_4_85,11129,,ok,,/home/zxz/miniGU_experiment_master/experiment/patterns/truecard/dblp/query_dense_4_85.graph,
query_dense_4_86,16466,,ok,,/home/zxz/miniGU_experiment_master/experiment/patterns/truecard/dblp/query_dense_4_86.graph,
query_dense_4_87,26077,,ok,,/home/zxz/miniGU_experiment_master/experiment/patterns/truecard/dblp/query_dense_4_87.graph,
query_dense_4_88,6627,,ok,,/home/zxz/miniGU_experiment_master/experiment/patterns/truecard/dblp/query_dense_4_88.graph,
query_dense_4_89,8930,,ok,,/home/zxz/miniGU_experiment_master/experiment/patterns/truecard/dblp/query_dense_4_89.graph,
query_dense_4_9,16697,,ok,,/home/zxz/miniGU_experiment_master/experiment/patterns/truecard/dblp/query_dense_4_9.graph,
query_dense_4_90,16127,,ok,,/home/zxz/miniGU_experiment_master/experiment/patterns/truecard/dblp/query_dense_4_90.graph,
query_dense_4_91,8072,,ok,,/home/zxz/miniGU_experiment_master/experiment/patterns/truecard/dblp/query_dense_4_91.graph,
query_dense_4_92,11260,,ok,,/home/zxz/miniGU_experiment_master/experiment/patterns/truecard/dblp/query_dense_4_92.graph,
query_dense_4_93,19246,,ok,,/home/zxz/miniGU_experiment_master/experiment/patterns/truecard/dblp/query_dense_4_93.graph,
query_dense_4_94,8852,,ok,,/home/zxz/miniGU_experiment_master/experiment/patterns/truecard/dblp/query_dense_4_94.graph,
query_dense_4_95,10112,,ok,,/home/zxz/miniGU_experiment_master/experiment/patterns/truecard/dblp/query_dense_4_95.graph,
query_dense_4_96,23622,,ok,,/home/zxz/miniGU_experiment_master/experiment/patterns/truecard/dblp/query_dense_4_96.graph,
query_dense_4_97,5587,,ok,,/home/zxz/miniGU_experiment_master/experiment/patterns/truecard/dblp/query_dense_4_97.graph,
query_dense_4_98,5000,,ok,,/home/zxz/miniGU_experiment_master/experiment/patterns/truecard/dblp/query_dense_4_98.graph,
query_dense_4_99,8896,,ok,,/home/zxz/miniGU_experiment_master/experiment/patterns/truecard/dblp/query_dense_4_99.graph,
query_dense_8_1,33031231,,ok,,/home/zxz/miniGU_experiment_master/experiment/patterns/truecard/dblp/query_dense_8_1.graph,
query_dense_8_10,18239042,,ok,,/home/zxz/miniGU_experiment_master/experiment/patterns/truecard/dblp/query_dense_8_10.graph,
query_dense_8_100,10565198,,ok,,/home/zxz/miniGU_experiment_master/experiment/patterns/truecard/dblp/query_dense_8_100.graph,
query_dense_8_101,12915509,,ok,,/home/zxz/miniGU_experiment_master/experiment/patterns/truecard/dblp/query_dense_8_101.graph,
query_dense_8_102,9878702,,ok,,/home/zxz/miniGU_experiment_master/experiment/patterns/truecard/dblp/query_dense_8_102.graph,
query_dense_8_103,17768836,,ok,,/home/zxz/miniGU_experiment_master/experiment/patterns/truecard/dblp/query_dense_8_103.graph,
query_dense_8_104,5676072,,ok,,/home/zxz/miniGU_experiment_master/experiment/patterns/truecard/dblp/query_dense_8_104.graph,
query_dense_8_105,9993703,,ok,,/home/zxz/miniGU_experiment_master/experiment/patterns/truecard/dblp/query_dense_8_105.graph,
query_dense_8_106,8625067,,ok,,/home/zxz/miniGU_experiment_master/experiment/patterns/truecard/dblp/query_dense_8_106.graph,
query_dense_8_107,10105433,,ok,,/home/zxz/miniGU_experiment_master/experiment/patterns/truecard/dblp/query_dense_8_107.graph,
query_dense_8_108,16296996,,ok,,/home/zxz/miniGU_experiment_master/experiment/patterns/truecard/dblp/query_dense_8_108.graph,
query_dense_8_109,31766240,,ok,,/home/zxz/miniGU_experiment_master/experiment/patterns/truecard/dblp/query_dense_8_109.graph,
query_dense_8_11,41273112,,ok,,/home/zxz/miniGU_experiment_master/experiment/patterns/truecard/dblp/query_dense_8_11.graph,
query_dense_8_110,26456012,,ok,,/home/zxz/miniGU_experiment_master/experiment/patterns/truecard/dblp/query_dense_8_110.graph,
query_dense_8_111,8859614,,ok,,/home/zxz/miniGU_experiment_master/experiment/patterns/truecard/dblp/query_dense_8_111.graph,
query_dense_8_112,19457156,,ok,,/home/zxz/miniGU_experiment_master/experiment/patterns/truecard/dblp/query_dense_8_112.graph,
query_dense_8_113,4741191,,ok,,/home/zxz/miniGU_experiment_master/experiment/patterns/truecard/dblp/query_dense_8_113.graph,
query_dense_8_114,46105488,,ok,,/home/zxz/miniGU_experiment_master/experiment/patterns/truecard/dblp/query_dense_8_114.graph,
query_dense_8_115,22706107,,ok,,/home/zxz/miniGU_experiment_master/experiment/patterns/truecard/dblp/query_dense_8_115.graph,
query_dense_8_116,39767121,,ok,,/home/zxz/miniGU_experiment_master/experiment/patterns/truecard/dblp/query_dense_8_116.graph,
query_dense_8_117,1920421,,ok,,/home/zxz/miniGU_experiment_master/experiment/patterns/truecard/dblp/query_dense_8_117.graph,
query_dense_8_118,18412436,,ok,,/home/zxz/miniGU_experiment_master/experiment/patterns/truecard/dblp/query_dense_8_118.graph,
query_dense_8_119,5497619,,ok,,/home/zxz/miniGU_experiment_master/experiment/patterns/truecard/dblp/query_dense_8_119.graph,
query_dense_8_12,10844950,,ok,,/home/zxz/miniGU_experiment_master/experiment/patterns/truecard/dblp/query_dense_8_12.graph,
query_dense_8_120,27111798,,ok,,/home/zxz/miniGU_experiment_master/experiment/patterns/truecard/dblp/query_dense_8_120.graph,
query_dense_8_121,7694838,,ok,,/home/zxz/miniGU_experiment_master/experiment/patterns/truecard/dblp/query_dense_8_121.graph,
query_dense_8_122,15691468,,ok,,/home/zxz/miniGU_experiment_master/experiment/patterns/truecard/dblp/query_dense_8_122.graph,
query_dense_8_123,13557132,,ok,,/home/zxz/miniGU_experiment_master/experiment/patterns/truecard/dblp/query_dense_8_123.graph,
query_dense_8_124,6807883,,ok,,/home/zxz/miniGU_experiment_master/experiment/patterns/truecard/dblp/query_dense_8_124.graph,
query_dense_8_125,11943520,,ok,,/home/zxz/miniGU_experiment_master/experiment/patterns/truecard/dblp/query_dense_8_125.graph,
query_dense_8_126,28856917,,ok,,/home/zxz/miniGU_experiment_master/experiment/patterns/truecard/dblp/query_dense_8_126.graph,
query_dense_8_127,5183814,,ok,,/home/zxz/miniGU_experiment_master/experiment/patterns/truecard/dblp/query_dense_8_127.graph,
query_dense_8_128,9467424,,ok,,/home/zxz/miniGU_experiment_master/experiment/patterns/truecard/dblp/query_dense_8_128.graph,
query_dense_8_129,4537466,,ok,,/home/zxz/miniGU_experiment_master/experiment/patterns/truecard/dblp/query_dense_8_129.graph,
query_dense_8_13,49819579,,ok,,/home/zxz/miniGU_experiment_master/experiment/patterns/truecard/dblp/query_dense_8_13.graph,
query_dense_8_130,19756842,,ok,,/home/zxz/miniGU_experiment_master/experiment/patterns/truecard/dblp/query_dense_8_130.graph,
query_dense_8_131,23950342,,ok,,/home/zxz/miniGU_experiment_master/experiment/patterns/truecard/dblp/query_dense_8_131.graph,
query_dense_8_132,6143416,,ok,,/home/zxz/miniGU_experiment_master/experiment/patterns/truecard/dblp/query_dense_8_132.graph,
query_dense_8_133,22032913,,ok,,/home/zxz/miniGU_experiment_master/experiment/patterns/truecard/dblp/query_dense_8_133.graph,
query_dense_8_134,6332822,,ok,,/home/zxz/miniGU_experiment_master/experiment/patterns/truecard/dblp/query_dense_8_134.graph,
query_dense_8_135,17302021,,ok,,/home/zxz/miniGU_experiment_master/experiment/patterns/truecard/dblp/query_dense_8_135.graph,
query_dense_8_136,8391966,,ok,,/home/zxz/miniGU_experiment_master/experiment/patterns/truecard/dblp/query_dense_8_136.graph,
query_dense_8_137,4035417,,ok,,/home/zxz/miniGU_experiment_master/experiment/patterns/truecard/dblp/query_dense_8_137.graph,
query_dense_8_138,14872332,,ok,,/home/zxz/miniGU_experiment_master/experiment/patterns/truecard/dblp/query_dense_8_138.graph,
query_dense_8_139,11844295,,ok,,/home/zxz/miniGU_experiment_master/experiment/patterns/truecard/dblp/query_dense_8_139.graph,
query_dense_8_14,17060352,,ok,,/home/zxz/miniGU_experiment_master/experiment/patterns/truecard/dblp/query_dense_8_14.graph,
query_dense_8_140,6912805,,ok,,/home/zxz/miniGU_experiment_master/experiment/patterns/truecard/dblp/query_dense_8_140.graph,
query_dense_8_141,3200420,,ok,,/home/zxz/miniGU_experiment_master/experiment/patterns/truecard/dblp/query_dense_8_141.graph,
query_dense_8_142,35796533,,ok,,/home/zxz/miniGU_experiment_master/experiment/patterns/truecard/dblp/query_dense_8_142.graph,
query_dense_8_143,7516847,,ok,,/home/zxz/miniGU_experiment_master/experiment/patterns/truecard/dblp/query_dense_8_143.graph,
query_dense_8_144,23714047,,ok,,/home/zxz/miniGU_experiment_master/experiment/patterns/truecard/dblp/query_dense_8_144.graph,
query_dense_8_145,7878257,,ok,,/home/zxz/miniGU_experiment_master/experiment/patterns/truecard/dblp/query_dense_8_145.graph,
query_dense_8_146,22810696,,ok,,/home/zxz/miniGU_experiment_master/experiment/patterns/truecard/dblp/query_dense_8_146.graph,
query_dense_8_147,9205912,,ok,,/home/zxz/miniGU_experiment_master/experiment/patterns/truecard/dblp/query_dense_8_147.graph,
query_dense_8_148,15429631,,ok,,/home/zxz/miniGU_experiment_master/experiment/patterns/truecard/dblp/query_dense_8_148.graph,
query_dense_8_149,4196238,,ok,,/home/zxz/miniGU_experiment_master/experiment/patterns/truecard/dblp/query_dense_8_149.graph,
query_dense_8_15,37188449,,ok,,/home/zxz/miniGU_experiment_master/experiment/patterns/truecard/dblp/query_dense_8_15.graph,
query_dense_8_150,2899327,,ok,,/home/zxz/miniGU_experiment_master/experiment/patterns/truecard/dblp/query_dense_8_150.graph,
query_dense_8_151,11154759,,ok,,/home/zxz/miniGU_experiment_master/experiment/patterns/truecard/dblp/query_dense_8_151.graph,
query_dense_8_152,16422373,,ok,,/home/zxz/miniGU_experiment_master/experiment/patterns/truecard/dblp/query_dense_8_152.graph,
query_dense_8_153,21098227,,ok,,/home/zxz/miniGU_experiment_master/experiment/patterns/truecard/dblp/query_dense_8_153.graph,
query_dense_8_154,75563218,,ok,,/home/zxz/miniGU_experiment_master/experiment/patterns/truecard/dblp/query_dense_8_154.graph,
query_dense_8_155,4848448,,ok,,/home/zxz/miniGU_experiment_master/experiment/patterns/truecard/dblp/query_dense_8_155.graph,
query_dense_8_156,27593344,,ok,,/home/zxz/miniGU_experiment_master/experiment/patterns/truecard/dblp/query_dense_8_156.graph,
query_dense_8_157,31142255,,ok,,/home/zxz/miniGU_experiment_master/experiment/patterns/truecard/dblp/query_dense_8_157.graph,
query_dense_8_158,3928764,,ok,,/home/zxz/miniGU_experiment_master/experiment/patterns/truecard/dblp/query_dense_8_158.graph,
query_dense_8_159,29828867,,ok,,/home/zxz/miniGU_experiment_master/experiment/patterns/truecard/dblp/query_dense_8_159.graph,
query_dense_8_16,4263857,,ok,,/home/zxz/miniGU_experiment_master/experiment/patterns/truecard/dblp/query_dense_8_16.graph,
query_dense_8_160,5449950,,ok,,/home/zxz/miniGU_experiment_master/experiment/patterns/truecard/dblp/query_dense_8_160.graph,
query_dense_8_161,22148046,,ok,,/home/zxz/miniGU_experiment_master/experiment/patterns/truecard/dblp/query_dense_8_161.graph,
query_dense_8_162,7257668,,ok,,/home/zxz/miniGU_experiment_master/experiment/patterns/truecard/dblp/query_dense_8_162.graph,
query_dense_8_163,2582544,,ok,,/home/zxz/miniGU_experiment_master/experiment/patterns/truecard/dblp/query_dense_8_163.graph,
query_dense_8_164,59377620,,ok,,/home/zxz/miniGU_experiment_master/experiment/patterns/truecard/dblp/query_dense_8_164.graph,
query_dense_8_165,28528494,,ok,,/home/zxz/miniGU_experiment_master/experiment/patterns/truecard/dblp/query_dense_8_165.graph,
query_dense_8_166,6152288,,ok,,/home/zxz/miniGU_experiment_master/experiment/patterns/truecard/dblp/query_dense_8_166.graph,
query_dense_8_167,22496340,,ok,,/home/zxz/miniGU_experiment_master/experiment/patterns/truecard/dblp/query_dense_8_167.graph,
query_dense_8_168,6538148,,ok,,/home/zxz/miniGU_experiment_master/experiment/patterns/truecard/dblp/query_dense_8_168.graph,
query_dense_8_169,11269183,,ok,,/home/zxz/miniGU_experiment_master/experiment/patterns/truecard/dblp/query_dense_8_169.graph,
query_dense_8_17,2402384,,ok,,/home/zxz/miniGU_experiment_master/experiment/patterns/truecard/dblp/query_dense_8_17.graph,
query_dense_8_170,6203004,,ok,,/home/zxz/miniGU_experiment_master/experiment/patterns/truecard/dblp/query_dense_8_170.graph,
query_dense_8_171,9300579,,ok,,/home/zxz/miniGU_experiment_master/experiment/patterns/truecard/dblp/query_dense_8_171.graph,
query_dense_8_172,9132608,,ok,,/home/zxz/miniGU_experiment_master/experiment/patterns/truecard/dblp/query_dense_8_172.graph,
query_dense_8_173,7494712,,ok,,/home/zxz/miniGU_experiment_master/experiment/patterns/truecard/dblp/query_dense_8_173.graph,
query_dense_8_174,12733430,,ok,,/home/zxz/miniGU_experiment_master/experiment/patterns/truecard/dblp/query_dense_8_174.graph,
query_dense_8_175,89518274,,ok,,/home/zxz/miniGU_experiment_master/experiment/patterns/truecard/dblp/query_dense_8_175.graph,
query_dense_8_176,52798030,,ok,,/home/zxz/miniGU_experiment_master/experiment/patterns/truecard/dblp/query_dense_8_176.graph,
query_dense_8_177,17059234,,ok,,/home/zxz/miniGU_experiment_master/experiment/patterns/truecard/dblp/query_dense_8_177.graph,
query_dense_8_178,29759833,,ok,,/home/zxz/miniGU_experiment_master/experiment/patterns/truecard/dblp/query_dense_8_178.graph,
query_dense_8_179,54193964,,ok,,/home/zxz/miniGU_experiment_master/experiment/patterns/truecard/dblp/query_dense_8_179.graph,
query_dense_8_18,27853875,,ok,,/home/zxz/miniGU_experiment_master/experiment/patterns/truecard/dblp/query_dense_8_18.graph,
query_dense_8_180,12571278,,ok,,/home/zxz/miniGU_experiment_master/experiment/patterns/truecard/dblp/query_dense_8_180.graph,
query_dense_8_181,8718808,,ok,,/home/zxz/miniGU_experiment_master/experiment/patterns/truecard/dblp/query_dense_8_181.graph,
query_dense_8_182,12416291,,ok,,/home/zxz/miniGU_experiment_master/experiment/patterns/truecard/dblp/query_dense_8_182.graph,
query_dense_8_183,6315236,,ok,,/home/zxz/miniGU_experiment_master/experiment/patterns/truecard/dblp/query_dense_8_183.graph,
query_dense_8_184,8763256,,ok,,/home/zxz/miniGU_experiment_master/experiment/patterns/truecard/dblp/query_dense_8_184.graph,
query_dense_8_185,13911171,,ok,,/home/zxz/miniGU_experiment_master/experiment/patterns/truecard/dblp/query_dense_8_185.graph,
query_dense_8_186,5804632,,ok,,/home/zxz/miniGU_experiment_master/experiment/patterns/truecard/dblp/query_dense_8_186.graph,
query_dense_8_187,14217796,,ok,,/home/zxz/miniGU_experiment_master/experiment/patterns/truecard/dblp/query_dense_8_187.graph,
query_dense_8_188,11781733,,ok,,/home/zxz/miniGU_experiment_master/experiment/patterns/truecard/dblp/query_dense_8_188.graph,
query_dense_8_189,20704911,,ok,,/home/zxz/miniGU_experiment_master/experiment/patterns/truecard/dblp/query_dense_8_189.graph,
query_dense_8_19,47372019,,ok,,/home/zxz/miniGU_experiment_master/experiment/patterns/truecard/dblp/query_dense_8_19.graph,
query_dense_8_190,29118256,,ok,,/home/zxz/miniGU_experiment_master/experiment/patterns/truecard/dblp/query_dense_8_190.graph,
query_dense_8_191,64748419,,ok,,/home/zxz/miniGU_experiment_master/experiment/patterns/truecard/dblp/query_dense_8_191.graph,
query_dense_8_192,3193743,,ok,,/home/zxz/miniGU_experiment_master/experiment/patterns/truecard/dblp/query_dense_8_192.graph,
query_dense_8_193,26575270,,ok,,/home/zxz/miniGU_experiment_master/experiment/patterns/truecard/dblp/query_dense_8_193.graph,
query_dense_8_194,12516689,,ok,,/home/zxz/miniGU_experiment_master/experiment/patterns/truecard/dblp/query_dense_8_194.graph,
query_dense_8_195,3640196,,ok,,/home/zxz/miniGU_experiment_master/experiment/patterns/truecard/dblp/query_dense_8_195.graph,
query_dense_8_196,18088812,,ok,,/home/zxz/miniGU_experiment_master/experiment/patterns/truecard/dblp/query_dense_8_196.graph,
query_dense_8_197,16670836,,ok,,/home/zxz/miniGU_experiment_master/experiment/patterns/truecard/dblp/query_dense_8_197.graph,
query_dense_8_198,12120100,,ok,,/home/zxz/miniGU_experiment_master/experiment/patterns/truecard/dblp/query_dense_8_198.graph,
query_dense_8_199,5394736,,ok,,/home/zxz/miniGU_experiment_master/experiment/patterns/truecard/dblp/query_dense_8_199.graph,
query_dense_8_2,27620780,,ok,,/home/zxz/miniGU_experiment_master/experiment/patterns/truecard/dblp/query_dense_8_2.graph,
query_dense_8_20,19042747,,ok,,/home/zxz/miniGU_experiment_master/experiment/patterns/truecard/dblp/query_dense_8_20.graph,
query_dense_8_200,4384525,,ok,,/home/zxz/miniGU_experiment_master/experiment/patterns/truecard/dblp/query_dense_8_200.graph,
query_dense_8_21,12222648,,ok,,/home/zxz/miniGU_experiment_master/experiment/patterns/truecard/dblp/query_dense_8_21.graph,
query_dense_8_22,2830090,,ok,,/home/zxz/miniGU_experiment_master/experiment/patterns/truecard/dblp/query_dense_8_22.graph,
query_dense_8_23,12346667,,ok,,/home/zxz/miniGU_experiment_master/experiment/patterns/truecard/dblp/query_dense_8_23.graph,
query_dense_8_24,6090502,,ok,,/home/zxz/miniGU_experiment_master/experiment/patterns/truecard/dblp/query_dense_8_24.graph,
query_dense_8_25,12468684,,ok,,/home/zxz/miniGU_experiment_master/experiment/patterns/truecard/dblp/query_dense_8_25.graph,
query_dense_8_26,9600716,,ok,,/home/zxz/miniGU_experiment_master/experiment/patterns/truecard/dblp/query_dense_8_26.graph,
query_dense_8_27,2365538,,ok,,/home/zxz/miniGU_experiment_master/experiment/patterns/truecard/dblp/query_dense_8_27.graph,
query_dense_8_28,36348974,,ok,,/home/zxz/miniGU_experiment_master/experiment/patterns/truecard/dblp/query_dense_8_28.graph,
query_dense_8_29,4303256,,ok,,/home/zxz/miniGU_experiment_master/experiment/patterns/truecard/dblp/query_dense_8_29.graph,
query_dense_8_3,3416048,,ok,,/home/zxz/miniGU_experiment_master/experiment/patterns/truecard/dblp/query_dense_8_3.graph,
query_dense_8_30,6859112,,ok,,/home/zxz/miniGU_experiment_master/experiment/patterns/truecard/dblp/query_dense_8_30.graph,
query_dense_8_31,19958069,,ok,,/home/zxz/miniGU_experiment_master/experiment/patterns/truecard/dblp/query_dense_8_31.graph,
query_dense_8_32,19613355,,ok,,/home/zxz/miniGU_experiment_master/experiment/patterns/truecard/dblp/query_dense_8_32.graph,
query_dense_8_33,9951844,,ok,,/home/zxz/miniGU_experiment_master/experiment/patterns/truecard/dblp/query_dense_8_33.graph,
query_dense_8_34,13856479,,ok,,/home/zxz/miniGU_experiment_master/experiment/patterns/truecard/dblp/query_dense_8_34.graph,
query_dense_8_35,4635266,,ok,,/home/zxz/miniGU_experiment_master/experiment/patterns/truecard/dblp/query_dense_8_35.graph,
query_dense_8_36,11919288,,ok,,/home/zxz/miniGU_experiment_master/experiment/patterns/truecard/dblp/query_dense_8_36.graph,
query_dense_8_37,11726728,,ok,,/home/zxz/miniGU_experiment_master/experiment/patterns/truecard/dblp/query_dense_8_37.graph,
query_dense_8_38,8458224,,ok,,/home/zxz/miniGU_experiment_master/experiment/patterns/truecard/dblp/query_dense_8_38.graph,
query_dense_8_39,3545974,,ok,,/home/zxz/miniGU_experiment_master/experiment/patterns/truecard/dblp/query_dense_8_39.graph,
query_dense_8_4,23279036,,ok,,/home/zxz/miniGU_experiment_master/experiment/patterns/truecard/dblp/query_dense_8_4.graph,
query_dense_8_40,27316181,,ok,,/home/zxz/miniGU_experiment_master/experiment/patterns/truecard/dblp/query_dense_8_40.graph,
query_dense_8_41,3357800,,ok,,/home/zxz/miniGU_experiment_master/experiment/patterns/truecard/dblp/query_dense_8_41.graph,
query_dense_8_42,6175672,,ok,,/home/zxz/miniGU_experiment_master/experiment/patterns/truecard/dblp/query_dense_8_42.graph,
query_dense_8_43,9913141,,ok,,/home/zxz/miniGU_experiment_master/experiment/patterns/truecard/dblp/query_dense_8_43.graph,
query_dense_8_44,10519372,,ok,,/home/zxz/miniGU_experiment_master/experiment/patterns/truecard/dblp/query_dense_8_44.graph,
query_dense_8_45,8279438,,ok,,/home/zxz/miniGU_experiment_master/experiment/patterns/truecard/dblp/query_dense_8_45.graph,
query_dense_8_46,44849282,,ok,,/home/zxz/miniGU_experiment_master/experiment/patterns/truecard/dblp/query_dense_8_46.graph,
query_dense_8_47,9305351,,ok,,/home/zxz/miniGU_experiment_master/experiment/patterns/truecard/dblp/query_dense_8_47.graph,
query_dense_8_48,53041542,,ok,,/home/zxz/miniGU_experiment_master/experiment/patterns/truecard/dblp/query_dense_8_48.graph,
query_dense_8_49,7540815,,ok,,/home/zxz/miniGU_experiment_master/experiment/patterns/truecard/dblp/query_dense_8_49.graph,
query_dense_8_5,5507244,,ok,,/home/zxz/miniGU_experiment_master/experiment/patterns/truecard/dblp/query_dense_8_5.graph,
query_dense_8_50,7174491,,ok,,/home/zxz/miniGU_experiment_master/experiment/patterns/truecard/dblp/query_dense_8_50.graph,
query_dense_8_51,8576514,,ok,,/home/zxz/miniGU_experiment_master/experiment/patterns/truecard/dblp/query_dense_8_51.graph,
query_dense_8_52,29847018,,ok,,/home/zxz/miniGU_experiment_master/experiment/patterns/truecard/dblp/query_dense_8_52.graph,
query_dense_8_53,26688105,,ok,,/home/zxz/miniGU_experiment_master/experiment/patterns/truecard/dblp/query_dense_8_53.graph,
query_dense_8_54,40205972,,ok,,/home/zxz/miniGU_experiment_master/experiment/patterns/truecard/dblp/query_dense_8_54.graph,
query_dense_8_55,9159324,,ok,,/home/zxz/miniGU_experiment_master/experiment/patterns/truecard/dblp/query_dense_8_55.graph,
query_dense_8_56,22483114,,ok,,/home/zxz/miniGU_experiment_master/experiment/patterns/truecard/dblp/query_dense_8_56.graph,
query_dense_8_57,4836290,,ok,,/home/zxz/miniGU_experiment_master/experiment/patterns/truecard/dblp/query_dense_8_57.graph,
query_dense_8_58,8744859,,ok,,/home/zxz/miniGU_experiment_master/experiment/patterns/truecard/dblp/query_dense_8_58.graph,
query_dense_8_59,38730512,,ok,,/home/zxz/miniGU_experiment_master/experiment/patterns/truecard/dblp/query_dense_8_59.graph,
query_dense_8_6,38533005,,ok,,/home/zxz/miniGU_experiment_master/experiment/patterns/truecard/dblp/query_dense_8_6.graph,
query_dense_8_60,5324179,,ok,,/home/zxz/miniGU_experiment_master/experiment/patterns/truecard/dblp/query_dense_8_60.graph,
query_dense_8_61,9373607,,ok,,/home/zxz/miniGU_experiment_master/experiment/patterns/truecard/dblp/query_dense_8_61.graph,
query_dense_8_62,7622051,,ok,,/home/zxz/miniGU_experiment_master/experiment/patterns/truecard/dblp/query_dense_8_62.graph,
query_dense_8_63,5471335,,ok,,/home/zxz/miniGU_experiment_master/experiment/patterns/truecard/dblp/query_dense_8_63.graph,
query_dense_8_64,92932309,,ok,,/home/zxz/miniGU_experiment_master/experiment/patterns/truecard/dblp/query_dense_8_64.graph,
query_dense_8_65,18134466,,ok,,/home/zxz/miniGU_experiment_master/experiment/patterns/truecard/dblp/query_dense_8_65.graph,
query_dense_8_66,19171870,,ok,,/home/zxz/miniGU_experiment_master/experiment/patterns/truecard/dblp/query_dense_8_66.graph,
query_dense_8_67,14337631,,ok,,/home/zxz/miniGU_experiment_master/experiment/patterns/truecard/dblp/query_dense_8_67.graph,
query_dense_8_68,10489632,,ok,,/home/zxz/miniGU_experiment_master/experiment/patterns/truecard/dblp/query_dense_8_68.graph,
query_dense_8_69,6554818,,ok,,/home/zxz/miniGU_experiment_master/experiment/patterns/truecard/dblp/query_dense_8_69.graph,
query_dense_8_7,10571295,,ok,,/home/zxz/miniGU_experiment_master/experiment/patterns/truecard/dblp/query_dense_8_7.graph,
query_dense_8_70,14290354,,ok,,/home/zxz/miniGU_experiment_master/experiment/patterns/truecard/dblp/query_dense_8_70.graph,
query_dense_8_71,16889841,,ok,,/home/zxz/miniGU_experiment_master/experiment/patterns/truecard/dblp/query_dense_8_71.graph,
query_dense_8_72,3908176,,ok,,/home/zxz/miniGU_experiment_master/experiment/patterns/truecard/dblp/query_dense_8_72.graph,
query_dense_8_73,14712527,,ok,,/home/zxz/miniGU_experiment_master/experiment/patterns/truecard/dblp/query_dense_8_73.graph,
query_dense_8_74,9020702,,ok,,/home/zxz/miniGU_experiment_master/experiment/patterns/truecard/dblp/query_dense_8_74.graph,
query_dense_8_75,6300903,,ok,,/home/zxz/miniGU_experiment_master/experiment/patterns/truecard/dblp/query_dense_8_75.graph,
query_dense_8_76,11097882,,ok,,/home/zxz/miniGU_experiment_master/experiment/patterns/truecard/dblp/query_dense_8_76.graph,
query_dense_8_77,11685636,,ok,,/home/zxz/miniGU_experiment_master/experiment/patterns/truecard/dblp/query_dense_8_77.graph,
query_dense_8_78,8202567,,ok,,/home/zxz/miniGU_experiment_master/experiment/patterns/truecard/dblp/query_dense_8_78.graph,
query_dense_8_79,34556430,,ok,,/home/zxz/miniGU_experiment_master/experiment/patterns/truecard/dblp/query_dense_8_79.graph,
query_dense_8_8,15818486,,ok,,/home/zxz/miniGU_experiment_master/experiment/patterns/truecard/dblp/query_dense_8_8.graph,
query_dense_8_80,20004486,,ok,,/home/zxz/miniGU_experiment_master/experiment/patterns/truecard/dblp/query_dense_8_80.graph,
query_dense_8_81,4101864,,ok,,/home/zxz/miniGU_experiment_master/experiment/patterns/truecard/dblp/query_dense_8_81.graph,
query_dense_8_82,5585438,,ok,,/home/zxz/miniGU_experiment_master/experiment/patterns/truecard/dblp/query_dense_8_82.graph,
query_dense_8_83,28895944,,ok,,/home/zxz/miniGU_experiment_master/experiment/patterns/truecard/dblp/query_dense_8_83.graph,
query_dense_8_84,9343323,,ok,,/home/zxz/miniGU_experiment_master/experiment/patterns/truecard/dblp/query_dense_8_84.graph,
query_dense_8_85,5969195,,ok,,/home/zxz/miniGU_experiment_master/experiment/patterns/truecard/dblp/query_dense_8_85.graph,
query_dense_8_86,5771324,,ok,,/home/zxz/miniGU_experiment_master/experiment/patterns/truecard/dblp/query_dense_8_86.graph,
query_dense_8_87,9886106,,ok,,/home/zxz/miniGU_experiment_master/experiment/patterns/truecard/dblp/query_dense_8_87.graph,
query_dense_8_88,3370990,,ok,,/home/zxz/miniGU_experiment_master/experiment/patterns/truecard/dblp/query_dense_8_88.graph,
query_dense_8_89,28507086,,ok,,/home/zxz/miniGU_experiment_master/experiment/patterns/truecard/dblp/query_dense_8_89.graph,
query_dense_8_9,22885343,,ok,,/home/zxz/miniGU_experiment_master/experiment/patterns/truecard/dblp/query_dense_8_9.graph,
query_dense_8_90,6165928,,ok,,/home/zxz/miniGU_experiment_master/experiment/patterns/truecard/dblp/query_dense_8_90.graph,
query_dense_8_91,9036400,,ok,,/home/zxz/miniGU_experiment_master/experiment/patterns/truecard/dblp/query_dense_8_91.graph,
query_dense_8_92,53888028,,ok,,/home/zxz/miniGU_experiment_master/experiment/patterns/truecard/dblp/query_dense_8_92.graph,
query_dense_8_93,17221585,,ok,,/home/zxz/miniGU_experiment_master/experiment/patterns/truecard/dblp/query_dense_8_93.graph,
query_dense_8_94,60071636,,ok,,/home/zxz/miniGU_experiment_master/experiment/patterns/truecard/dblp/query_dense_8_94.graph,
query_dense_8_95,4001251,,ok,,/home/zxz/miniGU_experiment_master/experiment/patterns/truecard/dblp/query_dense_8_95.graph,
query_dense_8_96,3031732,,ok,,/home/zxz/miniGU_experiment_master/experiment/patterns/truecard/dblp/query_dense_8_96.graph,
query_dense_8_97,10993365,,ok,,/home/zxz/miniGU_experiment_master/experiment/patterns/truecard/dblp/query_dense_8_97.graph,
query_dense_8_98,8294051,,ok,,/home/zxz/miniGU_experiment_master/experiment/patterns/truecard/dblp/query_dense_8_98.graph,
query_dense_8_99,3564450,,ok,,/home/zxz/miniGU_experiment_master/experiment/patterns/truecard/dblp/query_dense_8_99.graph,
query_sparse_16_1,113815524392275,,ok,,/home/zxz/miniGU_experiment_master/experiment/patterns/truecard/dblp/query_sparse_16_1.graph,
query_sparse_16_10,75817801986460,,ok,,/home/zxz/miniGU_experiment_master/experiment/patterns/truecard/dblp/query_sparse_16_10.graph,
query_sparse_16_100,32975419038973,,ok,,/home/zxz/miniGU_experiment_master/experiment/patterns/truecard/dblp/query_sparse_16_100.graph,
query_sparse_16_101,204196194308176,,ok,,/home/zxz/miniGU_experiment_master/experiment/patterns/truecard/dblp/query_sparse_16_101.graph,
query_sparse_16_102,81063432033412,,ok,,/home/zxz/miniGU_experiment_master/experiment/patterns/truecard/dblp/query_sparse_16_102.graph,
query_sparse_16_103,313283079402822,,ok,,/home/zxz/miniGU_experiment_master/experiment/patterns/truecard/dblp/query_sparse_16_103.graph,
query_sparse_16_104,847372620579436,,ok,,/home/zxz/miniGU_experiment_master/experiment/patterns/truecard/dblp/query_sparse_16_104.graph,
query_sparse_16_105,4135406704060,,ok,,/home/zxz/miniGU_experiment_master/experiment/patterns/truecard/dblp/query_sparse_16_105.graph,
query_sparse_16_106,84372680806690,,ok,,/home/zxz/miniGU_experiment_master/experiment/patterns/truecard/dblp/query_sparse_16_106.graph,
query_sparse_16_107,34177344799929,,ok,,/home/zxz/miniGU_experiment_master/experiment/patterns/truecard/dblp/query_sparse_16_107.graph,
query_sparse_16_108,330976448917522,,ok,,/home/zxz/miniGU_experiment_master/experiment/patterns/truecard/dblp/query_sparse_16_108.graph,
query_sparse_16_109,290850809208495,,ok,,/home/zxz/miniGU_experiment_master/experiment/patterns/truecard/dblp/query_sparse_16_109.graph,
query_sparse_16_11,12915898641214,,ok,,/home/zxz/miniGU_experiment_master/experiment/patterns/truecard/dblp/query_sparse_16_11.graph,
query_sparse_16_110,32052418168443,,ok,,/home/zxz/miniGU_experiment_master/experiment/patterns/truecard/dblp/query_sparse_16_110.graph,
query_sparse_16_111,112292437035096,,ok,,/home/zxz/miniGU_experiment_master/experiment/patterns/truecard/dblp/query_sparse_16_111.graph,
query_sparse_16_112,19020106831981,,ok,,/home/zxz/miniGU_experiment_master/experiment/patterns/truecard/dblp/query_sparse_16_112.graph,
query_sparse_16_113,89496420313602,,ok,,/home/zxz/miniGU_experiment_master/experiment/patterns/truecard/dblp/query_sparse_16_113.graph,
query_sparse_16_114,12357978015792,,ok,,/home/zxz/miniGU_experiment_master/experiment/patterns/truecard/dblp/query_sparse_16_114.graph,
query_sparse_16_115,195292456323816,,ok,,/home/zxz/miniGU_experiment_master/experiment/patterns/truecard/dblp/query_sparse_16_115.graph,
query_sparse_16_116,114363822115083,,ok,,/home/zxz/miniGU_experiment_master/experiment/patterns/truecard/dblp/query_sparse_16_116.graph,
query_sparse_16_117,4962343438753,,ok,,/home/zxz/miniGU_experiment_master/experiment/patterns/truecard/dblp/query_sparse_16_117.graph,
query_sparse_16_118,7002550033771,,ok,,/home/zxz/miniGU_experiment_master/experiment/patterns/truecard/dblp/query_sparse_16_118.graph,
query_sparse_16_119,237821239770920,,ok,,/home/zxz/miniGU_experiment_master/experiment/patterns/truecard/dblp/query_sparse_16_119.graph,
query_sparse_16_12,18660349273386,,ok,,/home/zxz/miniGU_experiment_master/experiment/patterns/truecard/dblp/query_sparse_16_12.graph,
query_sparse_16_120,188422791537743,,ok,,/home/zxz/miniGU_experiment_master/experiment/patterns/truecard/dblp/query_sparse_16_120.graph,
query_sparse_16_121,64381775075327,,ok,,/home/zxz/miniGU_experiment_master/experiment/patterns/truecard/dblp/query_sparse_16_121.graph,
query_sparse_16_122,7543050170261,,ok,,/home/zxz/miniGU_experiment_master/experiment/patterns/truecard/dblp/query_sparse_16_122.graph,
query_sparse_16_123,1598278827725268,,ok,,/home/zxz/miniGU_experiment_master/experiment/patterns/truecard/dblp/query_sparse_16_123.graph,
query_sparse_16_124,12264854338079,,ok,,/home/zxz/miniGU_experiment_master/experiment/patterns/truecard/dblp/query_sparse_16_124.graph,
query_sparse_16_125,65825793576388,,ok,,/home/zxz/miniGU_experiment_master/experiment/patterns/truecard/dblp/query_sparse_16_125.graph,
query_sparse_16_126,20798851086888,,ok,,/home/zxz/miniGU_experiment_master/experiment/patterns/truecard/dblp/query_sparse_16_126.graph,
query_sparse_16_127,83317561772836,,ok,,/home/zxz/miniGU_experiment_master/experiment/patterns/truecard/dblp/query_sparse_16_127.graph,
query_sparse_16_128,69161526052682,,ok,,/home/zxz/miniGU_experiment_master/experiment/patterns/truecard/dblp/query_sparse_16_128.graph,
query_sparse_16_129,709549760217924,,ok,,/home/zxz/miniGU_experiment_master/experiment/patterns/truecard/dblp/query_sparse_16_129.graph,
query_sparse_16_13,39302228378417,,ok,,/home/zxz/miniGU_experiment_master/experiment/patterns/truecard/dblp/query_sparse_16_13.graph,
query_sparse_16_130,9398953517191,,ok,,/home/zxz/miniGU_experiment_master/experiment/patterns/truecard/dblp/query_sparse_16_130.graph,
query_sparse_16_131,37147770991359,,ok,,/home/zxz/miniGU_experiment_master/experiment/patterns/truecard/dblp/query_sparse_16_131.graph,
query_sparse_16_132,355037868430553,,ok,,/home/zxz/miniGU_experiment_master/experiment/patterns/truecard/dblp/query_sparse_16_132.graph,
query_sparse_16_133,17231242367350,,ok,,/home/zxz/miniGU_experiment_master/experiment/patterns/truecard/dblp/query_sparse_16_133.graph,
query_sparse_16_134,621381847262960,,ok,,/home/zxz/miniGU_experiment_master/experiment/patterns/truecard/dblp/query_sparse_16_134.graph,
query_sparse_16_135,15827990073742,,ok,,/home/zxz/miniGU_experiment_master/experiment/patterns/truecard/dblp/query_sparse_16_135.graph,
query_sparse_16_136,70290900194155,,ok,,/home/zxz/miniGU_experiment_master/experiment/patterns/truecard/dblp/query_sparse_16_136.graph,
query_sparse_16_137,48646156485774,,ok,,/home/zxz/miniGU_experiment_master/experiment/patterns/truecard/dblp/query_sparse_16_137.graph,
query_sparse_16_138,19833556549872,,ok,,/home/zxz/miniGU_experiment_master/experiment/patterns/truecard/dblp/query_sparse_16_138.graph,
query_sparse_16_139,64304361084818,,ok,,/home/zxz/miniGU_experiment_master/experiment/patterns/truecard/dblp/query_sparse_16_139.graph,
query_sparse_16_14,158805789794332,,ok,,/home/zxz/miniGU_experiment_master/experiment/patterns/truecard/dblp/query_sparse_16_14.graph,
query_sparse_16_140,76775064837090,,ok,,/home/zxz/miniGU_experiment_master/experiment/patterns/truecard/dblp/query_sparse_16_140.graph,
query_sparse_16_141,138083170806322,,ok,,/home/zxz/miniGU_experiment_master/experiment/patterns/truecard/dblp/query_sparse_16_141.graph,
query_sparse_16_142,198864455801873,,ok,,/home/zxz/miniGU_experiment_master/experiment/patterns/truecard/dblp/query_sparse_16_142.graph,
query_sparse_16_143,233215430369392,,ok,,/home/zxz/miniGU_experiment_master/experiment/patterns/truecard/dblp/query_sparse_16_143.graph,
query_sparse_16_144,26511589576158,,ok,,/home/zxz/miniGU_experiment_master/experiment/patterns/truecard/dblp/query_sparse_16_144.graph,
query_sparse_16_145,193355288638604,,ok,,/home/zxz/miniGU_experiment_master/experiment/patterns/truecard/dblp/query_sparse_16_145.graph,
query_sparse_16_146,312553406658642,,ok,,/home/zxz/miniGU_experiment_master/experiment/patterns/truecard/dblp/query_sparse_16_146.graph,
query_sparse_16_147,3096251845854,,ok,,/home/zxz/miniGU_experiment_master/experiment/patterns/truecard/dblp/query_sparse_16_147.graph,
query_sparse_16_148,48477110723073,,ok,,/home/zxz/miniGU_experiment_master/experiment/patterns/truecard/dblp/query_sparse_16_148.graph,
query_sparse_16_149,125597729246516,,ok,,/home/zxz/miniGU_experiment_master/experiment/patterns/truecard/dblp/query_sparse_16_149.graph,
query_sparse_16_15,84797755136674,,ok,,/home/zxz/miniGU_experiment_master/experiment/patterns/truecard/dblp/query_sparse_16_15.graph,
query_sparse_16_150,496685606577325,,ok,,/home/zxz/miniGU_experiment_master/experiment/patterns/truecard/dblp/query_sparse_16_150.graph,
query_sparse_16_151,1187739182520648,,ok,,/home/zxz/miniGU_experiment_master/experiment/patterns/truecard/dblp/query_sparse_16_151.graph,
query_sparse_16_152,150787794110114,,ok,,/home/zxz/miniGU_experiment_master/experiment/patterns/truecard/dblp/query_sparse_16_152.graph,
query_sparse_16_153,56914084641655,,ok,,/home/zxz/miniGU_experiment_master/experiment/patterns/truecard/dblp/query_sparse_16_153.graph,
query_sparse_16_154,17379906373863,,ok,,/home/zxz/miniGU_experiment_master/experiment/patterns/truecard/dblp/query_sparse_16_154.graph,
query_sparse_16_155,117086464530030,,ok,,/home/zxz/miniGU_experiment_master/experiment/patterns/truecard/dblp/query_sparse_16_155.graph,
query_sparse_16_156,125328777338766,,ok,,/home/zxz/miniGU_experiment_master/experiment/patterns/truecard/dblp/query_sparse_16_156.graph,
query_sparse_16_157,141032221917546,,ok,,/home/zxz/miniGU_experiment_master/experiment/patterns/truecard/dblp/query_sparse_16_157.graph,
query_sparse_16_158,19272160294770,,ok,,/home/zxz/miniGU_experiment_master/experiment/patterns/truecard/dblp/query_sparse_16_158.graph,
query_sparse_16_159,144022604780539,,ok,,/home/zxz/miniGU_experiment_master/experiment/patterns/truecard/dblp/query_sparse_16_159.graph,
query_sparse_16_16,129869283612648,,ok,,/home/zxz/miniGU_experiment_master/experiment/patterns/truecard/dblp/query_sparse_16_16.graph,
query_sparse_16_160,40149979278173,,ok,,/home/zxz/miniGU_experiment_master/experiment/patterns/truecard/dblp/query_sparse_16_160.graph,
query_sparse_16_161,79959481718396,,ok,,/home/zxz/miniGU_experiment_master/experiment/patterns/truecard/dblp/query_sparse_16_161.graph,
query_sparse_16_162,12595226044842,,ok,,/home/zxz/miniGU_experiment_master/experiment/patterns/truecard/dblp/query_sparse_16_162.graph,
query_sparse_16_163,202390133869119,,ok,,/home/zxz/miniGU_experiment_master/experiment/patterns/truecard/dblp/query_sparse_16_163.graph,
query_sparse_16_164,6201089454759,,ok,,/home/zxz/miniGU_experiment_master/experiment/patterns/truecard/dblp/query_sparse_16_164.graph,
query_sparse_16_165,72980042505855,,ok,,/home/zxz/miniGU_experiment_master/experiment/patterns/truecard/dblp/query_sparse_16_165.graph,
query_sparse_16_166,65272887586191,,ok,,/home/zxz/miniGU_experiment_master/experiment/patterns/truecard/dblp/query_sparse_16_166.graph,
query_sparse_16_167,107386137014893,,ok,,/home/zxz/miniGU_experiment_master/experiment/patterns/truecard/dblp/query_sparse_16_167.graph,
query_sparse_16_168,507805511014086,,ok,,/home/zxz/miniGU_experiment_master/experiment/patterns/truecard/dblp/query_sparse_16_168.graph,
query_sparse_16_169,392302275976477,,ok,,/home/zxz/miniGU_experiment_master/experiment/patterns/truecard/dblp/query_sparse_16_169.graph,
query_sparse_16_17,52519957912540,,ok,,/home/zxz/miniGU_experiment_master/experiment/patterns/truecard/dblp/query_sparse_16_17.graph,
query_sparse_16_170,125088192602476,,ok,,/home/zxz/miniGU_experiment_master/experiment/patterns/truecard/dblp/query_sparse_16_170.graph,
query_sparse_16_171,7813568009300,,ok,,/home/zxz/miniGU_experiment_master/experiment/patterns/truecard/dblp/query_sparse_16_171.graph,
query_sparse_16_172,57861369944101,,ok,,/home/zxz/miniGU_experiment_master/experiment/patterns/truecard/dblp/query_sparse_16_172.graph,
query_sparse_16_173,13565497392935,,ok,,/home/zxz/miniGU_experiment_master/experiment/patterns/truecard/dblp/query_sparse_16_173.graph,
query_sparse_16_174,49756596707715,,ok,,/home/zxz/miniGU_experiment_master/experiment/patterns/truecard/dblp/query_sparse_16_174.graph,
query_sparse_16_175,3802604723534,,ok,,/home/zxz/miniGU_experiment_master/experiment/patterns/truecard/dblp/query_sparse_16_175.graph,
query_sparse_16_176,169236814485474,,ok,,/home/zxz/miniGU_experiment_master/experiment/patterns/truecard/dblp/query_sparse_16_176.graph,
query_sparse_16_177,30640716543312,,ok,,/home/zxz/miniGU_experiment_master/experiment/patterns/truecard/dblp/query_sparse_16_177.graph,
query_sparse_16_178,83722953545671,,ok,,/home/zxz/miniGU_experiment_master/experiment/patterns/truecard/dblp/query_sparse_16_178.graph,
query_sparse_16_179,128238892706774,,ok,,/home/zxz/miniGU_experiment_master/experiment/patterns/truecard/dblp/query_sparse_16_179.graph,
query_sparse_16_18,15578615348405,,ok,,/home/zxz/miniGU_experiment_master/experiment/patterns/truecard/dblp/query_sparse_16_18.graph,
query_sparse_16_180,148227447618444,,ok,,/home/zxz/miniGU_experiment_master/experiment/patterns/truecard/dblp/query_sparse_16_180.graph,
query_sparse_16_181,51505171425908,,ok,,/home/zxz/miniGU_experiment_master/experiment/patterns/truecard/dblp/query_sparse_16_181.graph,
query_sparse_16_182,89776311503646,,ok,,/home/zxz/miniGU_experiment_master/experiment/patterns/truecard/dblp/query_sparse_16_182.graph,
query_sparse_16_183,1185817415785130,,ok,,/home/zxz/miniGU_experiment_master/experiment/patterns/truecard/dblp/query_sparse_16_183.graph,
query_sparse_16_184,40099187074209,,ok,,/home/zxz/miniGU_experiment_master/experiment/patterns/truecard/dblp/query_sparse_16_184.graph,
query_sparse_16_185,144307284140811,,ok,,/home/zxz/miniGU_experiment_master/experiment/patterns/truecard/dblp/query_sparse_16_185.graph,
query_sparse_16_186,156400794216702,,ok,,/home/zxz/miniGU_experiment_master/experiment/patterns/truecard/dblp/query_sparse_16_186.graph,
query_sparse_16_187,107125596446749,,ok,,/home/zxz/miniGU_experiment_master/experiment/patterns/truecard/dblp/query_sparse_16_187.graph,
query_sparse_16_188,27183032181379,,ok,,/home/zxz/miniGU_experiment_master/experiment/patterns/truecard/dblp/query_sparse_16_188.graph,
query_sparse_16_189,122095048325881,,ok,,/home/zxz/miniGU_experiment_master/experiment/patterns/truecard/dblp/query_sparse_16_189.graph,
query_sparse_16_19,183634757936429,,ok,,/home/zxz/miniGU_experiment_master/experiment/patterns/truecard/dblp/query_sparse_16_19.graph,
query_sparse_16_190,99294242487800,,ok,,/home/zxz/miniGU_experiment_master/experiment/patterns/truecard/dblp/query_sparse_16_190.graph,
query_sparse_16_191,20816670528342,,ok,,/home/zxz/miniGU_experiment_master/experiment/patterns/truecard/dblp/query_sparse_16_191.graph,
query_sparse_16_192,91837359481072,,ok,,/home/zxz/miniGU_experiment_master/experiment/patterns/truecard/dblp/query_sparse_16_192.graph,
query_sparse_16_193,412477345626801,,ok,,/home/zxz/miniGU_experiment_master/experiment/patterns/truecard/dblp/query_sparse_16_193.graph,
query_sparse_16_194,57184070256655,,ok,,/home/zxz/miniGU_experiment_master/experiment/patterns/truecard/dblp/query_sparse_16_194.graph,
query_sparse_16_195,1195726937355460,,ok,,/home/zxz/miniGU_experiment_master/experiment/patterns/truecard/dblp/query_sparse_16_195.graph,
query_sparse_16_196,58828980753426,,ok,,/home/zxz/miniGU_experiment_master/experiment/patterns/truecard/dblp/query_sparse_16_196.graph,
query_sparse_16_197,173761400397085,,ok,,/home/zxz/miniGU_experiment_master/experiment/patterns/truecard/dblp/query_sparse_16_197.graph,
query_sparse_16_198,134782714484240,,ok,,/home/zxz/miniGU_experiment_master/experiment/patterns/truecard/dblp/query_sparse_16_198.graph,
query_sparse_16_199,42008499511948,,ok,,/home/zxz/miniGU_experiment_master/experiment/patterns/truecard/dblp/query_sparse_16_199.graph,
query_sparse_16_2,90967042811322,,ok,,/home/zxz/miniGU_experiment_master/experiment/patterns/truecard/dblp/query_sparse_16_2.graph,
query_sparse_16_20,55169239994905,,ok,,/home/zxz/miniGU_experiment_master/experiment/patterns/truecard/dblp/query_sparse_16_20.graph,
query_sparse_16_200,159644762147187,,ok,,/home/zxz/miniGU_experiment_master/experiment/patterns/truecard/dblp/query_sparse_16_200.graph,
query_sparse_16_21,75184277975102,,ok,,/home/zxz/miniGU_experiment_master/experiment/patterns/truecard/dblp/query_sparse_16_21.graph,
query_sparse_16_22,107381233665407,,ok,,/home/zxz/miniGU_experiment_master/experiment/patterns/truecard/dblp/query_sparse_16_22.graph,
query_sparse_16_23,198200370014460,,ok,,/home/zxz/miniGU_experiment_master/experiment/patterns/truecard/dblp/query_sparse_16_23.graph,
query_sparse_16_24,64403896824140,,ok,,/home/zxz/miniGU_experiment_master/experiment/patterns/truecard/dblp/query_sparse_16_24.graph,
query_sparse_16_25,281055371945242,,ok,,/home/zxz/miniGU_experiment_master/experiment/patterns/truecard/dblp/query_sparse_16_25.graph,
query_sparse_16_26,139236072105094,,ok,,/home/zxz/miniGU_experiment_master/experiment/patterns/truecard/dblp/query_sparse_16_26.graph,
query_sparse_16_27,292534779820812,,ok,,/home/zxz/miniGU_experiment_master/experiment/patterns/truecard/dblp/query_sparse_16_27.graph,
query_sparse_16_28,5423295600443,,ok,,/home/zxz/miniGU_experiment_master/experiment/patterns/truecard/dblp/query_sparse_16_28.graph,
query_sparse_16_29,62946260523322,,ok,,/home/zxz/miniGU_experiment_master/experiment/patterns/truecard/dblp/query_sparse_16_29.graph,
query_sparse_16_3,615433928385529,,ok,,/home/zxz/miniGU_experiment_master/experiment/patterns/truecard/dblp/query_sparse_16_3.graph,
query_sparse_16_30,231121374479493,,ok,,/home/zxz/miniGU_experiment_master/experiment/patterns/truecard/dblp/query_sparse_16_30.graph,
query_sparse_16_31,6180435992726,,ok,,/home/zxz/miniGU_experiment_master/experiment/patterns/truecard/dblp/query_sparse_16_31.graph,
query_sparse_16_32,161837672176855,,ok,,/home/zxz/miniGU_experiment_master/experiment/patterns/truecard/dblp/query_sparse_16_32.graph,
query_sparse_16_33,144257690617829,,ok,,/home/zxz/miniGU_experiment_master/experiment/patterns/truecard/dblp/query_sparse_16_33.graph,
query_sparse_16_34,18736379277762,,ok,,/home/zxz/miniGU_experiment_master/experiment/patterns/truecard/dblp/query_sparse_16_34.graph,
query_sparse_16_35,36816006335650,,ok,,/home/zxz/miniGU_experiment_master/experiment/patterns/truecard/dblp/query_sparse_16_35.graph,
query_sparse_16_36,256904145018725,,ok,,/home/zxz/miniGU_experiment_master/experiment/patterns/truecard/dblp/query_sparse_16_36.graph,
query_sparse_16_37,1337730811734,,ok,,/home/zxz/miniGU_experiment_master/experiment/patterns/truecard/dblp/query_sparse_16_37.graph,
query_sparse_16_38,283001040170441,,ok,,/home/zxz/miniGU_experiment_master/experiment/patterns/truecard/dblp/query_sparse_16_38.graph,
query_sparse_16_39,110387389989253,,ok,,/home/zxz/miniGU_experiment_master/experiment/patterns/truecard/dblp/query_sparse_16_39.graph,
query_sparse_16_4,413617859132493,,ok,,/home/zxz/miniGU_experiment_master/experiment/patterns/truecard/dblp/query_sparse_16_4.graph,
query_sparse_16_40,47582364104883,,ok,,/home/zxz/miniGU_experiment_master/experiment/patterns/truecard/dblp/query_sparse_16_40.graph,
query_sparse_16_41,399763838442012,,ok,,/home/zxz/miniGU_experiment_master/experiment/patterns/truecard/dblp/query_sparse_16_41.graph,
query_sparse_16_42,103683459946927,,ok,,/home/zxz/miniGU_experiment_master/experiment/patterns/truecard/dblp/query_sparse_16_42.graph,
query_sparse_16_43,301769278349414,,ok,,/home/zxz/miniGU_experiment_master/experiment/patterns/truecard/dblp/query_sparse_16_43.graph,
query_sparse_16_44,275792454083159,,ok,,/home/zxz/miniGU_experiment_master/experiment/patterns/truecard/dblp/query_sparse_16_44.graph,
query_sparse_16_45,67355513164566,,ok,,/home/zxz/miniGU_experiment_master/experiment/patterns/truecard/dblp/query_sparse_16_45.graph,
query_sparse_16_46,648916598595203,,ok,,/home/zxz/miniGU_experiment_master/experiment/patterns/truecard/dblp/query_sparse_16_46.graph,
query_sparse_16_47,185986299275796,,ok,,/home/zxz/miniGU_experiment_master/experiment/patterns/truecard/dblp/query_sparse_16_47.graph,
query_sparse_16_48,85646859375260,,ok,,/home/zxz/miniGU_experiment_master/experiment/patterns/truecard/dblp/query_sparse_16_48.graph,
query_sparse_16_49,44998453089656,,ok,,/home/zxz/miniGU_experiment_master/experiment/patterns/truecard/dblp/query_sparse_16_49.graph,
query_sparse_16_5,52026703032690,,ok,,/home/zxz/miniGU_experiment_master/experiment/patterns/truecard/dblp/query_sparse_16_5.graph,
query_sparse_16_50,238467957044058,,ok,,/home/zxz/miniGU_experiment_master/experiment/patterns/truecard/dblp/query_sparse_16_50.graph,
query_sparse_16_51,535645481665625,,ok,,/home/zxz/miniGU_experiment_master/experiment/patterns/truecard/dblp/query_sparse_16_51.graph,
query_sparse_16_52,684378331245960,,ok,,/home/zxz/miniGU_experiment_master/experiment/patterns/truecard/dblp/query_sparse_16_52.graph,
query_sparse_16_53,161295450466368,,ok,,/home/zxz/miniGU_experiment_master/experiment/patterns/truecard/dblp/query_sparse_16_53.graph,
query_sparse_16_54,158062899204423,,ok,,/home/zxz/miniGU_experiment_master/experiment/patterns/truecard/dblp/query_sparse_16_54.graph,
query_sparse_16_55,150411763272474,,ok,,/home/zxz/miniGU_experiment_master/experiment/patterns/truecard/dblp/query_sparse_16_55.graph,
query_sparse_16_56,659798581628488,,ok,,/home/zxz/miniGU_experiment_master/experiment/patterns/truecard/dblp/query_sparse_16_56.graph,
query_sparse_16_57,262529482109722,,ok,,/home/zxz/miniGU_experiment_master/experiment/patterns/truecard/dblp/query_sparse_16_57.graph,
query_sparse_16_58,70692080363779,,ok,,/home/zxz/miniGU_experiment_master/experiment/patterns/truecard/dblp/query_sparse_16_58.graph,
query_sparse_16_59,20206881442063,,ok,,/home/zxz/miniGU_experiment_master/experiment/patterns/truecard/dblp/query_sparse_16_59.graph,
query_sparse_16_6,529363422776941,,ok,,/home/zxz/miniGU_experiment_master/experiment/patterns/truecard/dblp/query_sparse_16_6.graph,
query_sparse_16_60,95659567433934,,ok,,/home/zxz/miniGU_experiment_master/experiment/patterns/truecard/dblp/query_sparse_16_60.graph,
query_sparse_16_61,143564456681512,,ok,,/home/zxz/miniGU_experiment_master/experiment/patterns/truecard/dblp/query_sparse_16_61.graph,
query_sparse_16_62,69423027328440,,ok,,/home/zxz/miniGU_experiment_master/experiment/patterns/truecard/dblp/query_sparse_16_62.graph,
query_sparse_16_63,491263824254576,,ok,,/home/zxz/miniGU_experiment_master/experiment/patterns/truecard/dblp/query_sparse_16_63.graph,
query_sparse_16_64,307646846686102,,ok,,/home/zxz/miniGU_experiment_master/experiment/patterns/truecard/dblp/query_sparse_16_64.graph,
query_sparse_16_65,89376333939218,,ok,,/home/zxz/miniGU_experiment_master/experiment/patterns/truecard/dblp/query_sparse_16_65.graph,
query_sparse_16_66,39202178077582,,ok,,/home/zxz/miniGU_experiment_master/experiment/patterns/truecard/dblp/query_sparse_16_66.graph,
query_sparse_16_67,9108607026034,,ok,,/home/zxz/miniGU_experiment_master/experiment/patterns/truecard/dblp/query_sparse_16_67.graph,
query_sparse_16_68,1221798938366,,ok,,/home/zxz/miniGU_experiment_master/experiment/patterns/truecard/dblp/query_sparse_16_68.graph,
query_sparse_16_69,827829095946183,,ok,,/home/zxz/miniGU_experiment_master/experiment/patterns/truecard/dblp/query_sparse_16_69.graph,
query_sparse_16_7,364855891151200,,ok,,/home/zxz/miniGU_experiment_master/experiment/patterns/truecard/dblp/query_sparse_16_7.graph,
query_sparse_16_70,191933877389052,,ok,,/home/zxz/miniGU_experiment_master/experiment/patterns/truecard/dblp/query_sparse_16_70.graph,
query_sparse_16_71,55702561256827,,ok,,/home/zxz/miniGU_experiment_master/experiment/patterns/truecard/dblp/query_sparse_16_71.graph,
query_sparse_16_72,1394525405051926,,ok,,/home/zxz/miniGU_experiment_master/experiment/patterns/truecard/dblp/query_sparse_16_72.graph,
query_sparse_16_73,141949316980686,,ok,,/home/zxz/miniGU_experiment_master/experiment/patterns/truecard/dblp/query_sparse_16_73.graph,
query_sparse_16_74,228052834606760,,ok,,/home/zxz/miniGU_experiment_master/experiment/patterns/truecard/dblp/query_sparse_16_74.graph,
query_sparse_16_75,71467981682693,,ok,,/home/zxz/miniGU_experiment_master/experiment/patterns/truecard/dblp/query_sparse_16_75.graph,
query_sparse_16_76,27766059287375,,ok,,/home/zxz/miniGU_experiment_master/experiment/patterns/truecard/dblp/query_sparse_16_76.graph,
query_sparse_16_77,15315558446490,,ok,,/home/zxz/miniGU_experiment_master/experiment/patterns/truecard/dblp/query_sparse_16_77.graph,
query_sparse_16_78,168172828216711,,ok,,/home/zxz/miniGU_experiment_master/experiment/patterns/truecard/dblp/query_sparse_16_78.graph,
query_sparse_16_79,25946160594720,,ok,,/home/zxz/miniGU_experiment_master/experiment/patterns/truecard/dblp/query_sparse_16_79.graph,
query_sparse_16_8,10654806945550,,ok,,/home/zxz/miniGU_experiment_master/experiment/patterns/truecard/dblp/query_sparse_16_8.graph,
query_sparse_16_80,221903701627301,,ok,,/home/zxz/miniGU_experiment_master/experiment/patterns/truecard/dblp/query_sparse_16_80.graph,
query_sparse_16_81,119790066127771,,ok,,/home/zxz/miniGU_experiment_master/experiment/patterns/truecard/dblp/query_sparse_16_81.graph,
query_sparse_16_82,74487620272998,,ok,,/home/zxz/miniGU_experiment_master/experiment/patterns/truecard/dblp/query_sparse_16_82.graph,
query_sparse_16_83,587371777080192,,ok,,/home/zxz/miniGU_experiment_master/experiment/patterns/truecard/dblp/query_sparse_16_83.graph,
query_sparse_16_84,32533265727093,,ok,,/home/zxz/miniGU_experiment_master/experiment/patterns/truecard/dblp/query_sparse_16_84.graph,
query_sparse_16_85,21455072447938,,ok,,/home/zxz/miniGU_experiment_master/experiment/patterns/truecard/dblp/query_sparse_16_85.graph,
query_sparse_16_86,82577085009873,,ok,,/home/zxz/miniGU_experiment_master/experiment/patterns/truecard/dblp/query_sparse_16_86.graph,
query_sparse_16_87,59308930025789,,ok,,/home/zxz/miniGU_experiment_master/experiment/patterns/truecard/dblp/query_sparse_16_87.graph,
query_sparse_16_88,9328313719084,,ok,,/home/zxz/miniGU_experiment_master/experiment/patterns/truecard/dblp/query_sparse_16_88.graph,
query_sparse_16_89,276017200500662,,ok,,/home/zxz/miniGU_experiment_master/experiment/patterns/truecard/dblp/query_sparse_16_89.graph,
query_sparse_16_9,151114934411650,,ok,,/home/zxz/miniGU_experiment_master/experiment/patterns/truecard/dblp/query_sparse_16_9.graph,
query_sparse_16_90,3684204445877,,ok,,/home/zxz/miniGU_experiment_master/experiment/patterns/truecard/dblp/query_sparse_16_90.graph,
query_sparse_16_91,30571638680775,,ok,,/home/zxz/miniGU_experiment_master/experiment/patterns/truecard/dblp/query_sparse_16_91.graph,
query_sparse_16_92,68397854829164,,ok,,/home/zxz/miniGU_experiment_master/experiment/patterns/truecard/dblp/query_sparse_16_92.graph,
query_sparse_16_93,346442846080630,,ok,,/home/zxz/miniGU_experiment_master/experiment/patterns/truecard/dblp/query_sparse_16_93.graph,
query_sparse_16_94,270266296450446,,ok,,/home/zxz/miniGU_experiment_master/experiment/patterns/truecard/dblp/query_sparse_16_94.graph,
query_sparse_16_95,7707092080634,,ok,,/home/zxz/miniGU_experiment_master/experiment/patterns/truecard/dblp/query_sparse_16_95.graph,
query_sparse_16_96,102987259687095,,ok,,/home/zxz/miniGU_experiment_master/experiment/patterns/truecard/dblp/query_sparse_16_96.graph,
query_sparse_16_97,413725275983899,,ok,,/home/zxz/miniGU_experiment_master/experiment/patterns/truecard/dblp/query_sparse_16_97.graph,
query_sparse_16_98,13326132193128,,ok,,/home/zxz/miniGU_experiment_master/experiment/patterns/truecard/dblp/query_sparse_16_98.graph,
query_sparse_16_99,29132463656547,,ok,,/home/zxz/miniGU_experiment_master/experiment/patterns/truecard/dblp/query_sparse_16_99.graph,
query_sparse_24_10,2954259641205921455534,0.432474,ok,,experiment/run_tmp/dblp_gcard_partitioned_patterns/query_sparse_24_10.json,
query_sparse_24_101,2159560429344851830296,0.386883,ok,,experiment/run_tmp/dblp_gcard_partitioned_patterns/query_sparse_24_101.json,
query_sparse_24_102,2093146914149156882612,0.391275,ok,,experiment/run_tmp/dblp_gcard_partitioned_patterns/query_sparse_24_102.json,
query_sparse_24_104,115579046515502856898,0.457928,ok,,experiment/run_tmp/dblp_gcard_partitioned_patterns/query_sparse_24_104.json,
query_sparse_24_105,1166451750855540614208,0.348185,ok,,experiment/run_tmp/dblp_gcard_partitioned_patterns/query_sparse_24_105.json,
query_sparse_24_106,409750502583366708576,0.353021,ok,,experiment/run_tmp/dblp_gcard_partitioned_patterns/query_sparse_24_106.json,
query_sparse_24_107,2514649783697689143175,0.557658,ok,,experiment/run_tmp/dblp_gcard_partitioned_patterns/query_sparse_24_107.json,
query_sparse_24_108,593114235149573527088,0.357133,ok,,experiment/run_tmp/dblp_gcard_partitioned_patterns/query_sparse_24_108.json,
query_sparse_24_110,111280355045899757227,0.466217,ok,,experiment/run_tmp/dblp_gcard_partitioned_patterns/query_sparse_24_110.json,
query_sparse_24_111,2898085954909746819170,0.370198,ok,,experiment/run_tmp/dblp_gcard_partitioned_patterns/query_sparse_24_111.json,
query_sparse_24_114,116854232894580804466,0.396671,ok,,experiment/run_tmp/dblp_gcard_partitioned_patterns/query_sparse_24_114.json,
query_sparse_24_115,133018427396262281720,0.328810,ok,,experiment/run_tmp/dblp_gcard_partitioned_patterns/query_sparse_24_115.json,
query_sparse_24_116,282091712686239330936,0.377456,ok,,experiment/run_tmp/dblp_gcard_partitioned_patterns/query_sparse_24_116.json,
query_sparse_24_117,1094921271297570419585,0.587801,ok,,experiment/run_tmp/dblp_gcard_partitioned_patterns/query_sparse_24_117.json,
query_sparse_24_119,1442427879875519727413,0.490489,ok,,experiment/run_tmp/dblp_gcard_partitioned_patterns/query_sparse_24_119.json,
query_sparse_24_12,4079852765243228734,0.381028,ok,,experiment/run_tmp/dblp_gcard_partitioned_patterns/query_sparse_24_12.json,
query_sparse_24_121,10591185192341914042356,0.889379,ok,,experiment/run_tmp/dblp_gcard_partitioned_patterns/query_sparse_24_121.json,
query_sparse_24_124,2695554785641651458130,0.408266,ok,,experiment/run_tmp/dblp_gcard_partitioned_patterns/query_sparse_24_124.json,
query_sparse_24_126,1206341319766436076354,0.406193,ok,,experiment/run_tmp/dblp_gcard_partitioned_patterns/query_sparse_24_126.json,
query_sparse_24_128,173536770630758013209,0.398373,ok,,experiment/run_tmp/dblp_gcard_partitioned_patterns/query_sparse_24_128.json,
query_sparse_24_13,16775584866759384048798,0.431869,ok,,experiment/run_tmp/dblp_gcard_partitioned_patterns/query_sparse_24_13.json,
query_sparse_24_131,486122925604076584740,0.411577,ok,,experiment/run_tmp/dblp_gcard_partitioned_patterns/query_sparse_24_131.json,
query_sparse_24_133,25077834449920698178,0.452007,ok,,experiment/run_tmp/dblp_gcard_partitioned_patterns/query_sparse_24_133.json,
query_sparse_24_134,2142034574503740406444,0.426263,ok,,experiment/run_tmp/dblp_gcard_partitioned_patterns/query_sparse_24_134.json,
query_sparse_24_137,598261021151340024106,0.402435,ok,,experiment/run_tmp/dblp_gcard_partitioned_patterns/query_sparse_24_137.json,
query_sparse_24_139,977774701888872309101,0.420455,ok,,experiment/run_tmp/dblp_gcard_partitioned_patterns/query_sparse_24_139.json,
query_sparse_24_140,16049658047896072011420,0.363892,ok,,experiment/run_tmp/dblp_gcard_partitioned_patterns/query_sparse_24_140.json,
query_sparse_24_142,763047404683971517246,0.341347,ok,,experiment/run_tmp/dblp_gcard_partitioned_patterns/query_sparse_24_142.json,
query_sparse_24_143,119435425757202796808,0.389356,ok,,experiment/run_tmp/dblp_gcard_partitioned_patterns/query_sparse_24_143.json,
query_sparse_24_145,246575008339065041074,0.327740,ok,,experiment/run_tmp/dblp_gcard_partitioned_patterns/query_sparse_24_145.json,
query_sparse_24_146,465203602047433519737,0.344648,ok,,experiment/run_tmp/dblp_gcard_partitioned_patterns/query_sparse_24_146.json,
query_sparse_24_147,2546912999864100987314,0.664930,ok,,experiment/run_tmp/dblp_gcard_partitioned_patterns/query_sparse_24_147.json,
query_sparse_24_149,2066775528184275668966,0.962351,ok,,experiment/run_tmp/dblp_gcard_partitioned_patterns/query_sparse_24_149.json,
query_sparse_24_150,1643237921961074251084,0.392355,ok,,experiment/run_tmp/dblp_gcard_partitioned_patterns/query_sparse_24_150.json,
query_sparse_24_152,1167786604221502818914,0.409081,ok,,experiment/run_tmp/dblp_gcard_partitioned_patterns/query_sparse_24_152.json,
query_sparse_24_156,1261813491094424520552,0.446362,ok,,experiment/run_tmp/dblp_gcard_partitioned_patterns/query_sparse_24_156.json,
query_sparse_24_157,3382913583116420817456,0.567118,ok,,experiment/run_tmp/dblp_gcard_partitioned_patterns/query_sparse_24_157.json,
query_sparse_24_16,1926250828094340604270,0.709661,ok,,experiment/run_tmp/dblp_gcard_partitioned_patterns/query_sparse_24_16.json,
query_sparse_24_162,2363204170252118609590,0.393398,ok,,experiment/run_tmp/dblp_gcard_partitioned_patterns/query_sparse_24_162.json,
query_sparse_24_163,23612365601579085481156,0.401725,ok,,experiment/run_tmp/dblp_gcard_partitioned_patterns/query_sparse_24_163.json,
query_sparse_24_169,869710372913233230894,0.366543,ok,,experiment/run_tmp/dblp_gcard_partitioned_patterns/query_sparse_24_169.json,
query_sparse_24_17,818046802257311773996,0.430904,ok,,experiment/run_tmp/dblp_gcard_partitioned_patterns/query_sparse_24_17.json,
query_sparse_24_170,1496884519395619127591,0.441465,ok,,experiment/run_tmp/dblp_gcard_partitioned_patterns/query_sparse_24_170.json,
query_sparse_24_171,40058884754437637408,0.377031,ok,,experiment/run_tmp/dblp_gcard_partitioned_patterns/query_sparse_24_171.json,
query_sparse_24_174,572268824092358164968,0.535407,ok,,experiment/run_tmp/dblp_gcard_partitioned_patterns/query_sparse_24_174.json,
query_sparse_24_176,673103920214671708608,0.394893,ok,,experiment/run_tmp/dblp_gcard_partitioned_patterns/query_sparse_24_176.json,
query_sparse_24_179,37806222720861674559,0.469197,ok,,experiment/run_tmp/dblp_gcard_partitioned_patterns/query_sparse_24_179.json,
query_sparse_24_18,2309770547331781223198,0.397426,ok,,experiment/run_tmp/dblp_gcard_partitioned_patterns/query_sparse_24_18.json,
query_sparse_24_180,45493951816058561824,0.416254,ok,,experiment/run_tmp/dblp_gcard_partitioned_patterns/query_sparse_24_180.json,
query_sparse_24_181,6555368186020379669051,0.465299,ok,,experiment/run_tmp/dblp_gcard_partitioned_patterns/query_sparse_24_181.json,
query_sparse_24_183,3580302572183007130325,0.471655,ok,,experiment/run_tmp/dblp_gcard_partitioned_patterns/query_sparse_24_183.json,
query_sparse_24_185,535507476794343661240,0.525662,ok,,experiment/run_tmp/dblp_gcard_partitioned_patterns/query_sparse_24_185.json,
query_sparse_24_187,467334125315263452710,0.436518,ok,,experiment/run_tmp/dblp_gcard_partitioned_patterns/query_sparse_24_187.json,
query_sparse_24_188,39575340716854998373,0.421702,ok,,experiment/run_tmp/dblp_gcard_partitioned_patterns/query_sparse_24_188.json,
query_sparse_24_190,555386184897953634724,0.564547,ok,,experiment/run_tmp/dblp_gcard_partitioned_patterns/query_sparse_24_190.json,
query_sparse_24_195,3563167673200640688,0.449995,ok,,experiment/run_tmp/dblp_gcard_partitioned_patterns/query_sparse_24_195.json,
query_sparse_24_196,1182720981941821961279,0.411885,ok,,experiment/run_tmp/dblp_gcard_partitioned_patterns/query_sparse_24_196.json,
query_sparse_24_197,190489651155869481610,0.416073,ok,,experiment/run_tmp/dblp_gcard_partitioned_patterns/query_sparse_24_197.json,
query_sparse_24_199,207090791432611983640,0.358937,ok,,experiment/run_tmp/dblp_gcard_partitioned_patterns/query_sparse_24_199.json,
query_sparse_24_20,16933347743910701673684,0.371385,ok,,experiment/run_tmp/dblp_gcard_partitioned_patterns/query_sparse_24_20.json,
query_sparse_24_200,156067947711050080168,0.357787,ok,,experiment/run_tmp/dblp_gcard_partitioned_patterns/query_sparse_24_200.json,
query_sparse_24_21,443702554885829027824,0.390918,ok,,experiment/run_tmp/dblp_gcard_partitioned_patterns/query_sparse_24_21.json,
query_sparse_24_22,4931738320575468610464,0.404548,ok,,experiment/run_tmp/dblp_gcard_partitioned_patterns/query_sparse_24_22.json,
query_sparse_24_24,1552428461082719699430,0.345582,ok,,experiment/run_tmp/dblp_gcard_partitioned_patterns/query_sparse_24_24.json,
query_sparse_24_27,262324510760878996924,0.477642,ok,,experiment/run_tmp/dblp_gcard_partitioned_patterns/query_sparse_24_27.json,
query_sparse_24_29,1514482010095530064490,0.429839,ok,,experiment/run_tmp/dblp_gcard_partitioned_patterns/query_sparse_24_29.json,
query_sparse_24_30,10280182749099370674194,0.469027,ok,,experiment/run_tmp/dblp_gcard_partitioned_patterns/query_sparse_24_30.json,
query_sparse_24_31,1095620268462736266472,0.372648,ok,,experiment/run_tmp/dblp_gcard_partitioned_patterns/query_sparse_24_31.json,
query_sparse_24_32,320575377212871459797,0.381078,ok,,experiment/run_tmp/dblp_gcard_partitioned_patterns/query_sparse_24_32.json,
query_sparse_24_33,209665446849983619632,0.453252,ok,,experiment/run_tmp/dblp_gcard_partitioned_patterns/query_sparse_24_33.json,
query_sparse_24_34,203200357499537924276,0.361000,ok,,experiment/run_tmp/dblp_gcard_partitioned_patterns/query_sparse_24_34.json,
query_sparse_24_37,961284336995665813920,0.609519,ok,,experiment/run_tmp/dblp_gcard_partitioned_patterns/query_sparse_24_37.json,
query_sparse_24_4,876105701770593319103,0.458793,ok,,experiment/run_tmp/dblp_gcard_partitioned_patterns/query_sparse_24_4.json,
query_sparse_24_40,355052094289686136723,0.749731,ok,,experiment/run_tmp/dblp_gcard_partitioned_patterns/query_sparse_24_40.json,
query_sparse_24_42,100327813439337630100,0.402469,ok,,experiment/run_tmp/dblp_gcard_partitioned_patterns/query_sparse_24_42.json,
query_sparse_24_45,2256564017569465265534,0.356671,ok,,experiment/run_tmp/dblp_gcard_partitioned_patterns/query_sparse_24_45.json,
query_sparse_24_46,112431001274567511504,0.482816,ok,,experiment/run_tmp/dblp_gcard_partitioned_patterns/query_sparse_24_46.json,
query_sparse_24_47,4113814647222878691746,0.590674,ok,,experiment/run_tmp/dblp_gcard_partitioned_patterns/query_sparse_24_47.json,
query_sparse_24_49,999357358404856309010,0.391064,ok,,experiment/run_tmp/dblp_gcard_partitioned_patterns/query_sparse_24_49.json,
query_sparse_24_51,190817030275690169536,0.370567,ok,,experiment/run_tmp/dblp_gcard_partitioned_patterns/query_sparse_24_51.json,
query_sparse_24_55,3089596440592906223441,0.483251,ok,,experiment/run_tmp/dblp_gcard_partitioned_patterns/query_sparse_24_55.json,
query_sparse_24_57,43334949020630606219568,0.379141,ok,,experiment/run_tmp/dblp_gcard_partitioned_patterns/query_sparse_24_57.json,
query_sparse_24_58,171877500210726240090,0.454739,ok,,experiment/run_tmp/dblp_gcard_partitioned_patterns/query_sparse_24_58.json,
query_sparse_24_59,6075647582201926439346,0.544289,ok,,experiment/run_tmp/dblp_gcard_partitioned_patterns/query_sparse_24_59.json,
query_sparse_24_60,1331574240469065257689,0.406507,ok,,experiment/run_tmp/dblp_gcard_partitioned_patterns/query_sparse_24_60.json,
query_sparse_24_61,3286277239387704725167,0.391586,ok,,experiment/run_tmp/dblp_gcard_partitioned_patterns/query_sparse_24_61.json,
query_sparse_24_62,23440672539220974081,0.888341,ok,,experiment/run_tmp/dblp_gcard_partitioned_patterns/query_sparse_24_62.json,
query_sparse_24_64,1852286512736973692600,0.371851,ok,,experiment/run_tmp/dblp_gcard_partitioned_patterns/query_sparse_24_64.json,
query_sparse_24_65,229687603775146506658,0.416404,ok,,experiment/run_tmp/dblp_gcard_partitioned_patterns/query_sparse_24_65.json,
query_sparse_24_67,1226571523949606824776,0.476407,ok,,experiment/run_tmp/dblp_gcard_partitioned_patterns/query_sparse_24_67.json,
query_sparse_24_68,1845861656277698468526,0.335479,ok,,experiment/run_tmp/dblp_gcard_partitioned_patterns/query_sparse_24_68.json,
query_sparse_24_69,538752633860762228580,0.347664,ok,,experiment/run_tmp/dblp_gcard_partitioned_patterns/query_sparse_24_69.json,
query_sparse_24_70,205606360148921930294,0.391329,ok,,experiment/run_tmp/dblp_gcard_partitioned_patterns/query_sparse_24_70.json,
query_sparse_24_71,765218453829355565931,0.402884,ok,,experiment/run_tmp/dblp_gcard_partitioned_patterns/query_sparse_24_71.json,
query_sparse_24_72,4925744814753463084541,0.416948,ok,,experiment/run_tmp/dblp_gcard_partitioned_patterns/query_sparse_24_72.json,
query_sparse_24_73,57932390078851820224,0.418183,ok,,experiment/run_tmp/dblp_gcard_partitioned_patterns/query_sparse_24_73.json,
query_sparse_24_74,888936088207119176002,0.409938,ok,,experiment/run_tmp/dblp_gcard_partitioned_patterns/query_sparse_24_74.json,
query_sparse_24_75,3584259836001128908390,0.379277,ok,,experiment/run_tmp/dblp_gcard_partitioned_patterns/query_sparse_24_75.json,
query_sparse_24_77,1721910587736563692528,0.639363,ok,,experiment/run_tmp/dblp_gcard_partitioned_patterns/query_sparse_24_77.json,
query_sparse_24_78,44815969248585364116820,0.411127,ok,,experiment/run_tmp/dblp_gcard_partitioned_patterns/query_sparse_24_78.json,
query_sparse_24_8,2091529281575028761308,0.411688,ok,,experiment/run_tmp/dblp_gcard_partitioned_patterns/query_sparse_24_8.json,
query_sparse_24_80,61976153876311530123,0.642928,ok,,experiment/run_tmp/dblp_gcard_partitioned_patterns/query_sparse_24_80.json,
query_sparse_24_81,686028006805097848512,0.539361,ok,,experiment/run_tmp/dblp_gcard_partitioned_patterns/query_sparse_24_81.json,
query_sparse_24_83,3270817302817433650440,0.364005,ok,,experiment/run_tmp/dblp_gcard_partitioned_patterns/query_sparse_24_83.json,
query_sparse_24_85,1225109160352211158776,0.375995,ok,,experiment/run_tmp/dblp_gcard_partitioned_patterns/query_sparse_24_85.json,
query_sparse_24_86,244410839843142683099,0.542021,ok,,experiment/run_tmp/dblp_gcard_partitioned_patterns/query_sparse_24_86.json,
query_sparse_24_88,12991461145312706615864,0.391789,ok,,experiment/run_tmp/dblp_gcard_partitioned_patterns/query_sparse_24_88.json,
query_sparse_24_89,1404459839524602460835,0.789799,ok,,experiment/run_tmp/dblp_gcard_partitioned_patterns/query_sparse_24_89.json,
query_sparse_24_9,111913024301712682701,0.407622,ok,,experiment/run_tmp/dblp_gcard_partitioned_patterns/query_sparse_24_9.json,
query_sparse_24_91,95064641838914073625,0.377803,ok,,experiment/run_tmp/dblp_gcard_partitioned_patterns/query_sparse_24_91.json,
query_sparse_24_99,3879592466656199504456,0.976237,ok,,experiment/run_tmp/dblp_gcard_partitioned_patterns/query_sparse_24_99.json,
query_sparse_32_10,359880124586794972171216264,0.546916,ok,,experiment/run_tmp/dblp_gcard_partitioned_patterns/query_sparse_32_10.json,
query_sparse_32_100,6938985000308176924566596328,0.989711,ok,,experiment/run_tmp/dblp_gcard_partitioned_patterns/query_sparse_32_100.json,
query_sparse_32_101,923239979227071641918402554505,0.567352,ok,,experiment/run_tmp/dblp_gcard_partitioned_patterns/query_sparse_32_101.json,
query_sparse_32_102,15517782094595657965474924560,0.784345,ok,,experiment/run_tmp/dblp_gcard_partitioned_patterns/query_sparse_32_102.json,
query_sparse_32_103,155020134000243837585726992,0.571601,ok,,experiment/run_tmp/dblp_gcard_partitioned_patterns/query_sparse_32_103.json,
query_sparse_32_106,50446069148351395172406159774,0.792170,ok,,experiment/run_tmp/dblp_gcard_partitioned_patterns/query_sparse_32_106.json,
query_sparse_32_11,67496430145112848941365183607,0.616104,ok,,experiment/run_tmp/dblp_gcard_partitioned_patterns/query_sparse_32_11.json,
query_sparse_32_111,1091145266562918974098172332,0.726765,ok,,experiment/run_tmp/dblp_gcard_partitioned_patterns/query_sparse_32_111.json,
query_sparse_32_115,1658802259790787670292781616,0.561694,ok,,experiment/run_tmp/dblp_gcard_partitioned_patterns/query_sparse_32_115.json,
query_sparse_32_116,1695851296262346743558621568,0.882894,ok,,experiment/run_tmp/dblp_gcard_partitioned_patterns/query_sparse_32_116.json,
query_sparse_32_118,384684288854154444497995759,0.557205,ok,,experiment/run_tmp/dblp_gcard_partitioned_patterns/query_sparse_32_118.json,
query_sparse_32_119,5966434365799305866480760,0.489307,ok,,experiment/run_tmp/dblp_gcard_partitioned_patterns/query_sparse_32_119.json,
query_sparse_32_12,40843961700435193331567415932,0.424417,ok,,experiment/run_tmp/dblp_gcard_partitioned_patterns/query_sparse_32_12.json,
query_sparse_32_120,10609752394682836877194115256,0.501771,ok,,experiment/run_tmp/dblp_gcard_partitioned_patterns/query_sparse_32_120.json,
query_sparse_32_123,6360609781810867850515702032,0.750543,ok,,experiment/run_tmp/dblp_gcard_partitioned_patterns/query_sparse_32_123.json,
query_sparse_32_128,757970734987173903664386852,0.476640,ok,,experiment/run_tmp/dblp_gcard_partitioned_patterns/query_sparse_32_128.json,
query_sparse_32_130,727194563559765990285055464,0.683406,ok,,experiment/run_tmp/dblp_gcard_partitioned_patterns/query_sparse_32_130.json,
query_sparse_32_133,44927264062247494974297271334,0.494425,ok,,experiment/run_tmp/dblp_gcard_partitioned_patterns/query_sparse_32_133.json,
query_sparse_32_14,1843788734730678638271251292,0.627510,ok,,experiment/run_tmp/dblp_gcard_partitioned_patterns/query_sparse_32_14.json,
query_sparse_32_142,13504664475717839259989606744,1.530021,ok,,experiment/run_tmp/dblp_gcard_partitioned_patterns/query_sparse_32_142.json,
query_sparse_32_148,81547111909391234704330952,0.514807,ok,,experiment/run_tmp/dblp_gcard_partitioned_patterns/query_sparse_32_148.json,
query_sparse_32_150,118123669019704228429753454,0.524375,ok,,experiment/run_tmp/dblp_gcard_partitioned_patterns/query_sparse_32_150.json,
query_sparse_32_159,46876443563626277970506822862,1.229973,ok,,experiment/run_tmp/dblp_gcard_partitioned_patterns/query_sparse_32_159.json,
query_sparse_32_16,48864968687709491496757054010,0.490839,ok,,experiment/run_tmp/dblp_gcard_partitioned_patterns/query_sparse_32_16.json,
query_sparse_32_160,214741734512094250510587976520,1.442569,ok,,experiment/run_tmp/dblp_gcard_partitioned_patterns/query_sparse_32_160.json,
query_sparse_32_162,25350906471964801781197625788,0.519457,ok,,experiment/run_tmp/dblp_gcard_partitioned_patterns/query_sparse_32_162.json,
query_sparse_32_163,14760525367734360941092819464,0.483073,ok,,experiment/run_tmp/dblp_gcard_partitioned_patterns/query_sparse_32_163.json,
query_sparse_32_164,298250847865165545335489140,0.598154,ok,,experiment/run_tmp/dblp_gcard_partitioned_patterns/query_sparse_32_164.json,
query_sparse_32_166,983894140827055394532085982,0.607512,ok,,experiment/run_tmp/dblp_gcard_partitioned_patterns/query_sparse_32_166.json,
query_sparse_32_167,50030441855601256437751414460,0.491099,ok,,experiment/run_tmp/dblp_gcard_partitioned_patterns/query_sparse_32_167.json,
query_sparse_32_168,61862698395128316537110763257,0.534494,ok,,experiment/run_tmp/dblp_gcard_partitioned_patterns/query_sparse_32_168.json,
query_sparse_32_169,8444922019872798174302433696,0.926146,ok,,experiment/run_tmp/dblp_gcard_partitioned_patterns/query_sparse_32_169.json,
query_sparse_32_17,32150091909789811467799487576,0.481029,ok,,experiment/run_tmp/dblp_gcard_partitioned_patterns/query_sparse_32_17.json,
query_sparse_32_171,201766472777002885025169198,0.440501,ok,,experiment/run_tmp/dblp_gcard_partitioned_patterns/query_sparse_32_171.json,
query_sparse_32_176,5935783298673054430374802632,0.527203,ok,,experiment/run_tmp/dblp_gcard_partitioned_patterns/query_sparse_32_176.json,
query_sparse_32_179,90936280662648058036169550872,0.503042,ok,,experiment/run_tmp/dblp_gcard_partitioned_patterns/query_sparse_32_179.json,
query_sparse_32_18,1090796429952122086141799740,0.536604,ok,,experiment/run_tmp/dblp_gcard_partitioned_patterns/query_sparse_32_18.json,
query_sparse_32_182,8623869019424667700481197784,0.806670,ok,,experiment/run_tmp/dblp_gcard_partitioned_patterns/query_sparse_32_182.json,
query_sparse_32_184,1395140421109384996096636088,0.448842,ok,,experiment/run_tmp/dblp_gcard_partitioned_patterns/query_sparse_32_184.json,
query_sparse_32_185,170370080370513065997054905600,0.640153,ok,,experiment/run_tmp/dblp_gcard_partitioned_patterns/query_sparse_32_185.json,
query_sparse_32_186,4289707883376849639245507516,0.487326,ok,,experiment/run_tmp/dblp_gcard_partitioned_patterns/query_sparse_32_186.json,
query_sparse_32_190,2094191987195792441753636519,0.483497,ok,,experiment/run_tmp/dblp_gcard_partitioned_patterns/query_sparse_32_190.json,
query_sparse_32_191,4970338916438111874740593248,0.658655,ok,,experiment/run_tmp/dblp_gcard_partitioned_patterns/query_sparse_32_191.json,
query_sparse_32_194,1183694901966985969858848360,0.574355,ok,,experiment/run_tmp/dblp_gcard_partitioned_patterns/query_sparse_32_194.json,
query_sparse_32_195,845339262649560849945729606,0.585274,ok,,experiment/run_tmp/dblp_gcard_partitioned_patterns/query_sparse_32_195.json,
query_sparse_32_196,16494825219431645627770497032,0.588168,ok,,experiment/run_tmp/dblp_gcard_partitioned_patterns/query_sparse_32_196.json,
query_sparse_32_197,4031965940058161652289299168,0.462555,ok,,experiment/run_tmp/dblp_gcard_partitioned_patterns/query_sparse_32_197.json,
query_sparse_32_199,743169054468489961834737828,0.484970,ok,,experiment/run_tmp/dblp_gcard_partitioned_patterns/query_sparse_32_199.json,
query_sparse_32_2,3233835065095773090607111084,0.477183,ok,,experiment/run_tmp/dblp_gcard_partitioned_patterns/query_sparse_32_2.json,
query_sparse_32_200,16229169064653151026326023566,0.776050,ok,,experiment/run_tmp/dblp_gcard_partitioned_patterns/query_sparse_32_200.json,
query_sparse_32_24,6354663221533367262029502858,0.782525,ok,,experiment/run_tmp/dblp_gcard_partitioned_patterns/query_sparse_32_24.json,
query_sparse_32_25,509655677497953734058478416,0.834501,ok,,experiment/run_tmp/dblp_gcard_partitioned_patterns/query_sparse_32_25.json,
query_sparse_32_28,40940346796727381882299679920,0.572012,ok,,experiment/run_tmp/dblp_gcard_partitioned_patterns/query_sparse_32_28.json,
query_sparse_32_29,65369599345468841737232100004,0.580519,ok,,experiment/run_tmp/dblp_gcard_partitioned_patterns/query_sparse_32_29.json,
query_sparse_32_3,1728539341205259574878032686,0.542069,ok,,experiment/run_tmp/dblp_gcard_partitioned_patterns/query_sparse_32_3.json,
query_sparse_32_30,2005485102616883215008831838,0.561858,ok,,experiment/run_tmp/dblp_gcard_partitioned_patterns/query_sparse_32_30.json,
query_sparse_32_31,1581955763964979310629024488,0.508060,ok,,experiment/run_tmp/dblp_gcard_partitioned_patterns/query_sparse_32_31.json,
query_sparse_32_33,1003249010688744435394221660,0.493594,ok,,experiment/run_tmp/dblp_gcard_partitioned_patterns/query_sparse_32_33.json,
query_sparse_32_35,105401580849120335492887582664,0.950358,ok,,experiment/run_tmp/dblp_gcard_partitioned_patterns/query_sparse_32_35.json,
query_sparse_32_38,36883666782004332932902360100,0.627884,ok,,experiment/run_tmp/dblp_gcard_partitioned_patterns/query_sparse_32_38.json,
query_sparse_32_39,424202087754041673634490496,0.409982,ok,,experiment/run_tmp/dblp_gcard_partitioned_patterns/query_sparse_32_39.json,
query_sparse_32_42,249740056146946767710950610,0.612951,ok,,experiment/run_tmp/dblp_gcard_partitioned_patterns/query_sparse_32_42.json,
query_sparse_32_43,18492841522027103128927019688,0.447897,ok,,experiment/run_tmp/dblp_gcard_partitioned_patterns/query_sparse_32_43.json,
query_sparse_32_45,29961019769574640590521396756,0.472635,ok,,experiment/run_tmp/dblp_gcard_partitioned_patterns/query_sparse_32_45.json,
query_sparse_32_46,43760811978155062738826332032,0.438382,ok,,experiment/run_tmp/dblp_gcard_partitioned_patterns/query_sparse_32_46.json,
query_sparse_32_47,3941829381725465458481023920,0.525762,ok,,experiment/run_tmp/dblp_gcard_partitioned_patterns/query_sparse_32_47.json,
query_sparse_32_51,936036963744230782117616848,1.070348,ok,,experiment/run_tmp/dblp_gcard_partitioned_patterns/query_sparse_32_51.json,
query_sparse_32_55,22321774505344029923127163164,0.552295,ok,,experiment/run_tmp/dblp_gcard_partitioned_patterns/query_sparse_32_55.json,
query_sparse_32_56,32169317907790987609056025600,0.501738,ok,,experiment/run_tmp/dblp_gcard_partitioned_patterns/query_sparse_32_56.json,
query_sparse_32_58,220425999402678249340874632,0.476171,ok,,experiment/run_tmp/dblp_gcard_partitioned_patterns/query_sparse_32_58.json,
query_sparse_32_6,97958839283664760106740682240,0.500860,ok,,experiment/run_tmp/dblp_gcard_partitioned_patterns/query_sparse_32_6.json,
query_sparse_32_60,1308094873545897851677118396,1.083629,ok,,experiment/run_tmp/dblp_gcard_partitioned_patterns/query_sparse_32_60.json,
query_sparse_32_61,1990738399687121291579058386,0.454641,ok,,experiment/run_tmp/dblp_gcard_partitioned_patterns/query_sparse_32_61.json,
query_sparse_32_62,137227292104859608357596258,0.591912,ok,,experiment/run_tmp/dblp_gcard_partitioned_patterns/query_sparse_32_62.json,
query_sparse_32_69,22583886392961736485483717708,0.542555,ok,,experiment/run_tmp/dblp_gcard_partitioned_patterns/query_sparse_32_69.json,
query_sparse_32_7,26321598585770082343839285179,0.904066,ok,,experiment/run_tmp/dblp_gcard_partitioned_patterns/query_sparse_32_7.json,
query_sparse_32_71,336900146304394399811330128,0.505363,ok,,experiment/run_tmp/dblp_gcard_partitioned_patterns/query_sparse_32_71.json,
query_sparse_32_72,286275567430235269136617802,0.457757,ok,,experiment/run_tmp/dblp_gcard_partitioned_patterns/query_sparse_32_72.json,
query_sparse_32_73,30090347444785602956392740148,0.648198,ok,,experiment/run_tmp/dblp_gcard_partitioned_patterns/query_sparse_32_73.json,
query_sparse_32_74,7179727434726591431402783934,1.061230,ok,,experiment/run_tmp/dblp_gcard_partitioned_patterns/query_sparse_32_74.json,
query_sparse_32_78,11324472014240487131611871824,0.873942,ok,,experiment/run_tmp/dblp_gcard_partitioned_patterns/query_sparse_32_78.json,
query_sparse_32_79,5651857399927881696390959254,0.466362,ok,,experiment/run_tmp/dblp_gcard_partitioned_patterns/query_sparse_32_79.json,
query_sparse_32_8,11445226139568267159888883104,0.676193,ok,,experiment/run_tmp/dblp_gcard_partitioned_patterns/query_sparse_32_8.json,
query_sparse_32_80,912524704406544324245045536,0.525821,ok,,experiment/run_tmp/dblp_gcard_partitioned_patterns/query_sparse_32_80.json,
query_sparse_32_81,881026425187485710073522367,0.547649,ok,,experiment/run_tmp/dblp_gcard_partitioned_patterns/query_sparse_32_81.json,
query_sparse_32_83,7191425181153051872765752848,0.481906,ok,,experiment/run_tmp/dblp_gcard_partitioned_patterns/query_sparse_32_83.json,
query_sparse_32_84,3603300553101363789554448902,0.506479,ok,,experiment/run_tmp/dblp_gcard_partitioned_patterns/query_sparse_32_84.json,
query_sparse_32_88,213715417260135058011090323,0.479587,ok,,experiment/run_tmp/dblp_gcard_partitioned_patterns/query_sparse_32_88.json,
query_sparse_32_9,1874912351609697341529251158,0.588787,ok,,experiment/run_tmp/dblp_gcard_partitioned_patterns/query_sparse_32_9.json,
query_sparse_32_90,134168920994512863328799546140,0.692813,ok,,experiment/run_tmp/dblp_gcard_partitioned_patterns/query_sparse_32_90.json,
query_sparse_32_91,622619745482575104537865056,0.513784,ok,,experiment/run_tmp/dblp_gcard_partitioned_patterns/query_sparse_32_91.json,
query_sparse_32_92,101413908838541639891801079076,0.553899,ok,,experiment/run_tmp/dblp_gcard_partitioned_patterns/query_sparse_32_92.json,
query_sparse_32_96,5047077476504382820167459956,0.543376,ok,,experiment/run_tmp/dblp_gcard_partitioned_patterns/query_sparse_32_96.json,
query_sparse_32_97,21961305693653331026760847108,0.538879,ok,,experiment/run_tmp/dblp_gcard_partitioned_patterns/query_sparse_32_97.json,
query_sparse_32_98,49675652936507654269578705504,0.567198,ok,,experiment/run_tmp/dblp_gcard_partitioned_patterns/query_sparse_32_98.json,
query_sparse_32_99,202203175041929204284087300,0.455657,ok,,experiment/run_tmp/dblp_gcard_partitioned_patterns/query_sparse_32_99.json,
query_sparse_8_1,39347364,,ok,,/home/zxz/miniGU_experiment_master/experiment/patterns/truecard/dblp/query_sparse_8_1.graph,
query_sparse_8_10,24333692,,ok,,/home/zxz/miniGU_experiment_master/experiment/patterns/truecard/dblp/query_sparse_8_10.graph,
query_sparse_8_100,13108953,,ok,,/home/zxz/miniGU_experiment_master/experiment/patterns/truecard/dblp/query_sparse_8_100.graph,
query_sparse_8_101,14567690,,ok,,/home/zxz/miniGU_experiment_master/experiment/patterns/truecard/dblp/query_sparse_8_101.graph,
query_sparse_8_102,12338056,,ok,,/home/zxz/miniGU_experiment_master/experiment/patterns/truecard/dblp/query_sparse_8_102.graph,
query_sparse_8_103,19558572,,ok,,/home/zxz/miniGU_experiment_master/experiment/patterns/truecard/dblp/query_sparse_8_103.graph,
query_sparse_8_104,9443290,,ok,,/home/zxz/miniGU_experiment_master/experiment/patterns/truecard/dblp/query_sparse_8_104.graph,
query_sparse_8_105,11888889,,ok,,/home/zxz/miniGU_experiment_master/experiment/patterns/truecard/dblp/query_sparse_8_105.graph,
query_sparse_8_106,8930597,,ok,,/home/zxz/miniGU_experiment_master/experiment/patterns/truecard/dblp/query_sparse_8_106.graph,
query_sparse_8_107,13824634,,ok,,/home/zxz/miniGU_experiment_master/experiment/patterns/truecard/dblp/query_sparse_8_107.graph,
query_sparse_8_108,17142823,,ok,,/home/zxz/miniGU_experiment_master/experiment/patterns/truecard/dblp/query_sparse_8_108.graph,
query_sparse_8_109,34673192,,ok,,/home/zxz/miniGU_experiment_master/experiment/patterns/truecard/dblp/query_sparse_8_109.graph,
query_sparse_8_11,47543140,,ok,,/home/zxz/miniGU_experiment_master/experiment/patterns/truecard/dblp/query_sparse_8_11.graph,
query_sparse_8_110,26876790,,ok,,/home/zxz/miniGU_experiment_master/experiment/patterns/truecard/dblp/query_sparse_8_110.graph,
query_sparse_8_111,10084305,,ok,,/home/zxz/miniGU_experiment_master/experiment/patterns/truecard/dblp/query_sparse_8_111.graph,
query_sparse_8_112,39267079,,ok,,/home/zxz/miniGU_experiment_master/experiment/patterns/truecard/dblp/query_sparse_8_112.graph,
query_sparse_8_113,5468489,,ok,,/home/zxz/miniGU_experiment_master/experiment/patterns/truecard/dblp/query_sparse_8_113.graph,
query_sparse_8_114,65694461,,ok,,/home/zxz/miniGU_experiment_master/experiment/patterns/truecard/dblp/query_sparse_8_114.graph,
query_sparse_8_115,25162936,,ok,,/home/zxz/miniGU_experiment_master/experiment/patterns/truecard/dblp/query_sparse_8_115.graph,
query_sparse_8_116,48345304,,ok,,/home/zxz/miniGU_experiment_master/experiment/patterns/truecard/dblp/query_sparse_8_116.graph,
query_sparse_8_117,1943789,,ok,,/home/zxz/miniGU_experiment_master/experiment/patterns/truecard/dblp/query_sparse_8_117.graph,
query_sparse_8_118,19710774,,ok,,/home/zxz/miniGU_experiment_master/experiment/patterns/truecard/dblp/query_sparse_8_118.graph,
query_sparse_8_119,5807245,,ok,,/home/zxz/miniGU_experiment_master/experiment/patterns/truecard/dblp/query_sparse_8_119.graph,
query_sparse_8_12,10956919,,ok,,/home/zxz/miniGU_experiment_master/experiment/patterns/truecard/dblp/query_sparse_8_12.graph,
query_sparse_8_120,33537618,,ok,,/home/zxz/miniGU_experiment_master/experiment/patterns/truecard/dblp/query_sparse_8_120.graph,
query_sparse_8_121,12009352,,ok,,/home/zxz/miniGU_experiment_master/experiment/patterns/truecard/dblp/query_sparse_8_121.graph,
query_sparse_8_122,18404998,,ok,,/home/zxz/miniGU_experiment_master/experiment/patterns/truecard/dblp/query_sparse_8_122.graph,
query_sparse_8_123,17132243,,ok,,/home/zxz/miniGU_experiment_master/experiment/patterns/truecard/dblp/query_sparse_8_123.graph,
query_sparse_8_124,8127197,,ok,,/home/zxz/miniGU_experiment_master/experiment/patterns/truecard/dblp/query_sparse_8_124.graph,
query_sparse_8_125,20711056,,ok,,/home/zxz/miniGU_experiment_master/experiment/patterns/truecard/dblp/query_sparse_8_125.graph,
query_sparse_8_126,30250366,,ok,,/home/zxz/miniGU_experiment_master/experiment/patterns/truecard/dblp/query_sparse_8_126.graph,
query_sparse_8_127,5209598,,ok,,/home/zxz/miniGU_experiment_master/experiment/patterns/truecard/dblp/query_sparse_8_127.graph,
query_sparse_8_128,12949375,,ok,,/home/zxz/miniGU_experiment_master/experiment/patterns/truecard/dblp/query_sparse_8_128.graph,
query_sparse_8_129,4592107,,ok,,/home/zxz/miniGU_experiment_master/experiment/patterns/truecard/dblp/query_sparse_8_129.graph,
query_sparse_8_13,51430217,,ok,,/home/zxz/miniGU_experiment_master/experiment/patterns/truecard/dblp/query_sparse_8_13.graph,
query_sparse_8_130,27474755,,ok,,/home/zxz/miniGU_experiment_master/experiment/patterns/truecard/dblp/query_sparse_8_130.graph,
query_sparse_8_131,36623090,,ok,,/home/zxz/miniGU_experiment_master/experiment/patterns/truecard/dblp/query_sparse_8_131.graph,
query_sparse_8_132,7052906,,ok,,/home/zxz/miniGU_experiment_master/experiment/patterns/truecard/dblp/query_sparse_8_132.graph,
query_sparse_8_133,22965856,,ok,,/home/zxz/miniGU_experiment_master/experiment/patterns/truecard/dblp/query_sparse_8_133.graph,
query_sparse_8_134,7050552,,ok,,/home/zxz/miniGU_experiment_master/experiment/patterns/truecard/dblp/query_sparse_8_134.graph,
query_sparse_8_135,20131474,,ok,,/home/zxz/miniGU_experiment_master/experiment/patterns/truecard/dblp/query_sparse_8_135.graph,
query_sparse_8_136,9075018,,ok,,/home/zxz/miniGU_experiment_master/experiment/patterns/truecard/dblp/query_sparse_8_136.graph,
query_sparse_8_137,4072347,,ok,,/home/zxz/miniGU_experiment_master/experiment/patterns/truecard/dblp/query_sparse_8_137.graph,
query_sparse_8_138,17448190,,ok,,/home/zxz/miniGU_experiment_master/experiment/patterns/truecard/dblp/query_sparse_8_138.graph,
query_sparse_8_139,14899566,,ok,,/home/zxz/miniGU_experiment_master/experiment/patterns/truecard/dblp/query_sparse_8_139.graph,
query_sparse_8_14,17475926,,ok,,/home/zxz/miniGU_experiment_master/experiment/patterns/truecard/dblp/query_sparse_8_14.graph,
query_sparse_8_140,6981330,,ok,,/home/zxz/miniGU_experiment_master/experiment/patterns/truecard/dblp/query_sparse_8_140.graph,
query_sparse_8_141,5293710,,ok,,/home/zxz/miniGU_experiment_master/experiment/patterns/truecard/dblp/query_sparse_8_141.graph,
query_sparse_8_142,37397118,,ok,,/home/zxz/miniGU_experiment_master/experiment/patterns/truecard/dblp/query_sparse_8_142.graph,
query_sparse_8_143,8913540,,ok,,/home/zxz/miniGU_experiment_master/experiment/patterns/truecard/dblp/query_sparse_8_143.graph,
query_sparse_8_144,32680362,,ok,,/home/zxz/miniGU_experiment_master/experiment/patterns/truecard/dblp/query_sparse_8_144.graph,
query_sparse_8_145,10798566,,ok,,/home/zxz/miniGU_experiment_master/experiment/patterns/truecard/dblp/query_sparse_8_145.graph,
query_sparse_8_146,26053957,,ok,,/home/zxz/miniGU_experiment_master/experiment/patterns/truecard/dblp/query_sparse_8_146.graph,
query_sparse_8_147,9877422,,ok,,/home/zxz/miniGU_experiment_master/experiment/patterns/truecard/dblp/query_sparse_8_147.graph,
query_sparse_8_148,16999239,,ok,,/home/zxz/miniGU_experiment_master/experiment/patterns/truecard/dblp/query_sparse_8_148.graph,
query_sparse_8_149,4319054,,ok,,/home/zxz/miniGU_experiment_master/experiment/patterns/truecard/dblp/query_sparse_8_149.graph,
query_sparse_8_15,48933511,,ok,,/home/zxz/miniGU_experiment_master/experiment/patterns/truecard/dblp/query_sparse_8_15.graph,
query_sparse_8_150,5628326,,ok,,/home/zxz/miniGU_experiment_master/experiment/patterns/truecard/dblp/query_sparse_8_150.graph,
query_sparse_8_151,12771605,,ok,,/home/zxz/miniGU_experiment_master/experiment/patterns/truecard/dblp/query_sparse_8_151.graph,
query_sparse_8_152,16462380,,ok,,/home/zxz/miniGU_experiment_master/experiment/patterns/truecard/dblp/query_sparse_8_152.graph,
query_sparse_8_153,21494160,,ok,,/home/zxz/miniGU_experiment_master/experiment/patterns/truecard/dblp/query_sparse_8_153.graph,
query_sparse_8_154,86304110,,ok,,/home/zxz/miniGU_experiment_master/experiment/patterns/truecard/dblp/query_sparse_8_154.graph,
query_sparse_8_155,5107611,,ok,,/home/zxz/miniGU_experiment_master/experiment/patterns/truecard/dblp/query_sparse_8_155.graph,
query_sparse_8_156,33405325,,ok,,/home/zxz/miniGU_experiment_master/experiment/patterns/truecard/dblp/query_sparse_8_156.graph,
query_sparse_8_157,32346008,,ok,,/home/zxz/miniGU_experiment_master/experiment/patterns/truecard/dblp/query_sparse_8_157.graph,
query_sparse_8_158,5296435,,ok,,/home/zxz/miniGU_experiment_master/experiment/patterns/truecard/dblp/query_sparse_8_158.graph,
query_sparse_8_159,40905596,,ok,,/home/zxz/miniGU_experiment_master/experiment/patterns/truecard/dblp/query_sparse_8_159.graph,
query_sparse_8_16,4289475,,ok,,/home/zxz/miniGU_experiment_master/experiment/patterns/truecard/dblp/query_sparse_8_16.graph,
query_sparse_8_160,5556016,,ok,,/home/zxz/miniGU_experiment_master/experiment/patterns/truecard/dblp/query_sparse_8_160.graph,
query_sparse_8_161,22980041,,ok,,/home/zxz/miniGU_experiment_master/experiment/patterns/truecard/dblp/query_sparse_8_161.graph,
query_sparse_8_162,7514039,,ok,,/home/zxz/miniGU_experiment_master/experiment/patterns/truecard/dblp/query_sparse_8_162.graph,
query_sparse_8_163,5217598,,ok,,/home/zxz/miniGU_experiment_master/experiment/patterns/truecard/dblp/query_sparse_8_163.graph,
query_sparse_8_164,60433716,,ok,,/home/zxz/miniGU_experiment_master/experiment/patterns/truecard/dblp/query_sparse_8_164.graph,
query_sparse_8_165,31422091,,ok,,/home/zxz/miniGU_experiment_master/experiment/patterns/truecard/dblp/query_sparse_8_165.graph,
query_sparse_8_166,11442077,,ok,,/home/zxz/miniGU_experiment_master/experiment/patterns/truecard/dblp/query_sparse_8_166.graph,
query_sparse_8_167,23267815,,ok,,/home/zxz/miniGU_experiment_master/experiment/patterns/truecard/dblp/query_sparse_8_167.graph,
query_sparse_8_168,11102708,,ok,,/home/zxz/miniGU_experiment_master/experiment/patterns/truecard/dblp/query_sparse_8_168.graph,
query_sparse_8_169,11589010,,ok,,/home/zxz/miniGU_experiment_master/experiment/patterns/truecard/dblp/query_sparse_8_169.graph,
query_sparse_8_17,2599269,,ok,,/home/zxz/miniGU_experiment_master/experiment/patterns/truecard/dblp/query_sparse_8_17.graph,
query_sparse_8_170,6263294,,ok,,/home/zxz/miniGU_experiment_master/experiment/patterns/truecard/dblp/query_sparse_8_170.graph,
query_sparse_8_171,9449027,,ok,,/home/zxz/miniGU_experiment_master/experiment/patterns/truecard/dblp/query_sparse_8_171.graph,
query_sparse_8_172,15181362,,ok,,/home/zxz/miniGU_experiment_master/experiment/patterns/truecard/dblp/query_sparse_8_172.graph,
query_sparse_8_173,12794968,,ok,,/home/zxz/miniGU_experiment_master/experiment/patterns/truecard/dblp/query_sparse_8_173.graph,
query_sparse_8_174,16340332,,ok,,/home/zxz/miniGU_experiment_master/experiment/patterns/truecard/dblp/query_sparse_8_174.graph,
query_sparse_8_175,130762362,,ok,,/home/zxz/miniGU_experiment_master/experiment/patterns/truecard/dblp/query_sparse_8_175.graph,
query_sparse_8_176,54821034,,ok,,/home/zxz/miniGU_experiment_master/experiment/patterns/truecard/dblp/query_sparse_8_176.graph,
query_sparse_8_177,18657376,,ok,,/home/zxz/miniGU_experiment_master/experiment/patterns/truecard/dblp/query_sparse_8_177.graph,
query_sparse_8_178,35228243,,ok,,/home/zxz/miniGU_experiment_master/experiment/patterns/truecard/dblp/query_sparse_8_178.graph,
query_sparse_8_179,55858813,,ok,,/home/zxz/miniGU_experiment_master/experiment/patterns/truecard/dblp/query_sparse_8_179.graph,
query_sparse_8_18,38845483,,ok,,/home/zxz/miniGU_experiment_master/experiment/patterns/truecard/dblp/query_sparse_8_18.graph,
query_sparse_8_180,20212386,,ok,,/home/zxz/miniGU_experiment_master/experiment/patterns/truecard/dblp/query_sparse_8_180.graph,
query_sparse_8_181,8783061,,ok,,/home/zxz/miniGU_experiment_master/experiment/patterns/truecard/dblp/query_sparse_8_181.graph,
query_sparse_8_182,13783035,,ok,,/home/zxz/miniGU_experiment_master/experiment/patterns/truecard/dblp/query_sparse_8_182.graph,
query_sparse_8_183,6951130,,ok,,/home/zxz/miniGU_experiment_master/experiment/patterns/truecard/dblp/query_sparse_8_183.graph,
query_sparse_8_184,15234103,,ok,,/home/zxz/miniGU_experiment_master/experiment/patterns/truecard/dblp/query_sparse_8_184.graph,
query_sparse_8_185,18374374,,ok,,/home/zxz/miniGU_experiment_master/experiment/patterns/truecard/dblp/query_sparse_8_185.graph,
query_sparse_8_186,7529445,,ok,,/home/zxz/miniGU_experiment_master/experiment/patterns/truecard/dblp/query_sparse_8_186.graph,
query_sparse_8_187,16410805,,ok,,/home/zxz/miniGU_experiment_master/experiment/patterns/truecard/dblp/query_sparse_8_187.graph,
query_sparse_8_188,16992450,,ok,,/home/zxz/miniGU_experiment_master/experiment/patterns/truecard/dblp/query_sparse_8_188.graph,
query_sparse_8_189,22707521,,ok,,/home/zxz/miniGU_experiment_master/experiment/patterns/truecard/dblp/query_sparse_8_189.graph,
query_sparse_8_19,47614974,,ok,,/home/zxz/miniGU_experiment_master/experiment/patterns/truecard/dblp/query_sparse_8_19.graph,
query_sparse_8_190,46575915,,ok,,/home/zxz/miniGU_experiment_master/experiment/patterns/truecard/dblp/query_sparse_8_190.graph,
query_sparse_8_191,69921382,,ok,,/home/zxz/miniGU_experiment_master/experiment/patterns/truecard/dblp/query_sparse_8_191.graph,
query_sparse_8_192,3220913,,ok,,/home/zxz/miniGU_experiment_master/experiment/patterns/truecard/dblp/query_sparse_8_192.graph,
query_sparse_8_193,35544511,,ok,,/home/zxz/miniGU_experiment_master/experiment/patterns/truecard/dblp/query_sparse_8_193.graph,
query_sparse_8_194,13101765,,ok,,/home/zxz/miniGU_experiment_master/experiment/patterns/truecard/dblp/query_sparse_8_194.graph,
query_sparse_8_195,3682581,,ok,,/home/zxz/miniGU_experiment_master/experiment/patterns/truecard/dblp/query_sparse_8_195.graph,
query_sparse_8_196,20921110,,ok,,/home/zxz/miniGU_experiment_master/experiment/patterns/truecard/dblp/query_sparse_8_196.graph,
query_sparse_8_197,28014783,,ok,,/home/zxz/miniGU_experiment_master/experiment/patterns/truecard/dblp/query_sparse_8_197.graph,
query_sparse_8_198,12980792,,ok,,/home/zxz/miniGU_experiment_master/experiment/patterns/truecard/dblp/query_sparse_8_198.graph,
query_sparse_8_199,6824509,,ok,,/home/zxz/miniGU_experiment_master/experiment/patterns/truecard/dblp/query_sparse_8_199.graph,
query_sparse_8_2,34677226,,ok,,/home/zxz/miniGU_experiment_master/experiment/patterns/truecard/dblp/query_sparse_8_2.graph,
query_sparse_8_20,23550899,,ok,,/home/zxz/miniGU_experiment_master/experiment/patterns/truecard/dblp/query_sparse_8_20.graph,
query_sparse_8_200,4652332,,ok,,/home/zxz/miniGU_experiment_master/experiment/patterns/truecard/dblp/query_sparse_8_200.graph,
query_sparse_8_21,13661776,,ok,,/home/zxz/miniGU_experiment_master/experiment/patterns/truecard/dblp/query_sparse_8_21.graph,
query_sparse_8_22,2945500,,ok,,/home/zxz/miniGU_experiment_master/experiment/patterns/truecard/dblp/query_sparse_8_22.graph,
query_sparse_8_23,14861096,,ok,,/home/zxz/miniGU_experiment_master/experiment/patterns/truecard/dblp/query_sparse_8_23.graph,
query_sparse_8_24,8259881,,ok,,/home/zxz/miniGU_experiment_master/experiment/patterns/truecard/dblp/query_sparse_8_24.graph,
query_sparse_8_25,23462940,,ok,,/home/zxz/miniGU_experiment_master/experiment/patterns/truecard/dblp/query_sparse_8_25.graph,
query_sparse_8_26,11391312,,ok,,/home/zxz/miniGU_experiment_master/experiment/patterns/truecard/dblp/query_sparse_8_26.graph,
query_sparse_8_27,3420726,,ok,,/home/zxz/miniGU_experiment_master/experiment/patterns/truecard/dblp/query_sparse_8_27.graph,
query_sparse_8_28,45095758,,ok,,/home/zxz/miniGU_experiment_master/experiment/patterns/truecard/dblp/query_sparse_8_28.graph,
query_sparse_8_29,6381466,,ok,,/home/zxz/miniGU_experiment_master/experiment/patterns/truecard/dblp/query_sparse_8_29.graph,
query_sparse_8_3,4141346,,ok,,/home/zxz/miniGU_experiment_master/experiment/patterns/truecard/dblp/query_sparse_8_3.graph,
query_sparse_8_30,12781120,,ok,,/home/zxz/miniGU_experiment_master/experiment/patterns/truecard/dblp/query_sparse_8_30.graph,
query_sparse_8_31,21453203,,ok,,/home/zxz/miniGU_experiment_master/experiment/patterns/truecard/dblp/query_sparse_8_31.graph,
query_sparse_8_32,20124360,,ok,,/home/zxz/miniGU_experiment_master/experiment/patterns/truecard/dblp/query_sparse_8_32.graph,
query_sparse_8_33,16098593,,ok,,/home/zxz/miniGU_experiment_master/experiment/patterns/truecard/dblp/query_sparse_8_33.graph,
query_sparse_8_34,18469932,,ok,,/home/zxz/miniGU_experiment_master/experiment/patterns/truecard/dblp/query_sparse_8_34.graph,
query_sparse_8_35,6376046,,ok,,/home/zxz/miniGU_experiment_master/experiment/patterns/truecard/dblp/query_sparse_8_35.graph,
query_sparse_8_36,14046414,,ok,,/home/zxz/miniGU_experiment_master/experiment/patterns/truecard/dblp/query_sparse_8_36.graph,
query_sparse_8_37,14512822,,ok,,/home/zxz/miniGU_experiment_master/experiment/patterns/truecard/dblp/query_sparse_8_37.graph,
query_sparse_8_38,8843626,,ok,,/home/zxz/miniGU_experiment_master/experiment/patterns/truecard/dblp/query_sparse_8_38.graph,
query_sparse_8_39,5564669,,ok,,/home/zxz/miniGU_experiment_master/experiment/patterns/truecard/dblp/query_sparse_8_39.graph,
query_sparse_8_4,24557000,,ok,,/home/zxz/miniGU_experiment_master/experiment/patterns/truecard/dblp/query_sparse_8_4.graph,
query_sparse_8_40,36813923,,ok,,/home/zxz/miniGU_experiment_master/experiment/patterns/truecard/dblp/query_sparse_8_40.graph,
query_sparse_8_41,4817961,,ok,,/home/zxz/miniGU_experiment_master/experiment/patterns/truecard/dblp/query_sparse_8_41.graph,
query_sparse_8_42,9178554,,ok,,/home/zxz/miniGU_experiment_master/experiment/patterns/truecard/dblp/query_sparse_8_42.graph,
query_sparse_8_43,11764350,,ok,,/home/zxz/miniGU_experiment_master/experiment/patterns/truecard/dblp/query_sparse_8_43.graph,
query_sparse_8_44,12316438,,ok,,/home/zxz/miniGU_experiment_master/experiment/patterns/truecard/dblp/query_sparse_8_44.graph,
query_sparse_8_45,9072373,,ok,,/home/zxz/miniGU_experiment_master/experiment/patterns/truecard/dblp/query_sparse_8_45.graph,
query_sparse_8_46,53713760,,ok,,/home/zxz/miniGU_experiment_master/experiment/patterns/truecard/dblp/query_sparse_8_46.graph,
query_sparse_8_47,9353321,,ok,,/home/zxz/miniGU_experiment_master/experiment/patterns/truecard/dblp/query_sparse_8_47.graph,
query_sparse_8_48,69597019,,ok,,/home/zxz/miniGU_experiment_master/experiment/patterns/truecard/dblp/query_sparse_8_48.graph,
query_sparse_8_49,7653398,,ok,,/home/zxz/miniGU_experiment_master/experiment/patterns/truecard/dblp/query_sparse_8_49.graph,
query_sparse_8_5,9285957,,ok,,/home/zxz/miniGU_experiment_master/experiment/patterns/truecard/dblp/query_sparse_8_5.graph,
query_sparse_8_50,7256784,,ok,,/home/zxz/miniGU_experiment_master/experiment/patterns/truecard/dblp/query_sparse_8_50.graph,
query_sparse_8_51,9636272,,ok,,/home/zxz/miniGU_experiment_master/experiment/patterns/truecard/dblp/query_sparse_8_51.graph,
query_sparse_8_52,30457599,,ok,,/home/zxz/miniGU_experiment_master/experiment/patterns/truecard/dblp/query_sparse_8_52.graph,
query_sparse_8_53,35736097,,ok,,/home/zxz/miniGU_experiment_master/experiment/patterns/truecard/dblp/query_sparse_8_53.graph,
query_sparse_8_54,45911735,,ok,,/home/zxz/miniGU_experiment_master/experiment/patterns/truecard/dblp/query_sparse_8_54.graph,
query_sparse_8_55,11283725,,ok,,/home/zxz/miniGU_experiment_master/experiment/patterns/truecard/dblp/query_sparse_8_55.graph,
query_sparse_8_56,22948691,,ok,,/home/zxz/miniGU_experiment_master/experiment/patterns/truecard/dblp/query_sparse_8_56.graph,
query_sparse_8_57,5993632,,ok,,/home/zxz/miniGU_experiment_master/experiment/patterns/truecard/dblp/query_sparse_8_57.graph,
query_sparse_8_58,12598840,,ok,,/home/zxz/miniGU_experiment_master/experiment/patterns/truecard/dblp/query_sparse_8_58.graph,
query_sparse_8_59,39841117,,ok,,/home/zxz/miniGU_experiment_master/experiment/patterns/truecard/dblp/query_sparse_8_59.graph,
query_sparse_8_6,52882005,,ok,,/home/zxz/miniGU_experiment_master/experiment/patterns/truecard/dblp/query_sparse_8_6.graph,
query_sparse_8_60,6479423,,ok,,/home/zxz/miniGU_experiment_master/experiment/patterns/truecard/dblp/query_sparse_8_60.graph,
query_sparse_8_61,10462228,,ok,,/home/zxz/miniGU_experiment_master/experiment/patterns/truecard/dblp/query_sparse_8_61.graph,
query_sparse_8_62,12214109,,ok,,/home/zxz/miniGU_experiment_master/experiment/patterns/truecard/dblp/query_sparse_8_62.graph,
query_sparse_8_63,8892623,,ok,,/home/zxz/miniGU_experiment_master/experiment/patterns/truecard/dblp/query_sparse_8_63.graph,
query_sparse_8_64,93813375,,ok,,/home/zxz/miniGU_experiment_master/experiment/patterns/truecard/dblp/query_sparse_8_64.graph,
query_sparse_8_65,18289121,,ok,,/home/zxz/miniGU_experiment_master/experiment/patterns/truecard/dblp/query_sparse_8_65.graph,
query_sparse_8_66,24177031,,ok,,/home/zxz/miniGU_experiment_master/experiment/patterns/truecard/dblp/query_sparse_8_66.graph,
query_sparse_8_67,17085075,,ok,,/home/zxz/miniGU_experiment_master/experiment/patterns/truecard/dblp/query_sparse_8_67.graph,
query_sparse_8_68,12758792,,ok,,/home/zxz/miniGU_experiment_master/experiment/patterns/truecard/dblp/query_sparse_8_68.graph,
query_sparse_8_69,11012977,,ok,,/home/zxz/miniGU_experiment_master/experiment/patterns/truecard/dblp/query_sparse_8_69.graph,
query_sparse_8_7,10665862,,ok,,/home/zxz/miniGU_experiment_master/experiment/patterns/truecard/dblp/query_sparse_8_7.graph,
query_sparse_8_70,16593134,,ok,,/home/zxz/miniGU_experiment_master/experiment/patterns/truecard/dblp/query_sparse_8_70.graph,
query_sparse_8_71,17050044,,ok,,/home/zxz/miniGU_experiment_master/experiment/patterns/truecard/dblp/query_sparse_8_71.graph,
query_sparse_8_72,6626421,,ok,,/home/zxz/miniGU_experiment_master/experiment/patterns/truecard/dblp/query_sparse_8_72.graph,
query_sparse_8_73,21165232,,ok,,/home/zxz/miniGU_experiment_master/experiment/patterns/truecard/dblp/query_sparse_8_73.graph,
query_sparse_8_74,11149202,,ok,,/home/zxz/miniGU_experiment_master/experiment/patterns/truecard/dblp/query_sparse_8_74.graph,
query_sparse_8_75,6678035,,ok,,/home/zxz/miniGU_experiment_master/experiment/patterns/truecard/dblp/query_sparse_8_75.graph,
query_sparse_8_76,11156555,,ok,,/home/zxz/miniGU_experiment_master/experiment/patterns/truecard/dblp/query_sparse_8_76.graph,
query_sparse_8_77,17052196,,ok,,/home/zxz/miniGU_experiment_master/experiment/patterns/truecard/dblp/query_sparse_8_77.graph,
query_sparse_8_78,8313558,,ok,,/home/zxz/miniGU_experiment_master/experiment/patterns/truecard/dblp/query_sparse_8_78.graph,
query_sparse_8_79,40224105,,ok,,/home/zxz/miniGU_experiment_master/experiment/patterns/truecard/dblp/query_sparse_8_79.graph,
query_sparse_8_8,19366121,,ok,,/home/zxz/miniGU_experiment_master/experiment/patterns/truecard/dblp/query_sparse_8_8.graph,
query_sparse_8_80,20643431,,ok,,/home/zxz/miniGU_experiment_master/experiment/patterns/truecard/dblp/query_sparse_8_80.graph,
query_sparse_8_81,4568934,,ok,,/home/zxz/miniGU_experiment_master/experiment/patterns/truecard/dblp/query_sparse_8_81.graph,
query_sparse_8_82,6646868,,ok,,/home/zxz/miniGU_experiment_master/experiment/patterns/truecard/dblp/query_sparse_8_82.graph,
query_sparse_8_83,37046480,,ok,,/home/zxz/miniGU_experiment_master/experiment/patterns/truecard/dblp/query_sparse_8_83.graph,
query_sparse_8_84,13037985,,ok,,/home/zxz/miniGU_experiment_master/experiment/patterns/truecard/dblp/query_sparse_8_84.graph,
query_sparse_8_85,6968613,,ok,,/home/zxz/miniGU_experiment_master/experiment/patterns/truecard/dblp/query_sparse_8_85.graph,
query_sparse_8_86,9073522,,ok,,/home/zxz/miniGU_experiment_master/experiment/patterns/truecard/dblp/query_sparse_8_86.graph,
query_sparse_8_87,9989951,,ok,,/home/zxz/miniGU_experiment_master/experiment/patterns/truecard/dblp/query_sparse_8_87.graph,
query_sparse_8_88,3756451,,ok,,/home/zxz/miniGU_experiment_master/experiment/patterns/truecard/dblp/query_sparse_8_88.graph,
query_sparse_8_89,31525149,,ok,,/home/zxz/miniGU_experiment_master/experiment/patterns/truecard/dblp/query_sparse_8_89.graph,
query_sparse_8_9,30585740,,ok,,/home/zxz/miniGU_experiment_master/experiment/patterns/truecard/dblp/query_sparse_8_9.graph,
query_sparse_8_90,8000780,,ok,,/home/zxz/miniGU_experiment_master/experiment/patterns/truecard/dblp/query_sparse_8_90.graph,
query_sparse_8_91,9847572,,ok,,/home/zxz/miniGU_experiment_master/experiment/patterns/truecard/dblp/query_sparse_8_91.graph,
query_sparse_8_92,56745853,,ok,,/home/zxz/miniGU_experiment_master/experiment/patterns/truecard/dblp/query_sparse_8_92.graph,
query_sparse_8_93,17295228,,ok,,/home/zxz/miniGU_experiment_master/experiment/patterns/truecard/dblp/query_sparse_8_93.graph,
query_sparse_8_94,85597533,,ok,,/home/zxz/miniGU_experiment_master/experiment/patterns/truecard/dblp/query_sparse_8_94.graph,
query_sparse_8_95,6108673,,ok,,/home/zxz/miniGU_experiment_master/experiment/patterns/truecard/dblp/query_sparse_8_95.graph,
query_sparse_8_96,4171600,,ok,,/home/zxz/miniGU_experiment_master/experiment/patterns/truecard/dblp/query_sparse_8_96.graph,
query_sparse_8_97,13965988,,ok,,/home/zxz/miniGU_experiment_master/experiment/patterns/truecard/dblp/query_sparse_8_97.graph,
query_sparse_8_98,11033561,,ok,,/home/zxz/miniGU_experiment_master/experiment/patterns/truecard/dblp/query_sparse_8_98.graph,
query_sparse_8_99,7310570,,ok,,/home/zxz/miniGU_experiment_master/experiment/patterns/truecard/dblp/query_sparse_8_99.graph,
