query,true_cardinality,time_s,status,error,pattern_path,sql
query_dense_16_1,102298132672478,,ok,,/home/zxz/miniGU_experiment_master/experiment/patterns/truecard/dblp/query_dense_16_1.graph,
query_dense_16_10,69444809291388,,ok,,/home/zxz/miniGU_experiment_master/experiment/patterns/truecard/dblp/query_dense_16_10.graph,
query_dense_16_100,23614401123921,,ok,,/home/zxz/miniGU_experiment_master/experiment/patterns/truecard/dblp/query_dense_16_100.graph,
query_dense_16_101,95754724928375,,ok,,/home/zxz/miniGU_experiment_master/experiment/patterns/truecard/dblp/query_dense_16_101.graph,
query_dense_16_102,44564495029368,,ok,,/home/zxz/miniGU_experiment_master/experiment/patterns/truecard/dblp/query_dense_16_102.graph,
query_dense_16_103,250702840667942,,ok,,/home/zxz/miniGU_experiment_master/experiment/patterns/truecard/dblp/query_dense_16_103.graph,
query_dense_16_104,693934427986499,,ok,,/home/zxz/miniGU_experiment_master/experiment/patterns/truecard/dblp/query_dense_16_104.graph,
query_dense_16_105,1186573897064,,ok,,/home/zxz/miniGU_experiment_master/experiment/patterns/truecard/dblp/query_dense_16_105.graph,
query_dense_16_106,27875674406148,,ok,,/home/zxz/miniGU_experiment_master/experiment/patterns/truecard/dblp/query_dense_16_106.graph,
query_dense_16_107,24122156100597,,ok,,/home/zxz/miniGU_experiment_master/experiment/patterns/truecard/dblp/query_dense_16_107.graph,
query_dense_16_108,256595309663140,,ok,,/home/zxz/miniGU_experiment_master/experiment/patterns/truecard/dblp/query_dense_16_108.graph,
query_dense_16_109,189556074789443,,ok,,/home/zxz/miniGU_experiment_master/experiment/patterns/truecard/dblp/query_dense_16_109.graph,
query_dense_16_110,26505746667192,,ok,,/home/zxz/miniGU_experiment_master/experiment/patterns/truecard/dblp/query_dense_16_110.graph,
query_dense_16_111,31780203473442,,ok,,/home/zxz/miniGU_experiment_master/experiment/patterns/truecard/dblp/query_dense_16_111.graph,
query_dense_16_112,16108690031528,,ok,,/home/zxz/miniGU_experiment_master/experiment/patterns/truecard/dblp/query_dense_16_112.graph,
query_dense_16_113,84309376804538,,ok,,/home/zxz/miniGU_experiment_master/experiment/patterns/truecard/dblp/query_dense_16_113.graph,
query_dense_16_114,4841680208440,,ok,,/home/zxz/miniGU_experiment_master/experiment/patterns/truecard/dblp/query_dense_16_114.graph,
query_dense_16_115,187304257056812,,ok,,/home/zxz/miniGU_experiment_master/experiment/patterns/truecard/dblp/query_dense_16_115.graph,
query_dense_16_116,100290422704812,,ok,,/home/zxz/miniGU_experiment_master/experiment/patterns/truecard/dblp/query_dense_16_116.graph,
query_dense_16_117,4466338299413,,ok,,/home/zxz/miniGU_experiment_master/experiment/patterns/truecard/dblp/query_dense_16_117.graph,
query_dense_16_118,3969613122702,,ok,,/home/zxz/miniGU_experiment_master/experiment/patterns/truecard/dblp/query_dense_16_118.graph,
query_dense_16_12,12632026052719,,ok,,/home/zxz/miniGU_experiment_master/experiment/patterns/truecard/dblp/query_dense_16_12.graph,
query_dense_16_120,60996860368608,,ok,,/home/zxz/miniGU_experiment_master/experiment/patterns/truecard/dblp/query_dense_16_120.graph,
query_dense_16_121,38656873335541,,ok,,/home/zxz/miniGU_experiment_master/experiment/patterns/truecard/dblp/query_dense_16_121.graph,
query_dense_16_122,2094736061394,,ok,,/home/zxz/miniGU_experiment_master/experiment/patterns/truecard/dblp/query_dense_16_122.graph,
query_dense_16_123,1539313242883704,,ok,,/home/zxz/miniGU_experiment_master/experiment/patterns/truecard/dblp/query_dense_16_123.graph,
query_dense_16_124,12006359329834,,ok,,/home/zxz/miniGU_experiment_master/experiment/patterns/truecard/dblp/query_dense_16_124.graph,
query_dense_16_125,54778367951133,,ok,,/home/zxz/miniGU_experiment_master/experiment/patterns/truecard/dblp/query_dense_16_125.graph,
query_dense_16_126,14564580856304,,ok,,/home/zxz/miniGU_experiment_master/experiment/patterns/truecard/dblp/query_dense_16_126.graph,
query_dense_16_127,57991322762808,,ok,,/home/zxz/miniGU_experiment_master/experiment/patterns/truecard/dblp/query_dense_16_127.graph,
query_dense_16_128,38544536591308,,ok,,/home/zxz/miniGU_experiment_master/experiment/patterns/truecard/dblp/query_dense_16_128.graph,
query_dense_16_129,210027157150996,,ok,,/home/zxz/miniGU_experiment_master/experiment/patterns/truecard/dblp/query_dense_16_129.graph,
query_dense_16_13,30885197138746,,ok,,/home/zxz/miniGU_experiment_master/experiment/patterns/truecard/dblp/query_dense_16_13.graph,
query_dense_16_130,6075168283816,,ok,,/home/zxz/miniGU_experiment_master/experiment/patterns/truecard/dblp/query_dense_16_130.graph,
query_dense_16_131,22071850497320,,ok,,/home/zxz/miniGU_experiment_master/experiment/patterns/truecard/dblp/query_dense_16_131.graph,
query_dense_16_132,281472459104259,,ok,,/home/zxz/miniGU_experiment_master/experiment/patterns/truecard/dblp/query_dense_16_132.graph,
query_dense_16_133,12880010949576,,ok,,/home/zxz/miniGU_experiment_master/experiment/patterns/truecard/dblp/query_dense_16_133.graph,
query_dense_16_134,609488388617302,,ok,,/home/zxz/miniGU_experiment_master/experiment/patterns/truecard/dblp/query_dense_16_134.graph,
query_dense_16_135,8380783354856,,ok,,/home/zxz/miniGU_experiment_master/experiment/patterns/truecard/dblp/query_dense_16_135.graph,
query_dense_16_136,50218826725265,,ok,,/home/zxz/miniGU_experiment_master/experiment/patterns/truecard/dblp/query_dense_16_136.graph,
query_dense_16_137,38446544907832,,ok,,/home/zxz/miniGU_experiment_master/experiment/patterns/truecard/dblp/query_dense_16_137.graph,
query_dense_16_139,32332965099312,,ok,,/home/zxz/miniGU_experiment_master/experiment/patterns/truecard/dblp/query_dense_16_139.graph,
query_dense_16_14,106887884918816,,ok,,/home/zxz/miniGU_experiment_master/experiment/patterns/truecard/dblp/query_dense_16_14.graph,
query_dense_16_140,62937618186030,,ok,,/home/zxz/miniGU_experiment_master/experiment/patterns/truecard/dblp/query_dense_16_140.graph,
query_dense_16_143,119107214997284,,ok,,/home/zxz/miniGU_experiment_master/experiment/patterns/truecard/dblp/query_dense_16_143.graph,
query_dense_16_144,15697607195408,,ok,,/home/zxz/miniGU_experiment_master/experiment/patterns/truecard/dblp/query_dense_16_144.graph,
query_dense_16_145,120388869319232,,ok,,/home/zxz/miniGU_experiment_master/experiment/patterns/truecard/dblp/query_dense_16_145.graph,
query_dense_16_146,212631933163950,,ok,,/home/zxz/miniGU_experiment_master/experiment/patterns/truecard/dblp/query_dense_16_146.graph,
query_dense_16_147,710833327968,,ok,,/home/zxz/miniGU_experiment_master/experiment/patterns/truecard/dblp/query_dense_16_147.graph,
query_dense_16_148,23331616492678,,ok,,/home/zxz/miniGU_experiment_master/experiment/patterns/truecard/dblp/query_dense_16_148.graph,
query_dense_16_15,67041143473110,,ok,,/home/zxz/miniGU_experiment_master/experiment/patterns/truecard/dblp/query_dense_16_15.graph,
query_dense_16_150,346035315696712,,ok,,/home/zxz/miniGU_experiment_master/experiment/patterns/truecard/dblp/query_dense_16_150.graph,
query_dense_16_151,453967475090130,,ok,,/home/zxz/miniGU_experiment_master/experiment/patterns/truecard/dblp/query_dense_16_151.graph,
query_dense_16_152,126488700433638,,ok,,/home/zxz/miniGU_experiment_master/experiment/patterns/truecard/dblp/query_dense_16_152.graph,
query_dense_16_154,12003898027102,,ok,,/home/zxz/miniGU_experiment_master/experiment/patterns/truecard/dblp/query_dense_16_154.graph,
query_dense_16_155,63234274134992,,ok,,/home/zxz/miniGU_experiment_master/experiment/patterns/truecard/dblp/query_dense_16_155.graph,
query_dense_16_156,83198884608116,,ok,,/home/zxz/miniGU_experiment_master/experiment/patterns/truecard/dblp/query_dense_16_156.graph,
query_dense_16_158,11317004483664,,ok,,/home/zxz/miniGU_experiment_master/experiment/patterns/truecard/dblp/query_dense_16_158.graph,
query_dense_16_16,43128441811704,,ok,,/home/zxz/miniGU_experiment_master/experiment/patterns/truecard/dblp/query_dense_16_16.graph,
query_dense_16_160,33990469105706,,ok,,/home/zxz/miniGU_experiment_master/experiment/patterns/truecard/dblp/query_dense_16_160.graph,
query_dense_16_161,49980387609864,,ok,,/home/zxz/miniGU_experiment_master/experiment/patterns/truecard/dblp/query_dense_16_161.graph,
query_dense_16_162,4246793429290,,ok,,/home/zxz/miniGU_experiment_master/experiment/patterns/truecard/dblp/query_dense_16_162.graph,
query_dense_16_163,171166080884576,,ok,,/home/zxz/miniGU_experiment_master/experiment/patterns/truecard/dblp/query_dense_16_163.graph,
query_dense_16_164,2984416651557,,ok,,/home/zxz/miniGU_experiment_master/experiment/patterns/truecard/dblp/query_dense_16_164.graph,
query_dense_16_165,49848029248328,,ok,,/home/zxz/miniGU_experiment_master/experiment/patterns/truecard/dblp/query_dense_16_165.graph,
query_dense_16_166,50459199663470,,ok,,/home/zxz/miniGU_experiment_master/experiment/patterns/truecard/dblp/query_dense_16_166.graph,
query_dense_16_168,297346525292980,,ok,,/home/zxz/miniGU_experiment_master/experiment/patterns/truecard/dblp/query_dense_16_168.graph,
query_dense_16_169,190520900723608,,ok,,/home/zxz/miniGU_experiment_master/experiment/patterns/truecard/dblp/query_dense_16_169.graph,
query_dense_16_17,18298431343206,,ok,,/home/zxz/miniGU_experiment_master/experiment/patterns/truecard/dblp/query_dense_16_17.graph,
query_dense_16_172,26466561298752,,ok,,/home/zxz/miniGU_experiment_master/experiment/patterns/truecard/dblp/query_dense_16_172.graph,
query_dense_16_173,5313970521790,,ok,,/home/zxz/miniGU_experiment_master/experiment/patterns/truecard/dblp/query_dense_16_173.graph,
query_dense_16_175,2036175823536,,ok,,/home/zxz/miniGU_experiment_master/experiment/patterns/truecard/dblp/query_dense_16_175.graph,
query_dense_16_176,112137991544950,,ok,,/home/zxz/miniGU_experiment_master/experiment/patterns/truecard/dblp/query_dense_16_176.graph,
query_dense_16_177,26542154573502,,ok,,/home/zxz/miniGU_experiment_master/experiment/patterns/truecard/dblp/query_dense_16_177.graph,
query_dense_16_178,38162033696160,,ok,,/home/zxz/miniGU_experiment_master/experiment/patterns/truecard/dblp/query_dense_16_178.graph,
query_dense_16_179,101408361694523,,ok,,/home/zxz/miniGU_experiment_master/experiment/patterns/truecard/dblp/query_dense_16_179.graph,
query_dense_16_18,10366528530215,,ok,,/home/zxz/miniGU_experiment_master/experiment/patterns/truecard/dblp/query_dense_16_18.graph,
query_dense_16_181,29668980121490,,ok,,/home/zxz/miniGU_experiment_master/experiment/patterns/truecard/dblp/query_dense_16_181.graph,
query_dense_16_184,16966252302440,,ok,,/home/zxz/miniGU_experiment_master/experiment/patterns/truecard/dblp/query_dense_16_184.graph,
query_dense_16_185,36164811507410,,ok,,/home/zxz/miniGU_experiment_master/experiment/patterns/truecard/dblp/query_dense_16_185.graph,
query_dense_16_186,105861081844802,,ok,,/home/zxz/miniGU_experiment_master/experiment/patterns/truecard/dblp/query_dense_16_186.graph,
query_dense_16_187,81157949513759,,ok,,/home/zxz/miniGU_experiment_master/experiment/patterns/truecard/dblp/query_dense_16_187.graph,
query_dense_16_188,9848168109474,,ok,,/home/zxz/miniGU_experiment_master/experiment/patterns/truecard/dblp/query_dense_16_188.graph,
query_dense_16_189,104145054047168,,ok,,/home/zxz/miniGU_experiment_master/experiment/patterns/truecard/dblp/query_dense_16_189.graph,
query_dense_16_19,119838236622703,,ok,,/home/zxz/miniGU_experiment_master/experiment/patterns/truecard/dblp/query_dense_16_19.graph,
query_dense_16_192,58248829554614,,ok,,/home/zxz/miniGU_experiment_master/experiment/patterns/truecard/dblp/query_dense_16_192.graph,
query_dense_16_193,192274043762535,,ok,,/home/zxz/miniGU_experiment_master/experiment/patterns/truecard/dblp/query_dense_16_193.graph,
query_dense_16_194,32478933940674,,ok,,/home/zxz/miniGU_experiment_master/experiment/patterns/truecard/dblp/query_dense_16_194.graph,
query_dense_16_195,741646837811018,,ok,,/home/zxz/miniGU_experiment_master/experiment/patterns/truecard/dblp/query_dense_16_195.graph,
query_dense_16_196,15708728475632,,ok,,/home/zxz/miniGU_experiment_master/experiment/patterns/truecard/dblp/query_dense_16_196.graph,
query_dense_16_197,79264895748730,,ok,,/home/zxz/miniGU_experiment_master/experiment/patterns/truecard/dblp/query_dense_16_197.graph,
query_dense_16_199,33253510358794,,ok,,/home/zxz/miniGU_experiment_master/experiment/patterns/truecard/dblp/query_dense_16_199.graph,
query_dense_16_2,64226428850690,,ok,,/home/zxz/miniGU_experiment_master/experiment/patterns/truecard/dblp/query_dense_16_2.graph,
query_dense_16_20,41300848016924,,ok,,/home/zxz/miniGU_experiment_master/experiment/patterns/truecard/dblp/query_dense_16_20.graph,
query_dense_16_200,96926197689340,,ok,,/home/zxz/miniGU_experiment_master/experiment/patterns/truecard/dblp/query_dense_16_200.graph,
query_dense_16_21,59388954898864,,ok,,/home/zxz/miniGU_experiment_master/experiment/patterns/truecard/dblp/query_dense_16_21.graph,
query_dense_16_22,92796881595394,,ok,,/home/zxz/miniGU_experiment_master/experiment/patterns/truecard/dblp/query_dense_16_22.graph,
query_dense_16_25,176584357829554,,ok,,/home/zxz/miniGU_experiment_master/experiment/patterns/truecard/dblp/query_dense_16_25.graph,
query_dense_16_26,26201984461138,,ok,,/home/zxz/miniGU_experiment_master/experiment/patterns/truecard/dblp/query_dense_16_26.graph,
query_dense_16_27,55904167890452,,ok,,/home/zxz/miniGU_experiment_master/experiment/patterns/truecard/dblp/query_dense_16_27.graph,
query_dense_16_28,3530554091150,,ok,,/home/zxz/miniGU_experiment_master/experiment/patterns/truecard/dblp/query_dense_16_28.graph,
query_dense_16_29,38656057595662,,ok,,/home/zxz/miniGU_experiment_master/experiment/patterns/truecard/dblp/query_dense_16_29.graph,
query_dense_16_30,187329981583264,,ok,,/home/zxz/miniGU_experiment_master/experiment/patterns/truecard/dblp/query_dense_16_30.graph,
query_dense_16_31,5791970568724,,ok,,/home/zxz/miniGU_experiment_master/experiment/patterns/truecard/dblp/query_dense_16_31.graph,
query_dense_16_32,60592772803346,,ok,,/home/zxz/miniGU_experiment_master/experiment/patterns/truecard/dblp/query_dense_16_32.graph,
query_dense_16_33,101565709456208,,ok,,/home/zxz/miniGU_experiment_master/experiment/patterns/truecard/dblp/query_dense_16_33.graph,
query_dense_16_34,11834070717351,,ok,,/home/zxz/miniGU_experiment_master/experiment/patterns/truecard/dblp/query_dense_16_34.graph,
query_dense_16_35,23615121024278,,ok,,/home/zxz/miniGU_experiment_master/experiment/patterns/truecard/dblp/query_dense_16_35.graph,
query_dense_16_36,223014583225064,,ok,,/home/zxz/miniGU_experiment_master/experiment/patterns/truecard/dblp/query_dense_16_36.graph,
query_dense_16_37,776099622560,,ok,,/home/zxz/miniGU_experiment_master/experiment/patterns/truecard/dblp/query_dense_16_37.graph,
query_dense_16_38,210291730737131,,ok,,/home/zxz/miniGU_experiment_master/experiment/patterns/truecard/dblp/query_dense_16_38.graph,
query_dense_16_39,54408223870816,,ok,,/home/zxz/miniGU_experiment_master/experiment/patterns/truecard/dblp/query_dense_16_39.graph,
query_dense_16_4,263854062848000,,ok,,/home/zxz/miniGU_experiment_master/experiment/patterns/truecard/dblp/query_dense_16_4.graph,
query_dense_16_40,34229896255738,,ok,,/home/zxz/miniGU_experiment_master/experiment/patterns/truecard/dblp/query_dense_16_40.graph,
query_dense_16_41,254950726473002,,ok,,/home/zxz/miniGU_experiment_master/experiment/patterns/truecard/dblp/query_dense_16_41.graph,
query_dense_16_42,68879713499698,,ok,,/home/zxz/miniGU_experiment_master/experiment/patterns/truecard/dblp/query_dense_16_42.graph,
query_dense_16_43,112385944542592,,ok,,/home/zxz/miniGU_experiment_master/experiment/patterns/truecard/dblp/query_dense_16_43.graph,
query_dense_16_44,137156122171807,,ok,,/home/zxz/miniGU_experiment_master/experiment/patterns/truecard/dblp/query_dense_16_44.graph,
query_dense_16_46,297624919540464,,ok,,/home/zxz/miniGU_experiment_master/experiment/patterns/truecard/dblp/query_dense_16_46.graph,
query_dense_16_49,41934783733270,,ok,,/home/zxz/miniGU_experiment_master/experiment/patterns/truecard/dblp/query_dense_16_49.graph,
query_dense_16_5,34960621841520,,ok,,/home/zxz/miniGU_experiment_master/experiment/patterns/truecard/dblp/query_dense_16_5.graph,
query_dense_16_50,193470958216893,,ok,,/home/zxz/miniGU_experiment_master/experiment/patterns/truecard/dblp/query_dense_16_50.graph,
query_dense_16_51,231741143401654,,ok,,/home/zxz/miniGU_experiment_master/experiment/patterns/truecard/dblp/query_dense_16_51.graph,
query_dense_16_52,482400385274639,,ok,,/home/zxz/miniGU_experiment_master/experiment/patterns/truecard/dblp/query_dense_16_52.graph,
query_dense_16_53,143211368575444,,ok,,/home/zxz/miniGU_experiment_master/experiment/patterns/truecard/dblp/query_dense_16_53.graph,
query_dense_16_54,98057475679002,,ok,,/home/zxz/miniGU_experiment_master/experiment/patterns/truecard/dblp/query_dense_16_54.graph,
query_dense_16_55,72181451902956,,ok,,/home/zxz/miniGU_experiment_master/experiment/patterns/truecard/dblp/query_dense_16_55.graph,
query_dense_16_57,99803031789010,,ok,,/home/zxz/miniGU_experiment_master/experiment/patterns/truecard/dblp/query_dense_16_57.graph,
query_dense_16_58,25361075287766,,ok,,/home/zxz/miniGU_experiment_master/experiment/patterns/truecard/dblp/query_dense_16_58.graph,
query_dense_16_59,14524409240394,,ok,,/home/zxz/miniGU_experiment_master/experiment/patterns/truecard/dblp/query_dense_16_59.graph,
query_dense_16_6,301665596072742,,ok,,/home/zxz/miniGU_experiment_master/experiment/patterns/truecard/dblp/query_dense_16_6.graph,
query_dense_16_60,64407776136074,,ok,,/home/zxz/miniGU_experiment_master/experiment/patterns/truecard/dblp/query_dense_16_60.graph,
query_dense_16_63,483649387242375,,ok,,/home/zxz/miniGU_experiment_master/experiment/patterns/truecard/dblp/query_dense_16_63.graph,
query_dense_16_64,144634317377682,,ok,,/home/zxz/miniGU_experiment_master/experiment/patterns/truecard/dblp/query_dense_16_64.graph,
query_dense_16_65,62858706758150,,ok,,/home/zxz/miniGU_experiment_master/experiment/patterns/truecard/dblp/query_dense_16_65.graph,
query_dense_16_66,26971610497154,,ok,,/home/zxz/miniGU_experiment_master/experiment/patterns/truecard/dblp/query_dense_16_66.graph,
query_dense_16_67,6268802212018,,ok,,/home/zxz/miniGU_experiment_master/experiment/patterns/truecard/dblp/query_dense_16_67.graph,
query_dense_16_68,745370482976,,ok,,/home/zxz/miniGU_experiment_master/experiment/patterns/truecard/dblp/query_dense_16_68.graph,
query_dense_16_69,606873479178118,,ok,,/home/zxz/miniGU_experiment_master/experiment/patterns/truecard/dblp/query_dense_16_69.graph,
query_dense_16_70,112129219016243,,ok,,/home/zxz/miniGU_experiment_master/experiment/patterns/truecard/dblp/query_dense_16_70.graph,
query_dense_16_71,32315151300152,,ok,,/home/zxz/miniGU_experiment_master/experiment/patterns/truecard/dblp/query_dense_16_71.graph,
query_dense_16_73,70120651190786,,ok,,/home/zxz/miniGU_experiment_master/experiment/patterns/truecard/dblp/query_dense_16_73.graph,
query_dense_16_74,86620587213452,,ok,,/home/zxz/miniGU_experiment_master/experiment/patterns/truecard/dblp/query_dense_16_74.graph,
query_dense_16_75,33387054853936,,ok,,/home/zxz/miniGU_experiment_master/experiment/patterns/truecard/dblp/query_dense_16_75.graph,
query_dense_16_76,20593426637570,,ok,,/home/zxz/miniGU_experiment_master/experiment/patterns/truecard/dblp/query_dense_16_76.graph,
query_dense_16_77,7297024814154,,ok,,/home/zxz/miniGU_experiment_master/experiment/patterns/truecard/dblp/query_dense_16_77.graph,
query_dense_16_78,107312345783828,,ok,,/home/zxz/miniGU_experiment_master/experiment/patterns/truecard/dblp/query_dense_16_78.graph,
query_dense_16_8,7538985496016,,ok,,/home/zxz/miniGU_experiment_master/experiment/patterns/truecard/dblp/query_dense_16_8.graph,
query_dense_16_80,173801177646442,,ok,,/home/zxz/miniGU_experiment_master/experiment/patterns/truecard/dblp/query_dense_16_80.graph,
query_dense_16_81,41716760302408,,ok,,/home/zxz/miniGU_experiment_master/experiment/patterns/truecard/dblp/query_dense_16_81.graph,
query_dense_16_82,57575688596696,,ok,,/home/zxz/miniGU_experiment_master/experiment/patterns/truecard/dblp/query_dense_16_82.graph,
query_dense_16_83,431446695369588,,ok,,/home/zxz/miniGU_experiment_master/experiment/patterns/truecard/dblp/query_dense_16_83.graph,
query_dense_16_84,18220143012576,,ok,,/home/zxz/miniGU_experiment_master/experiment/patterns/truecard/dblp/query_dense_16_84.graph,
query_dense_16_86,47238548991917,,ok,,/home/zxz/miniGU_experiment_master/experiment/patterns/truecard/dblp/query_dense_16_86.graph,
query_dense_16_87,23050192713606,,ok,,/home/zxz/miniGU_experiment_master/experiment/patterns/truecard/dblp/query_dense_16_87.graph,
query_dense_16_88,6878077723424,,ok,,/home/zxz/miniGU_experiment_master/experiment/patterns/truecard/dblp/query_dense_16_88.graph,
query_dense_16_89,178237477776158,,ok,,/home/zxz/miniGU_experiment_master/experiment/patterns/truecard/dblp/query_dense_16_89.graph,
query_dense_16_9,122218140532611,,ok,,/home/zxz/miniGU_experiment_master/experiment/patterns/truecard/dblp/query_dense_16_9.graph,
query_dense_16_90,2386998759457,,ok,,/home/zxz/miniGU_experiment_master/experiment/patterns/truecard/dblp/query_dense_16_90.graph,
query_dense_16_91,15496771912612,,ok,,/home/zxz/miniGU_experiment_master/experiment/patterns/truecard/dblp/query_dense_16_91.graph,
query_dense_16_92,45532292683292,,ok,,/home/zxz/miniGU_experiment_master/experiment/patterns/truecard/dblp/query_dense_16_92.graph,
query_dense_16_93,145987258057960,,ok,,/home/zxz/miniGU_experiment_master/experiment/patterns/truecard/dblp/query_dense_16_93.graph,
query_dense_16_94,127951619613768,,ok,,/home/zxz/miniGU_experiment_master/experiment/patterns/truecard/dblp/query_dense_16_94.graph,
query_dense_16_95,5398348634532,,ok,,/home/zxz/miniGU_experiment_master/experiment/patterns/truecard/dblp/query_dense_16_95.graph,
query_dense_16_96,95149817174300,,ok,,/home/zxz/miniGU_experiment_master/experiment/patterns/truecard/dblp/query_dense_16_96.graph,
query_dense_16_97,308771129345854,,ok,,/home/zxz/miniGU_experiment_master/experiment/patterns/truecard/dblp/query_dense_16_97.graph,
query_dense_16_98,6355137605877,,ok,,/home/zxz/miniGU_experiment_master/experiment/patterns/truecard/dblp/query_dense_16_98.graph,
query_dense_16_99,16312171463252,,ok,,/home/zxz/miniGU_experiment_master/experiment/patterns/truecard/dblp/query_dense_16_99.graph,
query_dense_24_1,6793447689358392708,,ok,,/home/zxz/miniGU_experiment_master/experiment/patterns/truecard/dblp/query_dense_24_1.graph,
query_dense_24_10,4383290206900572502,,ok,,/home/zxz/miniGU_experiment_master/experiment/patterns/truecard/dblp/query_dense_24_10.graph,
query_dense_24_101,4847641156339934200,,ok,,/home/zxz/miniGU_experiment_master/experiment/patterns/truecard/dblp/query_dense_24_101.graph,
query_dense_24_104,7412966705227888448,,ok,,/home/zxz/miniGU_experiment_master/experiment/patterns/truecard/dblp/query_dense_24_104.graph,
query_dense_24_106,754360376155568838,,ok,,/home/zxz/miniGU_experiment_master/experiment/patterns/truecard/dblp/query_dense_24_106.graph,
query_dense_24_108,7456865627943393336,,ok,,/home/zxz/miniGU_experiment_master/experiment/patterns/truecard/dblp/query_dense_24_108.graph,
query_dense_24_11,1875546017569078124,,ok,,/home/zxz/miniGU_experiment_master/experiment/patterns/truecard/dblp/query_dense_24_11.graph,
query_dense_24_110,6982980635623901896,,ok,,/home/zxz/miniGU_experiment_master/experiment/patterns/truecard/dblp/query_dense_24_110.graph,
query_dense_24_113,2651358910776071374,,ok,,/home/zxz/miniGU_experiment_master/experiment/patterns/truecard/dblp/query_dense_24_113.graph,
query_dense_24_115,8014940321244646765,,ok,,/home/zxz/miniGU_experiment_master/experiment/patterns/truecard/dblp/query_dense_24_115.graph,
query_dense_24_117,4523210848806773720,,ok,,/home/zxz/miniGU_experiment_master/experiment/patterns/truecard/dblp/query_dense_24_117.graph,
query_dense_24_118,2558583010970997515,,ok,,/home/zxz/miniGU_experiment_master/experiment/patterns/truecard/dblp/query_dense_24_118.graph,
query_dense_24_12,2898296170851854635,,ok,,/home/zxz/miniGU_experiment_master/experiment/patterns/truecard/dblp/query_dense_24_12.graph,
query_dense_24_120,4362046795742954710,,ok,,/home/zxz/miniGU_experiment_master/experiment/patterns/truecard/dblp/query_dense_24_120.graph,
query_dense_24_125,5078100242034468820,,ok,,/home/zxz/miniGU_experiment_master/experiment/patterns/truecard/dblp/query_dense_24_125.graph,
query_dense_24_126,8377533839474207524,,ok,,/home/zxz/miniGU_experiment_master/experiment/patterns/truecard/dblp/query_dense_24_126.graph,
query_dense_24_127,2076470189259512586,,ok,,/home/zxz/miniGU_experiment_master/experiment/patterns/truecard/dblp/query_dense_24_127.graph,
query_dense_24_129,4903668633990114038,,ok,,/home/zxz/miniGU_experiment_master/experiment/patterns/truecard/dblp/query_dense_24_129.graph,
query_dense_24_131,5474632852248935224,,ok,,/home/zxz/miniGU_experiment_master/experiment/patterns/truecard/dblp/query_dense_24_131.graph,
query_dense_24_132,7058419333815413752,,ok,,/home/zxz/miniGU_experiment_master/experiment/patterns/truecard/dblp/query_dense_24_132.graph,
query_dense_24_133,3990570304110866152,,ok,,/home/zxz/miniGU_experiment_master/experiment/patterns/truecard/dblp/query_dense_24_133.graph,
query_dense_24_135,6558030188352552832,,ok,,/home/zxz/miniGU_experiment_master/experiment/patterns/truecard/dblp/query_dense_24_135.graph,
query_dense_24_137,4750037036680754614,,ok,,/home/zxz/miniGU_experiment_master/experiment/patterns/truecard/dblp/query_dense_24_137.graph,
query_dense_24_139,5868162161333476926,,ok,,/home/zxz/miniGU_experiment_master/experiment/patterns/truecard/dblp/query_dense_24_139.graph,
query_dense_24_14,1253384783155702624,,ok,,/home/zxz/miniGU_experiment_master/experiment/patterns/truecard/dblp/query_dense_24_14.graph,
query_dense_24_142,3576543896929875474,,ok,,/home/zxz/miniGU_experiment_master/experiment/patterns/truecard/dblp/query_dense_24_142.graph,
query_dense_24_147,7357285952909238992,,ok,,/home/zxz/miniGU_experiment_master/experiment/patterns/truecard/dblp/query_dense_24_147.graph,
query_dense_24_148,2420722198191122688,,ok,,/home/zxz/miniGU_experiment_master/experiment/patterns/truecard/dblp/query_dense_24_148.graph,
query_dense_24_152,1791553685599855482,,ok,,/home/zxz/miniGU_experiment_master/experiment/patterns/truecard/dblp/query_dense_24_152.graph,
query_dense_24_162,3181071945542398857,,ok,,/home/zxz/miniGU_experiment_master/experiment/patterns/truecard/dblp/query_dense_24_162.graph,
query_dense_24_163,3948637135311176964,,ok,,/home/zxz/miniGU_experiment_master/experiment/patterns/truecard/dblp/query_dense_24_163.graph,
query_dense_24_165,4826715890499130168,,ok,,/home/zxz/miniGU_experiment_master/experiment/patterns/truecard/dblp/query_dense_24_165.graph,
query_dense_24_166,4588139063080897776,,ok,,/home/zxz/miniGU_experiment_master/experiment/patterns/truecard/dblp/query_dense_24_166.graph,
query_dense_24_173,947449728693189232,,ok,,/home/zxz/miniGU_experiment_master/experiment/patterns/truecard/dblp/query_dense_24_173.graph,
query_dense_24_175,6369869999263780812,,ok,,/home/zxz/miniGU_experiment_master/experiment/patterns/truecard/dblp/query_dense_24_175.graph,
query_dense_24_178,878388014757605238,,ok,,/home/zxz/miniGU_experiment_master/experiment/patterns/truecard/dblp/query_dense_24_178.graph,
query_dense_24_194,3923747424963180356,,ok,,/home/zxz/miniGU_experiment_master/experiment/patterns/truecard/dblp/query_dense_24_194.graph,
query_dense_24_196,8487737966189336936,,ok,,/home/zxz/miniGU_experiment_master/experiment/patterns/truecard/dblp/query_dense_24_196.graph,
query_dense_24_197,6903698027925496852,,ok,,/home/zxz/miniGU_experiment_master/experiment/patterns/truecard/dblp/query_dense_24_197.graph,
query_dense_24_198,4787868103522965449,,ok,,/home/zxz/miniGU_experiment_master/experiment/patterns/truecard/dblp/query_dense_24_198.graph,
query_dense_24_20,6815804159787203424,,ok,,/home/zxz/miniGU_experiment_master/experiment/patterns/truecard/dblp/query_dense_24_20.graph,
query_dense_24_21,4058885753686921890,,ok,,/home/zxz/miniGU_experiment_master/experiment/patterns/truecard/dblp/query_dense_24_21.graph,
query_dense_24_22,5266041310416478720,,ok,,/home/zxz/miniGU_experiment_master/experiment/patterns/truecard/dblp/query_dense_24_22.graph,
query_dense_24_24,2322537605650907030,,ok,,/home/zxz/miniGU_experiment_master/experiment/patterns/truecard/dblp/query_dense_24_24.graph,
query_dense_24_27,7312009866594248028,,ok,,/home/zxz/miniGU_experiment_master/experiment/patterns/truecard/dblp/query_dense_24_27.graph,
query_dense_24_30,8345536868560749192,,ok,,/home/zxz/miniGU_experiment_master/experiment/patterns/truecard/dblp/query_dense_24_30.graph,
query_dense_24_32,7110489785168023086,,ok,,/home/zxz/miniGU_experiment_master/experiment/patterns/truecard/dblp/query_dense_24_32.graph,
query_dense_24_34,3148675482643572760,,ok,,/home/zxz/miniGU_experiment_master/experiment/patterns/truecard/dblp/query_dense_24_34.graph,
query_dense_24_4,4876928534904187158,,ok,,/home/zxz/miniGU_experiment_master/experiment/patterns/truecard/dblp/query_dense_24_4.graph,
query_dense_24_41,3630927139819939512,,ok,,/home/zxz/miniGU_experiment_master/experiment/patterns/truecard/dblp/query_dense_24_41.graph,
query_dense_24_42,3032272093237145984,,ok,,/home/zxz/miniGU_experiment_master/experiment/patterns/truecard/dblp/query_dense_24_42.graph,
query_dense_24_48,1703421986942011356,,ok,,/home/zxz/miniGU_experiment_master/experiment/patterns/truecard/dblp/query_dense_24_48.graph,
query_dense_24_5,6766172954806119504,,ok,,/home/zxz/miniGU_experiment_master/experiment/patterns/truecard/dblp/query_dense_24_5.graph,
query_dense_24_54,8385600914523428528,,ok,,/home/zxz/miniGU_experiment_master/experiment/patterns/truecard/dblp/query_dense_24_54.graph,
query_dense_24_56,1844206224719502488,,ok,,/home/zxz/miniGU_experiment_master/experiment/patterns/truecard/dblp/query_dense_24_56.graph,
query_dense_24_57,7423039072713950212,,ok,,/home/zxz/miniGU_experiment_master/experiment/patterns/truecard/dblp/query_dense_24_57.graph,
query_dense_24_6,2280024884413056600,,ok,,/home/zxz/miniGU_experiment_master/experiment/patterns/truecard/dblp/query_dense_24_6.graph,
query_dense_24_60,2698192934821687022,,ok,,/home/zxz/miniGU_experiment_master/experiment/patterns/truecard/dblp/query_dense_24_60.graph,
query_dense_24_61,8162446551988413827,,ok,,/home/zxz/miniGU_experiment_master/experiment/patterns/truecard/dblp/query_dense_24_61.graph,
query_dense_24_64,533445860461811931,,ok,,/home/zxz/miniGU_experiment_master/experiment/patterns/truecard/dblp/query_dense_24_64.graph,
query_dense_24_69,6156594558100252088,,ok,,/home/zxz/miniGU_experiment_master/experiment/patterns/truecard/dblp/query_dense_24_69.graph,
query_dense_24_71,7099216101896520511,,ok,,/home/zxz/miniGU_experiment_master/experiment/patterns/truecard/dblp/query_dense_24_71.graph,
query_dense_24_72,3384362711406192979,,ok,,/home/zxz/miniGU_experiment_master/experiment/patterns/truecard/dblp/query_dense_24_72.graph,
query_dense_24_73,3144946318342138372,,ok,,/home/zxz/miniGU_experiment_master/experiment/patterns/truecard/dblp/query_dense_24_73.graph,
query_dense_24_75,1293681337987609184,,ok,,/home/zxz/miniGU_experiment_master/experiment/patterns/truecard/dblp/query_dense_24_75.graph,
query_dense_24_80,3060084702360480648,,ok,,/home/zxz/miniGU_experiment_master/experiment/patterns/truecard/dblp/query_dense_24_80.graph,
query_dense_24_82,8406919876987817236,,ok,,/home/zxz/miniGU_experiment_master/experiment/patterns/truecard/dblp/query_dense_24_82.graph,
query_dense_24_83,4512296293100448896,,ok,,/home/zxz/miniGU_experiment_master/experiment/patterns/truecard/dblp/query_dense_24_83.graph,
query_dense_24_86,7825430849064707328,,ok,,/home/zxz/miniGU_experiment_master/experiment/patterns/truecard/dblp/query_dense_24_86.graph,
query_dense_24_91,7643902430148891345,,ok,,/home/zxz/miniGU_experiment_master/experiment/patterns/truecard/dblp/query_dense_24_91.graph,
query_dense_24_93,7182627939908312688,,ok,,/home/zxz/miniGU_experiment_master/experiment/patterns/truecard/dblp/query_dense_24_93.graph,
query_dense_32_1,1831887923713374464,,ok,,/home/zxz/miniGU_experiment_master/experiment/patterns/truecard/dblp/query_dense_32_1.graph,
query_dense_32_103,3851757192286506050,,ok,,/home/zxz/miniGU_experiment_master/experiment/patterns/truecard/dblp/query_dense_32_103.graph,
query_dense_32_11,8264181372880337750,,ok,,/home/zxz/miniGU_experiment_master/experiment/patterns/truecard/dblp/query_dense_32_11.graph,
query_dense_32_111,5313141991087497480,,ok,,/home/zxz/miniGU_experiment_master/experiment/patterns/truecard/dblp/query_dense_32_111.graph,
query_dense_32_114,8375208786646510752,,ok,,/home/zxz/miniGU_experiment_master/experiment/patterns/truecard/dblp/query_dense_32_114.graph,
query_dense_32_117,8162208900342950376,,ok,,/home/zxz/miniGU_experiment_master/experiment/patterns/truecard/dblp/query_dense_32_117.graph,
query_dense_32_12,571640626824194,,ok,,/home/zxz/miniGU_experiment_master/experiment/patterns/truecard/dblp/query_dense_32_12.graph,
query_dense_32_123,8134056348975052960,,ok,,/home/zxz/miniGU_experiment_master/experiment/patterns/truecard/dblp/query_dense_32_123.graph,
query_dense_32_127,2450501122327795268,,ok,,/home/zxz/miniGU_experiment_master/experiment/patterns/truecard/dblp/query_dense_32_127.graph,
query_dense_32_136,185651208247062816,,ok,,/home/zxz/miniGU_experiment_master/experiment/patterns/truecard/dblp/query_dense_32_136.graph,
query_dense_32_139,7483195080348583504,,ok,,/home/zxz/miniGU_experiment_master/experiment/patterns/truecard/dblp/query_dense_32_139.graph,
query_dense_32_14,3976961562173307971,,ok,,/home/zxz/miniGU_experiment_master/experiment/patterns/truecard/dblp/query_dense_32_14.graph,
query_dense_32_143,7974065000054132008,,ok,,/home/zxz/miniGU_experiment_master/experiment/patterns/truecard/dblp/query_dense_32_143.graph,
query_dense_32_145,6081612778832730220,,ok,,/home/zxz/miniGU_experiment_master/experiment/patterns/truecard/dblp/query_dense_32_145.graph,
query_dense_32_146,10800053387325888,,ok,,/home/zxz/miniGU_experiment_master/experiment/patterns/truecard/dblp/query_dense_32_146.graph,
query_dense_32_147,50215039954327232,,ok,,/home/zxz/miniGU_experiment_master/experiment/patterns/truecard/dblp/query_dense_32_147.graph,
query_dense_32_148,8692307433906576144,,ok,,/home/zxz/miniGU_experiment_master/experiment/patterns/truecard/dblp/query_dense_32_148.graph,
query_dense_32_149,7304972453402272264,,ok,,/home/zxz/miniGU_experiment_master/experiment/patterns/truecard/dblp/query_dense_32_149.graph,
query_dense_32_151,2603869040597649472,,ok,,/home/zxz/miniGU_experiment_master/experiment/patterns/truecard/dblp/query_dense_32_151.graph,
query_dense_32_154,5865853305334737190,,ok,,/home/zxz/miniGU_experiment_master/experiment/patterns/truecard/dblp/query_dense_32_154.graph,
query_dense_32_163,253081679557011200,,ok,,/home/zxz/miniGU_experiment_master/experiment/patterns/truecard/dblp/query_dense_32_163.graph,
query_dense_32_164,5241089569568530328,,ok,,/home/zxz/miniGU_experiment_master/experiment/patterns/truecard/dblp/query_dense_32_164.graph,
query_dense_32_166,1510653125692283544,,ok,,/home/zxz/miniGU_experiment_master/experiment/patterns/truecard/dblp/query_dense_32_166.graph,
query_dense_32_167,2527983946856637728,,ok,,/home/zxz/miniGU_experiment_master/experiment/patterns/truecard/dblp/query_dense_32_167.graph,
query_dense_32_18,1311033155660399424,,ok,,/home/zxz/miniGU_experiment_master/experiment/patterns/truecard/dblp/query_dense_32_18.graph,
query_dense_32_183,3181140736145698360,,ok,,/home/zxz/miniGU_experiment_master/experiment/patterns/truecard/dblp/query_dense_32_183.graph,
query_dense_32_189,8584491342067165728,,ok,,/home/zxz/miniGU_experiment_master/experiment/patterns/truecard/dblp/query_dense_32_189.graph,
query_dense_32_197,3114283570510434640,,ok,,/home/zxz/miniGU_experiment_master/experiment/patterns/truecard/dblp/query_dense_32_197.graph,
query_dense_32_199,1805734184053159992,,ok,,/home/zxz/miniGU_experiment_master/experiment/patterns/truecard/dblp/query_dense_32_199.graph,
query_dense_32_2,6993238532963776320,,ok,,/home/zxz/miniGU_experiment_master/experiment/patterns/truecard/dblp/query_dense_32_2.graph,
query_dense_32_21,4988272590161032396,,ok,,/home/zxz/miniGU_experiment_master/experiment/patterns/truecard/dblp/query_dense_32_21.graph,
query_dense_32_22,7805534056887866036,,ok,,/home/zxz/miniGU_experiment_master/experiment/patterns/truecard/dblp/query_dense_32_22.graph,
query_dense_32_33,9057904828520818984,,ok,,/home/zxz/miniGU_experiment_master/experiment/patterns/truecard/dblp/query_dense_32_33.graph,
query_dense_32_34,1413173317852929142,,ok,,/home/zxz/miniGU_experiment_master/experiment/patterns/truecard/dblp/query_dense_32_34.graph,
query_dense_32_39,2207238102936539172,,ok,,/home/zxz/miniGU_experiment_master/experiment/patterns/truecard/dblp/query_dense_32_39.graph,
query_dense_32_42,1652917599628292814,,ok,,/home/zxz/miniGU_experiment_master/experiment/patterns/truecard/dblp/query_dense_32_42.graph,
query_dense_32_44,2868562439057897632,,ok,,/home/zxz/miniGU_experiment_master/experiment/patterns/truecard/dblp/query_dense_32_44.graph,
query_dense_32_45,8933757330959443456,,ok,,/home/zxz/miniGU_experiment_master/experiment/patterns/truecard/dblp/query_dense_32_45.graph,
query_dense_32_46,6102327683078219032,,ok,,/home/zxz/miniGU_experiment_master/experiment/patterns/truecard/dblp/query_dense_32_46.graph,
query_dense_32_49,8327821277414665648,,ok,,/home/zxz/miniGU_experiment_master/experiment/patterns/truecard/dblp/query_dense_32_49.graph,
query_dense_32_54,2672579650903363184,,ok,,/home/zxz/miniGU_experiment_master/experiment/patterns/truecard/dblp/query_dense_32_54.graph,
query_dense_32_6,6988832086445920448,,ok,,/home/zxz/miniGU_experiment_master/experiment/patterns/truecard/dblp/query_dense_32_6.graph,
query_dense_32_62,3365598840822696964,,ok,,/home/zxz/miniGU_experiment_master/experiment/patterns/truecard/dblp/query_dense_32_62.graph,
query_dense_32_68,3030029327148067360,,ok,,/home/zxz/miniGU_experiment_master/experiment/patterns/truecard/dblp/query_dense_32_68.graph,
query_dense_32_70,14542584320563640,,ok,,/home/zxz/miniGU_experiment_master/experiment/patterns/truecard/dblp/query_dense_32_70.graph,
query_dense_32_72,5919170334711263600,,ok,,/home/zxz/miniGU_experiment_master/experiment/patterns/truecard/dblp/query_dense_32_72.graph,
query_dense_32_81,7448758819886027196,,ok,,/home/zxz/miniGU_experiment_master/experiment/patterns/truecard/dblp/query_dense_32_81.graph,
query_dense_32_85,3976915758547424944,,ok,,/home/zxz/miniGU_experiment_master/experiment/patterns/truecard/dblp/query_dense_32_85.graph,
query_dense_32_89,1367671380450260952,,ok,,/home/zxz/miniGU_experiment_master/experiment/patterns/truecard/dblp/query_dense_32_89.graph,
query_dense_32_95,6527772976950211130,,ok,,/home/zxz/miniGU_experiment_master/experiment/patterns/truecard/dblp/query_dense_32_95.graph,
query_dense_32_97,4995232679351398536,,ok,,/home/zxz/miniGU_experiment_master/experiment/patterns/truecard/dblp/query_dense_32_97.graph,
query_dense_32_99,2231556492617614696,,ok,,/home/zxz/miniGU_experiment_master/experiment/patterns/truecard/dblp/query_dense_32_99.graph,
query_dense_4_1,53077,,ok,,/home/zxz/miniGU_experiment_master/experiment/patterns/truecard/dblp/query_dense_4_1.graph,
query_dense_4_10,9001,,ok,,/home/zxz/miniGU_experiment_master/experiment/patterns/truecard/dblp/query_dense_4_10.graph,
query_dense_4_100,30912,,ok,,/home/zxz/miniGU_experiment_master/experiment/patterns/truecard/dblp/query_dense_4_100.graph,
query_dense_4_101,30326,,ok,,/home/zxz/miniGU_experiment_master/experiment/patterns/truecard/dblp/query_dense_4_101.graph,
query_dense_4_102,7260,,ok,,/home/zxz/miniGU_experiment_master/experiment/patterns/truecard/dblp/query_dense_4_102.graph,
query_dense_4_103,7771,,ok,,/home/zxz/miniGU_experiment_master/experiment/patterns/truecard/dblp/query_dense_4_103.graph,
query_dense_4_104,6660,,ok,,/home/zxz/miniGU_experiment_master/experiment/patterns/truecard/dblp/query_dense_4_104.graph,
query_dense_4_105,14820,,ok,,/home/zxz/miniGU_experiment_master/experiment/patterns/truecard/dblp/query_dense_4_105.graph,
query_dense_4_106,5295,,ok,,/home/zxz/miniGU_experiment_master/experiment/patterns/truecard/dblp/query_dense_4_106.graph,
query_dense_4_107,3850,,ok,,/home/zxz/miniGU_experiment_master/experiment/patterns/truecard/dblp/query_dense_4_107.graph,
query_dense_4_108,12110,,ok,,/home/zxz/miniGU_experiment_master/experiment/patterns/truecard/dblp/query_dense_4_108.graph,
query_dense_4_109,11344,,ok,,/home/zxz/miniGU_experiment_master/experiment/patterns/truecard/dblp/query_dense_4_109.graph,
query_dense_4_11,11301,,ok,,/home/zxz/miniGU_experiment_master/experiment/patterns/truecard/dblp/query_dense_4_11.graph,
query_dense_4_110,12319,,ok,,/home/zxz/miniGU_experiment_master/experiment/patterns/truecard/dblp/query_dense_4_110.graph,
query_dense_4_111,14479,,ok,,/home/zxz/miniGU_experiment_master/experiment/patterns/truecard/dblp/query_dense_4_111.graph,
query_dense_4_112,8154,,ok,,/home/zxz/miniGU_experiment_master/experiment/patterns/truecard/dblp/query_dense_4_112.graph,
query_dense_4_113,18081,,ok,,/home/zxz/miniGU_experiment_master/experiment/patterns/truecard/dblp/query_dense_4_113.graph,
query_dense_4_114,6477,,ok,,/home/zxz/miniGU_experiment_master/experiment/patterns/truecard/dblp/query_dense_4_114.graph,
query_dense_4_115,11370,,ok,,/home/zxz/miniGU_experiment_master/experiment/patterns/truecard/dblp/query_dense_4_115.graph,
query_dense_4_116,12679,,ok,,/home/zxz/miniGU_experiment_master/experiment/patterns/truecard/dblp/query_dense_4_116.graph,
query_dense_4_117,3361,,ok,,/home/zxz/miniGU_experiment_master/experiment/patterns/truecard/dblp/query_dense_4_117.graph,
query_dense_4_118,8964,,ok,,/home/zxz/miniGU_experiment_master/experiment/patterns/truecard/dblp/query_dense_4_118.graph,
query_dense_4_119,26324,,ok,,/home/zxz/miniGU_experiment_master/experiment/patterns/truecard/dblp/query_dense_4_119.graph,
query_dense_4_12,10869,,ok,,/home/zxz/miniGU_experiment_master/experiment/patterns/truecard/dblp/query_dense_4_12.graph,
query_dense_4_120,9932,,ok,,/home/zxz/miniGU_experiment_master/experiment/patterns/truecard/dblp/query_dense_4_120.graph,
query_dense_4_121,11860,,ok,,/home/zxz/miniGU_experiment_master/experiment/patterns/truecard/dblp/query_dense_4_121.graph,
query_dense_4_122,22543,,ok,,/home/zxz/miniGU_experiment_master/experiment/patterns/truecard/dblp/query_dense_4_122.graph,
query_dense_4_123,11036,,ok,,/home/zxz/miniGU_experiment_master/experiment/patterns/truecard/dblp/query_dense_4_123.graph,
query_dense_4_124,8747,,ok,,/home/zxz/miniGU_experiment_master/experiment/patterns/truecard/dblp/query_dense_4_124.graph,
query_dense_4_125,8632,,ok,,/home/zxz/miniGU_experiment_master/experiment/patterns/truecard/dblp/query_dense_4_125.graph,
query_dense_4_126,26731,,ok,,/home/zxz/miniGU_experiment_master/experiment/patterns/truecard/dblp/query_dense_4_126.graph,
query_dense_4_127,6586,,ok,,/home/zxz/miniGU_experiment_master/experiment/patterns/truecard/dblp/query_dense_4_127.graph,
query_dense_4_128,36456,,ok,,/home/zxz/miniGU_experiment_master/experiment/patterns/truecard/dblp/query_dense_4_128.graph,
query_dense_4_129,9764,,ok,,/home/zxz/miniGU_experiment_master/experiment/patterns/truecard/dblp/query_dense_4_129.graph,
query_dense_4_13,13921,,ok,,/home/zxz/miniGU_experiment_master/experiment/patterns/truecard/dblp/query_dense_4_13.graph,
query_dense_4_130,37151,,ok,,/home/zxz/miniGU_experiment_master/experiment/patterns/truecard/dblp/query_dense_4_130.graph,
query_dense_4_131,12260,,ok,,/home/zxz/miniGU_experiment_master/experiment/patterns/truecard/dblp/query_dense_4_131.graph,
query_dense_4_132,25085,,ok,,/home/zxz/miniGU_experiment_master/experiment/patterns/truecard/dblp/query_dense_4_132.graph,
query_dense_4_133,11884,,ok,,/home/zxz/miniGU_experiment_master/experiment/patterns/truecard/dblp/query_dense_4_133.graph,
query_dense_4_134,10047,,ok,,/home/zxz/miniGU_experiment_master/experiment/patterns/truecard/dblp/query_dense_4_134.graph,
query_dense_4_135,9432,,ok,,/home/zxz/miniGU_experiment_master/experiment/patterns/truecard/dblp/query_dense_4_135.graph,
query_dense_4_136,7338,,ok,,/home/zxz/miniGU_experiment_master/experiment/patterns/truecard/dblp/query_dense_4_136.graph,
query_dense_4_137,5632,,ok,,/home/zxz/miniGU_experiment_master/experiment/patterns/truecard/dblp/query_dense_4_137.graph,
query_dense_4_138,12250,,ok,,/home/zxz/miniGU_experiment_master/experiment/patterns/truecard/dblp/query_dense_4_138.graph,
query_dense_4_139,7808,,ok,,/home/zxz/miniGU_experiment_master/experiment/patterns/truecard/dblp/query_dense_4_139.graph,
query_dense_4_14,5863,,ok,,/home/zxz/miniGU_experiment_master/experiment/patterns/truecard/dblp/query_dense_4_14.graph,
query_dense_4_140,8141,,ok,,/home/zxz/miniGU_experiment_master/experiment/patterns/truecard/dblp/query_dense_4_140.graph,
query_dense_4_141,10517,,ok,,/home/zxz/miniGU_experiment_master/experiment/patterns/truecard/dblp/query_dense_4_141.graph,
query_dense_4_142,6915,,ok,,/home/zxz/miniGU_experiment_master/experiment/patterns/truecard/dblp/query_dense_4_142.graph,
query_dense_4_143,11827,,ok,,/home/zxz/miniGU_experiment_master/experiment/patterns/truecard/dblp/query_dense_4_143.graph,
query_dense_4_144,7605,,ok,,/home/zxz/miniGU_experiment_master/experiment/patterns/truecard/dblp/query_dense_4_144.graph,
query_dense_4_145,12651,,ok,,/home/zxz/miniGU_experiment_master/experiment/patterns/truecard/dblp/query_dense_4_145.graph,
query_dense_4_146,26384,,ok,,/home/zxz/miniGU_experiment_master/experiment/patterns/truecard/dblp/query_dense_4_146.graph,
query_dense_4_147,7834,,ok,,/home/zxz/miniGU_experiment_master/experiment/patterns/truecard/dblp/query_dense_4_147.graph,
query_dense_4_148,32881,,ok,,/home/zxz/miniGU_experiment_master/experiment/patterns/truecard/dblp/query_dense_4_148.graph,
query_dense_4_149,10465,,ok,,/home/zxz/miniGU_experiment_master/experiment/patterns/truecard/dblp/query_dense_4_149.graph,
query_dense_4_15,7994,,ok,,/home/zxz/miniGU_experiment_master/experiment/patterns/truecard/dblp/query_dense_4_15.graph,
query_dense_4_150,9816,,ok,,/home/zxz/miniGU_experiment_master/experiment/patterns/truecard/dblp/query_dense_4_150.graph,
query_dense_4_151,23091,,ok,,/home/zxz/miniGU_experiment_master/experiment/patterns/truecard/dblp/query_dense_4_151.graph,
query_dense_4_152,3884,,ok,,/home/zxz/miniGU_experiment_master/experiment/patterns/truecard/dblp/query_dense_4_152.graph,
query_dense_4_153,6306,,ok,,/home/zxz/miniGU_experiment_master/experiment/patterns/truecard/dblp/query_dense_4_153.graph,
query_dense_4_154,13319,,ok,,/home/zxz/miniGU_experiment_master/experiment/patterns/truecard/dblp/query_dense_4_154.graph,
query_dense_4_155,14961,,ok,,/home/zxz/miniGU_experiment_master/experiment/patterns/truecard/dblp/query_dense_4_155.graph,
query_dense_4_156,4317,,ok,,/home/zxz/miniGU_experiment_master/experiment/patterns/truecard/dblp/query_dense_4_156.graph,
query_dense_4_157,14573,,ok,,/home/zxz/miniGU_experiment_master/experiment/patterns/truecard/dblp/query_dense_4_157.graph,
query_dense_4_158,10011,,ok,,/home/zxz/miniGU_experiment_master/experiment/patterns/truecard/dblp/query_dense_4_158.graph,
query_dense_4_159,9265,,ok,,/home/zxz/miniGU_experiment_master/experiment/patterns/truecard/dblp/query_dense_4_159.graph,
query_dense_4_16,20654,,ok,,/home/zxz/miniGU_experiment_master/experiment/patterns/truecard/dblp/query_dense_4_16.graph,
query_dense_4_160,8776,,ok,,/home/zxz/miniGU_experiment_master/experiment/patterns/truecard/dblp/query_dense_4_160.graph,
query_dense_4_161,5947,,ok,,/home/zxz/miniGU_experiment_master/experiment/patterns/truecard/dblp/query_dense_4_161.graph,
query_dense_4_162,3840,,ok,,/home/zxz/miniGU_experiment_master/experiment/patterns/truecard/dblp/query_dense_4_162.graph,
query_dense_4_163,31975,,ok,,/home/zxz/miniGU_experiment_master/experiment/patterns/truecard/dblp/query_dense_4_163.graph,
query_dense_4_164,11676,,ok,,/home/zxz/miniGU_experiment_master/experiment/patterns/truecard/dblp/query_dense_4_164.graph,
query_dense_4_165,11232,,ok,,/home/zxz/miniGU_experiment_master/experiment/patterns/truecard/dblp/query_dense_4_165.graph,
query_dense_4_166,19108,,ok,,/home/zxz/miniGU_experiment_master/experiment/patterns/truecard/dblp/query_dense_4_166.graph,
query_dense_4_167,7069,,ok,,/home/zxz/miniGU_experiment_master/experiment/patterns/truecard/dblp/query_dense_4_167.graph,
query_dense_4_168,24016,,ok,,/home/zxz/miniGU_experiment_master/experiment/patterns/truecard/dblp/query_dense_4_168.graph,
query_dense_4_169,8985,,ok,,/home/zxz/miniGU_experiment_master/experiment/patterns/truecard/dblp/query_dense_4_169.graph,
query_dense_4_17,22849,,ok,,/home/zxz/miniGU_experiment_master/experiment/patterns/truecard/dblp/query_dense_4_17.graph,
query_dense_4_170,30808,,ok,,/home/zxz/miniGU_experiment_master/experiment/patterns/truecard/dblp/query_dense_4_170.graph,
query_dense_4_171,5959,,ok,,/home/zxz/miniGU_experiment_master/experiment/patterns/truecard/dblp/query_dense_4_171.graph,
query_dense_4_172,7276,,ok,,/home/zxz/miniGU_experiment_master/experiment/patterns/truecard/dblp/query_dense_4_172.graph,
query_dense_4_173,4003,,ok,,/home/zxz/miniGU_experiment_master/experiment/patterns/truecard/dblp/query_dense_4_173.graph,
query_dense_4_174,26218,,ok,,/home/zxz/miniGU_experiment_master/experiment/patterns/truecard/dblp/query_dense_4_174.graph,
query_dense_4_175,20655,,ok,,/home/zxz/miniGU_experiment_master/experiment/patterns/truecard/dblp/query_dense_4_175.graph,
query_dense_4_176,9916,,ok,,/home/zxz/miniGU_experiment_master/experiment/patterns/truecard/dblp/query_dense_4_176.graph,
query_dense_4_177,9118,,ok,,/home/zxz/miniGU_experiment_master/experiment/patterns/truecard/dblp/query_dense_4_177.graph,
query_dense_4_178,5513,,ok,,/home/zxz/miniGU_experiment_master/experiment/patterns/truecard/dblp/query_dense_4_178.graph,
query_dense_4_179,9055,,ok,,/home/zxz/miniGU_experiment_master/experiment/patterns/truecard/dblp/query_dense_4_179.graph,
query_dense_4_18,5284,,ok,,/home/zxz/miniGU_experiment_master/experiment/patterns/truecard/dblp/query_dense_4_18.graph,
query_dense_4_180,11498,,ok,,/home/zxz/miniGU_experiment_master/experiment/patterns/truecard/dblp/query_dense_4_180.graph,
query_dense_4_181,6048,,ok,,/home/zxz/miniGU_experiment_master/experiment/patterns/truecard/dblp/query_dense_4_181.graph,
query_dense_4_182,10068,,ok,,/home/zxz/miniGU_experiment_master/experiment/patterns/truecard/dblp/query_dense_4_182.graph,
query_dense_4_183,15391,,ok,,/home/zxz/miniGU_experiment_master/experiment/patterns/truecard/dblp/query_dense_4_183.graph,
query_dense_4_184,22168,,ok,,/home/zxz/miniGU_experiment_master/experiment/patterns/truecard/dblp/query_dense_4_184.graph,
query_dense_4_185,5856,,ok,,/home/zxz/miniGU_experiment_master/experiment/patterns/truecard/dblp/query_dense_4_185.graph,
query_dense_4_186,9748,,ok,,/home/zxz/miniGU_experiment_master/experiment/patterns/truecard/dblp/query_dense_4_186.graph,
query_dense_4_187,11240,,ok,,/home/zxz/miniGU_experiment_master/experiment/patterns/truecard/dblp/query_dense_4_187.graph,
query_dense_4_188,9965,,ok,,/home/zxz/miniGU_experiment_master/experiment/patterns/truecard/dblp/query_dense_4_188.graph,
query_dense_4_189,9664,,ok,,/home/zxz/miniGU_experiment_master/experiment/patterns/truecard/dblp/query_dense_4_189.graph,
query_dense_4_19,7708,,ok,,/home/zxz/miniGU_experiment_master/experiment/patterns/truecard/dblp/query_dense_4_19.graph,
query_dense_4_190,8693,,ok,,/home/zxz/miniGU_experiment_master/experiment/patterns/truecard/dblp/query_dense_4_190.graph,
query_dense_4_191,12227,,ok,,/home/zxz/miniGU_experiment_master/experiment/patterns/truecard/dblp/query_dense_4_191.graph,
query_dense_4_192,5389,,ok,,/home/zxz/miniGU_experiment_master/experiment/patterns/truecard/dblp/query_dense_4_192.graph,
query_dense_4_193,41041,,ok,,/home/zxz/miniGU_experiment_master/experiment/patterns/truecard/dblp/query_dense_4_193.graph,
query_dense_4_194,11363,,ok,,/home/zxz/miniGU_experiment_master/experiment/patterns/truecard/dblp/query_dense_4_194.graph,
query_dense_4_195,28360,,ok,,/home/zxz/miniGU_experiment_master/experiment/patterns/truecard/dblp/query_dense_4_195.graph,
query_dense_4_196,7792,,ok,,/home/zxz/miniGU_experiment_master/experiment/patterns/truecard/dblp/query_dense_4_196.graph,
query_dense_4_197,7602,,ok,,/home/zxz/miniGU_experiment_master/experiment/patterns/truecard/dblp/query_dense_4_197.graph,
query_dense_4_198,11043,,ok,,/home/zxz/miniGU_experiment_master/experiment/patterns/truecard/dblp/query_dense_4_198.graph,
query_dense_4_199,4060,,ok,,/home/zxz/miniGU_experiment_master/experiment/patterns/truecard/dblp/query_dense_4_199.graph,
query_dense_4_2,37913,,ok,,/home/zxz/miniGU_experiment_master/experiment/patterns/truecard/dblp/query_dense_4_2.graph,
query_dense_4_20,5852,,ok,,/home/zxz/miniGU_experiment_master/experiment/patterns/truecard/dblp/query_dense_4_20.graph,
query_dense_4_200,9509,,ok,,/home/zxz/miniGU_experiment_master/experiment/patterns/truecard/dblp/query_dense_4_200.graph,
query_dense_4_21,8092,,ok,,/home/zxz/miniGU_experiment_master/experiment/patterns/truecard/dblp/query_dense_4_21.graph,
query_dense_4_22,11115,,ok,,/home/zxz/miniGU_experiment_master/experiment/patterns/truecard/dblp/query_dense_4_22.graph,
query_dense_4_23,29258,,ok,,/home/zxz/miniGU_experiment_master/experiment/patterns/truecard/dblp/query_dense_4_23.graph,
query_dense_4_24,9916,,ok,,/home/zxz/miniGU_experiment_master/experiment/patterns/truecard/dblp/query_dense_4_24.graph,
query_dense_4_25,8220,,ok,,/home/zxz/miniGU_experiment_master/experiment/patterns/truecard/dblp/query_dense_4_25.graph,
query_dense_4_26,7277,,ok,,/home/zxz/miniGU_experiment_master/experiment/patterns/truecard/dblp/query_dense_4_26.graph,
query_dense_4_27,7828,,ok,,/home/zxz/miniGU_experiment_master/experiment/patterns/truecard/dblp/query_dense_4_27.graph,
query_dense_4_28,41658,,ok,,/home/zxz/miniGU_experiment_master/experiment/patterns/truecard/dblp/query_dense_4_28.graph,
query_dense_4_29,11427,,ok,,/home/zxz/miniGU_experiment_master/experiment/patterns/truecard/dblp/query_dense_4_29.graph,
query_dense_4_3,7671,,ok,,/home/zxz/miniGU_experiment_master/experiment/patterns/truecard/dblp/query_dense_4_3.graph,
query_dense_4_30,7345,,ok,,/home/zxz/miniGU_experiment_master/experiment/patterns/truecard/dblp/query_dense_4_30.graph,
query_dense_4_31,15314,,ok,,/home/zxz/miniGU_experiment_master/experiment/patterns/truecard/dblp/query_dense_4_31.graph,
query_dense_4_32,13793,,ok,,/home/zxz/miniGU_experiment_master/experiment/patterns/truecard/dblp/query_dense_4_32.graph,
query_dense_4_33,26523,,ok,,/home/zxz/miniGU_experiment_master/experiment/patterns/truecard/dblp/query_dense_4_33.graph,
query_dense_4_34,7838,,ok,,/home/zxz/miniGU_experiment_master/experiment/patterns/truecard/dblp/query_dense_4_34.graph,
query_dense_4_35,16417,,ok,,/home/zxz/miniGU_experiment_master/experiment/patterns/truecard/dblp/query_dense_4_35.graph,
query_dense_4_36,9883,,ok,,/home/zxz/miniGU_experiment_master/experiment/patterns/truecard/dblp/query_dense_4_36.graph,
query_dense_4_37,14522,,ok,,/home/zxz/miniGU_experiment_master/experiment/patterns/truecard/dblp/query_dense_4_37.graph,
query_dense_4_38,10492,,ok,,/home/zxz/miniGU_experiment_master/experiment/patterns/truecard/dblp/query_dense_4_38.graph,
query_dense_4_39,12346,,ok,,/home/zxz/miniGU_experiment_master/experiment/patterns/truecard/dblp/query_dense_4_39.graph,
query_dense_4_4,22662,,ok,,/home/zxz/miniGU_experiment_master/experiment/patterns/truecard/dblp/query_dense_4_4.graph,
query_dense_4_40,15758,,ok,,/home/zxz/miniGU_experiment_master/experiment/patterns/truecard/dblp/query_dense_4_40.graph,
query_dense_4_41,11787,,ok,,/home/zxz/miniGU_experiment_master/experiment/patterns/truecard/dblp/query_dense_4_41.graph,
query_dense_4_42,5964,,ok,,/home/zxz/miniGU_experiment_master/experiment/patterns/truecard/dblp/query_dense_4_42.graph,
query_dense_4_43,26123,,ok,,/home/zxz/miniGU_experiment_master/experiment/patterns/truecard/dblp/query_dense_4_43.graph,
query_dense_4_44,15719,,ok,,/home/zxz/miniGU_experiment_master/experiment/patterns/truecard/dblp/query_dense_4_44.graph,
query_dense_4_45,25577,,ok,,/home/zxz/miniGU_experiment_master/experiment/patterns/truecard/dblp/query_dense_4_45.graph,
query_dense_4_46,19501,,ok,,/home/zxz/miniGU_experiment_master/experiment/patterns/truecard/dblp/query_dense_4_46.graph,
query_dense_4_47,13206,,ok,,/home/zxz/miniGU_experiment_master/experiment/patterns/truecard/dblp/query_dense_4_47.graph,
query_dense_4_48,17686,,ok,,/home/zxz/miniGU_experiment_master/experiment/patterns/truecard/dblp/query_dense_4_48.graph,
query_dense_4_49,26183,,ok,,/home/zxz/miniGU_experiment_master/experiment/patterns/truecard/dblp/query_dense_4_49.graph,
query_dense_4_5,10621,,ok,,/home/zxz/miniGU_experiment_master/experiment/patterns/truecard/dblp/query_dense_4_5.graph,
query_dense_4_50,4696,,ok,,/home/zxz/miniGU_experiment_master/experiment/patterns/truecard/dblp/query_dense_4_50.graph,
query_dense_4_51,11759,,ok,,/home/zxz/miniGU_experiment_master/experiment/patterns/truecard/dblp/query_dense_4_51.graph,
query_dense_4_52,5765,,ok,,/home/zxz/miniGU_experiment_master/experiment/patterns/truecard/dblp/query_dense_4_52.graph,
query_dense_4_53,5273,,ok,,/home/zxz/miniGU_experiment_master/experiment/patterns/truecard/dblp/query_dense_4_53.graph,
query_dense_4_54,21164,,ok,,/home/zxz/miniGU_experiment_master/experiment/patterns/truecard/dblp/query_dense_4_54.graph,
query_dense_4_55,6959,,ok,,/home/zxz/miniGU_experiment_master/experiment/patterns/truecard/dblp/query_dense_4_55.graph,
query_dense_4_56,42136,,ok,,/home/zxz/miniGU_experiment_master/experiment/patterns/truecard/dblp/query_dense_4_56.graph,
query_dense_4_57,7834,,ok,,/home/zxz/miniGU_experiment_master/experiment/patterns/truecard/dblp/query_dense_4_57.graph,
query_dense_4_58,10508,,ok,,/home/zxz/miniGU_experiment_master/experiment/patterns/truecard/dblp/query_dense_4_58.graph,
query_dense_4_59,20019,,ok,,/home/zxz/miniGU_experiment_master/experiment/patterns/truecard/dblp/query_dense_4_59.graph,
query_dense_4_6,7804,,ok,,/home/zxz/miniGU_experiment_master/experiment/patterns/truecard/dblp/query_dense_4_6.graph,
query_dense_4_60,12863,,ok,,/home/zxz/miniGU_experiment_master/experiment/patterns/truecard/dblp/query_dense_4_60.graph,
query_dense_4_61,10318,,ok,,/home/zxz/miniGU_experiment_master/experiment/patterns/truecard/dblp/query_dense_4_61.graph,
query_dense_4_62,13336,,ok,,/home/zxz/miniGU_experiment_master/experiment/patterns/truecard/dblp/query_dense_4_62.graph,
query_dense_4_63,17019,,ok,,/home/zxz/miniGU_experiment_master/experiment/patterns/truecard/dblp/query_dense_4_63.graph,
query_dense_4_64,7744,,ok,,/home/zxz/miniGU_experiment_master/experiment/patterns/truecard/dblp/query_dense_4_64.graph,
query_dense_4_65,24043,,ok,,/home/zxz/miniGU_experiment_master/experiment/patterns/truecard/dblp/query_dense_4_65.graph,
query_dense_4_66,11525,,ok,,/home/zxz/miniGU_experiment_master/experiment/patterns/truecard/dblp/query_dense_4_66.graph,
query_dense_4_67,12136,,ok,,/home/zxz/miniGU_experiment_master/experiment/patterns/truecard/dblp/query_dense_4_67.graph,
query_dense_4_68,15138,,ok,,/home/zxz/miniGU_experiment_master/experiment/patterns/truecard/dblp/query_dense_4_68.graph,
query_dense_4_69,19124,,ok,,/home/zxz/miniGU_experiment_master/experiment/patterns/truecard/dblp/query_dense_4_69.graph,
query_dense_4_7,7343,,ok,,/home/zxz/miniGU_experiment_master/experiment/patterns/truecard/dblp/query_dense_4_7.graph,
query_dense_4_70,14364,,ok,,/home/zxz/miniGU_experiment_master/experiment/patterns/truecard/dblp/query_dense_4_70.graph,
query_dense_4_71,22944,,ok,,/home/zxz/miniGU_experiment_master/experiment/patterns/truecard/dblp/query_dense_4_71.graph,
query_dense_4_72,6099,,ok,,/home/zxz/miniGU_experiment_master/experiment/patterns/truecard/dblp/query_dense_4_72.graph,
query_dense_4_73,12443,,ok,,/home/zxz/miniGU_experiment_master/experiment/patterns/truecard/dblp/query_dense_4_73.graph,
query_dense_4_74,10468,,ok,,/home/zxz/miniGU_experiment_master/experiment/patterns/truecard/dblp/query_dense_4_74.graph,
query_dense_4_75,14890,,ok,,/home/zxz/miniGU_experiment_master/experiment/patterns/truecard/dblp/query_dense_4_75.graph,
query_dense_4_76,19548,,ok,,/home/zxz/miniGU_experiment_master/experiment/patterns/truecard/dblp/query_dense_4_76.graph,
query_dense_4_77,15381,,ok,,/home/zxz/miniGU_experiment_master/experiment/patterns/truecard/dblp/query_dense_4_77.graph,
query_dense_4_78,12154,,ok,,/home/zxz/miniGU_experiment_master/experiment/patterns/truecard/dblp/query_dense_4_78.graph,
query_dense_4_79,6721,,ok,,/home/zxz/miniGU_experiment_master/experiment/patterns/truecard/dblp/query_dense_4_79.graph,
query_dense_4_8,10068,,ok,,/home/zxz/miniGU_experiment_master/experiment/patterns/truecard/dblp/query_dense_4_8.graph,
query_dense_4_80,9744,,ok,,/home/zxz/miniGU_experiment_master/experiment/patterns/truecard/dblp/query_dense_4_80.graph,
query_dense_4_81,11127,,ok,,/home/zxz/miniGU_experiment_master/experiment/patterns/truecard/dblp/query_dense_4_81.graph,
query_dense_4_82,6226,,ok,,/home/zxz/miniGU_experiment_master/experiment/patterns/truecard/dblp/query_dense_4_82.graph,
query_dense_4_83,12971,,ok,,/home/zxz/miniGU_experiment_master/experiment/patterns/truecard/dblp/query_dense_4_83.graph,
query_dense_4_84,12971,,ok,,/home/zxz/miniGU_experiment_master/experiment/patterns/truecard/dblp/query_dense_4_84.graph,
query_dense_4_85,11129,,ok,,/home/zxz/miniGU_experiment_master/experiment/patterns/truecard/dblp/query_dense_4_85.graph,
query_dense_4_86,16466,,ok,,/home/zxz/miniGU_experiment_master/experiment/patterns/truecard/dblp/query_dense_4_86.graph,
query_dense_4_87,26077,,ok,,/home/zxz/miniGU_experiment_master/experiment/patterns/truecard/dblp/query_dense_4_87.graph,
query_dense_4_88,6627,,ok,,/home/zxz/miniGU_experiment_master/experiment/patterns/truecard/dblp/query_dense_4_88.graph,
query_dense_4_89,8930,,ok,,/home/zxz/miniGU_experiment_master/experiment/patterns/truecard/dblp/query_dense_4_89.graph,
query_dense_4_9,16697,,ok,,/home/zxz/miniGU_experiment_master/experiment/patterns/truecard/dblp/query_dense_4_9.graph,
query_dense_4_90,16127,,ok,,/home/zxz/miniGU_experiment_master/experiment/patterns/truecard/dblp/query_dense_4_90.graph,
query_dense_4_91,8072,,ok,,/home/zxz/miniGU_experiment_master/experiment/patterns/truecard/dblp/query_dense_4_91.graph,
query_dense_4_92,11260,,ok,,/home/zxz/miniGU_experiment_master/experiment/patterns/truecard/dblp/query_dense_4_92.graph,
query_dense_4_93,19246,,ok,,/home/zxz/miniGU_experiment_master/experiment/patterns/truecard/dblp/query_dense_4_93.graph,
query_dense_4_94,8852,,ok,,/home/zxz/miniGU_experiment_master/experiment/patterns/truecard/dblp/query_dense_4_94.graph,
query_dense_4_95,10112,,ok,,/home/zxz/miniGU_experiment_master/experiment/patterns/truecard/dblp/query_dense_4_95.graph,
query_dense_4_96,23622,,ok,,/home/zxz/miniGU_experiment_master/experiment/patterns/truecard/dblp/query_dense_4_96.graph,
query_dense_4_97,5587,,ok,,/home/zxz/miniGU_experiment_master/experiment/patterns/truecard/dblp/query_dense_4_97.graph,
query_dense_4_98,5000,,ok,,/home/zxz/miniGU_experiment_master/experiment/patterns/truecard/dblp/query_dense_4_98.graph,
query_dense_4_99,8896,,ok,,/home/zxz/miniGU_experiment_master/experiment/patterns/truecard/dblp/query_dense_4_99.graph,
query_dense_8_1,33031231,,ok,,/home/zxz/miniGU_experiment_master/experiment/patterns/truecard/dblp/query_dense_8_1.graph,
query_dense_8_10,18239042,,ok,,/home/zxz/miniGU_experiment_master/experiment/patterns/truecard/dblp/query_dense_8_10.graph,
query_dense_8_100,10565198,,ok,,/home/zxz/miniGU_experiment_master/experiment/patterns/truecard/dblp/query_dense_8_100.graph,
query_dense_8_101,12915509,,ok,,/home/zxz/miniGU_experiment_master/experiment/patterns/truecard/dblp/query_dense_8_101.graph,
query_dense_8_102,9878702,,ok,,/home/zxz/miniGU_experiment_master/experiment/patterns/truecard/dblp/query_dense_8_102.graph,
query_dense_8_103,17768836,,ok,,/home/zxz/miniGU_experiment_master/experiment/patterns/truecard/dblp/query_dense_8_103.graph,
query_dense_8_104,5676072,,ok,,/home/zxz/miniGU_experiment_master/experiment/patterns/truecard/dblp/query_dense_8_104.graph,
query_dense_8_105,9993703,,ok,,/home/zxz/miniGU_experiment_master/experiment/patterns/truecard/dblp/query_dense_8_105.graph,
query_dense_8_106,8625067,,ok,,/home/zxz/miniGU_experiment_master/experiment/patterns/truecard/dblp/query_dense_8_106.graph,
query_dense_8_107,10105433,,ok,,/home/zxz/miniGU_experiment_master/experiment/patterns/truecard/dblp/query_dense_8_107.graph,
query_dense_8_108,16296996,,ok,,/home/zxz/miniGU_experiment_master/experiment/patterns/truecard/dblp/query_dense_8_108.graph,
query_dense_8_109,31766240,,ok,,/home/zxz/miniGU_experiment_master/experiment/patterns/truecard/dblp/query_dense_8_109.graph,
query_dense_8_11,41273112,,ok,,/home/zxz/miniGU_experiment_master/experiment/patterns/truecard/dblp/query_dense_8_11.graph,
query_dense_8_110,26456012,,ok,,/home/zxz/miniGU_experiment_master/experiment/patterns/truecard/dblp/query_dense_8_110.graph,
query_dense_8_111,8859614,,ok,,/home/zxz/miniGU_experiment_master/experiment/patterns/truecard/dblp/query_dense_8_111.graph,
query_dense_8_112,19457156,,ok,,/home/zxz/miniGU_experiment_master/experiment/patterns/truecard/dblp/query_dense_8_112.graph,
query_dense_8_113,4741191,,ok,,/home/zxz/miniGU_experiment_master/experiment/patterns/truecard/dblp/query_dense_8_113.graph,
query_dense_8_114,46105488,,ok,,/home/zxz/miniGU_experiment_master/experiment/patterns/truecard/dblp/query_dense_8_114.graph,
query_dense_8_115,22706107,,ok,,/home/zxz/miniGU_experiment_master/experiment/patterns/truecard/dblp/query_dense_8_115.graph,
query_dense_8_116,39767121,,ok,,/home/zxz/miniGU_experiment_master/experiment/patterns/truecard/dblp/query_dense_8_116.graph,
query_dense_8_117,1920421,,ok,,/home/zxz/miniGU_experiment_master/experiment/patterns/truecard/dblp/query_dense_8_117.graph,
query_dense_8_118,18412436,,ok,,/home/zxz/miniGU_experiment_master/experiment/patterns/truecard/dblp/query_dense_8_118.graph,
query_dense_8_119,5497619,,ok,,/home/zxz/miniGU_experiment_master/experiment/patterns/truecard/dblp/query_dense_8_119.graph,
query_dense_8_12,10844950,,ok,,/home/zxz/miniGU_experiment_master/experiment/patterns/truecard/dblp/query_dense_8_12.graph,
query_dense_8_120,27111798,,ok,,/home/zxz/miniGU_experiment_master/experiment/patterns/truecard/dblp/query_dense_8_120.graph,
query_dense_8_121,7694838,,ok,,/home/zxz/miniGU_experiment_master/experiment/patterns/truecard/dblp/query_dense_8_121.graph,
query_dense_8_122,15691468,,ok,,/home/zxz/miniGU_experiment_master/experiment/patterns/truecard/dblp/query_dense_8_122.graph,
query_dense_8_123,13557132,,ok,,/home/zxz/miniGU_experiment_master/experiment/patterns/truecard/dblp/query_dense_8_123.graph,
query_dense_8_124,6807883,,ok,,/home/zxz/miniGU_experiment_master/experiment/patterns/truecard/dblp/query_dense_8_124.graph,
query_dense_8_125,11943520,,ok,,/home/zxz/miniGU_experiment_master/experiment/patterns/truecard/dblp/query_dense_8_125.graph,
query_dense_8_126,28856917,,ok,,/home/zxz/miniGU_experiment_master/experiment/patterns/truecard/dblp/query_dense_8_126.graph,
query_dense_8_127,5183814,,ok,,/home/zxz/miniGU_experiment_master/experiment/patterns/truecard/dblp/query_dense_8_127.graph,
query_dense_8_128,9467424,,ok,,/home/zxz/miniGU_experiment_master/experiment/patterns/truecard/dblp/query_dense_8_128.graph,
query_dense_8_129,4537466,,ok,,/home/zxz/miniGU_experiment_master/experiment/patterns/truecard/dblp/query_dense_8_129.graph,
query_dense_8_13,49819579,,ok,,/home/zxz/miniGU_experiment_master/experiment/patterns/truecard/dblp/query_dense_8_13.graph,
query_dense_8_130,19756842,,ok,,/home/zxz/miniGU_experiment_master/experiment/patterns/truecard/dblp/query_dense_8_130.graph,
query_dense_8_131,23950342,,ok,,/home/zxz/miniGU_experiment_master/experiment/patterns/truecard/dblp/query_dense_8_131.graph,
query_dense_8_132,6143416,,ok,,/home/zxz/miniGU_experiment_master/experiment/patterns/truecard/dblp/query_dense_8_132.graph,
query_dense_8_133,22032913,,ok,,/home/zxz/miniGU_experiment_master/experiment/patterns/truecard/dblp/query_dense_8_133.graph,
query_dense_8_134,6332822,,ok,,/home/zxz/miniGU_experiment_master/experiment/patterns/truecard/dblp/query_dense_8_134.graph,
query_dense_8_135,17302021,,ok,,/home/zxz/miniGU_experiment_master/experiment/patterns/truecard/dblp/query_dense_8_135.graph,
query_dense_8_136,8391966,,ok,,/home/zxz/miniGU_experiment_master/experiment/patterns/truecard/dblp/query_dense_8_136.graph,
query_dense_8_137,4035417,,ok,,/home/zxz/miniGU_experiment_master/experiment/patterns/truecard/dblp/query_dense_8_137.graph,
query_dense_8_138,14872332,,ok,,/home/zxz/miniGU_experiment_master/experiment/patterns/truecard/dblp/query_dense_8_138.graph,
query_dense_8_139,11844295,,ok,,/home/zxz/miniGU_experiment_master/experiment/patterns/truecard/dblp/query_dense_8_139.graph,
query_dense_8_14,17060352,,ok,,/home/zxz/miniGU_experiment_master/experiment/patterns/truecard/dblp/query_dense_8_14.graph,
query_dense_8_140,6912805,,ok,,/home/zxz/miniGU_experiment_master/experiment/patterns/truecard/dblp/query_dense_8_140.graph,
query_dense_8_141,3200420,,ok,,/home/zxz/miniGU_experiment_master/experiment/patterns/truecard/dblp/query_dense_8_141.graph,
query_dense_8_142,35796533,,ok,,/home/zxz/miniGU_experiment_master/experiment/patterns/truecard/dblp/query_dense_8_142.graph,
query_dense_8_143,7516847,,ok,,/home/zxz/miniGU_experiment_master/experiment/patterns/truecard/dblp/query_dense_8_143.graph,
query_dense_8_144,23714047,,ok,,/home/zxz/miniGU_experiment_master/experiment/patterns/truecard/dblp/query_dense_8_144.graph,
query_dense_8_145,7878257,,ok,,/home/zxz/miniGU_experiment_master/experiment/patterns/truecard/dblp/query_dense_8_145.graph,
query_dense_8_146,22810696,,ok,,/home/zxz/miniGU_experiment_master/experiment/patterns/truecard/dblp/query_dense_8_146.graph,
query_dense_8_147,9205912,,ok,,/home/zxz/miniGU_experiment_master/experiment/patterns/truecard/dblp/query_dense_8_147.graph,
query_dense_8_148,15429631,,ok,,/home/zxz/miniGU_experiment_master/experiment/patterns/truecard/dblp/query_dense_8_148.graph,
query_dense_8_149,4196238,,ok,,/home/zxz/miniGU_experiment_master/experiment/patterns/truecard/dblp/query_dense_8_149.graph,
query_dense_8_15,37188449,,ok,,/home/zxz/miniGU_experiment_master/experiment/patterns/truecard/dblp/query_dense_8_15.graph,
query_dense_8_150,2899327,,ok,,/home/zxz/miniGU_experiment_master/experiment/patterns/truecard/dblp/query_dense_8_150.graph,
query_dense_8_151,11154759,,ok,,/home/zxz/miniGU_experiment_master/experiment/patterns/truecard/dblp/query_dense_8_151.graph,
query_dense_8_152,16422373,,ok,,/home/zxz/miniGU_experiment_master/experiment/patterns/truecard/dblp/query_dense_8_152.graph,
query_dense_8_153,21098227,,ok,,/home/zxz/miniGU_experiment_master/experiment/patterns/truecard/dblp/query_dense_8_153.graph,
query_dense_8_154,75563218,,ok,,/home/zxz/miniGU_experiment_master/experiment/patterns/truecard/dblp/query_dense_8_154.graph,
query_dense_8_155,4848448,,ok,,/home/zxz/miniGU_experiment_master/experiment/patterns/truecard/dblp/query_dense_8_155.graph,
query_dense_8_156,27593344,,ok,,/home/zxz/miniGU_experiment_master/experiment/patterns/truecard/dblp/query_dense_8_156.graph,
query_dense_8_157,31142255,,ok,,/home/zxz/miniGU_experiment_master/experiment/patterns/truecard/dblp/query_dense_8_157.graph,
query_dense_8_158,3928764,,ok,,/home/zxz/miniGU_experiment_master/experiment/patterns/truecard/dblp/query_dense_8_158.graph,
query_dense_8_159,29828867,,ok,,/home/zxz/miniGU_experiment_master/experiment/patterns/truecard/dblp/query_dense_8_159.graph,
query_dense_8_16,4263857,,ok,,/home/zxz/miniGU_experiment_master/experiment/patterns/truecard/dblp/query_dense_8_16.graph,
query_dense_8_160,5449950,,ok,,/home/zxz/miniGU_experiment_master/experiment/patterns/truecard/dblp/query_dense_8_160.graph,
query_dense_8_161,22148046,,ok,,/home/zxz/miniGU_experiment_master/experiment/patterns/truecard/dblp/query_dense_8_161.graph,
query_dense_8_162,7257668,,ok,,/home/zxz/miniGU_experiment_master/experiment/patterns/truecard/dblp/query_dense_8_162.graph,
query_dense_8_163,2582544,,ok,,/home/zxz/miniGU_experiment_master/experiment/patterns/truecard/dblp/query_dense_8_163.graph,
query_dense_8_164,59377620,,ok,,/home/zxz/miniGU_experiment_master/experiment/patterns/truecard/dblp/query_dense_8_164.graph,
query_dense_8_165,28528494,,ok,,/home/zxz/miniGU_experiment_master/experiment/patterns/truecard/dblp/query_dense_8_165.graph,
query_dense_8_166,6152288,,ok,,/home/zxz/miniGU_experiment_master/experiment/patterns/truecard/dblp/query_dense_8_166.graph,
query_dense_8_167,22496340,,ok,,/home/zxz/miniGU_experiment_master/experiment/patterns/truecard/dblp/query_dense_8_167.graph,
query_dense_8_168,6538148,,ok,,/home/zxz/miniGU_experiment_master/experiment/patterns/truecard/dblp/query_dense_8_168.graph,
query_dense_8_169,11269183,,ok,,/home/zxz/miniGU_experiment_master/experiment/patterns/truecard/dblp/query_dense_8_169.graph,
query_dense_8_17,2402384,,ok,,/home/zxz/miniGU_experiment_master/experiment/patterns/truecard/dblp/query_dense_8_17.graph,
query_dense_8_170,6203004,,ok,,/home/zxz/miniGU_experiment_master/experiment/patterns/truecard/dblp/query_dense_8_170.graph,
query_dense_8_171,9300579,,ok,,/home/zxz/miniGU_experiment_master/experiment/patterns/truecard/dblp/query_dense_8_171.graph,
query_dense_8_172,9132608,,ok,,/home/zxz/miniGU_experiment_master/experiment/patterns/truecard/dblp/query_dense_8_172.graph,
query_dense_8_173,7494712,,ok,,/home/zxz/miniGU_experiment_master/experiment/patterns/truecard/dblp/query_dense_8_173.graph,
query_dense_8_174,12733430,,ok,,/home/zxz/miniGU_experiment_master/experiment/patterns/truecard/dblp/query_dense_8_174.graph,
query_dense_8_175,89518274,,ok,,/home/zxz/miniGU_experiment_master/experiment/patterns/truecard/dblp/query_dense_8_175.graph,
query_dense_8_176,52798030,,ok,,/home/zxz/miniGU_experiment_master/experiment/patterns/truecard/dblp/query_dense_8_176.graph,
query_dense_8_177,17059234,,ok,,/home/zxz/miniGU_experiment_master/experiment/patterns/truecard/dblp/query_dense_8_177.graph,
query_dense_8_178,29759833,,ok,,/home/zxz/miniGU_experiment_master/experiment/patterns/truecard/dblp/query_dense_8_178.graph,
query_dense_8_179,54193964,,ok,,/home/zxz/miniGU_experiment_master/experiment/patterns/truecard/dblp/query_dense_8_179.graph,
query_dense_8_18,27853875,,ok,,/home/zxz/miniGU_experiment_master/experiment/patterns/truecard/dblp/query_dense_8_18.graph,
query_dense_8_180,12571278,,ok,,/home/zxz/miniGU_experiment_master/experiment/patterns/truecard/dblp/query_dense_8_180.graph,
query_dense_8_181,8718808,,ok,,/home/zxz/miniGU_experiment_master/experiment/patterns/truecard/dblp/query_dense_8_181.graph,
query_dense_8_182,12416291,,ok,,/home/zxz/miniGU_experiment_master/experiment/patterns/truecard/dblp/query_dense_8_182.graph,
query_dense_8_183,6315236,,ok,,/home/zxz/miniGU_experiment_master/experiment/patterns/truecard/dblp/query_dense_8_183.graph,
query_dense_8_184,8763256,,ok,,/home/zxz/miniGU_experiment_master/experiment/patterns/truecard/dblp/query_dense_8_184.graph,
query_dense_8_185,13911171,,ok,,/home/zxz/miniGU_experiment_master/experiment/patterns/truecard/dblp/query_dense_8_185.graph,
query_dense_8_186,5804632,,ok,,/home/zxz/miniGU_experiment_master/experiment/patterns/truecard/dblp/query_dense_8_186.graph,
query_dense_8_187,14217796,,ok,,/home/zxz/miniGU_experiment_master/experiment/patterns/truecard/dblp/query_dense_8_187.graph,
query_dense_8_188,11781733,,ok,,/home/zxz/miniGU_experiment_master/experiment/patterns/truecard/dblp/query_dense_8_188.graph,
query_dense_8_189,20704911,,ok,,/home/zxz/miniGU_experiment_master/experiment/patterns/truecard/dblp/query_dense_8_189.graph,
query_dense_8_19,47372019,,ok,,/home/zxz/miniGU_experiment_master/experiment/patterns/truecard/dblp/query_dense_8_19.graph,
query_dense_8_190,29118256,,ok,,/home/zxz/miniGU_experiment_master/experiment/patterns/truecard/dblp/query_dense_8_190.graph,
query_dense_8_191,64748419,,ok,,/home/zxz/miniGU_experiment_master/experiment/patterns/truecard/dblp/query_dense_8_191.graph,
query_dense_8_192,3193743,,ok,,/home/zxz/miniGU_experiment_master/experiment/patterns/truecard/dblp/query_dense_8_192.graph,
query_dense_8_193,26575270,,ok,,/home/zxz/miniGU_experiment_master/experiment/patterns/truecard/dblp/query_dense_8_193.graph,
query_dense_8_194,12516689,,ok,,/home/zxz/miniGU_experiment_master/experiment/patterns/truecard/dblp/query_dense_8_194.graph,
query_dense_8_195,3640196,,ok,,/home/zxz/miniGU_experiment_master/experiment/patterns/truecard/dblp/query_dense_8_195.graph,
query_dense_8_196,18088812,,ok,,/home/zxz/miniGU_experiment_master/experiment/patterns/truecard/dblp/query_dense_8_196.graph,
query_dense_8_197,16670836,,ok,,/home/zxz/miniGU_experiment_master/experiment/patterns/truecard/dblp/query_dense_8_197.graph,
query_dense_8_198,12120100,,ok,,/home/zxz/miniGU_experiment_master/experiment/patterns/truecard/dblp/query_dense_8_198.graph,
query_dense_8_199,5394736,,ok,,/home/zxz/miniGU_experiment_master/experiment/patterns/truecard/dblp/query_dense_8_199.graph,
query_dense_8_2,27620780,,ok,,/home/zxz/miniGU_experiment_master/experiment/patterns/truecard/dblp/query_dense_8_2.graph,
query_dense_8_20,19042747,,ok,,/home/zxz/miniGU_experiment_master/experiment/patterns/truecard/dblp/query_dense_8_20.graph,
query_dense_8_200,4384525,,ok,,/home/zxz/miniGU_experiment_master/experiment/patterns/truecard/dblp/query_dense_8_200.graph,
query_dense_8_21,12222648,,ok,,/home/zxz/miniGU_experiment_master/experiment/patterns/truecard/dblp/query_dense_8_21.graph,
query_dense_8_22,2830090,,ok,,/home/zxz/miniGU_experiment_master/experiment/patterns/truecard/dblp/query_dense_8_22.graph,
query_dense_8_23,12346667,,ok,,/home/zxz/miniGU_experiment_master/experiment/patterns/truecard/dblp/query_dense_8_23.graph,
query_dense_8_24,6090502,,ok,,/home/zxz/miniGU_experiment_master/experiment/patterns/truecard/dblp/query_dense_8_24.graph,
query_dense_8_25,12468684,,ok,,/home/zxz/miniGU_experiment_master/experiment/patterns/truecard/dblp/query_dense_8_25.graph,
query_dense_8_26,9600716,,ok,,/home/zxz/miniGU_experiment_master/experiment/patterns/truecard/dblp/query_dense_8_26.graph,
query_dense_8_27,2365538,,ok,,/home/zxz/miniGU_experiment_master/experiment/patterns/truecard/dblp/query_dense_8_27.graph,
query_dense_8_28,36348974,,ok,,/home/zxz/miniGU_experiment_master/experiment/patterns/truecard/dblp/query_dense_8_28.graph,
query_dense_8_29,4303256,,ok,,/home/zxz/miniGU_experiment_master/experiment/patterns/truecard/dblp/query_dense_8_29.graph,
query_dense_8_3,3416048,,ok,,/home/zxz/miniGU_experiment_master/experiment/patterns/truecard/dblp/query_dense_8_3.graph,
query_dense_8_30,6859112,,ok,,/home/zxz/miniGU_experiment_master/experiment/patterns/truecard/dblp/query_dense_8_30.graph,
query_dense_8_31,19958069,,ok,,/home/zxz/miniGU_experiment_master/experiment/patterns/truecard/dblp/query_dense_8_31.graph,
query_dense_8_32,19613355,,ok,,/home/zxz/miniGU_experiment_master/experiment/patterns/truecard/dblp/query_dense_8_32.graph,
query_dense_8_33,9951844,,ok,,/home/zxz/miniGU_experiment_master/experiment/patterns/truecard/dblp/query_dense_8_33.graph,
query_dense_8_34,13856479,,ok,,/home/zxz/miniGU_experiment_master/experiment/patterns/truecard/dblp/query_dense_8_34.graph,
query_dense_8_35,4635266,,ok,,/home/zxz/miniGU_experiment_master/experiment/patterns/truecard/dblp/query_dense_8_35.graph,
query_dense_8_36,11919288,,ok,,/home/zxz/miniGU_experiment_master/experiment/patterns/truecard/dblp/query_dense_8_36.graph,
query_dense_8_37,11726728,,ok,,/home/zxz/miniGU_experiment_master/experiment/patterns/truecard/dblp/query_dense_8_37.graph,
query_dense_8_38,8458224,,ok,,/home/zxz/miniGU_experiment_master/experiment/patterns/truecard/dblp/query_dense_8_38.graph,
query_dense_8_39,3545974,,ok,,/home/zxz/miniGU_experiment_master/experiment/patterns/truecard/dblp/query_dense_8_39.graph,
query_dense_8_4,23279036,,ok,,/home/zxz/miniGU_experiment_master/experiment/patterns/truecard/dblp/query_dense_8_4.graph,
query_dense_8_40,27316181,,ok,,/home/zxz/miniGU_experiment_master/experiment/patterns/truecard/dblp/query_dense_8_40.graph,
query_dense_8_41,3357800,,ok,,/home/zxz/miniGU_experiment_master/experiment/patterns/truecard/dblp/query_dense_8_41.graph,
query_dense_8_42,6175672,,ok,,/home/zxz/miniGU_experiment_master/experiment/patterns/truecard/dblp/query_dense_8_42.graph,
query_dense_8_43,9913141,,ok,,/home/zxz/miniGU_experiment_master/experiment/patterns/truecard/dblp/query_dense_8_43.graph,
query_dense_8_44,10519372,,ok,,/home/zxz/miniGU_experiment_master/experiment/patterns/truecard/dblp/query_dense_8_44.graph,
query_dense_8_45,8279438,,ok,,/home/zxz/miniGU_experiment_master/experiment/patterns/truecard/dblp/query_dense_8_45.graph,
query_dense_8_46,44849282,,ok,,/home/zxz/miniGU_experiment_master/experiment/patterns/truecard/dblp/query_dense_8_46.graph,
query_dense_8_47,9305351,,ok,,/home/zxz/miniGU_experiment_master/experiment/patterns/truecard/dblp/query_dense_8_47.graph,
query_dense_8_48,53041542,,ok,,/home/zxz/miniGU_experiment_master/experiment/patterns/truecard/dblp/query_dense_8_48.graph,
query_dense_8_49,7540815,,ok,,/home/zxz/miniGU_experiment_master/experiment/patterns/truecard/dblp/query_dense_8_49.graph,
query_dense_8_5,5507244,,ok,,/home/zxz/miniGU_experiment_master/experiment/patterns/truecard/dblp/query_dense_8_5.graph,
query_dense_8_50,7174491,,ok,,/home/zxz/miniGU_experiment_master/experiment/patterns/truecard/dblp/query_dense_8_50.graph,
query_dense_8_51,8576514,,ok,,/home/zxz/miniGU_experiment_master/experiment/patterns/truecard/dblp/query_dense_8_51.graph,
query_dense_8_52,29847018,,ok,,/home/zxz/miniGU_experiment_master/experiment/patterns/truecard/dblp/query_dense_8_52.graph,
query_dense_8_53,26688105,,ok,,/home/zxz/miniGU_experiment_master/experiment/patterns/truecard/dblp/query_dense_8_53.graph,
query_dense_8_54,40205972,,ok,,/home/zxz/miniGU_experiment_master/experiment/patterns/truecard/dblp/query_dense_8_54.graph,
query_dense_8_55,9159324,,ok,,/home/zxz/miniGU_experiment_master/experiment/patterns/truecard/dblp/query_dense_8_55.graph,
query_dense_8_56,22483114,,ok,,/home/zxz/miniGU_experiment_master/experiment/patterns/truecard/dblp/query_dense_8_56.graph,
query_dense_8_57,4836290,,ok,,/home/zxz/miniGU_experiment_master/experiment/patterns/truecard/dblp/query_dense_8_57.graph,
query_dense_8_58,8744859,,ok,,/home/zxz/miniGU_experiment_master/experiment/patterns/truecard/dblp/query_dense_8_58.graph,
query_dense_8_59,38730512,,ok,,/home/zxz/miniGU_experiment_master/experiment/patterns/truecard/dblp/query_dense_8_59.graph,
query_dense_8_6,38533005,,ok,,/home/zxz/miniGU_experiment_master/experiment/patterns/truecard/dblp/query_dense_8_6.graph,
query_dense_8_60,5324179,,ok,,/home/zxz/miniGU_experiment_master/experiment/patterns/truecard/dblp/query_dense_8_60.graph,
query_dense_8_61,9373607,,ok,,/home/zxz/miniGU_experiment_master/experiment/patterns/truecard/dblp/query_dense_8_61.graph,
query_dense_8_62,7622051,,ok,,/home/zxz/miniGU_experiment_master/experiment/patterns/truecard/dblp/query_dense_8_62.graph,
query_dense_8_63,5471335,,ok,,/home/zxz/miniGU_experiment_master/experiment/patterns/truecard/dblp/query_dense_8_63.graph,
query_dense_8_64,92932309,,ok,,/home/zxz/miniGU_experiment_master/experiment/patterns/truecard/dblp/query_dense_8_64.graph,
query_dense_8_65,18134466,,ok,,/home/zxz/miniGU_experiment_master/experiment/patterns/truecard/dblp/query_dense_8_65.graph,
query_dense_8_66,19171870,,ok,,/home/zxz/miniGU_experiment_master/experiment/patterns/truecard/dblp/query_dense_8_66.graph,
query_dense_8_67,14337631,,ok,,/home/zxz/miniGU_experiment_master/experiment/patterns/truecard/dblp/query_dense_8_67.graph,
query_dense_8_68,10489632,,ok,,/home/zxz/miniGU_experiment_master/experiment/patterns/truecard/dblp/query_dense_8_68.graph,
query_dense_8_69,6554818,,ok,,/home/zxz/miniGU_experiment_master/experiment/patterns/truecard/dblp/query_dense_8_69.graph,
query_dense_8_7,10571295,,ok,,/home/zxz/miniGU_experiment_master/experiment/patterns/truecard/dblp/query_dense_8_7.graph,
query_dense_8_70,14290354,,ok,,/home/zxz/miniGU_experiment_master/experiment/patterns/truecard/dblp/query_dense_8_70.graph,
query_dense_8_71,16889841,,ok,,/home/zxz/miniGU_experiment_master/experiment/patterns/truecard/dblp/query_dense_8_71.graph,
query_dense_8_72,3908176,,ok,,/home/zxz/miniGU_experiment_master/experiment/patterns/truecard/dblp/query_dense_8_72.graph,
query_dense_8_73,14712527,,ok,,/home/zxz/miniGU_experiment_master/experiment/patterns/truecard/dblp/query_dense_8_73.graph,
query_dense_8_74,9020702,,ok,,/home/zxz/miniGU_experiment_master/experiment/patterns/truecard/dblp/query_dense_8_74.graph,
query_dense_8_75,6300903,,ok,,/home/zxz/miniGU_experiment_master/experiment/patterns/truecard/dblp/query_dense_8_75.graph,
query_dense_8_76,11097882,,ok,,/home/zxz/miniGU_experiment_master/experiment/patterns/truecard/dblp/query_dense_8_76.graph,
query_dense_8_77,11685636,,ok,,/home/zxz/miniGU_experiment_master/experiment/patterns/truecard/dblp/query_dense_8_77.graph,
query_dense_8_78,8202567,,ok,,/home/zxz/miniGU_experiment_master/experiment/patterns/truecard/dblp/query_dense_8_78.graph,
query_dense_8_79,34556430,,ok,,/home/zxz/miniGU_experiment_master/experiment/patterns/truecard/dblp/query_dense_8_79.graph,
query_dense_8_8,15818486,,ok,,/home/zxz/miniGU_experiment_master/experiment/patterns/truecard/dblp/query_dense_8_8.graph,
query_dense_8_80,20004486,,ok,,/home/zxz/miniGU_experiment_master/experiment/patterns/truecard/dblp/query_dense_8_80.graph,
query_dense_8_81,4101864,,ok,,/home/zxz/miniGU_experiment_master/experiment/patterns/truecard/dblp/query_dense_8_81.graph,
query_dense_8_82,5585438,,ok,,/home/zxz/miniGU_experiment_master/experiment/patterns/truecard/dblp/query_dense_8_82.graph,
query_dense_8_83,28895944,,ok,,/home/zxz/miniGU_experiment_master/experiment/patterns/truecard/dblp/query_dense_8_83.graph,
query_dense_8_84,9343323,,ok,,/home/zxz/miniGU_experiment_master/experiment/patterns/truecard/dblp/query_dense_8_84.graph,
query_dense_8_85,5969195,,ok,,/home/zxz/miniGU_experiment_master/experiment/patterns/truecard/dblp/query_dense_8_85.graph,
query_dense_8_86,5771324,,ok,,/home/zxz/miniGU_experiment_master/experiment/patterns/truecard/dblp/query_dense_8_86.graph,
query_dense_8_87,9886106,,ok,,/home/zxz/miniGU_experiment_master/experiment/patterns/truecard/dblp/query_dense_8_87.graph,
query_dense_8_88,3370990,,ok,,/home/zxz/miniGU_experiment_master/experiment/patterns/truecard/dblp/query_dense_8_88.graph,
query_dense_8_89,28507086,,ok,,/home/zxz/miniGU_experiment_master/experiment/patterns/truecard/dblp/query_dense_8_89.graph,
query_dense_8_9,22885343,,ok,,/home/zxz/miniGU_experiment_master/experiment/patterns/truecard/dblp/query_dense_8_9.graph,
query_dense_8_90,6165928,,ok,,/home/zxz/miniGU_experiment_master/experiment/patterns/truecard/dblp/query_dense_8_90.graph,
query_dense_8_91,9036400,,ok,,/home/zxz/miniGU_experiment_master/experiment/patterns/truecard/dblp/query_dense_8_91.graph,
query_dense_8_92,53888028,,ok,,/home/zxz/miniGU_experiment_master/experiment/patterns/truecard/dblp/query_dense_8_92.graph,
query_dense_8_93,17221585,,ok,,/home/zxz/miniGU_experiment_master/experiment/patterns/truecard/dblp/query_dense_8_93.graph,
query_dense_8_94,60071636,,ok,,/home/zxz/miniGU_experiment_master/experiment/patterns/truecard/dblp/query_dense_8_94.graph,
query_dense_8_95,4001251,,ok,,/home/zxz/miniGU_experiment_master/experiment/patterns/truecard/dblp/query_dense_8_95.graph,
query_dense_8_96,3031732,,ok,,/home/zxz/miniGU_experiment_master/experiment/patterns/truecard/dblp/query_dense_8_96.graph,
query_dense_8_97,10993365,,ok,,/home/zxz/miniGU_experiment_master/experiment/patterns/truecard/dblp/query_dense_8_97.graph,
query_dense_8_98,8294051,,ok,,/home/zxz/miniGU_experiment_master/experiment/patterns/truecard/dblp/query_dense_8_98.graph,
query_dense_8_99,3564450,,ok,,/home/zxz/miniGU_experiment_master/experiment/patterns/truecard/dblp/query_dense_8_99.graph,
query_sparse_16_1,113815524392275,,ok,,/home/zxz/miniGU_experiment_master/experiment/patterns/truecard/dblp/query_sparse_16_1.graph,
query_sparse_16_10,75817801986460,,ok,,/home/zxz/miniGU_experiment_master/experiment/patterns/truecard/dblp/query_sparse_16_10.graph,
query_sparse_16_100,32975419038973,,ok,,/home/zxz/miniGU_experiment_master/experiment/patterns/truecard/dblp/query_sparse_16_100.graph,
query_sparse_16_101,204196194308176,,ok,,/home/zxz/miniGU_experiment_master/experiment/patterns/truecard/dblp/query_sparse_16_101.graph,
query_sparse_16_102,81063432033412,,ok,,/home/zxz/miniGU_experiment_master/experiment/patterns/truecard/dblp/query_sparse_16_102.graph,
query_sparse_16_103,313283079402822,,ok,,/home/zxz/miniGU_experiment_master/experiment/patterns/truecard/dblp/query_sparse_16_103.graph,
query_sparse_16_104,847372620579436,,ok,,/home/zxz/miniGU_experiment_master/experiment/patterns/truecard/dblp/query_sparse_16_104.graph,
query_sparse_16_105,4135406704060,,ok,,/home/zxz/miniGU_experiment_master/experiment/patterns/truecard/dblp/query_sparse_16_105.graph,
query_sparse_16_106,84372680806690,,ok,,/home/zxz/miniGU_experiment_master/experiment/patterns/truecard/dblp/query_sparse_16_106.graph,
query_sparse_16_107,34177344799929,,ok,,/home/zxz/miniGU_experiment_master/experiment/patterns/truecard/dblp/query_sparse_16_107.graph,
query_sparse_16_108,330976448917522,,ok,,/home/zxz/miniGU_experiment_master/experiment/patterns/truecard/dblp/query_sparse_16_108.graph,
query_sparse_16_109,290850809208495,,ok,,/home/zxz/miniGU_experiment_master/experiment/patterns/truecard/dblp/query_sparse_16_109.graph,
query_sparse_16_11,12915898641214,,ok,,/home/zxz/miniGU_experiment_master/experiment/patterns/truecard/dblp/query_sparse_16_11.graph,
query_sparse_16_110,32052418168443,,ok,,/home/zxz/miniGU_experiment_master/experiment/patterns/truecard/dblp/query_sparse_16_110.graph,
query_sparse_16_111,112292437035096,,ok,,/home/zxz/miniGU_experiment_master/experiment/patterns/truecard/dblp/query_sparse_16_111.graph,
query_sparse_16_112,19020106831981,,ok,,/home/zxz/miniGU_experiment_master/experiment/patterns/truecard/dblp/query_sparse_16_112.graph,
query_sparse_16_113,89496420313602,,ok,,/home/zxz/miniGU_experiment_master/experiment/patterns/truecard/dblp/query_sparse_16_113.graph,
query_sparse_16_114,12357978015792,,ok,,/home/zxz/miniGU_experiment_master/experiment/patterns/truecard/dblp/query_sparse_16_114.graph,
query_sparse_16_115,195292456323816,,ok,,/home/zxz/miniGU_experiment_master/experiment/patterns/truecard/dblp/query_sparse_16_115.graph,
query_sparse_16_116,114363822115083,,ok,,/home/zxz/miniGU_experiment_master/experiment/patterns/truecard/dblp/query_sparse_16_116.graph,
query_sparse_16_117,4962343438753,,ok,,/home/zxz/miniGU_experiment_master/experiment/patterns/truecard/dblp/query_sparse_16_117.graph,
query_sparse_16_118,7002550033771,,ok,,/home/zxz/miniGU_experiment_master/experiment/patterns/truecard/dblp/query_sparse_16_118.graph,
query_sparse_16_119,237821239770920,,ok,,/home/zxz/miniGU_experiment_master/experiment/patterns/truecard/dblp/query_sparse_16_119.graph,
query_sparse_16_12,18660349273386,,ok,,/home/zxz/miniGU_experiment_master/experiment/patterns/truecard/dblp/query_sparse_16_12.graph,
query_sparse_16_120,188422791537743,,ok,,/home/zxz/miniGU_experiment_master/experiment/patterns/truecard/dblp/query_sparse_16_120.graph,
query_sparse_16_121,64381775075327,,ok,,/home/zxz/miniGU_experiment_master/experiment/patterns/truecard/dblp/query_sparse_16_121.graph,
query_sparse_16_122,7543050170261,,ok,,/home/zxz/miniGU_experiment_master/experiment/patterns/truecard/dblp/query_sparse_16_122.graph,
query_sparse_16_123,1598278827725268,,ok,,/home/zxz/miniGU_experiment_master/experiment/patterns/truecard/dblp/query_sparse_16_123.graph,
query_sparse_16_124,12264854338079,,ok,,/home/zxz/miniGU_experiment_master/experiment/patterns/truecard/dblp/query_sparse_16_124.graph,
query_sparse_16_125,65825793576388,,ok,,/home/zxz/miniGU_experiment_master/experiment/patterns/truecard/dblp/query_sparse_16_125.graph,
query_sparse_16_126,20798851086888,,ok,,/home/zxz/miniGU_experiment_master/experiment/patterns/truecard/dblp/query_sparse_16_126.graph,
query_sparse_16_127,83317561772836,,ok,,/home/zxz/miniGU_experiment_master/experiment/patterns/truecard/dblp/query_sparse_16_127.graph,
query_sparse_16_128,69161526052682,,ok,,/home/zxz/miniGU_experiment_master/experiment/patterns/truecard/dblp/query_sparse_16_128.graph,
query_sparse_16_129,709549760217924,,ok,,/home/zxz/miniGU_experiment_master/experiment/patterns/truecard/dblp/query_sparse_16_129.graph,
query_sparse_16_13,39302228378417,,ok,,/home/zxz/miniGU_experiment_master/experiment/patterns/truecard/dblp/query_sparse_16_13.graph,
query_sparse_16_130,9398953517191,,ok,,/home/zxz/miniGU_experiment_master/experiment/patterns/truecard/dblp/query_sparse_16_130.graph,
query_sparse_16_131,37147770991359,,ok,,/home/zxz/miniGU_experiment_master/experiment/patterns/truecard/dblp/query_sparse_16_131.graph,
query_sparse_16_132,355037868430553,,ok,,/home/zxz/miniGU_experiment_master/experiment/patterns/truecard/dblp/query_sparse_16_132.graph,
query_sparse_16_133,17231242367350,,ok,,/home/zxz/miniGU_experiment_master/experiment/patterns/truecard/dblp/query_sparse_16_133.graph,
query_sparse_16_134,621381847262960,,ok,,/home/zxz/miniGU_experiment_master/experiment/patterns/truecard/dblp/query_sparse_16_134.graph,
query_sparse_16_135,15827990073742,,ok,,/home/zxz/miniGU_experiment_master/experiment/patterns/truecard/dblp/query_sparse_16_135.graph,
query_sparse_16_136,70290900194155,,ok,,/home/zxz/miniGU_experiment_master/experiment/patterns/truecard/dblp/query_sparse_16_136.graph,
query_sparse_16_137,48646156485774,,ok,,/home/zxz/miniGU_experiment_master/experiment/patterns/truecard/dblp/query_sparse_16_137.graph,
query_sparse_16_138,19833556549872,,ok,,/home/zxz/miniGU_experiment_master/experiment/patterns/truecard/dblp/query_sparse_16_138.graph,
query_sparse_16_139,64304361084818,,ok,,/home/zxz/miniGU_experiment_master/experiment/patterns/truecard/dblp/query_sparse_16_139.graph,
query_sparse_16_14,158805789794332,,ok,,/home/zxz/miniGU_experiment_master/experiment/patterns/truecard/dblp/query_sparse_16_14.graph,
query_sparse_16_140,76775064837090,,ok,,/home/zxz/miniGU_experiment_master/experiment/patterns/truecard/dblp/query_sparse_16_140.graph,
query_sparse_16_141,138083170806322,,ok,,/home/zxz/miniGU_experiment_master/experiment/patterns/truecard/dblp/query_sparse_16_141.graph,
query_sparse_16_142,198864455801873,,ok,,/home/zxz/miniGU_experiment_master/experiment/patterns/truecard/dblp/query_sparse_16_142.graph,
query_sparse_16_143,233215430369392,,ok,,/home/zxz/miniGU_experiment_master/experiment/patterns/truecard/dblp/query_sparse_16_143.graph,
query_sparse_16_144,26511589576158,,ok,,/home/zxz/miniGU_experiment_master/experiment/patterns/truecard/dblp/query_sparse_16_144.graph,
query_sparse_16_145,193355288638604,,ok,,/home/zxz/miniGU_experiment_master/experiment/patterns/truecard/dblp/query_sparse_16_145.graph,
query_sparse_16_146,312553406658642,,ok,,/home/zxz/miniGU_experiment_master/experiment/patterns/truecard/dblp/query_sparse_16_146.graph,
query_sparse_16_147,3096251845854,,ok,,/home/zxz/miniGU_experiment_master/experiment/patterns/truecard/dblp/query_sparse_16_147.graph,
query_sparse_16_148,48477110723073,,ok,,/home/zxz/miniGU_experiment_master/experiment/patterns/truecard/dblp/query_sparse_16_148.graph,
query_sparse_16_149,125597729246516,,ok,,/home/zxz/miniGU_experiment_master/experiment/patterns/truecard/dblp/query_sparse_16_149.graph,
query_sparse_16_15,84797755136674,,ok,,/home/zxz/miniGU_experiment_master/experiment/patterns/truecard/dblp/query_sparse_16_15.graph,
query_sparse_16_150,496685606577325,,ok,,/home/zxz/miniGU_experiment_master/experiment/patterns/truecard/dblp/query_sparse_16_150.graph,
query_sparse_16_151,1187739182520648,,ok,,/home/zxz/miniGU_experiment_master/experiment/patterns/truecard/dblp/query_sparse_16_151.graph,
query_sparse_16_152,150787794110114,,ok,,/home/zxz/miniGU_experiment_master/experiment/patterns/truecard/dblp/query_sparse_16_152.graph,
query_sparse_16_153,56914084641655,,ok,,/home/zxz/miniGU_experiment_master/experiment/patterns/truecard/dblp/query_sparse_16_153.graph,
query_sparse_16_154,17379906373863,,ok,,/home/zxz/miniGU_experiment_master/experiment/patterns/truecard/dblp/query_sparse_16_154.graph,
query_sparse_16_155,117086464530030,,ok,,/home/zxz/miniGU_experiment_master/experiment/patterns/truecard/dblp/query_sparse_16_155.graph,
query_sparse_16_156,125328777338766,,ok,,/home/zxz/miniGU_experiment_master/experiment/patterns/truecard/dblp/query_sparse_16_156.graph,
query_sparse_16_157,141032221917546,,ok,,/home/zxz/miniGU_experiment_master/experiment/patterns/truecard/dblp/query_sparse_16_157.graph,
query_sparse_16_158,19272160294770,,ok,,/home/zxz/miniGU_experiment_master/experiment/patterns/truecard/dblp/query_sparse_16_158.graph,
query_sparse_16_159,144022604780539,,ok,,/home/zxz/miniGU_experiment_master/experiment/patterns/truecard/dblp/query_sparse_16_159.graph,
query_sparse_16_16,129869283612648,,ok,,/home/zxz/miniGU_experiment_master/experiment/patterns/truecard/dblp/query_sparse_16_16.graph,
query_sparse_16_160,40149979278173,,ok,,/home/zxz/miniGU_experiment_master/experiment/patterns/truecard/dblp/query_sparse_16_160.graph,
query_sparse_16_161,79959481718396,,ok,,/home/zxz/miniGU_experiment_master/experiment/patterns/truecard/dblp/query_sparse_16_161.graph,
query_sparse_16_162,12595226044842,,ok,,/home/zxz/miniGU_experiment_master/experiment/patterns/truecard/dblp/query_sparse_16_162.graph,
query_sparse_16_163,202390133869119,,ok,,/home/zxz/miniGU_experiment_master/experiment/patterns/truecard/dblp/query_sparse_16_163.graph,
query_sparse_16_164,6201089454759,,ok,,/home/zxz/miniGU_experiment_master/experiment/patterns/truecard/dblp/query_sparse_16_164.graph,
query_sparse_16_165,72980042505855,,ok,,/home/zxz/miniGU_experiment_master/experiment/patterns/truecard/dblp/query_sparse_16_165.graph,
query_sparse_16_166,65272887586191,,ok,,/home/zxz/miniGU_experiment_master/experiment/patterns/truecard/dblp/query_sparse_16_166.graph,
query_sparse_16_167,107386137014893,,ok,,/home/zxz/miniGU_experiment_master/experiment/patterns/truecard/dblp/query_sparse_16_167.graph,
query_sparse_16_168,507805511014086,,ok,,/home/zxz/miniGU_experiment_master/experiment/patterns/truecard/dblp/query_sparse_16_168.graph,
query_sparse_16_169,392302275976477,,ok,,/home/zxz/miniGU_experiment_master/experiment/patterns/truecard/dblp/query_sparse_16_169.graph,
query_sparse_16_17,52519957912540,,ok,,/home/zxz/miniGU_experiment_master/experiment/patterns/truecard/dblp/query_sparse_16_17.graph,
query_sparse_16_170,125088192602476,,ok,,/home/zxz/miniGU_experiment_master/experiment/patterns/truecard/dblp/query_sparse_16_170.graph,
query_sparse_16_171,7813568009300,,ok,,/home/zxz/miniGU_experiment_master/experiment/patterns/truecard/dblp/query_sparse_16_171.graph,
query_sparse_16_172,57861369944101,,ok,,/home/zxz/miniGU_experiment_master/experiment/patterns/truecard/dblp/query_sparse_16_172.graph,
query_sparse_16_173,13565497392935,,ok,,/home/zxz/miniGU_experiment_master/experiment/patterns/truecard/dblp/query_sparse_16_173.graph,
query_sparse_16_174,49756596707715,,ok,,/home/zxz/miniGU_experiment_master/experiment/patterns/truecard/dblp/query_sparse_16_174.graph,
query_sparse_16_175,3802604723534,,ok,,/home/zxz/miniGU_experiment_master/experiment/patterns/truecard/dblp/query_sparse_16_175.graph,
query_sparse_16_176,169236814485474,,ok,,/home/zxz/miniGU_experiment_master/experiment/patterns/truecard/dblp/query_sparse_16_176.graph,
query_sparse_16_177,30640716543312,,ok,,/home/zxz/miniGU_experiment_master/experiment/patterns/truecard/dblp/query_sparse_16_177.graph,
query_sparse_16_178,83722953545671,,ok,,/home/zxz/miniGU_experiment_master/experiment/patterns/truecard/dblp/query_sparse_16_178.graph,
query_sparse_16_179,128238892706774,,ok,,/home/zxz/miniGU_experiment_master/experiment/patterns/truecard/dblp/query_sparse_16_179.graph,
query_sparse_16_18,15578615348405,,ok,,/home/zxz/miniGU_experiment_master/experiment/patterns/truecard/dblp/query_sparse_16_18.graph,
query_sparse_16_180,148227447618444,,ok,,/home/zxz/miniGU_experiment_master/experiment/patterns/truecard/dblp/query_sparse_16_180.graph,
query_sparse_16_181,51505171425908,,ok,,/home/zxz/miniGU_experiment_master/experiment/patterns/truecard/dblp/query_sparse_16_181.graph,
query_sparse_16_182,89776311503646,,ok,,/home/zxz/miniGU_experiment_master/experiment/patterns/truecard/dblp/query_sparse_16_182.graph,
query_sparse_16_183,1185817415785130,,ok,,/home/zxz/miniGU_experiment_master/experiment/patterns/truecard/dblp/query_sparse_16_183.graph,
query_sparse_16_184,40099187074209,,ok,,/home/zxz/miniGU_experiment_master/experiment/patterns/truecard/dblp/query_sparse_16_184.graph,
query_sparse_16_185,144307284140811,,ok,,/home/zxz/miniGU_experiment_master/experiment/patterns/truecard/dblp/query_sparse_16_185.graph,
query_sparse_16_186,156400794216702,,ok,,/home/zxz/miniGU_experiment_master/experiment/patterns/truecard/dblp/query_sparse_16_186.graph,
query_sparse_16_187,107125596446749,,ok,,/home/zxz/miniGU_experiment_master/experiment/patterns/truecard/dblp/query_sparse_16_187.graph,
query_sparse_16_188,27183032181379,,ok,,/home/zxz/miniGU_experiment_master/experiment/patterns/truecard/dblp/query_sparse_16_188.graph,
query_sparse_16_189,122095048325881,,ok,,/home/zxz/miniGU_experiment_master/experiment/patterns/truecard/dblp/query_sparse_16_189.graph,
query_sparse_16_19,183634757936429,,ok,,/home/zxz/miniGU_experiment_master/experiment/patterns/truecard/dblp/query_sparse_16_19.graph,
query_sparse_16_190,99294242487800,,ok,,/home/zxz/miniGU_experiment_master/experiment/patterns/truecard/dblp/query_sparse_16_190.graph,
query_sparse_16_191,20816670528342,,ok,,/home/zxz/miniGU_experiment_master/experiment/patterns/truecard/dblp/query_sparse_16_191.graph,
query_sparse_16_192,91837359481072,,ok,,/home/zxz/miniGU_experiment_master/experiment/patterns/truecard/dblp/query_sparse_16_192.graph,
query_sparse_16_193,412477345626801,,ok,,/home/zxz/miniGU_experiment_master/experiment/patterns/truecard/dblp/query_sparse_16_193.graph,
query_sparse_16_194,57184070256655,,ok,,/home/zxz/miniGU_experiment_master/experiment/patterns/truecard/dblp/query_sparse_16_194.graph,
query_sparse_16_195,1195726937355460,,ok,,/home/zxz/miniGU_experiment_master/experiment/patterns/truecard/dblp/query_sparse_16_195.graph,
query_sparse_16_196,58828980753426,,ok,,/home/zxz/miniGU_experiment_master/experiment/patterns/truecard/dblp/query_sparse_16_196.graph,
query_sparse_16_197,173761400397085,,ok,,/home/zxz/miniGU_experiment_master/experiment/patterns/truecard/dblp/query_sparse_16_197.graph,
query_sparse_16_198,134782714484240,,ok,,/home/zxz/miniGU_experiment_master/experiment/patterns/truecard/dblp/query_sparse_16_198.graph,
query_sparse_16_199,42008499511948,,ok,,/home/zxz/miniGU_experiment_master/experiment/patterns/truecard/dblp/query_sparse_16_199.graph,
query_sparse_16_2,90967042811322,,ok,,/home/zxz/miniGU_experiment_master/experiment/patterns/truecard/dblp/query_sparse_16_2.graph,
query_sparse_16_20,55169239994905,,ok,,/home/zxz/miniGU_experiment_master/experiment/patterns/truecard/dblp/query_sparse_16_20.graph,
query_sparse_16_200,159644762147187,,ok,,/home/zxz/miniGU_experiment_master/experiment/patterns/truecard/dblp/query_sparse_16_200.graph,
query_sparse_16_21,75184277975102,,ok,,/home/zxz/miniGU_experiment_master/experiment/patterns/truecard/dblp/query_sparse_16_21.graph,
query_sparse_16_22,107381233665407,,ok,,/home/zxz/miniGU_experiment_master/experiment/patterns/truecard/dblp/query_sparse_16_22.graph,
query_sparse_16_23,198200370014460,,ok,,/home/zxz/miniGU_experiment_master/experiment/patterns/truecard/dblp/query_sparse_16_23.graph,
query_sparse_16_24,64403896824140,,ok,,/home/zxz/miniGU_experiment_master/experiment/patterns/truecard/dblp/query_sparse_16_24.graph,
query_sparse_16_25,281055371945242,,ok,,/home/zxz/miniGU_experiment_master/experiment/patterns/truecard/dblp/query_sparse_16_25.graph,
query_sparse_16_26,139236072105094,,ok,,/home/zxz/miniGU_experiment_master/experiment/patterns/truecard/dblp/query_sparse_16_26.graph,
query_sparse_16_27,292534779820812,,ok,,/home/zxz/miniGU_experiment_master/experiment/patterns/truecard/dblp/query_sparse_16_27.graph,
query_sparse_16_28,5423295600443,,ok,,/home/zxz/miniGU_experiment_master/experiment/patterns/truecard/dblp/query_sparse_16_28.graph,
query_sparse_16_29,62946260523322,,ok,,/home/zxz/miniGU_experiment_master/experiment/patterns/truecard/dblp/query_sparse_16_29.graph,
query_sparse_16_3,615433928385529,,ok,,/home/zxz/miniGU_experiment_master/experiment/patterns/truecard/dblp/query_sparse_16_3.graph,
query_sparse_16_30,231121374479493,,ok,,/home/zxz/miniGU_experiment_master/experiment/patterns/truecard/dblp/query_sparse_16_30.graph,
query_sparse_16_31,6180435992726,,ok,,/home/zxz/miniGU_experiment_master/experiment/patterns/truecard/dblp/query_sparse_16_31.graph,
query_sparse_16_32,161837672176855,,ok,,/home/zxz/miniGU_experiment_master/experiment/patterns/truecard/dblp/query_sparse_16_32.graph,
query_sparse_16_33,144257690617829,,ok,,/home/zxz/miniGU_experiment_master/experiment/patterns/truecard/dblp/query_sparse_16_33.graph,
query_sparse_16_34,18736379277762,,ok,,/home/zxz/miniGU_experiment_master/experiment/patterns/truecard/dblp/query_sparse_16_34.graph,
query_sparse_16_35,36816006335650,,ok,,/home/zxz/miniGU_experiment_master/experiment/patterns/truecard/dblp/query_sparse_16_35.graph,
query_sparse_16_36,256904145018725,,ok,,/home/zxz/miniGU_experiment_master/experiment/patterns/truecard/dblp/query_sparse_16_36.graph,
query_sparse_16_37,1337730811734,,ok,,/home/zxz/miniGU_experiment_master/experiment/patterns/truecard/dblp/query_sparse_16_37.graph,
query_sparse_16_38,283001040170441,,ok,,/home/zxz/miniGU_experiment_master/experiment/patterns/truecard/dblp/query_sparse_16_38.graph,
query_sparse_16_39,110387389989253,,ok,,/home/zxz/miniGU_experiment_master/experiment/patterns/truecard/dblp/query_sparse_16_39.graph,
query_sparse_16_4,413617859132493,,ok,,/home/zxz/miniGU_experiment_master/experiment/patterns/truecard/dblp/query_sparse_16_4.graph,
query_sparse_16_40,47582364104883,,ok,,/home/zxz/miniGU_experiment_master/experiment/patterns/truecard/dblp/query_sparse_16_40.graph,
query_sparse_16_41,399763838442012,,ok,,/home/zxz/miniGU_experiment_master/experiment/patterns/truecard/dblp/query_sparse_16_41.graph,
query_sparse_16_42,103683459946927,,ok,,/home/zxz/miniGU_experiment_master/experiment/patterns/truecard/dblp/query_sparse_16_42.graph,
query_sparse_16_43,301769278349414,,ok,,/home/zxz/miniGU_experiment_master/experiment/patterns/truecard/dblp/query_sparse_16_43.graph,
query_sparse_16_44,275792454083159,,ok,,/home/zxz/miniGU_experiment_master/experiment/patterns/truecard/dblp/query_sparse_16_44.graph,
query_sparse_16_45,67355513164566,,ok,,/home/zxz/miniGU_experiment_master/experiment/patterns/truecard/dblp/query_sparse_16_45.graph,
query_sparse_16_46,648916598595203,,ok,,/home/zxz/miniGU_experiment_master/experiment/patterns/truecard/dblp/query_sparse_16_46.graph,
query_sparse_16_47,185986299275796,,ok,,/home/zxz/miniGU_experiment_master/experiment/patterns/truecard/dblp/query_sparse_16_47.graph,
query_sparse_16_48,85646859375260,,ok,,/home/zxz/miniGU_experiment_master/experiment/patterns/truecard/dblp/query_sparse_16_48.graph,
query_sparse_16_49,44998453089656,,ok,,/home/zxz/miniGU_experiment_master/experiment/patterns/truecard/dblp/query_sparse_16_49.graph,
query_sparse_16_5,52026703032690,,ok,,/home/zxz/miniGU_experiment_master/experiment/patterns/truecard/dblp/query_sparse_16_5.graph,
query_sparse_16_50,238467957044058,,ok,,/home/zxz/miniGU_experiment_master/experiment/patterns/truecard/dblp/query_sparse_16_50.graph,
query_sparse_16_51,535645481665625,,ok,,/home/zxz/miniGU_experiment_master/experiment/patterns/truecard/dblp/query_sparse_16_51.graph,
query_sparse_16_52,684378331245960,,ok,,/home/zxz/miniGU_experiment_master/experiment/patterns/truecard/dblp/query_sparse_16_52.graph,
query_sparse_16_53,161295450466368,,ok,,/home/zxz/miniGU_experiment_master/experiment/patterns/truecard/dblp/query_sparse_16_53.graph,
query_sparse_16_54,158062899204423,,ok,,/home/zxz/miniGU_experiment_master/experiment/patterns/truecard/dblp/query_sparse_16_54.graph,
query_sparse_16_55,150411763272474,,ok,,/home/zxz/miniGU_experiment_master/experiment/patterns/truecard/dblp/query_sparse_16_55.graph,
query_sparse_16_56,659798581628488,,ok,,/home/zxz/miniGU_experiment_master/experiment/patterns/truecard/dblp/query_sparse_16_56.graph,
query_sparse_16_57,262529482109722,,ok,,/home/zxz/miniGU_experiment_master/experiment/patterns/truecard/dblp/query_sparse_16_57.graph,
query_sparse_16_58,70692080363779,,ok,,/home/zxz/miniGU_experiment_master/experiment/patterns/truecard/dblp/query_sparse_16_58.graph,
query_sparse_16_59,20206881442063,,ok,,/home/zxz/miniGU_experiment_master/experiment/patterns/truecard/dblp/query_sparse_16_59.graph,
query_sparse_16_6,529363422776941,,ok,,/home/zxz/miniGU_experiment_master/experiment/patterns/truecard/dblp/query_sparse_16_6.graph,
query_sparse_16_60,95659567433934,,ok,,/home/zxz/miniGU_experiment_master/experiment/patterns/truecard/dblp/query_sparse_16_60.graph,
query_sparse_16_61,143564456681512,,ok,,/home/zxz/miniGU_experiment_master/experiment/patterns/truecard/dblp/query_sparse_16_61.graph,
query_sparse_16_62,69423027328440,,ok,,/home/zxz/miniGU_experiment_master/experiment/patterns/truecard/dblp/query_sparse_16_62.graph,
query_sparse_16_63,491263824254576,,ok,,/home/zxz/miniGU_experiment_master/experiment/patterns/truecard/dblp/query_sparse_16_63.graph,
query_sparse_16_64,307646846686102,,ok,,/home/zxz/miniGU_experiment_master/experiment/patterns/truecard/dblp/query_sparse_16_64.graph,
query_sparse_16_65,89376333939218,,ok,,/home/zxz/miniGU_experiment_master/experiment/patterns/truecard/dblp/query_sparse_16_65.graph,
query_sparse_16_66,39202178077582,,ok,,/home/zxz/miniGU_experiment_master/experiment/patterns/truecard/dblp/query_sparse_16_66.graph,
query_sparse_16_67,9108607026034,,ok,,/home/zxz/miniGU_experiment_master/experiment/patterns/truecard/dblp/query_sparse_16_67.graph,
query_sparse_16_68,1221798938366,,ok,,/home/zxz/miniGU_experiment_master/experiment/patterns/truecard/dblp/query_sparse_16_68.graph,
query_sparse_16_69,827829095946183,,ok,,/home/zxz/miniGU_experiment_master/experiment/patterns/truecard/dblp/query_sparse_16_69.graph,
query_sparse_16_7,364855891151200,,ok,,/home/zxz/miniGU_experiment_master/experiment/patterns/truecard/dblp/query_sparse_16_7.graph,
query_sparse_16_70,191933877389052,,ok,,/home/zxz/miniGU_experiment_master/experiment/patterns/truecard/dblp/query_sparse_16_70.graph,
query_sparse_16_71,55702561256827,,ok,,/home/zxz/miniGU_experiment_master/experiment/patterns/truecard/dblp/query_sparse_16_71.graph,
query_sparse_16_72,1394525405051926,,ok,,/home/zxz/miniGU_experiment_master/experiment/patterns/truecard/dblp/query_sparse_16_72.graph,
query_sparse_16_73,141949316980686,,ok,,/home/zxz/miniGU_experiment_master/experiment/patterns/truecard/dblp/query_sparse_16_73.graph,
query_sparse_16_74,228052834606760,,ok,,/home/zxz/miniGU_experiment_master/experiment/patterns/truecard/dblp/query_sparse_16_74.graph,
query_sparse_16_75,71467981682693,,ok,,/home/zxz/miniGU_experiment_master/experiment/patterns/truecard/dblp/query_sparse_16_75.graph,
query_sparse_16_76,27766059287375,,ok,,/home/zxz/miniGU_experiment_master/experiment/patterns/truecard/dblp/query_sparse_16_76.graph,
query_sparse_16_77,15315558446490,,ok,,/home/zxz/miniGU_experiment_master/experiment/patterns/truecard/dblp/query_sparse_16_77.graph,
query_sparse_16_78,168172828216711,,ok,,/home/zxz/miniGU_experiment_master/experiment/patterns/truecard/dblp/query_sparse_16_78.graph,
query_sparse_16_79,25946160594720,,ok,,/home/zxz/miniGU_experiment_master/experiment/patterns/truecard/dblp/query_sparse_16_79.graph,
query_sparse_16_8,10654806945550,,ok,,/home/zxz/miniGU_experiment_master/experiment/patterns/truecard/dblp/query_sparse_16_8.graph,
query_sparse_16_80,221903701627301,,ok,,/home/zxz/miniGU_experiment_master/experiment/patterns/truecard/dblp/query_sparse_16_80.graph,
query_sparse_16_81,119790066127771,,ok,,/home/zxz/miniGU_experiment_master/experiment/patterns/truecard/dblp/query_sparse_16_81.graph,
query_sparse_16_82,74487620272998,,ok,,/home/zxz/miniGU_experiment_master/experiment/patterns/truecard/dblp/query_sparse_16_82.graph,
query_sparse_16_83,587371777080192,,ok,,/home/zxz/miniGU_experiment_master/experiment/patterns/truecard/dblp/query_sparse_16_83.graph,
query_sparse_16_84,32533265727093,,ok,,/home/zxz/miniGU_experiment_master/experiment/patterns/truecard/dblp/query_sparse_16_84.graph,
query_sparse_16_85,21455072447938,,ok,,/home/zxz/miniGU_experiment_master/experiment/patterns/truecard/dblp/query_sparse_16_85.graph,
query_sparse_16_86,82577085009873,,ok,,/home/zxz/miniGU_experiment_master/experiment/patterns/truecard/dblp/query_sparse_16_86.graph,
query_sparse_16_87,59308930025789,,ok,,/home/zxz/miniGU_experiment_master/experiment/patterns/truecard/dblp/query_sparse_16_87.graph,
query_sparse_16_88,9328313719084,,ok,,/home/zxz/miniGU_experiment_master/experiment/patterns/truecard/dblp/query_sparse_16_88.graph,
query_sparse_16_89,276017200500662,,ok,,/home/zxz/miniGU_experiment_master/experiment/patterns/truecard/dblp/query_sparse_16_89.graph,
query_sparse_16_9,151114934411650,,ok,,/home/zxz/miniGU_experiment_master/experiment/patterns/truecard/dblp/query_sparse_16_9.graph,
query_sparse_16_90,3684204445877,,ok,,/home/zxz/miniGU_experiment_master/experiment/patterns/truecard/dblp/query_sparse_16_90.graph,
query_sparse_16_91,30571638680775,,ok,,/home/zxz/miniGU_experiment_master/experiment/patterns/truecard/dblp/query_sparse_16_91.graph,
query_sparse_16_92,68397854829164,,ok,,/home/zxz/miniGU_experiment_master/experiment/patterns/truecard/dblp/query_sparse_16_92.graph,
query_sparse_16_93,346442846080630,,ok,,/home/zxz/miniGU_experiment_master/experiment/patterns/truecard/dblp/query_sparse_16_93.graph,
query_sparse_16_94,270266296450446,,ok,,/home/zxz/miniGU_experiment_master/experiment/patterns/truecard/dblp/query_sparse_16_94.graph,
query_sparse_16_95,7707092080634,,ok,,/home/zxz/miniGU_experiment_master/experiment/patterns/truecard/dblp/query_sparse_16_95.graph,
query_sparse_16_96,102987259687095,,ok,,/home/zxz/miniGU_experiment_master/experiment/patterns/truecard/dblp/query_sparse_16_96.graph,
query_sparse_16_97,413725275983899,,ok,,/home/zxz/miniGU_experiment_master/experiment/patterns/truecard/dblp/query_sparse_16_97.graph,
query_sparse_16_98,13326132193128,,ok,,/home/zxz/miniGU_experiment_master/experiment/patterns/truecard/dblp/query_sparse_16_98.graph,
query_sparse_16_99,29132463656547,,ok,,/home/zxz/miniGU_experiment_master/experiment/patterns/truecard/dblp/query_sparse_16_99.graph,
query_sparse_24_10,7739693012525852726,,ok,,/home/zxz/miniGU_experiment_master/experiment/patterns/truecard/dblp/query_sparse_24_10.graph,
query_sparse_24_101,1291372720834291224,,ok,,/home/zxz/miniGU_experiment_master/experiment/patterns/truecard/dblp/query_sparse_24_101.graph,
query_sparse_24_102,8664833819977550004,,ok,,/home/zxz/miniGU_experiment_master/experiment/patterns/truecard/dblp/query_sparse_24_102.graph,
query_sparse_24_104,4898582073245547202,,ok,,/home/zxz/miniGU_experiment_master/experiment/patterns/truecard/dblp/query_sparse_24_104.graph,
query_sparse_24_105,4306874211838862400,,ok,,/home/zxz/miniGU_experiment_master/experiment/patterns/truecard/dblp/query_sparse_24_105.graph,
query_sparse_24_106,3922132961756573024,,ok,,/home/zxz/miniGU_experiment_master/experiment/patterns/truecard/dblp/query_sparse_24_106.graph,
query_sparse_24_107,5892589673190123399,,ok,,/home/zxz/miniGU_experiment_master/experiment/patterns/truecard/dblp/query_sparse_24_107.graph,
query_sparse_24_108,2818424790867875376,,ok,,/home/zxz/miniGU_experiment_master/experiment/patterns/truecard/dblp/query_sparse_24_108.graph,
query_sparse_24_110,599890603642447531,,ok,,/home/zxz/miniGU_experiment_master/experiment/patterns/truecard/dblp/query_sparse_24_110.graph,
query_sparse_24_111,1947135337347215458,,ok,,/home/zxz/miniGU_experiment_master/experiment/patterns/truecard/dblp/query_sparse_24_111.graph,
query_sparse_24_114,6173768452323494770,,ok,,/home/zxz/miniGU_experiment_master/experiment/patterns/truecard/dblp/query_sparse_24_114.graph,
query_sparse_24_115,3891218880295420408,,ok,,/home/zxz/miniGU_experiment_master/experiment/patterns/truecard/dblp/query_sparse_24_115.graph,
query_sparse_24_116,5390551580596056696,,ok,,/home/zxz/miniGU_experiment_master/experiment/patterns/truecard/dblp/query_sparse_24_116.graph,
query_sparse_24_117,6563370948706874241,,ok,,/home/zxz/miniGU_experiment_master/experiment/patterns/truecard/dblp/query_sparse_24_117.graph,
query_sparse_24_119,3581842126174701365,,ok,,/home/zxz/miniGU_experiment_master/experiment/patterns/truecard/dblp/query_sparse_24_119.graph,
query_sparse_24_12,4079852765243228734,,ok,,/home/zxz/miniGU_experiment_master/experiment/patterns/truecard/dblp/query_sparse_24_12.graph,
query_sparse_24_121,2754094032631414772,,ok,,/home/zxz/miniGU_experiment_master/experiment/patterns/truecard/dblp/query_sparse_24_121.graph,
query_sparse_24_124,2330150880056922194,,ok,,/home/zxz/miniGU_experiment_master/experiment/patterns/truecard/dblp/query_sparse_24_124.graph,
query_sparse_24_126,7302954975315221314,,ok,,/home/zxz/miniGU_experiment_master/experiment/patterns/truecard/dblp/query_sparse_24_126.graph,
query_sparse_24_128,7516073967372048665,,ok,,/home/zxz/miniGU_experiment_master/experiment/patterns/truecard/dblp/query_sparse_24_128.graph,
query_sparse_24_13,7494503757401629854,,ok,,/home/zxz/miniGU_experiment_master/experiment/patterns/truecard/dblp/query_sparse_24_13.graph,
query_sparse_24_131,6507579687628242724,,ok,,/home/zxz/miniGU_experiment_master/experiment/patterns/truecard/dblp/query_sparse_24_131.graph,
query_sparse_24_133,6631090376211146562,,ok,,/home/zxz/miniGU_experiment_master/experiment/patterns/truecard/dblp/query_sparse_24_133.graph,
query_sparse_24_134,2212261953432418988,,ok,,/home/zxz/miniGU_experiment_master/experiment/patterns/truecard/dblp/query_sparse_24_134.graph,
query_sparse_24_137,7965210792634372394,,ok,,/home/zxz/miniGU_experiment_master/experiment/patterns/truecard/dblp/query_sparse_24_137.graph,
query_sparse_24_139,97265982266073453,,ok,,/home/zxz/miniGU_experiment_master/experiment/patterns/truecard/dblp/query_sparse_24_139.graph,
query_sparse_24_140,990703768762105500,,ok,,/home/zxz/miniGU_experiment_master/experiment/patterns/truecard/dblp/query_sparse_24_140.graph,
query_sparse_24_142,6730897661879900990,,ok,,/home/zxz/miniGU_experiment_master/experiment/patterns/truecard/dblp/query_sparse_24_142.graph,
query_sparse_24_143,8754961314945487112,,ok,,/home/zxz/miniGU_experiment_master/experiment/patterns/truecard/dblp/query_sparse_24_143.graph,
query_sparse_24_145,6767335380840870066,,ok,,/home/zxz/miniGU_experiment_master/experiment/patterns/truecard/dblp/query_sparse_24_145.graph,
query_sparse_24_146,4035000204694729337,,ok,,/home/zxz/miniGU_experiment_master/experiment/patterns/truecard/dblp/query_sparse_24_146.graph,
query_sparse_24_147,1262317692182864306,,ok,,/home/zxz/miniGU_experiment_master/experiment/patterns/truecard/dblp/query_sparse_24_147.graph,
query_sparse_24_149,740191928805887974,,ok,,/home/zxz/miniGU_experiment_master/experiment/patterns/truecard/dblp/query_sparse_24_149.graph,
query_sparse_24_150,1477699400924157260,,ok,,/home/zxz/miniGU_experiment_master/experiment/patterns/truecard/dblp/query_sparse_24_150.graph,
query_sparse_24_152,5641727577801067106,,ok,,/home/zxz/miniGU_experiment_master/experiment/patterns/truecard/dblp/query_sparse_24_152.graph,
query_sparse_24_156,7434894082175010664,,ok,,/home/zxz/miniGU_experiment_master/experiment/patterns/truecard/dblp/query_sparse_24_156.graph,
query_sparse_24_157,7159417627572871728,,ok,,/home/zxz/miniGU_experiment_master/experiment/patterns/truecard/dblp/query_sparse_24_157.graph,
query_sparse_24_16,7789444428547236206,,ok,,/home/zxz/miniGU_experiment_master/experiment/patterns/truecard/dblp/query_sparse_24_16.graph,
query_sparse_24_162,2020928817296002742,,ok,,/home/zxz/miniGU_experiment_master/experiment/patterns/truecard/dblp/query_sparse_24_162.graph,
query_sparse_24_163,1814068142687892364,,ok,,/home/zxz/miniGU_experiment_master/experiment/patterns/truecard/dblp/query_sparse_24_163.graph,
query_sparse_24_169,2713401448884304942,,ok,,/home/zxz/miniGU_experiment_master/experiment/patterns/truecard/dblp/query_sparse_24_169.graph,
query_sparse_24_17,6390063014091502892,,ok,,/home/zxz/miniGU_experiment_master/experiment/patterns/truecard/dblp/query_sparse_24_17.graph,
query_sparse_24_170,2698249425145446695,,ok,,/home/zxz/miniGU_experiment_master/experiment/patterns/truecard/dblp/query_sparse_24_170.graph,
query_sparse_24_171,3165396607018534176,,ok,,/home/zxz/miniGU_experiment_master/experiment/patterns/truecard/dblp/query_sparse_24_171.graph,
query_sparse_24_174,419757807362064872,,ok,,/home/zxz/miniGU_experiment_master/experiment/patterns/truecard/dblp/query_sparse_24_174.graph,
query_sparse_24_176,9021133561127850432,,ok,,/home/zxz/miniGU_experiment_master/experiment/patterns/truecard/dblp/query_sparse_24_176.graph,
query_sparse_24_179,912734573442571327,,ok,,/home/zxz/miniGU_experiment_master/experiment/patterns/truecard/dblp/query_sparse_24_179.graph,
query_sparse_24_18,3927538118087271198,,ok,,/home/zxz/miniGU_experiment_master/experiment/patterns/truecard/dblp/query_sparse_24_18.graph,
query_sparse_24_180,8600463668639458592,,ok,,/home/zxz/miniGU_experiment_master/experiment/patterns/truecard/dblp/query_sparse_24_180.graph,
query_sparse_24_181,6774039853488845371,,ok,,/home/zxz/miniGU_experiment_master/experiment/patterns/truecard/dblp/query_sparse_24_181.graph,
query_sparse_24_183,1634221883354116821,,ok,,/home/zxz/miniGU_experiment_master/experiment/patterns/truecard/dblp/query_sparse_24_183.graph,
query_sparse_24_185,551898656766664376,,ok,,/home/zxz/miniGU_experiment_master/experiment/patterns/truecard/dblp/query_sparse_24_185.graph,
query_sparse_24_187,6165523472524662310,,ok,,/home/zxz/miniGU_experiment_master/experiment/patterns/truecard/dblp/query_sparse_24_187.graph,
query_sparse_24_188,2681852569435895141,,ok,,/home/zxz/miniGU_experiment_master/experiment/patterns/truecard/dblp/query_sparse_24_188.graph,
query_sparse_24_190,1983862686667086244,,ok,,/home/zxz/miniGU_experiment_master/experiment/patterns/truecard/dblp/query_sparse_24_190.graph,
query_sparse_24_195,3563167673200640688,,ok,,/home/zxz/miniGU_experiment_master/experiment/patterns/truecard/dblp/query_sparse_24_195.graph,
query_sparse_24_196,2129361224410657855,,ok,,/home/zxz/miniGU_experiment_master/experiment/patterns/truecard/dblp/query_sparse_24_196.graph,
query_sparse_24_197,6022210418773965450,,ok,,/home/zxz/miniGU_experiment_master/experiment/patterns/truecard/dblp/query_sparse_24_197.graph,
query_sparse_24_199,4176606621806915864,,ok,,/home/zxz/miniGU_experiment_master/experiment/patterns/truecard/dblp/query_sparse_24_199.graph,
query_sparse_24_20,6934586373153129012,,ok,,/home/zxz/miniGU_experiment_master/experiment/patterns/truecard/dblp/query_sparse_24_20.graph,
query_sparse_24_200,8493995121373667240,,ok,,/home/zxz/miniGU_experiment_master/experiment/patterns/truecard/dblp/query_sparse_24_200.graph,
query_sparse_24_21,980697116799789040,,ok,,/home/zxz/miniGU_experiment_master/experiment/patterns/truecard/dblp/query_sparse_24_21.graph,
query_sparse_24_22,892043530141067676,,ok,,/home/zxz/miniGU_experiment_master/experiment/patterns/truecard/dblp/query_sparse_24_22.graph,
query_sparse_24_24,2901958891117363686,,ok,,/home/zxz/miniGU_experiment_master/experiment/patterns/truecard/dblp/query_sparse_24_24.graph,
query_sparse_24_27,4070093728945274300,,ok,,/home/zxz/miniGU_experiment_master/experiment/patterns/truecard/dblp/query_sparse_24_27.graph,
query_sparse_24_29,1848996051346831978,,ok,,/home/zxz/miniGU_experiment_master/experiment/patterns/truecard/dblp/query_sparse_24_29.graph,
query_sparse_24_30,5346300043150424082,,ok,,/home/zxz/miniGU_experiment_master/experiment/patterns/truecard/dblp/query_sparse_24_30.graph,
query_sparse_24_31,7262368113872721128,,ok,,/home/zxz/miniGU_experiment_master/experiment/patterns/truecard/dblp/query_sparse_24_31.graph,
query_sparse_24_32,6980727959809082325,,ok,,/home/zxz/miniGU_experiment_master/experiment/patterns/truecard/dblp/query_sparse_24_32.graph,
query_sparse_24_33,6751262039178551856,,ok,,/home/zxz/miniGU_experiment_master/experiment/patterns/truecard/dblp/query_sparse_24_33.graph,
query_sparse_24_34,286172688732856500,,ok,,/home/zxz/miniGU_experiment_master/experiment/patterns/truecard/dblp/query_sparse_24_34.graph,
query_sparse_24_37,2053645162769129888,,ok,,/home/zxz/miniGU_experiment_master/experiment/patterns/truecard/dblp/query_sparse_24_37.graph,
query_sparse_24_4,9108730306244393151,,ok,,/home/zxz/miniGU_experiment_master/experiment/patterns/truecard/dblp/query_sparse_24_4.graph,
query_sparse_24_40,4563956889204656019,,ok,,/home/zxz/miniGU_experiment_master/experiment/patterns/truecard/dblp/query_sparse_24_40.graph,
query_sparse_24_42,8094093070789872020,,ok,,/home/zxz/miniGU_experiment_master/experiment/patterns/truecard/dblp/query_sparse_24_42.graph,
query_sparse_24_45,6061240576899968382,,ok,,/home/zxz/miniGU_experiment_master/experiment/patterns/truecard/dblp/query_sparse_24_45.graph,
query_sparse_24_46,1750536832310201808,,ok,,/home/zxz/miniGU_experiment_master/experiment/patterns/truecard/dblp/query_sparse_24_46.graph,
query_sparse_24_47,190718785648681378,,ok,,/home/zxz/miniGU_experiment_master/experiment/patterns/truecard/dblp/query_sparse_24_47.graph,
query_sparse_24_49,3233178424540521746,,ok,,/home/zxz/miniGU_experiment_master/experiment/patterns/truecard/dblp/query_sparse_24_49.graph,
query_sparse_24_51,6349589538594653376,,ok,,/home/zxz/miniGU_experiment_master/experiment/patterns/truecard/dblp/query_sparse_24_51.graph,
query_sparse_24_55,8990180283411103569,,ok,,/home/zxz/miniGU_experiment_master/experiment/patterns/truecard/dblp/query_sparse_24_55.graph,
query_sparse_24_57,8968492345221091120,,ok,,/home/zxz/miniGU_experiment_master/experiment/patterns/truecard/dblp/query_sparse_24_57.graph,
query_sparse_24_58,5856803547340275546,,ok,,/home/zxz/miniGU_experiment_master/experiment/patterns/truecard/dblp/query_sparse_24_58.graph,
query_sparse_24_59,6668781951483957682,,ok,,/home/zxz/miniGU_experiment_master/experiment/patterns/truecard/dblp/query_sparse_24_59.graph,
query_sparse_24_60,3408667161977541337,,ok,,/home/zxz/miniGU_experiment_master/experiment/patterns/truecard/dblp/query_sparse_24_60.graph,
query_sparse_24_61,2756794267404537519,,ok,,/home/zxz/miniGU_experiment_master/experiment/patterns/truecard/dblp/query_sparse_24_61.graph,
query_sparse_24_62,4993928465511422465,,ok,,/home/zxz/miniGU_experiment_master/experiment/patterns/truecard/dblp/query_sparse_24_62.graph,
query_sparse_24_64,7612105366018531000,,ok,,/home/zxz/miniGU_experiment_master/experiment/patterns/truecard/dblp/query_sparse_24_64.graph,
query_sparse_24_65,8326674890631887266,,ok,,/home/zxz/miniGU_experiment_master/experiment/patterns/truecard/dblp/query_sparse_24_65.graph,
query_sparse_24_67,9086415084776418120,,ok,,/home/zxz/miniGU_experiment_master/experiment/patterns/truecard/dblp/query_sparse_24_67.graph,
query_sparse_24_68,1187248906743306926,,ok,,/home/zxz/miniGU_experiment_master/experiment/patterns/truecard/dblp/query_sparse_24_68.graph,
query_sparse_24_69,3797055723185231716,,ok,,/home/zxz/miniGU_experiment_master/experiment/patterns/truecard/dblp/query_sparse_24_69.graph,
query_sparse_24_70,2692175338116862518,,ok,,/home/zxz/miniGU_experiment_master/experiment/patterns/truecard/dblp/query_sparse_24_70.graph,
query_sparse_24_71,8901946807263949675,,ok,,/home/zxz/miniGU_experiment_master/experiment/patterns/truecard/dblp/query_sparse_24_71.graph,
query_sparse_24_72,464147073012803069,,ok,,/home/zxz/miniGU_experiment_master/experiment/patterns/truecard/dblp/query_sparse_24_72.graph,
query_sparse_24_73,2592157857723165376,,ok,,/home/zxz/miniGU_experiment_master/experiment/patterns/truecard/dblp/query_sparse_24_73.graph,
query_sparse_24_74,3492372669060698434,,ok,,/home/zxz/miniGU_experiment_master/experiment/patterns/truecard/dblp/query_sparse_24_74.graph,
query_sparse_24_75,5591485701475894886,,ok,,/home/zxz/miniGU_experiment_master/experiment/patterns/truecard/dblp/query_sparse_24_75.graph,
query_sparse_24_77,6363388881575392240,,ok,,/home/zxz/miniGU_experiment_master/experiment/patterns/truecard/dblp/query_sparse_24_77.graph,
query_sparse_24_78,8827893544863241556,,ok,,/home/zxz/miniGU_experiment_master/experiment/patterns/truecard/dblp/query_sparse_24_78.graph,
query_sparse_24_8,7047201245849428700,,ok,,/home/zxz/miniGU_experiment_master/experiment/patterns/truecard/dblp/query_sparse_24_8.graph,
query_sparse_24_80,6635921655182875275,,ok,,/home/zxz/miniGU_experiment_master/experiment/patterns/truecard/dblp/query_sparse_24_80.graph,
query_sparse_24_81,3498476077844438720,,ok,,/home/zxz/miniGU_experiment_master/experiment/patterns/truecard/dblp/query_sparse_24_81.graph,
query_sparse_24_83,5743601770843014408,,ok,,/home/zxz/miniGU_experiment_master/experiment/patterns/truecard/dblp/query_sparse_24_83.graph,
query_sparse_24_85,7624051487380752120,,ok,,/home/zxz/miniGU_experiment_master/experiment/patterns/truecard/dblp/query_sparse_24_85.graph,
query_sparse_24_86,4603166884918512091,,ok,,/home/zxz/miniGU_experiment_master/experiment/patterns/truecard/dblp/query_sparse_24_86.graph,
query_sparse_24_88,4953317421182278200,,ok,,/home/zxz/miniGU_experiment_master/experiment/patterns/truecard/dblp/query_sparse_24_88.graph,
query_sparse_24_89,2507289922676538019,,ok,,/home/zxz/miniGU_experiment_master/experiment/patterns/truecard/dblp/query_sparse_24_89.graph,
query_sparse_24_9,1232559859455373005,,ok,,/home/zxz/miniGU_experiment_master/experiment/patterns/truecard/dblp/query_sparse_24_9.graph,
query_sparse_24_91,2830921470366315545,,ok,,/home/zxz/miniGU_experiment_master/experiment/patterns/truecard/dblp/query_sparse_24_91.graph,
query_sparse_24_99,6252315485704815040,,ok,,/home/zxz/miniGU_experiment_master/experiment/patterns/truecard/dblp/query_sparse_24_99.graph,
query_sparse_32_10,5050155937888349912,,ok,,/home/zxz/miniGU_experiment_master/experiment/patterns/truecard/dblp/query_sparse_32_10.graph,
query_sparse_32_100,2647601984233194300,,ok,,/home/zxz/miniGU_experiment_master/experiment/patterns/truecard/dblp/query_sparse_32_100.graph,
query_sparse_32_101,1251244214347299673,,ok,,/home/zxz/miniGU_experiment_master/experiment/patterns/truecard/dblp/query_sparse_32_101.graph,
query_sparse_32_102,924462537273518224,,ok,,/home/zxz/miniGU_experiment_master/experiment/patterns/truecard/dblp/query_sparse_32_102.graph,
query_sparse_32_103,5591261974471515664,,ok,,/home/zxz/miniGU_experiment_master/experiment/patterns/truecard/dblp/query_sparse_32_103.graph,
query_sparse_32_106,3686178847771748766,,ok,,/home/zxz/miniGU_experiment_master/experiment/patterns/truecard/dblp/query_sparse_32_106.graph,
query_sparse_32_11,2167369915686381108,,ok,,/home/zxz/miniGU_experiment_master/experiment/patterns/truecard/dblp/query_sparse_32_11.graph,
query_sparse_32_111,7844285694376339884,,ok,,/home/zxz/miniGU_experiment_master/experiment/patterns/truecard/dblp/query_sparse_32_111.graph,
query_sparse_32_115,948596195431657800,,ok,,/home/zxz/miniGU_experiment_master/experiment/patterns/truecard/dblp/query_sparse_32_115.graph,
query_sparse_32_116,394368366361435008,,ok,,/home/zxz/miniGU_experiment_master/experiment/patterns/truecard/dblp/query_sparse_32_116.graph,
query_sparse_32_118,54664676924841199,,ok,,/home/zxz/miniGU_experiment_master/experiment/patterns/truecard/dblp/query_sparse_32_118.graph,
query_sparse_32_119,3848303262061767868,,ok,,/home/zxz/miniGU_experiment_master/experiment/patterns/truecard/dblp/query_sparse_32_119.graph,
query_sparse_32_12,6149476611556549212,,ok,,/home/zxz/miniGU_experiment_master/experiment/patterns/truecard/dblp/query_sparse_32_12.graph,
query_sparse_32_120,3693384782445072920,,ok,,/home/zxz/miniGU_experiment_master/experiment/patterns/truecard/dblp/query_sparse_32_120.graph,
query_sparse_32_123,2403467631349714408,,ok,,/home/zxz/miniGU_experiment_master/experiment/patterns/truecard/dblp/query_sparse_32_123.graph,
query_sparse_32_128,1999432272471439780,,ok,,/home/zxz/miniGU_experiment_master/experiment/patterns/truecard/dblp/query_sparse_32_128.graph,
query_sparse_32_130,8255654464451376872,,ok,,/home/zxz/miniGU_experiment_master/experiment/patterns/truecard/dblp/query_sparse_32_130.graph,
query_sparse_32_133,1168724099716664128,,ok,,/home/zxz/miniGU_experiment_master/experiment/patterns/truecard/dblp/query_sparse_32_133.graph,
query_sparse_32_14,983843421008121052,,ok,,/home/zxz/miniGU_experiment_master/experiment/patterns/truecard/dblp/query_sparse_32_14.graph,
query_sparse_32_142,4076222732336577512,,ok,,/home/zxz/miniGU_experiment_master/experiment/patterns/truecard/dblp/query_sparse_32_142.graph,
query_sparse_32_148,2022833282409318216,,ok,,/home/zxz/miniGU_experiment_master/experiment/patterns/truecard/dblp/query_sparse_32_148.graph,
query_sparse_32_150,6135553388880572350,,ok,,/home/zxz/miniGU_experiment_master/experiment/patterns/truecard/dblp/query_sparse_32_150.graph,
query_sparse_32_159,7160680492654581692,,ok,,/home/zxz/miniGU_experiment_master/experiment/patterns/truecard/dblp/query_sparse_32_159.graph,
query_sparse_32_16,3924298075110046266,,ok,,/home/zxz/miniGU_experiment_master/experiment/patterns/truecard/dblp/query_sparse_32_16.graph,
query_sparse_32_160,9072979522567261400,,ok,,/home/zxz/miniGU_experiment_master/experiment/patterns/truecard/dblp/query_sparse_32_160.graph,
query_sparse_32_162,444068922601995196,,ok,,/home/zxz/miniGU_experiment_master/experiment/patterns/truecard/dblp/query_sparse_32_162.graph,
query_sparse_32_163,823027739483606148,,ok,,/home/zxz/miniGU_experiment_master/experiment/patterns/truecard/dblp/query_sparse_32_163.graph,
query_sparse_32_164,1856489342835103296,,ok,,/home/zxz/miniGU_experiment_master/experiment/patterns/truecard/dblp/query_sparse_32_164.graph,
query_sparse_32_166,120708720003053966,,ok,,/home/zxz/miniGU_experiment_master/experiment/patterns/truecard/dblp/query_sparse_32_166.graph,
query_sparse_32_167,5848663297641681564,,ok,,/home/zxz/miniGU_experiment_master/experiment/patterns/truecard/dblp/query_sparse_32_167.graph,
query_sparse_32_168,1656597810491211592,,ok,,/home/zxz/miniGU_experiment_master/experiment/patterns/truecard/dblp/query_sparse_32_168.graph,
query_sparse_32_169,384395125160407456,,ok,,/home/zxz/miniGU_experiment_master/experiment/patterns/truecard/dblp/query_sparse_32_169.graph,
query_sparse_32_17,2820620237184241392,,ok,,/home/zxz/miniGU_experiment_master/experiment/patterns/truecard/dblp/query_sparse_32_17.graph,
query_sparse_32_171,3388808143350507422,,ok,,/home/zxz/miniGU_experiment_master/experiment/patterns/truecard/dblp/query_sparse_32_171.graph,
query_sparse_32_176,7216826935664850120,,ok,,/home/zxz/miniGU_experiment_master/experiment/patterns/truecard/dblp/query_sparse_32_176.graph,
query_sparse_32_179,2760598786189186160,,ok,,/home/zxz/miniGU_experiment_master/experiment/patterns/truecard/dblp/query_sparse_32_179.graph,
query_sparse_32_18,2243562556450996500,,ok,,/home/zxz/miniGU_experiment_master/experiment/patterns/truecard/dblp/query_sparse_32_18.graph,
query_sparse_32_182,7904448846398931012,,ok,,/home/zxz/miniGU_experiment_master/experiment/patterns/truecard/dblp/query_sparse_32_182.graph,
query_sparse_32_184,1044428156853909792,,ok,,/home/zxz/miniGU_experiment_master/experiment/patterns/truecard/dblp/query_sparse_32_184.graph,
query_sparse_32_185,3910949874556865792,,ok,,/home/zxz/miniGU_experiment_master/experiment/patterns/truecard/dblp/query_sparse_32_185.graph,
query_sparse_32_186,5981702892640431036,,ok,,/home/zxz/miniGU_experiment_master/experiment/patterns/truecard/dblp/query_sparse_32_186.graph,
query_sparse_32_190,1255422111940367687,,ok,,/home/zxz/miniGU_experiment_master/experiment/patterns/truecard/dblp/query_sparse_32_190.graph,
query_sparse_32_191,8342837750869721024,,ok,,/home/zxz/miniGU_experiment_master/experiment/patterns/truecard/dblp/query_sparse_32_191.graph,
query_sparse_32_194,4016446149337712288,,ok,,/home/zxz/miniGU_experiment_master/experiment/patterns/truecard/dblp/query_sparse_32_194.graph,
query_sparse_32_195,118851252114121350,,ok,,/home/zxz/miniGU_experiment_master/experiment/patterns/truecard/dblp/query_sparse_32_195.graph,
query_sparse_32_196,9217227147345433934,,ok,,/home/zxz/miniGU_experiment_master/experiment/patterns/truecard/dblp/query_sparse_32_196.graph,
query_sparse_32_197,3546084706278122336,,ok,,/home/zxz/miniGU_experiment_master/experiment/patterns/truecard/dblp/query_sparse_32_197.graph,
query_sparse_32_199,6236704248934785544,,ok,,/home/zxz/miniGU_experiment_master/experiment/patterns/truecard/dblp/query_sparse_32_199.graph,
query_sparse_32_2,3100243508522435000,,ok,,/home/zxz/miniGU_experiment_master/experiment/patterns/truecard/dblp/query_sparse_32_2.graph,
query_sparse_32_200,6500282917908365800,,ok,,/home/zxz/miniGU_experiment_master/experiment/patterns/truecard/dblp/query_sparse_32_200.graph,
query_sparse_32_24,3455180223424117466,,ok,,/home/zxz/miniGU_experiment_master/experiment/patterns/truecard/dblp/query_sparse_32_24.graph,
query_sparse_32_25,6947634550661253760,,ok,,/home/zxz/miniGU_experiment_master/experiment/patterns/truecard/dblp/query_sparse_32_25.graph,
query_sparse_32_28,7160042246930917552,,ok,,/home/zxz/miniGU_experiment_master/experiment/patterns/truecard/dblp/query_sparse_32_28.graph,
query_sparse_32_29,5503059920929441620,,ok,,/home/zxz/miniGU_experiment_master/experiment/patterns/truecard/dblp/query_sparse_32_29.graph,
query_sparse_32_3,4257477508215752750,,ok,,/home/zxz/miniGU_experiment_master/experiment/patterns/truecard/dblp/query_sparse_32_3.graph,
query_sparse_32_30,967157919037230830,,ok,,/home/zxz/miniGU_experiment_master/experiment/patterns/truecard/dblp/query_sparse_32_30.graph,
query_sparse_32_31,5912861989454953000,,ok,,/home/zxz/miniGU_experiment_master/experiment/patterns/truecard/dblp/query_sparse_32_31.graph,
query_sparse_32_33,5260059141251217223,,ok,,/home/zxz/miniGU_experiment_master/experiment/patterns/truecard/dblp/query_sparse_32_33.graph,
query_sparse_32_35,4060168306016041640,,ok,,/home/zxz/miniGU_experiment_master/experiment/patterns/truecard/dblp/query_sparse_32_35.graph,
query_sparse_32_38,175044926631232340,,ok,,/home/zxz/miniGU_experiment_master/experiment/patterns/truecard/dblp/query_sparse_32_38.graph,
query_sparse_32_39,3994556403952356544,,ok,,/home/zxz/miniGU_experiment_master/experiment/patterns/truecard/dblp/query_sparse_32_39.graph,
query_sparse_32_42,6314101700471941952,,ok,,/home/zxz/miniGU_experiment_master/experiment/patterns/truecard/dblp/query_sparse_32_42.graph,
query_sparse_32_43,6082474804184354920,,ok,,/home/zxz/miniGU_experiment_master/experiment/patterns/truecard/dblp/query_sparse_32_43.graph,
query_sparse_32_45,7074620493514713372,,ok,,/home/zxz/miniGU_experiment_master/experiment/patterns/truecard/dblp/query_sparse_32_45.graph,
query_sparse_32_46,8793259158644996656,,ok,,/home/zxz/miniGU_experiment_master/experiment/patterns/truecard/dblp/query_sparse_32_46.graph,
query_sparse_32_47,4905731330671793136,,ok,,/home/zxz/miniGU_experiment_master/experiment/patterns/truecard/dblp/query_sparse_32_47.graph,
query_sparse_32_51,8871251697166720208,,ok,,/home/zxz/miniGU_experiment_master/experiment/patterns/truecard/dblp/query_sparse_32_51.graph,
query_sparse_32_55,8135707935387527304,,ok,,/home/zxz/miniGU_experiment_master/experiment/patterns/truecard/dblp/query_sparse_32_55.graph,
query_sparse_32_56,5110720390644223672,,ok,,/home/zxz/miniGU_experiment_master/experiment/patterns/truecard/dblp/query_sparse_32_56.graph,
query_sparse_32_58,6848051451153428360,,ok,,/home/zxz/miniGU_experiment_master/experiment/patterns/truecard/dblp/query_sparse_32_58.graph,
query_sparse_32_6,780863710997546768,,ok,,/home/zxz/miniGU_experiment_master/experiment/patterns/truecard/dblp/query_sparse_32_6.graph,
query_sparse_32_60,3848925748124826094,,ok,,/home/zxz/miniGU_experiment_master/experiment/patterns/truecard/dblp/query_sparse_32_60.graph,
query_sparse_32_61,1861617313677680978,,ok,,/home/zxz/miniGU_experiment_master/experiment/patterns/truecard/dblp/query_sparse_32_61.graph,
query_sparse_32_62,3677406118361407854,,ok,,/home/zxz/miniGU_experiment_master/experiment/patterns/truecard/dblp/query_sparse_32_62.graph,
query_sparse_32_69,8980538208028283628,,ok,,/home/zxz/miniGU_experiment_master/experiment/patterns/truecard/dblp/query_sparse_32_69.graph,
query_sparse_32_7,9207973057717288891,,ok,,/home/zxz/miniGU_experiment_master/experiment/patterns/truecard/dblp/query_sparse_32_7.graph,
query_sparse_32_71,27237478211277376,,ok,,/home/zxz/miniGU_experiment_master/experiment/patterns/truecard/dblp/query_sparse_32_71.graph,
query_sparse_32_72,3737528576348466506,,ok,,/home/zxz/miniGU_experiment_master/experiment/patterns/truecard/dblp/query_sparse_32_72.graph,
query_sparse_32_73,4111021319005094612,,ok,,/home/zxz/miniGU_experiment_master/experiment/patterns/truecard/dblp/query_sparse_32_73.graph,
query_sparse_32_74,1869642122749107418,,ok,,/home/zxz/miniGU_experiment_master/experiment/patterns/truecard/dblp/query_sparse_32_74.graph,
query_sparse_32_78,694220179061586336,,ok,,/home/zxz/miniGU_experiment_master/experiment/patterns/truecard/dblp/query_sparse_32_78.graph,
query_sparse_32_79,8325306962898996062,,ok,,/home/zxz/miniGU_experiment_master/experiment/patterns/truecard/dblp/query_sparse_32_79.graph,
query_sparse_32_8,4408040272646055040,,ok,,/home/zxz/miniGU_experiment_master/experiment/patterns/truecard/dblp/query_sparse_32_8.graph,
query_sparse_32_80,1499381151466942624,,ok,,/home/zxz/miniGU_experiment_master/experiment/patterns/truecard/dblp/query_sparse_32_80.graph,
query_sparse_32_81,4996239484033543331,,ok,,/home/zxz/miniGU_experiment_master/experiment/patterns/truecard/dblp/query_sparse_32_81.graph,
query_sparse_32_83,1870516796064418576,,ok,,/home/zxz/miniGU_experiment_master/experiment/patterns/truecard/dblp/query_sparse_32_83.graph,
query_sparse_32_84,7185669379843881478,,ok,,/home/zxz/miniGU_experiment_master/experiment/patterns/truecard/dblp/query_sparse_32_84.graph,
query_sparse_32_88,5679545976321172366,,ok,,/home/zxz/miniGU_experiment_master/experiment/patterns/truecard/dblp/query_sparse_32_88.graph,
query_sparse_32_9,228638079498186278,,ok,,/home/zxz/miniGU_experiment_master/experiment/patterns/truecard/dblp/query_sparse_32_9.graph,
query_sparse_32_90,9157051961967768844,,ok,,/home/zxz/miniGU_experiment_master/experiment/patterns/truecard/dblp/query_sparse_32_90.graph,
query_sparse_32_91,7265967533280981680,,ok,,/home/zxz/miniGU_experiment_master/experiment/patterns/truecard/dblp/query_sparse_32_91.graph,
query_sparse_32_92,1558858449699831608,,ok,,/home/zxz/miniGU_experiment_master/experiment/patterns/truecard/dblp/query_sparse_32_92.graph,
query_sparse_32_96,6380885368025173536,,ok,,/home/zxz/miniGU_experiment_master/experiment/patterns/truecard/dblp/query_sparse_32_96.graph,
query_sparse_32_97,4898952620656294484,,ok,,/home/zxz/miniGU_experiment_master/experiment/patterns/truecard/dblp/query_sparse_32_97.graph,
query_sparse_32_98,3778657442760214112,,ok,,/home/zxz/miniGU_experiment_master/experiment/patterns/truecard/dblp/query_sparse_32_98.graph,
query_sparse_32_99,7929996557169923972,,ok,,/home/zxz/miniGU_experiment_master/experiment/patterns/truecard/dblp/query_sparse_32_99.graph,
query_sparse_8_1,39347364,,ok,,/home/zxz/miniGU_experiment_master/experiment/patterns/truecard/dblp/query_sparse_8_1.graph,
query_sparse_8_10,24333692,,ok,,/home/zxz/miniGU_experiment_master/experiment/patterns/truecard/dblp/query_sparse_8_10.graph,
query_sparse_8_100,13108953,,ok,,/home/zxz/miniGU_experiment_master/experiment/patterns/truecard/dblp/query_sparse_8_100.graph,
query_sparse_8_101,14567690,,ok,,/home/zxz/miniGU_experiment_master/experiment/patterns/truecard/dblp/query_sparse_8_101.graph,
query_sparse_8_102,12338056,,ok,,/home/zxz/miniGU_experiment_master/experiment/patterns/truecard/dblp/query_sparse_8_102.graph,
query_sparse_8_103,19558572,,ok,,/home/zxz/miniGU_experiment_master/experiment/patterns/truecard/dblp/query_sparse_8_103.graph,
query_sparse_8_104,9443290,,ok,,/home/zxz/miniGU_experiment_master/experiment/patterns/truecard/dblp/query_sparse_8_104.graph,
query_sparse_8_105,11888889,,ok,,/home/zxz/miniGU_experiment_master/experiment/patterns/truecard/dblp/query_sparse_8_105.graph,
query_sparse_8_106,8930597,,ok,,/home/zxz/miniGU_experiment_master/experiment/patterns/truecard/dblp/query_sparse_8_106.graph,
query_sparse_8_107,13824634,,ok,,/home/zxz/miniGU_experiment_master/experiment/patterns/truecard/dblp/query_sparse_8_107.graph,
query_sparse_8_108,17142823,,ok,,/home/zxz/miniGU_experiment_master/experiment/patterns/truecard/dblp/query_sparse_8_108.graph,
query_sparse_8_109,34673192,,ok,,/home/zxz/miniGU_experiment_master/experiment/patterns/truecard/dblp/query_sparse_8_109.graph,
query_sparse_8_11,47543140,,ok,,/home/zxz/miniGU_experiment_master/experiment/patterns/truecard/dblp/query_sparse_8_11.graph,
query_sparse_8_110,26876790,,ok,,/home/zxz/miniGU_experiment_master/experiment/patterns/truecard/dblp/query_sparse_8_110.graph,
query_sparse_8_111,10084305,,ok,,/home/zxz/miniGU_experiment_master/experiment/patterns/truecard/dblp/query_sparse_8_111.graph,
query_sparse_8_112,39267079,,ok,,/home/zxz/miniGU_experiment_master/experiment/patterns/truecard/dblp/query_sparse_8_112.graph,
query_sparse_8_113,5468489,,ok,,/home/zxz/miniGU_experiment_master/experiment/patterns/truecard/dblp/query_sparse_8_113.graph,
query_sparse_8_114,65694461,,ok,,/home/zxz/miniGU_experiment_master/experiment/patterns/truecard/dblp/query_sparse_8_114.graph,
query_sparse_8_115,25162936,,ok,,/home/zxz/miniGU_experiment_master/experiment/patterns/truecard/dblp/query_sparse_8_115.graph,
query_sparse_8_116,48345304,,ok,,/home/zxz/miniGU_experiment_master/experiment/patterns/truecard/dblp/query_sparse_8_116.graph,
query_sparse_8_117,1943789,,ok,,/home/zxz/miniGU_experiment_master/experiment/patterns/truecard/dblp/query_sparse_8_117.graph,
query_sparse_8_118,19710774,,ok,,/home/zxz/miniGU_experiment_master/experiment/patterns/truecard/dblp/query_sparse_8_118.graph,
query_sparse_8_119,5807245,,ok,,/home/zxz/miniGU_experiment_master/experiment/patterns/truecard/dblp/query_sparse_8_119.graph,
query_sparse_8_12,10956919,,ok,,/home/zxz/miniGU_experiment_master/experiment/patterns/truecard/dblp/query_sparse_8_12.graph,
query_sparse_8_120,33537618,,ok,,/home/zxz/miniGU_experiment_master/experiment/patterns/truecard/dblp/query_sparse_8_120.graph,
query_sparse_8_121,12009352,,ok,,/home/zxz/miniGU_experiment_master/experiment/patterns/truecard/dblp/query_sparse_8_121.graph,
query_sparse_8_122,18404998,,ok,,/home/zxz/miniGU_experiment_master/experiment/patterns/truecard/dblp/query_sparse_8_122.graph,
query_sparse_8_123,17132243,,ok,,/home/zxz/miniGU_experiment_master/experiment/patterns/truecard/dblp/query_sparse_8_123.graph,
query_sparse_8_124,8127197,,ok,,/home/zxz/miniGU_experiment_master/experiment/patterns/truecard/dblp/query_sparse_8_124.graph,
query_sparse_8_125,20711056,,ok,,/home/zxz/miniGU_experiment_master/experiment/patterns/truecard/dblp/query_sparse_8_125.graph,
query_sparse_8_126,30250366,,ok,,/home/zxz/miniGU_experiment_master/experiment/patterns/truecard/dblp/query_sparse_8_126.graph,
query_sparse_8_127,5209598,,ok,,/home/zxz/miniGU_experiment_master/experiment/patterns/truecard/dblp/query_sparse_8_127.graph,
query_sparse_8_128,12949375,,ok,,/home/zxz/miniGU_experiment_master/experiment/patterns/truecard/dblp/query_sparse_8_128.graph,
query_sparse_8_129,4592107,,ok,,/home/zxz/miniGU_experiment_master/experiment/patterns/truecard/dblp/query_sparse_8_129.graph,
query_sparse_8_13,51430217,,ok,,/home/zxz/miniGU_experiment_master/experiment/patterns/truecard/dblp/query_sparse_8_13.graph,
query_sparse_8_130,27474755,,ok,,/home/zxz/miniGU_experiment_master/experiment/patterns/truecard/dblp/query_sparse_8_130.graph,
query_sparse_8_131,36623090,,ok,,/home/zxz/miniGU_experiment_master/experiment/patterns/truecard/dblp/query_sparse_8_131.graph,
query_sparse_8_132,7052906,,ok,,/home/zxz/miniGU_experiment_master/experiment/patterns/truecard/dblp/query_sparse_8_132.graph,
query_sparse_8_133,22965856,,ok,,/home/zxz/miniGU_experiment_master/experiment/patterns/truecard/dblp/query_sparse_8_133.graph,
query_sparse_8_134,7050552,,ok,,/home/zxz/miniGU_experiment_master/experiment/patterns/truecard/dblp/query_sparse_8_134.graph,
query_sparse_8_135,20131474,,ok,,/home/zxz/miniGU_experiment_master/experiment/patterns/truecard/dblp/query_sparse_8_135.graph,
query_sparse_8_136,9075018,,ok,,/home/zxz/miniGU_experiment_master/experiment/patterns/truecard/dblp/query_sparse_8_136.graph,
query_sparse_8_137,4072347,,ok,,/home/zxz/miniGU_experiment_master/experiment/patterns/truecard/dblp/query_sparse_8_137.graph,
query_sparse_8_138,17448190,,ok,,/home/zxz/miniGU_experiment_master/experiment/patterns/truecard/dblp/query_sparse_8_138.graph,
query_sparse_8_139,14899566,,ok,,/home/zxz/miniGU_experiment_master/experiment/patterns/truecard/dblp/query_sparse_8_139.graph,
query_sparse_8_14,17475926,,ok,,/home/zxz/miniGU_experiment_master/experiment/patterns/truecard/dblp/query_sparse_8_14.graph,
query_sparse_8_140,6981330,,ok,,/home/zxz/miniGU_experiment_master/experiment/patterns/truecard/dblp/query_sparse_8_140.graph,
query_sparse_8_141,5293710,,ok,,/home/zxz/miniGU_experiment_master/experiment/patterns/truecard/dblp/query_sparse_8_141.graph,
query_sparse_8_142,37397118,,ok,,/home/zxz/miniGU_experiment_master/experiment/patterns/truecard/dblp/query_sparse_8_142.graph,
query_sparse_8_143,8913540,,ok,,/home/zxz/miniGU_experiment_master/experiment/patterns/truecard/dblp/query_sparse_8_143.graph,
query_sparse_8_144,32680362,,ok,,/home/zxz/miniGU_experiment_master/experiment/patterns/truecard/dblp/query_sparse_8_144.graph,
query_sparse_8_145,10798566,,ok,,/home/zxz/miniGU_experiment_master/experiment/patterns/truecard/dblp/query_sparse_8_145.graph,
query_sparse_8_146,26053957,,ok,,/home/zxz/miniGU_experiment_master/experiment/patterns/truecard/dblp/query_sparse_8_146.graph,
query_sparse_8_147,9877422,,ok,,/home/zxz/miniGU_experiment_master/experiment/patterns/truecard/dblp/query_sparse_8_147.graph,
query_sparse_8_148,16999239,,ok,,/home/zxz/miniGU_experiment_master/experiment/patterns/truecard/dblp/query_sparse_8_148.graph,
query_sparse_8_149,4319054,,ok,,/home/zxz/miniGU_experiment_master/experiment/patterns/truecard/dblp/query_sparse_8_149.graph,
query_sparse_8_15,48933511,,ok,,/home/zxz/miniGU_experiment_master/experiment/patterns/truecard/dblp/query_sparse_8_15.graph,
query_sparse_8_150,5628326,,ok,,/home/zxz/miniGU_experiment_master/experiment/patterns/truecard/dblp/query_sparse_8_150.graph,
query_sparse_8_151,12771605,,ok,,/home/zxz/miniGU_experiment_master/experiment/patterns/truecard/dblp/query_sparse_8_151.graph,
query_sparse_8_152,16462380,,ok,,/home/zxz/miniGU_experiment_master/experiment/patterns/truecard/dblp/query_sparse_8_152.graph,
query_sparse_8_153,21494160,,ok,,/home/zxz/miniGU_experiment_master/experiment/patterns/truecard/dblp/query_sparse_8_153.graph,
query_sparse_8_154,86304110,,ok,,/home/zxz/miniGU_experiment_master/experiment/patterns/truecard/dblp/query_sparse_8_154.graph,
query_sparse_8_155,5107611,,ok,,/home/zxz/miniGU_experiment_master/experiment/patterns/truecard/dblp/query_sparse_8_155.graph,
query_sparse_8_156,33405325,,ok,,/home/zxz/miniGU_experiment_master/experiment/patterns/truecard/dblp/query_sparse_8_156.graph,
query_sparse_8_157,32346008,,ok,,/home/zxz/miniGU_experiment_master/experiment/patterns/truecard/dblp/query_sparse_8_157.graph,
query_sparse_8_158,5296435,,ok,,/home/zxz/miniGU_experiment_master/experiment/patterns/truecard/dblp/query_sparse_8_158.graph,
query_sparse_8_159,40905596,,ok,,/home/zxz/miniGU_experiment_master/experiment/patterns/truecard/dblp/query_sparse_8_159.graph,
query_sparse_8_16,4289475,,ok,,/home/zxz/miniGU_experiment_master/experiment/patterns/truecard/dblp/query_sparse_8_16.graph,
query_sparse_8_160,5556016,,ok,,/home/zxz/miniGU_experiment_master/experiment/patterns/truecard/dblp/query_sparse_8_160.graph,
query_sparse_8_161,22980041,,ok,,/home/zxz/miniGU_experiment_master/experiment/patterns/truecard/dblp/query_sparse_8_161.graph,
query_sparse_8_162,7514039,,ok,,/home/zxz/miniGU_experiment_master/experiment/patterns/truecard/dblp/query_sparse_8_162.graph,
query_sparse_8_163,5217598,,ok,,/home/zxz/miniGU_experiment_master/experiment/patterns/truecard/dblp/query_sparse_8_163.graph,
query_sparse_8_164,60433716,,ok,,/home/zxz/miniGU_experiment_master/experiment/patterns/truecard/dblp/query_sparse_8_164.graph,
query_sparse_8_165,31422091,,ok,,/home/zxz/miniGU_experiment_master/experiment/patterns/truecard/dblp/query_sparse_8_165.graph,
query_sparse_8_166,11442077,,ok,,/home/zxz/miniGU_experiment_master/experiment/patterns/truecard/dblp/query_sparse_8_166.graph,
query_sparse_8_167,23267815,,ok,,/home/zxz/miniGU_experiment_master/experiment/patterns/truecard/dblp/query_sparse_8_167.graph,
query_sparse_8_168,11102708,,ok,,/home/zxz/miniGU_experiment_master/experiment/patterns/truecard/dblp/query_sparse_8_168.graph,
query_sparse_8_169,11589010,,ok,,/home/zxz/miniGU_experiment_master/experiment/patterns/truecard/dblp/query_sparse_8_169.graph,
query_sparse_8_17,2599269,,ok,,/home/zxz/miniGU_experiment_master/experiment/patterns/truecard/dblp/query_sparse_8_17.graph,
query_sparse_8_170,6263294,,ok,,/home/zxz/miniGU_experiment_master/experiment/patterns/truecard/dblp/query_sparse_8_170.graph,
query_sparse_8_171,9449027,,ok,,/home/zxz/miniGU_experiment_master/experiment/patterns/truecard/dblp/query_sparse_8_171.graph,
query_sparse_8_172,15181362,,ok,,/home/zxz/miniGU_experiment_master/experiment/patterns/truecard/dblp/query_sparse_8_172.graph,
query_sparse_8_173,12794968,,ok,,/home/zxz/miniGU_experiment_master/experiment/patterns/truecard/dblp/query_sparse_8_173.graph,
query_sparse_8_174,16340332,,ok,,/home/zxz/miniGU_experiment_master/experiment/patterns/truecard/dblp/query_sparse_8_174.graph,
query_sparse_8_175,130762362,,ok,,/home/zxz/miniGU_experiment_master/experiment/patterns/truecard/dblp/query_sparse_8_175.graph,
query_sparse_8_176,54821034,,ok,,/home/zxz/miniGU_experiment_master/experiment/patterns/truecard/dblp/query_sparse_8_176.graph,
query_sparse_8_177,18657376,,ok,,/home/zxz/miniGU_experiment_master/experiment/patterns/truecard/dblp/query_sparse_8_177.graph,
query_sparse_8_178,35228243,,ok,,/home/zxz/miniGU_experiment_master/experiment/patterns/truecard/dblp/query_sparse_8_178.graph,
query_sparse_8_179,55858813,,ok,,/home/zxz/miniGU_experiment_master/experiment/patterns/truecard/dblp/query_sparse_8_179.graph,
query_sparse_8_18,38845483,,ok,,/home/zxz/miniGU_experiment_master/experiment/patterns/truecard/dblp/query_sparse_8_18.graph,
query_sparse_8_180,20212386,,ok,,/home/zxz/miniGU_experiment_master/experiment/patterns/truecard/dblp/query_sparse_8_180.graph,
query_sparse_8_181,8783061,,ok,,/home/zxz/miniGU_experiment_master/experiment/patterns/truecard/dblp/query_sparse_8_181.graph,
query_sparse_8_182,13783035,,ok,,/home/zxz/miniGU_experiment_master/experiment/patterns/truecard/dblp/query_sparse_8_182.graph,
query_sparse_8_183,6951130,,ok,,/home/zxz/miniGU_experiment_master/experiment/patterns/truecard/dblp/query_sparse_8_183.graph,
query_sparse_8_184,15234103,,ok,,/home/zxz/miniGU_experiment_master/experiment/patterns/truecard/dblp/query_sparse_8_184.graph,
query_sparse_8_185,18374374,,ok,,/home/zxz/miniGU_experiment_master/experiment/patterns/truecard/dblp/query_sparse_8_185.graph,
query_sparse_8_186,7529445,,ok,,/home/zxz/miniGU_experiment_master/experiment/patterns/truecard/dblp/query_sparse_8_186.graph,
query_sparse_8_187,16410805,,ok,,/home/zxz/miniGU_experiment_master/experiment/patterns/truecard/dblp/query_sparse_8_187.graph,
query_sparse_8_188,16992450,,ok,,/home/zxz/miniGU_experiment_master/experiment/patterns/truecard/dblp/query_sparse_8_188.graph,
query_sparse_8_189,22707521,,ok,,/home/zxz/miniGU_experiment_master/experiment/patterns/truecard/dblp/query_sparse_8_189.graph,
query_sparse_8_19,47614974,,ok,,/home/zxz/miniGU_experiment_master/experiment/patterns/truecard/dblp/query_sparse_8_19.graph,
query_sparse_8_190,46575915,,ok,,/home/zxz/miniGU_experiment_master/experiment/patterns/truecard/dblp/query_sparse_8_190.graph,
query_sparse_8_191,69921382,,ok,,/home/zxz/miniGU_experiment_master/experiment/patterns/truecard/dblp/query_sparse_8_191.graph,
query_sparse_8_192,3220913,,ok,,/home/zxz/miniGU_experiment_master/experiment/patterns/truecard/dblp/query_sparse_8_192.graph,
query_sparse_8_193,35544511,,ok,,/home/zxz/miniGU_experiment_master/experiment/patterns/truecard/dblp/query_sparse_8_193.graph,
query_sparse_8_194,13101765,,ok,,/home/zxz/miniGU_experiment_master/experiment/patterns/truecard/dblp/query_sparse_8_194.graph,
query_sparse_8_195,3682581,,ok,,/home/zxz/miniGU_experiment_master/experiment/patterns/truecard/dblp/query_sparse_8_195.graph,
query_sparse_8_196,20921110,,ok,,/home/zxz/miniGU_experiment_master/experiment/patterns/truecard/dblp/query_sparse_8_196.graph,
query_sparse_8_197,28014783,,ok,,/home/zxz/miniGU_experiment_master/experiment/patterns/truecard/dblp/query_sparse_8_197.graph,
query_sparse_8_198,12980792,,ok,,/home/zxz/miniGU_experiment_master/experiment/patterns/truecard/dblp/query_sparse_8_198.graph,
query_sparse_8_199,6824509,,ok,,/home/zxz/miniGU_experiment_master/experiment/patterns/truecard/dblp/query_sparse_8_199.graph,
query_sparse_8_2,34677226,,ok,,/home/zxz/miniGU_experiment_master/experiment/patterns/truecard/dblp/query_sparse_8_2.graph,
query_sparse_8_20,23550899,,ok,,/home/zxz/miniGU_experiment_master/experiment/patterns/truecard/dblp/query_sparse_8_20.graph,
query_sparse_8_200,4652332,,ok,,/home/zxz/miniGU_experiment_master/experiment/patterns/truecard/dblp/query_sparse_8_200.graph,
query_sparse_8_21,13661776,,ok,,/home/zxz/miniGU_experiment_master/experiment/patterns/truecard/dblp/query_sparse_8_21.graph,
query_sparse_8_22,2945500,,ok,,/home/zxz/miniGU_experiment_master/experiment/patterns/truecard/dblp/query_sparse_8_22.graph,
query_sparse_8_23,14861096,,ok,,/home/zxz/miniGU_experiment_master/experiment/patterns/truecard/dblp/query_sparse_8_23.graph,
query_sparse_8_24,8259881,,ok,,/home/zxz/miniGU_experiment_master/experiment/patterns/truecard/dblp/query_sparse_8_24.graph,
query_sparse_8_25,23462940,,ok,,/home/zxz/miniGU_experiment_master/experiment/patterns/truecard/dblp/query_sparse_8_25.graph,
query_sparse_8_26,11391312,,ok,,/home/zxz/miniGU_experiment_master/experiment/patterns/truecard/dblp/query_sparse_8_26.graph,
query_sparse_8_27,3420726,,ok,,/home/zxz/miniGU_experiment_master/experiment/patterns/truecard/dblp/query_sparse_8_27.graph,
query_sparse_8_28,45095758,,ok,,/home/zxz/miniGU_experiment_master/experiment/patterns/truecard/dblp/query_sparse_8_28.graph,
query_sparse_8_29,6381466,,ok,,/home/zxz/miniGU_experiment_master/experiment/patterns/truecard/dblp/query_sparse_8_29.graph,
query_sparse_8_3,4141346,,ok,,/home/zxz/miniGU_experiment_master/experiment/patterns/truecard/dblp/query_sparse_8_3.graph,
query_sparse_8_30,12781120,,ok,,/home/zxz/miniGU_experiment_master/experiment/patterns/truecard/dblp/query_sparse_8_30.graph,
query_sparse_8_31,21453203,,ok,,/home/zxz/miniGU_experiment_master/experiment/patterns/truecard/dblp/query_sparse_8_31.graph,
query_sparse_8_32,20124360,,ok,,/home/zxz/miniGU_experiment_master/experiment/patterns/truecard/dblp/query_sparse_8_32.graph,
query_sparse_8_33,16098593,,ok,,/home/zxz/miniGU_experiment_master/experiment/patterns/truecard/dblp/query_sparse_8_33.graph,
query_sparse_8_34,18469932,,ok,,/home/zxz/miniGU_experiment_master/experiment/patterns/truecard/dblp/query_sparse_8_34.graph,
query_sparse_8_35,6376046,,ok,,/home/zxz/miniGU_experiment_master/experiment/patterns/truecard/dblp/query_sparse_8_35.graph,
query_sparse_8_36,14046414,,ok,,/home/zxz/miniGU_experiment_master/experiment/patterns/truecard/dblp/query_sparse_8_36.graph,
query_sparse_8_37,14512822,,ok,,/home/zxz/miniGU_experiment_master/experiment/patterns/truecard/dblp/query_sparse_8_37.graph,
query_sparse_8_38,8843626,,ok,,/home/zxz/miniGU_experiment_master/experiment/patterns/truecard/dblp/query_sparse_8_38.graph,
query_sparse_8_39,5564669,,ok,,/home/zxz/miniGU_experiment_master/experiment/patterns/truecard/dblp/query_sparse_8_39.graph,
query_sparse_8_4,24557000,,ok,,/home/zxz/miniGU_experiment_master/experiment/patterns/truecard/dblp/query_sparse_8_4.graph,
query_sparse_8_40,36813923,,ok,,/home/zxz/miniGU_experiment_master/experiment/patterns/truecard/dblp/query_sparse_8_40.graph,
query_sparse_8_41,4817961,,ok,,/home/zxz/miniGU_experiment_master/experiment/patterns/truecard/dblp/query_sparse_8_41.graph,
query_sparse_8_42,9178554,,ok,,/home/zxz/miniGU_experiment_master/experiment/patterns/truecard/dblp/query_sparse_8_42.graph,
query_sparse_8_43,11764350,,ok,,/home/zxz/miniGU_experiment_master/experiment/patterns/truecard/dblp/query_sparse_8_43.graph,
query_sparse_8_44,12316438,,ok,,/home/zxz/miniGU_experiment_master/experiment/patterns/truecard/dblp/query_sparse_8_44.graph,
query_sparse_8_45,9072373,,ok,,/home/zxz/miniGU_experiment_master/experiment/patterns/truecard/dblp/query_sparse_8_45.graph,
query_sparse_8_46,53713760,,ok,,/home/zxz/miniGU_experiment_master/experiment/patterns/truecard/dblp/query_sparse_8_46.graph,
query_sparse_8_47,9353321,,ok,,/home/zxz/miniGU_experiment_master/experiment/patterns/truecard/dblp/query_sparse_8_47.graph,
query_sparse_8_48,69597019,,ok,,/home/zxz/miniGU_experiment_master/experiment/patterns/truecard/dblp/query_sparse_8_48.graph,
query_sparse_8_49,7653398,,ok,,/home/zxz/miniGU_experiment_master/experiment/patterns/truecard/dblp/query_sparse_8_49.graph,
query_sparse_8_5,9285957,,ok,,/home/zxz/miniGU_experiment_master/experiment/patterns/truecard/dblp/query_sparse_8_5.graph,
query_sparse_8_50,7256784,,ok,,/home/zxz/miniGU_experiment_master/experiment/patterns/truecard/dblp/query_sparse_8_50.graph,
query_sparse_8_51,9636272,,ok,,/home/zxz/miniGU_experiment_master/experiment/patterns/truecard/dblp/query_sparse_8_51.graph,
query_sparse_8_52,30457599,,ok,,/home/zxz/miniGU_experiment_master/experiment/patterns/truecard/dblp/query_sparse_8_52.graph,
query_sparse_8_53,35736097,,ok,,/home/zxz/miniGU_experiment_master/experiment/patterns/truecard/dblp/query_sparse_8_53.graph,
query_sparse_8_54,45911735,,ok,,/home/zxz/miniGU_experiment_master/experiment/patterns/truecard/dblp/query_sparse_8_54.graph,
query_sparse_8_55,11283725,,ok,,/home/zxz/miniGU_experiment_master/experiment/patterns/truecard/dblp/query_sparse_8_55.graph,
query_sparse_8_56,22948691,,ok,,/home/zxz/miniGU_experiment_master/experiment/patterns/truecard/dblp/query_sparse_8_56.graph,
query_sparse_8_57,5993632,,ok,,/home/zxz/miniGU_experiment_master/experiment/patterns/truecard/dblp/query_sparse_8_57.graph,
query_sparse_8_58,12598840,,ok,,/home/zxz/miniGU_experiment_master/experiment/patterns/truecard/dblp/query_sparse_8_58.graph,
query_sparse_8_59,39841117,,ok,,/home/zxz/miniGU_experiment_master/experiment/patterns/truecard/dblp/query_sparse_8_59.graph,
query_sparse_8_6,52882005,,ok,,/home/zxz/miniGU_experiment_master/experiment/patterns/truecard/dblp/query_sparse_8_6.graph,
query_sparse_8_60,6479423,,ok,,/home/zxz/miniGU_experiment_master/experiment/patterns/truecard/dblp/query_sparse_8_60.graph,
query_sparse_8_61,10462228,,ok,,/home/zxz/miniGU_experiment_master/experiment/patterns/truecard/dblp/query_sparse_8_61.graph,
query_sparse_8_62,12214109,,ok,,/home/zxz/miniGU_experiment_master/experiment/patterns/truecard/dblp/query_sparse_8_62.graph,
query_sparse_8_63,8892623,,ok,,/home/zxz/miniGU_experiment_master/experiment/patterns/truecard/dblp/query_sparse_8_63.graph,
query_sparse_8_64,93813375,,ok,,/home/zxz/miniGU_experiment_master/experiment/patterns/truecard/dblp/query_sparse_8_64.graph,
query_sparse_8_65,18289121,,ok,,/home/zxz/miniGU_experiment_master/experiment/patterns/truecard/dblp/query_sparse_8_65.graph,
query_sparse_8_66,24177031,,ok,,/home/zxz/miniGU_experiment_master/experiment/patterns/truecard/dblp/query_sparse_8_66.graph,
query_sparse_8_67,17085075,,ok,,/home/zxz/miniGU_experiment_master/experiment/patterns/truecard/dblp/query_sparse_8_67.graph,
query_sparse_8_68,12758792,,ok,,/home/zxz/miniGU_experiment_master/experiment/patterns/truecard/dblp/query_sparse_8_68.graph,
query_sparse_8_69,11012977,,ok,,/home/zxz/miniGU_experiment_master/experiment/patterns/truecard/dblp/query_sparse_8_69.graph,
query_sparse_8_7,10665862,,ok,,/home/zxz/miniGU_experiment_master/experiment/patterns/truecard/dblp/query_sparse_8_7.graph,
query_sparse_8_70,16593134,,ok,,/home/zxz/miniGU_experiment_master/experiment/patterns/truecard/dblp/query_sparse_8_70.graph,
query_sparse_8_71,17050044,,ok,,/home/zxz/miniGU_experiment_master/experiment/patterns/truecard/dblp/query_sparse_8_71.graph,
query_sparse_8_72,6626421,,ok,,/home/zxz/miniGU_experiment_master/experiment/patterns/truecard/dblp/query_sparse_8_72.graph,
query_sparse_8_73,21165232,,ok,,/home/zxz/miniGU_experiment_master/experiment/patterns/truecard/dblp/query_sparse_8_73.graph,
query_sparse_8_74,11149202,,ok,,/home/zxz/miniGU_experiment_master/experiment/patterns/truecard/dblp/query_sparse_8_74.graph,
query_sparse_8_75,6678035,,ok,,/home/zxz/miniGU_experiment_master/experiment/patterns/truecard/dblp/query_sparse_8_75.graph,
query_sparse_8_76,11156555,,ok,,/home/zxz/miniGU_experiment_master/experiment/patterns/truecard/dblp/query_sparse_8_76.graph,
query_sparse_8_77,17052196,,ok,,/home/zxz/miniGU_experiment_master/experiment/patterns/truecard/dblp/query_sparse_8_77.graph,
query_sparse_8_78,8313558,,ok,,/home/zxz/miniGU_experiment_master/experiment/patterns/truecard/dblp/query_sparse_8_78.graph,
query_sparse_8_79,40224105,,ok,,/home/zxz/miniGU_experiment_master/experiment/patterns/truecard/dblp/query_sparse_8_79.graph,
query_sparse_8_8,19366121,,ok,,/home/zxz/miniGU_experiment_master/experiment/patterns/truecard/dblp/query_sparse_8_8.graph,
query_sparse_8_80,20643431,,ok,,/home/zxz/miniGU_experiment_master/experiment/patterns/truecard/dblp/query_sparse_8_80.graph,
query_sparse_8_81,4568934,,ok,,/home/zxz/miniGU_experiment_master/experiment/patterns/truecard/dblp/query_sparse_8_81.graph,
query_sparse_8_82,6646868,,ok,,/home/zxz/miniGU_experiment_master/experiment/patterns/truecard/dblp/query_sparse_8_82.graph,
query_sparse_8_83,37046480,,ok,,/home/zxz/miniGU_experiment_master/experiment/patterns/truecard/dblp/query_sparse_8_83.graph,
query_sparse_8_84,13037985,,ok,,/home/zxz/miniGU_experiment_master/experiment/patterns/truecard/dblp/query_sparse_8_84.graph,
query_sparse_8_85,6968613,,ok,,/home/zxz/miniGU_experiment_master/experiment/patterns/truecard/dblp/query_sparse_8_85.graph,
query_sparse_8_86,9073522,,ok,,/home/zxz/miniGU_experiment_master/experiment/patterns/truecard/dblp/query_sparse_8_86.graph,
query_sparse_8_87,9989951,,ok,,/home/zxz/miniGU_experiment_master/experiment/patterns/truecard/dblp/query_sparse_8_87.graph,
query_sparse_8_88,3756451,,ok,,/home/zxz/miniGU_experiment_master/experiment/patterns/truecard/dblp/query_sparse_8_88.graph,
query_sparse_8_89,31525149,,ok,,/home/zxz/miniGU_experiment_master/experiment/patterns/truecard/dblp/query_sparse_8_89.graph,
query_sparse_8_9,30585740,,ok,,/home/zxz/miniGU_experiment_master/experiment/patterns/truecard/dblp/query_sparse_8_9.graph,
query_sparse_8_90,8000780,,ok,,/home/zxz/miniGU_experiment_master/experiment/patterns/truecard/dblp/query_sparse_8_90.graph,
query_sparse_8_91,9847572,,ok,,/home/zxz/miniGU_experiment_master/experiment/patterns/truecard/dblp/query_sparse_8_91.graph,
query_sparse_8_92,56745853,,ok,,/home/zxz/miniGU_experiment_master/experiment/patterns/truecard/dblp/query_sparse_8_92.graph,
query_sparse_8_93,17295228,,ok,,/home/zxz/miniGU_experiment_master/experiment/patterns/truecard/dblp/query_sparse_8_93.graph,
query_sparse_8_94,85597533,,ok,,/home/zxz/miniGU_experiment_master/experiment/patterns/truecard/dblp/query_sparse_8_94.graph,
query_sparse_8_95,6108673,,ok,,/home/zxz/miniGU_experiment_master/experiment/patterns/truecard/dblp/query_sparse_8_95.graph,
query_sparse_8_96,4171600,,ok,,/home/zxz/miniGU_experiment_master/experiment/patterns/truecard/dblp/query_sparse_8_96.graph,
query_sparse_8_97,13965988,,ok,,/home/zxz/miniGU_experiment_master/experiment/patterns/truecard/dblp/query_sparse_8_97.graph,
query_sparse_8_98,11033561,,ok,,/home/zxz/miniGU_experiment_master/experiment/patterns/truecard/dblp/query_sparse_8_98.graph,
query_sparse_8_99,7310570,,ok,,/home/zxz/miniGU_experiment_master/experiment/patterns/truecard/dblp/query_sparse_8_99.graph,
